
===========================================================================
report_checks -path_delay max (Setup)
============================================================================
======================= Typical Corner ===================================

Startpoint: _462_ (rising edge-triggered flip-flop clocked by CLK100MHZ)
Endpoint: _445_ (rising edge-triggered flip-flop clocked by CLK100MHZ)
Path Group: CLK100MHZ
Path Type: max

Fanout     Cap    Slew   Delay    Time   Description
-----------------------------------------------------------------------------
                          0.00    0.00   clock CLK100MHZ (rise edge)
                          0.00    0.00   clock source latency
     1    0.01    0.00    0.00    0.00 ^ CLK100MHZ (in)
                                         CLK100MHZ (net)
                  0.00    0.00    0.00 ^ clkbuf_0_CLK100MHZ/A (sky130_fd_sc_hd__clkbuf_16)
     2    0.02    0.04    0.11    0.11 ^ clkbuf_0_CLK100MHZ/X (sky130_fd_sc_hd__clkbuf_16)
                                         clknet_0_CLK100MHZ (net)
                  0.04    0.00    0.11 ^ clkbuf_1_1__f_CLK100MHZ/A (sky130_fd_sc_hd__clkbuf_16)
    13    0.03    0.05    0.13    0.24 ^ clkbuf_1_1__f_CLK100MHZ/X (sky130_fd_sc_hd__clkbuf_16)
                                         clknet_1_1__leaf_CLK100MHZ (net)
                  0.05    0.00    0.24 ^ _462_/CLK (sky130_fd_sc_hd__dfrtp_2)
     4    0.02    0.07    0.43    0.67 v _462_/Q (sky130_fd_sc_hd__dfrtp_2)
                                         imem.address[0] (net)
                  0.07    0.00    0.67 v _221_/A (sky130_fd_sc_hd__clkbuf_4)
    10    0.02    0.06    0.18    0.85 v _221_/X (sky130_fd_sc_hd__clkbuf_4)
                                         _066_ (net)
                  0.06    0.00    0.85 v _222_/A (sky130_fd_sc_hd__clkbuf_4)
     9    0.02    0.05    0.17    1.02 v _222_/X (sky130_fd_sc_hd__clkbuf_4)
                                         _067_ (net)
                  0.05    0.00    1.02 v _246_/C (sky130_fd_sc_hd__and3b_1)
     1    0.00    0.03    0.17    1.19 v _246_/X (sky130_fd_sc_hd__and3b_1)
                                         _088_ (net)
                  0.03    0.00    1.19 v _247_/A (sky130_fd_sc_hd__buf_2)
     7    0.02    0.05    0.14    1.33 v _247_/X (sky130_fd_sc_hd__buf_2)
                                         _089_ (net)
                  0.05    0.00    1.33 v _248_/B (sky130_fd_sc_hd__or2_1)
     1    0.01    0.06    0.22    1.55 v _248_/X (sky130_fd_sc_hd__or2_1)
                                         _090_ (net)
                  0.06    0.00    1.55 v _249_/A (sky130_fd_sc_hd__clkbuf_2)
     5    0.01    0.05    0.13    1.68 v _249_/X (sky130_fd_sc_hd__clkbuf_2)
                                         _091_ (net)
                  0.05    0.00    1.68 v _266_/A2 (sky130_fd_sc_hd__a21o_1)
     2    0.01    0.06    0.20    1.88 v _266_/X (sky130_fd_sc_hd__a21o_1)
                                         _108_ (net)
                  0.06    0.00    1.88 v _268_/B (sky130_fd_sc_hd__or3_2)
     2    0.01    0.09    0.47    2.35 v _268_/X (sky130_fd_sc_hd__or3_2)
                                         _110_ (net)
                  0.09    0.00    2.35 v _312_/A2 (sky130_fd_sc_hd__a21oi_2)
     3    0.01    0.14    0.19    2.53 ^ _312_/Y (sky130_fd_sc_hd__a21oi_2)
                                         _154_ (net)
                  0.14    0.00    2.53 ^ _319_/A2 (sky130_fd_sc_hd__o21ai_2)
     3    0.01    0.06    0.09    2.62 v _319_/Y (sky130_fd_sc_hd__o21ai_2)
                                         _161_ (net)
                  0.06    0.00    2.62 v _327_/A (sky130_fd_sc_hd__or2_1)
     1    0.01    0.08    0.27    2.89 v _327_/X (sky130_fd_sc_hd__or2_1)
                                         _169_ (net)
                  0.08    0.00    2.89 v _332_/A2 (sky130_fd_sc_hd__a32o_4)
     8    0.04    0.09    0.37    3.26 v _332_/X (sky130_fd_sc_hd__a32o_4)
                                         _174_ (net)
                  0.09    0.00    3.26 v _393_/A1 (sky130_fd_sc_hd__mux2_1)
     1    0.00    0.06    0.30    3.56 v _393_/X (sky130_fd_sc_hd__mux2_1)
                                         _036_ (net)
                  0.06    0.00    3.56 v _394_/A (sky130_fd_sc_hd__buf_1)
     1    0.01    0.04    0.11    3.67 v _394_/X (sky130_fd_sc_hd__buf_1)
                                         _011_ (net)
                  0.04    0.00    3.67 v _445_/D (sky130_fd_sc_hd__dfxtp_1)
                                  3.67   data arrival time

                         10.00   10.00   clock CLK100MHZ (rise edge)
                          0.00   10.00   clock source latency
     1    0.01    0.00    0.00   10.00 ^ CLK100MHZ (in)
                                         CLK100MHZ (net)
                  0.00    0.00   10.00 ^ clkbuf_0_CLK100MHZ/A (sky130_fd_sc_hd__clkbuf_16)
     2    0.02    0.04    0.11   10.11 ^ clkbuf_0_CLK100MHZ/X (sky130_fd_sc_hd__clkbuf_16)
                                         clknet_0_CLK100MHZ (net)
                  0.04    0.00   10.11 ^ clkbuf_1_1__f_CLK100MHZ/A (sky130_fd_sc_hd__clkbuf_16)
    13    0.03    0.05    0.13   10.24 ^ clkbuf_1_1__f_CLK100MHZ/X (sky130_fd_sc_hd__clkbuf_16)
                                         clknet_1_1__leaf_CLK100MHZ (net)
                  0.05    0.00   10.24 ^ _445_/CLK (sky130_fd_sc_hd__dfxtp_1)
                         -0.20   10.04   clock uncertainty
                          0.00   10.04   clock reconvergence pessimism
                         -0.11    9.93   library setup time
                                  9.93   data required time
-----------------------------------------------------------------------------
                                  9.93   data required time
                                 -3.67   data arrival time
-----------------------------------------------------------------------------
                                  6.26   slack (MET)


Startpoint: _462_ (rising edge-triggered flip-flop clocked by CLK100MHZ)
Endpoint: _440_ (rising edge-triggered flip-flop clocked by CLK100MHZ)
Path Group: CLK100MHZ
Path Type: max

Fanout     Cap    Slew   Delay    Time   Description
-----------------------------------------------------------------------------
                          0.00    0.00   clock CLK100MHZ (rise edge)
                          0.00    0.00   clock source latency
     1    0.01    0.00    0.00    0.00 ^ CLK100MHZ (in)
                                         CLK100MHZ (net)
                  0.00    0.00    0.00 ^ clkbuf_0_CLK100MHZ/A (sky130_fd_sc_hd__clkbuf_16)
     2    0.02    0.04    0.11    0.11 ^ clkbuf_0_CLK100MHZ/X (sky130_fd_sc_hd__clkbuf_16)
                                         clknet_0_CLK100MHZ (net)
                  0.04    0.00    0.11 ^ clkbuf_1_1__f_CLK100MHZ/A (sky130_fd_sc_hd__clkbuf_16)
    13    0.03    0.05    0.13    0.24 ^ clkbuf_1_1__f_CLK100MHZ/X (sky130_fd_sc_hd__clkbuf_16)
                                         clknet_1_1__leaf_CLK100MHZ (net)
                  0.05    0.00    0.24 ^ _462_/CLK (sky130_fd_sc_hd__dfrtp_2)
     4    0.02    0.07    0.43    0.67 v _462_/Q (sky130_fd_sc_hd__dfrtp_2)
                                         imem.address[0] (net)
                  0.07    0.00    0.67 v _221_/A (sky130_fd_sc_hd__clkbuf_4)
    10    0.02    0.06    0.18    0.85 v _221_/X (sky130_fd_sc_hd__clkbuf_4)
                                         _066_ (net)
                  0.06    0.00    0.85 v _222_/A (sky130_fd_sc_hd__clkbuf_4)
     9    0.02    0.05    0.17    1.02 v _222_/X (sky130_fd_sc_hd__clkbuf_4)
                                         _067_ (net)
                  0.05    0.00    1.02 v _246_/C (sky130_fd_sc_hd__and3b_1)
     1    0.00    0.03    0.17    1.19 v _246_/X (sky130_fd_sc_hd__and3b_1)
                                         _088_ (net)
                  0.03    0.00    1.19 v _247_/A (sky130_fd_sc_hd__buf_2)
     7    0.02    0.05    0.14    1.33 v _247_/X (sky130_fd_sc_hd__buf_2)
                                         _089_ (net)
                  0.05    0.00    1.33 v _248_/B (sky130_fd_sc_hd__or2_1)
     1    0.01    0.06    0.22    1.55 v _248_/X (sky130_fd_sc_hd__or2_1)
                                         _090_ (net)
                  0.06    0.00    1.55 v _249_/A (sky130_fd_sc_hd__clkbuf_2)
     5    0.01    0.05    0.13    1.68 v _249_/X (sky130_fd_sc_hd__clkbuf_2)
                                         _091_ (net)
                  0.05    0.00    1.68 v _266_/A2 (sky130_fd_sc_hd__a21o_1)
     2    0.01    0.06    0.20    1.88 v _266_/X (sky130_fd_sc_hd__a21o_1)
                                         _108_ (net)
                  0.06    0.00    1.88 v _268_/B (sky130_fd_sc_hd__or3_2)
     2    0.01    0.09    0.47    2.35 v _268_/X (sky130_fd_sc_hd__or3_2)
                                         _110_ (net)
                  0.09    0.00    2.35 v _312_/A2 (sky130_fd_sc_hd__a21oi_2)
     3    0.01    0.14    0.19    2.53 ^ _312_/Y (sky130_fd_sc_hd__a21oi_2)
                                         _154_ (net)
                  0.14    0.00    2.53 ^ _319_/A2 (sky130_fd_sc_hd__o21ai_2)
     3    0.01    0.06    0.09    2.62 v _319_/Y (sky130_fd_sc_hd__o21ai_2)
                                         _161_ (net)
                  0.06    0.00    2.62 v _327_/A (sky130_fd_sc_hd__or2_1)
     1    0.01    0.08    0.27    2.89 v _327_/X (sky130_fd_sc_hd__or2_1)
                                         _169_ (net)
                  0.08    0.00    2.89 v _332_/A2 (sky130_fd_sc_hd__a32o_4)
     8    0.04    0.09    0.37    3.26 v _332_/X (sky130_fd_sc_hd__a32o_4)
                                         _174_ (net)
                  0.09    0.00    3.26 v _371_/A1 (sky130_fd_sc_hd__mux2_1)
     1    0.01    0.07    0.32    3.58 v _371_/X (sky130_fd_sc_hd__mux2_1)
                                         _203_ (net)
                  0.07    0.00    3.58 v _372_/A (sky130_fd_sc_hd__buf_1)
     1    0.00    0.02    0.09    3.67 v _372_/X (sky130_fd_sc_hd__buf_1)
                                         _006_ (net)
                  0.02    0.00    3.67 v _440_/D (sky130_fd_sc_hd__dfxtp_1)
                                  3.67   data arrival time

                         10.00   10.00   clock CLK100MHZ (rise edge)
                          0.00   10.00   clock source latency
     1    0.01    0.00    0.00   10.00 ^ CLK100MHZ (in)
                                         CLK100MHZ (net)
                  0.00    0.00   10.00 ^ clkbuf_0_CLK100MHZ/A (sky130_fd_sc_hd__clkbuf_16)
     2    0.02    0.04    0.11   10.11 ^ clkbuf_0_CLK100MHZ/X (sky130_fd_sc_hd__clkbuf_16)
                                         clknet_0_CLK100MHZ (net)
                  0.04    0.00   10.11 ^ clkbuf_1_0__f_CLK100MHZ/A (sky130_fd_sc_hd__clkbuf_16)
    16    0.05    0.07    0.15   10.25 ^ clkbuf_1_0__f_CLK100MHZ/X (sky130_fd_sc_hd__clkbuf_16)
                                         clknet_1_0__leaf_CLK100MHZ (net)
                  0.07    0.00   10.25 ^ _440_/CLK (sky130_fd_sc_hd__dfxtp_1)
                         -0.20   10.05   clock uncertainty
                          0.00   10.05   clock reconvergence pessimism
                         -0.09    9.96   library setup time
                                  9.96   data required time
-----------------------------------------------------------------------------
                                  9.96   data required time
                                 -3.67   data arrival time
-----------------------------------------------------------------------------
                                  6.29   slack (MET)


Startpoint: _462_ (rising edge-triggered flip-flop clocked by CLK100MHZ)
Endpoint: _460_ (rising edge-triggered flip-flop clocked by CLK100MHZ)
Path Group: CLK100MHZ
Path Type: max

Fanout     Cap    Slew   Delay    Time   Description
-----------------------------------------------------------------------------
                          0.00    0.00   clock CLK100MHZ (rise edge)
                          0.00    0.00   clock source latency
     1    0.01    0.00    0.00    0.00 ^ CLK100MHZ (in)
                                         CLK100MHZ (net)
                  0.00    0.00    0.00 ^ clkbuf_0_CLK100MHZ/A (sky130_fd_sc_hd__clkbuf_16)
     2    0.02    0.04    0.11    0.11 ^ clkbuf_0_CLK100MHZ/X (sky130_fd_sc_hd__clkbuf_16)
                                         clknet_0_CLK100MHZ (net)
                  0.04    0.00    0.11 ^ clkbuf_1_1__f_CLK100MHZ/A (sky130_fd_sc_hd__clkbuf_16)
    13    0.03    0.05    0.13    0.24 ^ clkbuf_1_1__f_CLK100MHZ/X (sky130_fd_sc_hd__clkbuf_16)
                                         clknet_1_1__leaf_CLK100MHZ (net)
                  0.05    0.00    0.24 ^ _462_/CLK (sky130_fd_sc_hd__dfrtp_2)
     4    0.02    0.07    0.43    0.67 v _462_/Q (sky130_fd_sc_hd__dfrtp_2)
                                         imem.address[0] (net)
                  0.07    0.00    0.67 v _221_/A (sky130_fd_sc_hd__clkbuf_4)
    10    0.02    0.06    0.18    0.85 v _221_/X (sky130_fd_sc_hd__clkbuf_4)
                                         _066_ (net)
                  0.06    0.00    0.85 v _222_/A (sky130_fd_sc_hd__clkbuf_4)
     9    0.02    0.05    0.17    1.02 v _222_/X (sky130_fd_sc_hd__clkbuf_4)
                                         _067_ (net)
                  0.05    0.00    1.02 v _246_/C (sky130_fd_sc_hd__and3b_1)
     1    0.00    0.03    0.17    1.19 v _246_/X (sky130_fd_sc_hd__and3b_1)
                                         _088_ (net)
                  0.03    0.00    1.19 v _247_/A (sky130_fd_sc_hd__buf_2)
     7    0.02    0.05    0.14    1.33 v _247_/X (sky130_fd_sc_hd__buf_2)
                                         _089_ (net)
                  0.05    0.00    1.33 v _248_/B (sky130_fd_sc_hd__or2_1)
     1    0.01    0.06    0.22    1.55 v _248_/X (sky130_fd_sc_hd__or2_1)
                                         _090_ (net)
                  0.06    0.00    1.55 v _249_/A (sky130_fd_sc_hd__clkbuf_2)
     5    0.01    0.05    0.13    1.68 v _249_/X (sky130_fd_sc_hd__clkbuf_2)
                                         _091_ (net)
                  0.05    0.00    1.68 v _266_/A2 (sky130_fd_sc_hd__a21o_1)
     2    0.01    0.06    0.20    1.88 v _266_/X (sky130_fd_sc_hd__a21o_1)
                                         _108_ (net)
                  0.06    0.00    1.88 v _268_/B (sky130_fd_sc_hd__or3_2)
     2    0.01    0.09    0.47    2.35 v _268_/X (sky130_fd_sc_hd__or3_2)
                                         _110_ (net)
                  0.09    0.00    2.35 v _312_/A2 (sky130_fd_sc_hd__a21oi_2)
     3    0.01    0.14    0.19    2.53 ^ _312_/Y (sky130_fd_sc_hd__a21oi_2)
                                         _154_ (net)
                  0.14    0.00    2.53 ^ _319_/A2 (sky130_fd_sc_hd__o21ai_2)
     3    0.01    0.06    0.09    2.62 v _319_/Y (sky130_fd_sc_hd__o21ai_2)
                                         _161_ (net)
                  0.06    0.00    2.62 v _327_/A (sky130_fd_sc_hd__or2_1)
     1    0.01    0.08    0.27    2.89 v _327_/X (sky130_fd_sc_hd__or2_1)
                                         _169_ (net)
                  0.08    0.00    2.89 v _332_/A2 (sky130_fd_sc_hd__a32o_4)
     8    0.04    0.09    0.37    3.26 v _332_/X (sky130_fd_sc_hd__a32o_4)
                                         _174_ (net)
                  0.09    0.00    3.26 v _430_/A1 (sky130_fd_sc_hd__mux2_1)
     1    0.00    0.06    0.30    3.56 v _430_/X (sky130_fd_sc_hd__mux2_1)
                                         _058_ (net)
                  0.06    0.00    3.56 v _431_/A (sky130_fd_sc_hd__buf_1)
     1    0.01    0.04    0.10    3.66 v _431_/X (sky130_fd_sc_hd__buf_1)
                                         _026_ (net)
                  0.04    0.00    3.66 v _460_/D (sky130_fd_sc_hd__dfxtp_1)
                                  3.66   data arrival time

                         10.00   10.00   clock CLK100MHZ (rise edge)
                          0.00   10.00   clock source latency
     1    0.01    0.00    0.00   10.00 ^ CLK100MHZ (in)
                                         CLK100MHZ (net)
                  0.00    0.00   10.00 ^ clkbuf_0_CLK100MHZ/A (sky130_fd_sc_hd__clkbuf_16)
     2    0.02    0.04    0.11   10.11 ^ clkbuf_0_CLK100MHZ/X (sky130_fd_sc_hd__clkbuf_16)
                                         clknet_0_CLK100MHZ (net)
                  0.04    0.00   10.11 ^ clkbuf_1_0__f_CLK100MHZ/A (sky130_fd_sc_hd__clkbuf_16)
    16    0.05    0.07    0.15   10.25 ^ clkbuf_1_0__f_CLK100MHZ/X (sky130_fd_sc_hd__clkbuf_16)
                                         clknet_1_0__leaf_CLK100MHZ (net)
                  0.07    0.00   10.26 ^ _460_/CLK (sky130_fd_sc_hd__dfxtp_1)
                         -0.20   10.06   clock uncertainty
                          0.00   10.06   clock reconvergence pessimism
                         -0.10    9.95   library setup time
                                  9.95   data required time
-----------------------------------------------------------------------------
                                  9.95   data required time
                                 -3.66   data arrival time
-----------------------------------------------------------------------------
                                  6.29   slack (MET)


Startpoint: _462_ (rising edge-triggered flip-flop clocked by CLK100MHZ)
Endpoint: _450_ (rising edge-triggered flip-flop clocked by CLK100MHZ)
Path Group: CLK100MHZ
Path Type: max

Fanout     Cap    Slew   Delay    Time   Description
-----------------------------------------------------------------------------
                          0.00    0.00   clock CLK100MHZ (rise edge)
                          0.00    0.00   clock source latency
     1    0.01    0.00    0.00    0.00 ^ CLK100MHZ (in)
                                         CLK100MHZ (net)
                  0.00    0.00    0.00 ^ clkbuf_0_CLK100MHZ/A (sky130_fd_sc_hd__clkbuf_16)
     2    0.02    0.04    0.11    0.11 ^ clkbuf_0_CLK100MHZ/X (sky130_fd_sc_hd__clkbuf_16)
                                         clknet_0_CLK100MHZ (net)
                  0.04    0.00    0.11 ^ clkbuf_1_1__f_CLK100MHZ/A (sky130_fd_sc_hd__clkbuf_16)
    13    0.03    0.05    0.13    0.24 ^ clkbuf_1_1__f_CLK100MHZ/X (sky130_fd_sc_hd__clkbuf_16)
                                         clknet_1_1__leaf_CLK100MHZ (net)
                  0.05    0.00    0.24 ^ _462_/CLK (sky130_fd_sc_hd__dfrtp_2)
     4    0.02    0.07    0.43    0.67 v _462_/Q (sky130_fd_sc_hd__dfrtp_2)
                                         imem.address[0] (net)
                  0.07    0.00    0.67 v _221_/A (sky130_fd_sc_hd__clkbuf_4)
    10    0.02    0.06    0.18    0.85 v _221_/X (sky130_fd_sc_hd__clkbuf_4)
                                         _066_ (net)
                  0.06    0.00    0.85 v _222_/A (sky130_fd_sc_hd__clkbuf_4)
     9    0.02    0.05    0.17    1.02 v _222_/X (sky130_fd_sc_hd__clkbuf_4)
                                         _067_ (net)
                  0.05    0.00    1.02 v _246_/C (sky130_fd_sc_hd__and3b_1)
     1    0.00    0.03    0.17    1.19 v _246_/X (sky130_fd_sc_hd__and3b_1)
                                         _088_ (net)
                  0.03    0.00    1.19 v _247_/A (sky130_fd_sc_hd__buf_2)
     7    0.02    0.05    0.14    1.33 v _247_/X (sky130_fd_sc_hd__buf_2)
                                         _089_ (net)
                  0.05    0.00    1.33 v _248_/B (sky130_fd_sc_hd__or2_1)
     1    0.01    0.06    0.22    1.55 v _248_/X (sky130_fd_sc_hd__or2_1)
                                         _090_ (net)
                  0.06    0.00    1.55 v _249_/A (sky130_fd_sc_hd__clkbuf_2)
     5    0.01    0.05    0.13    1.68 v _249_/X (sky130_fd_sc_hd__clkbuf_2)
                                         _091_ (net)
                  0.05    0.00    1.68 v _266_/A2 (sky130_fd_sc_hd__a21o_1)
     2    0.01    0.06    0.20    1.88 v _266_/X (sky130_fd_sc_hd__a21o_1)
                                         _108_ (net)
                  0.06    0.00    1.88 v _268_/B (sky130_fd_sc_hd__or3_2)
     2    0.01    0.09    0.47    2.35 v _268_/X (sky130_fd_sc_hd__or3_2)
                                         _110_ (net)
                  0.09    0.00    2.35 v _312_/A2 (sky130_fd_sc_hd__a21oi_2)
     3    0.01    0.14    0.19    2.53 ^ _312_/Y (sky130_fd_sc_hd__a21oi_2)
                                         _154_ (net)
                  0.14    0.00    2.53 ^ _319_/A2 (sky130_fd_sc_hd__o21ai_2)
     3    0.01    0.06    0.09    2.62 v _319_/Y (sky130_fd_sc_hd__o21ai_2)
                                         _161_ (net)
                  0.06    0.00    2.62 v _327_/A (sky130_fd_sc_hd__or2_1)
     1    0.01    0.08    0.27    2.89 v _327_/X (sky130_fd_sc_hd__or2_1)
                                         _169_ (net)
                  0.08    0.00    2.89 v _332_/A2 (sky130_fd_sc_hd__a32o_4)
     8    0.04    0.09    0.37    3.26 v _332_/X (sky130_fd_sc_hd__a32o_4)
                                         _174_ (net)
                  0.09    0.00    3.26 v _406_/A0 (sky130_fd_sc_hd__mux2_1)
     1    0.00    0.06    0.29    3.55 v _406_/X (sky130_fd_sc_hd__mux2_1)
                                         _044_ (net)
                  0.06    0.00    3.55 v _407_/A (sky130_fd_sc_hd__clkbuf_1)
     1    0.01    0.04    0.11    3.66 v _407_/X (sky130_fd_sc_hd__clkbuf_1)
                                         _016_ (net)
                  0.04    0.00    3.66 v _450_/D (sky130_fd_sc_hd__dfxtp_1)
                                  3.66   data arrival time

                         10.00   10.00   clock CLK100MHZ (rise edge)
                          0.00   10.00   clock source latency
     1    0.01    0.00    0.00   10.00 ^ CLK100MHZ (in)
                                         CLK100MHZ (net)
                  0.00    0.00   10.00 ^ clkbuf_0_CLK100MHZ/A (sky130_fd_sc_hd__clkbuf_16)
     2    0.02    0.04    0.11   10.11 ^ clkbuf_0_CLK100MHZ/X (sky130_fd_sc_hd__clkbuf_16)
                                         clknet_0_CLK100MHZ (net)
                  0.04    0.00   10.11 ^ clkbuf_1_0__f_CLK100MHZ/A (sky130_fd_sc_hd__clkbuf_16)
    16    0.05    0.07    0.15   10.25 ^ clkbuf_1_0__f_CLK100MHZ/X (sky130_fd_sc_hd__clkbuf_16)
                                         clknet_1_0__leaf_CLK100MHZ (net)
                  0.07    0.00   10.26 ^ _450_/CLK (sky130_fd_sc_hd__dfxtp_1)
                         -0.20   10.06   clock uncertainty
                          0.00   10.06   clock reconvergence pessimism
                         -0.10    9.95   library setup time
                                  9.95   data required time
-----------------------------------------------------------------------------
                                  9.95   data required time
                                 -3.66   data arrival time
-----------------------------------------------------------------------------
                                  6.29   slack (MET)


Startpoint: _462_ (rising edge-triggered flip-flop clocked by CLK100MHZ)
Endpoint: _446_ (rising edge-triggered flip-flop clocked by CLK100MHZ)
Path Group: CLK100MHZ
Path Type: max

Fanout     Cap    Slew   Delay    Time   Description
-----------------------------------------------------------------------------
                          0.00    0.00   clock CLK100MHZ (rise edge)
                          0.00    0.00   clock source latency
     1    0.01    0.00    0.00    0.00 ^ CLK100MHZ (in)
                                         CLK100MHZ (net)
                  0.00    0.00    0.00 ^ clkbuf_0_CLK100MHZ/A (sky130_fd_sc_hd__clkbuf_16)
     2    0.02    0.04    0.11    0.11 ^ clkbuf_0_CLK100MHZ/X (sky130_fd_sc_hd__clkbuf_16)
                                         clknet_0_CLK100MHZ (net)
                  0.04    0.00    0.11 ^ clkbuf_1_1__f_CLK100MHZ/A (sky130_fd_sc_hd__clkbuf_16)
    13    0.03    0.05    0.13    0.24 ^ clkbuf_1_1__f_CLK100MHZ/X (sky130_fd_sc_hd__clkbuf_16)
                                         clknet_1_1__leaf_CLK100MHZ (net)
                  0.05    0.00    0.24 ^ _462_/CLK (sky130_fd_sc_hd__dfrtp_2)
     4    0.02    0.07    0.43    0.67 v _462_/Q (sky130_fd_sc_hd__dfrtp_2)
                                         imem.address[0] (net)
                  0.07    0.00    0.67 v _221_/A (sky130_fd_sc_hd__clkbuf_4)
    10    0.02    0.06    0.18    0.85 v _221_/X (sky130_fd_sc_hd__clkbuf_4)
                                         _066_ (net)
                  0.06    0.00    0.85 v _222_/A (sky130_fd_sc_hd__clkbuf_4)
     9    0.02    0.05    0.17    1.02 v _222_/X (sky130_fd_sc_hd__clkbuf_4)
                                         _067_ (net)
                  0.05    0.00    1.02 v _246_/C (sky130_fd_sc_hd__and3b_1)
     1    0.00    0.03    0.17    1.19 v _246_/X (sky130_fd_sc_hd__and3b_1)
                                         _088_ (net)
                  0.03    0.00    1.19 v _247_/A (sky130_fd_sc_hd__buf_2)
     7    0.02    0.05    0.14    1.33 v _247_/X (sky130_fd_sc_hd__buf_2)
                                         _089_ (net)
                  0.05    0.00    1.33 v _248_/B (sky130_fd_sc_hd__or2_1)
     1    0.01    0.06    0.22    1.55 v _248_/X (sky130_fd_sc_hd__or2_1)
                                         _090_ (net)
                  0.06    0.00    1.55 v _249_/A (sky130_fd_sc_hd__clkbuf_2)
     5    0.01    0.05    0.13    1.68 v _249_/X (sky130_fd_sc_hd__clkbuf_2)
                                         _091_ (net)
                  0.05    0.00    1.68 v _266_/A2 (sky130_fd_sc_hd__a21o_1)
     2    0.01    0.06    0.20    1.88 v _266_/X (sky130_fd_sc_hd__a21o_1)
                                         _108_ (net)
                  0.06    0.00    1.88 v _268_/B (sky130_fd_sc_hd__or3_2)
     2    0.01    0.09    0.47    2.35 v _268_/X (sky130_fd_sc_hd__or3_2)
                                         _110_ (net)
                  0.09    0.00    2.35 v _312_/A2 (sky130_fd_sc_hd__a21oi_2)
     3    0.01    0.14    0.19    2.53 ^ _312_/Y (sky130_fd_sc_hd__a21oi_2)
                                         _154_ (net)
                  0.14    0.00    2.53 ^ _319_/A2 (sky130_fd_sc_hd__o21ai_2)
     3    0.01    0.06    0.09    2.62 v _319_/Y (sky130_fd_sc_hd__o21ai_2)
                                         _161_ (net)
                  0.06    0.00    2.62 v _373_/A1 (sky130_fd_sc_hd__a21oi_2)
     2    0.00    0.09    0.12    2.74 ^ _373_/Y (sky130_fd_sc_hd__a21oi_2)
                                         _204_ (net)
                  0.09    0.00    2.74 ^ _380_/A_N (sky130_fd_sc_hd__and2b_1)
     1    0.01    0.05    0.20    2.94 v _380_/X (sky130_fd_sc_hd__and2b_1)
                                         _211_ (net)
                  0.05    0.00    2.94 v _382_/A (sky130_fd_sc_hd__nor2_1)
     4    0.02    0.34    0.30    3.24 ^ _382_/Y (sky130_fd_sc_hd__nor2_1)
                                         _213_ (net)
                  0.34    0.00    3.24 ^ _395_/A1 (sky130_fd_sc_hd__mux2_1)
     1    0.01    0.08    0.22    3.46 ^ _395_/X (sky130_fd_sc_hd__mux2_1)
                                         _037_ (net)
                  0.08    0.00    3.46 ^ _396_/A (sky130_fd_sc_hd__clkbuf_1)
     1    0.01    0.07    0.11    3.56 ^ _396_/X (sky130_fd_sc_hd__clkbuf_1)
                                         _012_ (net)
                  0.07    0.00    3.57 ^ _446_/D (sky130_fd_sc_hd__dfxtp_1)
                                  3.57   data arrival time

                         10.00   10.00   clock CLK100MHZ (rise edge)
                          0.00   10.00   clock source latency
     1    0.01    0.00    0.00   10.00 ^ CLK100MHZ (in)
                                         CLK100MHZ (net)
                  0.00    0.00   10.00 ^ clkbuf_0_CLK100MHZ/A (sky130_fd_sc_hd__clkbuf_16)
     2    0.02    0.04    0.11   10.11 ^ clkbuf_0_CLK100MHZ/X (sky130_fd_sc_hd__clkbuf_16)
                                         clknet_0_CLK100MHZ (net)
                  0.04    0.00   10.11 ^ clkbuf_1_1__f_CLK100MHZ/A (sky130_fd_sc_hd__clkbuf_16)
    13    0.03    0.05    0.13   10.24 ^ clkbuf_1_1__f_CLK100MHZ/X (sky130_fd_sc_hd__clkbuf_16)
                                         clknet_1_1__leaf_CLK100MHZ (net)
                  0.05    0.00   10.24 ^ _446_/CLK (sky130_fd_sc_hd__dfxtp_1)
                         -0.20   10.04   clock uncertainty
                          0.00   10.04   clock reconvergence pessimism
                         -0.06    9.98   library setup time
                                  9.98   data required time
-----------------------------------------------------------------------------
                                  9.98   data required time
                                 -3.57   data arrival time
-----------------------------------------------------------------------------
                                  6.41   slack (MET)


Startpoint: _462_ (rising edge-triggered flip-flop clocked by CLK100MHZ)
Endpoint: _441_ (rising edge-triggered flip-flop clocked by CLK100MHZ)
Path Group: CLK100MHZ
Path Type: max

Fanout     Cap    Slew   Delay    Time   Description
-----------------------------------------------------------------------------
                          0.00    0.00   clock CLK100MHZ (rise edge)
                          0.00    0.00   clock source latency
     1    0.01    0.00    0.00    0.00 ^ CLK100MHZ (in)
                                         CLK100MHZ (net)
                  0.00    0.00    0.00 ^ clkbuf_0_CLK100MHZ/A (sky130_fd_sc_hd__clkbuf_16)
     2    0.02    0.04    0.11    0.11 ^ clkbuf_0_CLK100MHZ/X (sky130_fd_sc_hd__clkbuf_16)
                                         clknet_0_CLK100MHZ (net)
                  0.04    0.00    0.11 ^ clkbuf_1_1__f_CLK100MHZ/A (sky130_fd_sc_hd__clkbuf_16)
    13    0.03    0.05    0.13    0.24 ^ clkbuf_1_1__f_CLK100MHZ/X (sky130_fd_sc_hd__clkbuf_16)
                                         clknet_1_1__leaf_CLK100MHZ (net)
                  0.05    0.00    0.24 ^ _462_/CLK (sky130_fd_sc_hd__dfrtp_2)
     4    0.02    0.07    0.43    0.67 v _462_/Q (sky130_fd_sc_hd__dfrtp_2)
                                         imem.address[0] (net)
                  0.07    0.00    0.67 v _221_/A (sky130_fd_sc_hd__clkbuf_4)
    10    0.02    0.06    0.18    0.85 v _221_/X (sky130_fd_sc_hd__clkbuf_4)
                                         _066_ (net)
                  0.06    0.00    0.85 v _222_/A (sky130_fd_sc_hd__clkbuf_4)
     9    0.02    0.05    0.17    1.02 v _222_/X (sky130_fd_sc_hd__clkbuf_4)
                                         _067_ (net)
                  0.05    0.00    1.02 v _246_/C (sky130_fd_sc_hd__and3b_1)
     1    0.00    0.03    0.17    1.19 v _246_/X (sky130_fd_sc_hd__and3b_1)
                                         _088_ (net)
                  0.03    0.00    1.19 v _247_/A (sky130_fd_sc_hd__buf_2)
     7    0.02    0.05    0.14    1.33 v _247_/X (sky130_fd_sc_hd__buf_2)
                                         _089_ (net)
                  0.05    0.00    1.33 v _248_/B (sky130_fd_sc_hd__or2_1)
     1    0.01    0.06    0.22    1.55 v _248_/X (sky130_fd_sc_hd__or2_1)
                                         _090_ (net)
                  0.06    0.00    1.55 v _249_/A (sky130_fd_sc_hd__clkbuf_2)
     5    0.01    0.05    0.13    1.68 v _249_/X (sky130_fd_sc_hd__clkbuf_2)
                                         _091_ (net)
                  0.05    0.00    1.68 v _266_/A2 (sky130_fd_sc_hd__a21o_1)
     2    0.01    0.06    0.20    1.88 v _266_/X (sky130_fd_sc_hd__a21o_1)
                                         _108_ (net)
                  0.06    0.00    1.88 v _268_/B (sky130_fd_sc_hd__or3_2)
     2    0.01    0.09    0.47    2.35 v _268_/X (sky130_fd_sc_hd__or3_2)
                                         _110_ (net)
                  0.09    0.00    2.35 v _312_/A2 (sky130_fd_sc_hd__a21oi_2)
     3    0.01    0.14    0.19    2.53 ^ _312_/Y (sky130_fd_sc_hd__a21oi_2)
                                         _154_ (net)
                  0.14    0.00    2.53 ^ _319_/A2 (sky130_fd_sc_hd__o21ai_2)
     3    0.01    0.06    0.09    2.62 v _319_/Y (sky130_fd_sc_hd__o21ai_2)
                                         _161_ (net)
                  0.06    0.00    2.62 v _373_/A1 (sky130_fd_sc_hd__a21oi_2)
     2    0.00    0.09    0.12    2.74 ^ _373_/Y (sky130_fd_sc_hd__a21oi_2)
                                         _204_ (net)
                  0.09    0.00    2.74 ^ _380_/A_N (sky130_fd_sc_hd__and2b_1)
     1    0.01    0.05    0.20    2.94 v _380_/X (sky130_fd_sc_hd__and2b_1)
                                         _211_ (net)
                  0.05    0.00    2.94 v _382_/A (sky130_fd_sc_hd__nor2_1)
     4    0.02    0.34    0.30    3.24 ^ _382_/Y (sky130_fd_sc_hd__nor2_1)
                                         _213_ (net)
                  0.34    0.00    3.24 ^ _383_/A1 (sky130_fd_sc_hd__mux2_1)
     1    0.00    0.06    0.20    3.44 ^ _383_/X (sky130_fd_sc_hd__mux2_1)
                                         _214_ (net)
                  0.06    0.00    3.44 ^ _384_/A (sky130_fd_sc_hd__buf_1)
     1    0.01    0.09    0.12    3.56 ^ _384_/X (sky130_fd_sc_hd__buf_1)
                                         _007_ (net)
                  0.09    0.00    3.56 ^ _441_/D (sky130_fd_sc_hd__dfxtp_1)
                                  3.56   data arrival time

                         10.00   10.00   clock CLK100MHZ (rise edge)
                          0.00   10.00   clock source latency
     1    0.01    0.00    0.00   10.00 ^ CLK100MHZ (in)
                                         CLK100MHZ (net)
                  0.00    0.00   10.00 ^ clkbuf_0_CLK100MHZ/A (sky130_fd_sc_hd__clkbuf_16)
     2    0.02    0.04    0.11   10.11 ^ clkbuf_0_CLK100MHZ/X (sky130_fd_sc_hd__clkbuf_16)
                                         clknet_0_CLK100MHZ (net)
                  0.04    0.00   10.11 ^ clkbuf_1_0__f_CLK100MHZ/A (sky130_fd_sc_hd__clkbuf_16)
    16    0.05    0.07    0.15   10.25 ^ clkbuf_1_0__f_CLK100MHZ/X (sky130_fd_sc_hd__clkbuf_16)
                                         clknet_1_0__leaf_CLK100MHZ (net)
                  0.07    0.00   10.26 ^ _441_/CLK (sky130_fd_sc_hd__dfxtp_1)
                         -0.20   10.06   clock uncertainty
                          0.00   10.06   clock reconvergence pessimism
                         -0.06    9.99   library setup time
                                  9.99   data required time
-----------------------------------------------------------------------------
                                  9.99   data required time
                                 -3.56   data arrival time
-----------------------------------------------------------------------------
                                  6.44   slack (MET)


Startpoint: _462_ (rising edge-triggered flip-flop clocked by CLK100MHZ)
Endpoint: _461_ (rising edge-triggered flip-flop clocked by CLK100MHZ)
Path Group: CLK100MHZ
Path Type: max

Fanout     Cap    Slew   Delay    Time   Description
-----------------------------------------------------------------------------
                          0.00    0.00   clock CLK100MHZ (rise edge)
                          0.00    0.00   clock source latency
     1    0.01    0.00    0.00    0.00 ^ CLK100MHZ (in)
                                         CLK100MHZ (net)
                  0.00    0.00    0.00 ^ clkbuf_0_CLK100MHZ/A (sky130_fd_sc_hd__clkbuf_16)
     2    0.02    0.04    0.11    0.11 ^ clkbuf_0_CLK100MHZ/X (sky130_fd_sc_hd__clkbuf_16)
                                         clknet_0_CLK100MHZ (net)
                  0.04    0.00    0.11 ^ clkbuf_1_1__f_CLK100MHZ/A (sky130_fd_sc_hd__clkbuf_16)
    13    0.03    0.05    0.13    0.24 ^ clkbuf_1_1__f_CLK100MHZ/X (sky130_fd_sc_hd__clkbuf_16)
                                         clknet_1_1__leaf_CLK100MHZ (net)
                  0.05    0.00    0.24 ^ _462_/CLK (sky130_fd_sc_hd__dfrtp_2)
     4    0.02    0.07    0.43    0.67 v _462_/Q (sky130_fd_sc_hd__dfrtp_2)
                                         imem.address[0] (net)
                  0.07    0.00    0.67 v _221_/A (sky130_fd_sc_hd__clkbuf_4)
    10    0.02    0.06    0.18    0.85 v _221_/X (sky130_fd_sc_hd__clkbuf_4)
                                         _066_ (net)
                  0.06    0.00    0.85 v _222_/A (sky130_fd_sc_hd__clkbuf_4)
     9    0.02    0.05    0.17    1.02 v _222_/X (sky130_fd_sc_hd__clkbuf_4)
                                         _067_ (net)
                  0.05    0.00    1.02 v _246_/C (sky130_fd_sc_hd__and3b_1)
     1    0.00    0.03    0.17    1.19 v _246_/X (sky130_fd_sc_hd__and3b_1)
                                         _088_ (net)
                  0.03    0.00    1.19 v _247_/A (sky130_fd_sc_hd__buf_2)
     7    0.02    0.05    0.14    1.33 v _247_/X (sky130_fd_sc_hd__buf_2)
                                         _089_ (net)
                  0.05    0.00    1.33 v _248_/B (sky130_fd_sc_hd__or2_1)
     1    0.01    0.06    0.22    1.55 v _248_/X (sky130_fd_sc_hd__or2_1)
                                         _090_ (net)
                  0.06    0.00    1.55 v _249_/A (sky130_fd_sc_hd__clkbuf_2)
     5    0.01    0.05    0.13    1.68 v _249_/X (sky130_fd_sc_hd__clkbuf_2)
                                         _091_ (net)
                  0.05    0.00    1.68 v _266_/A2 (sky130_fd_sc_hd__a21o_1)
     2    0.01    0.06    0.20    1.88 v _266_/X (sky130_fd_sc_hd__a21o_1)
                                         _108_ (net)
                  0.06    0.00    1.88 v _268_/B (sky130_fd_sc_hd__or3_2)
     2    0.01    0.09    0.47    2.35 v _268_/X (sky130_fd_sc_hd__or3_2)
                                         _110_ (net)
                  0.09    0.00    2.35 v _312_/A2 (sky130_fd_sc_hd__a21oi_2)
     3    0.01    0.14    0.19    2.53 ^ _312_/Y (sky130_fd_sc_hd__a21oi_2)
                                         _154_ (net)
                  0.14    0.00    2.53 ^ _319_/A2 (sky130_fd_sc_hd__o21ai_2)
     3    0.01    0.06    0.09    2.62 v _319_/Y (sky130_fd_sc_hd__o21ai_2)
                                         _161_ (net)
                  0.06    0.00    2.62 v _373_/A1 (sky130_fd_sc_hd__a21oi_2)
     2    0.00    0.09    0.12    2.74 ^ _373_/Y (sky130_fd_sc_hd__a21oi_2)
                                         _204_ (net)
                  0.09    0.00    2.74 ^ _380_/A_N (sky130_fd_sc_hd__and2b_1)
     1    0.01    0.05    0.20    2.94 v _380_/X (sky130_fd_sc_hd__and2b_1)
                                         _211_ (net)
                  0.05    0.00    2.94 v _382_/A (sky130_fd_sc_hd__nor2_1)
     4    0.02    0.34    0.30    3.24 ^ _382_/Y (sky130_fd_sc_hd__nor2_1)
                                         _213_ (net)
                  0.34    0.00    3.24 ^ _432_/A1 (sky130_fd_sc_hd__mux2_1)
     1    0.01    0.08    0.22    3.46 ^ _432_/X (sky130_fd_sc_hd__mux2_1)
                                         _059_ (net)
                  0.08    0.00    3.46 ^ _433_/A (sky130_fd_sc_hd__buf_1)
     1    0.00    0.03    0.08    3.54 ^ _433_/X (sky130_fd_sc_hd__buf_1)
                                         _027_ (net)
                  0.03    0.00    3.54 ^ _461_/D (sky130_fd_sc_hd__dfxtp_1)
                                  3.54   data arrival time

                         10.00   10.00   clock CLK100MHZ (rise edge)
                          0.00   10.00   clock source latency
     1    0.01    0.00    0.00   10.00 ^ CLK100MHZ (in)
                                         CLK100MHZ (net)
                  0.00    0.00   10.00 ^ clkbuf_0_CLK100MHZ/A (sky130_fd_sc_hd__clkbuf_16)
     2    0.02    0.04    0.11   10.11 ^ clkbuf_0_CLK100MHZ/X (sky130_fd_sc_hd__clkbuf_16)
                                         clknet_0_CLK100MHZ (net)
                  0.04    0.00   10.11 ^ clkbuf_1_0__f_CLK100MHZ/A (sky130_fd_sc_hd__clkbuf_16)
    16    0.05    0.07    0.15   10.25 ^ clkbuf_1_0__f_CLK100MHZ/X (sky130_fd_sc_hd__clkbuf_16)
                                         clknet_1_0__leaf_CLK100MHZ (net)
                  0.07    0.00   10.26 ^ _461_/CLK (sky130_fd_sc_hd__dfxtp_1)
                         -0.20   10.06   clock uncertainty
                          0.00   10.06   clock reconvergence pessimism
                         -0.05   10.01   library setup time
                                 10.01   data required time
-----------------------------------------------------------------------------
                                 10.01   data required time
                                 -3.54   data arrival time
-----------------------------------------------------------------------------
                                  6.47   slack (MET)


Startpoint: _462_ (rising edge-triggered flip-flop clocked by CLK100MHZ)
Endpoint: _451_ (rising edge-triggered flip-flop clocked by CLK100MHZ)
Path Group: CLK100MHZ
Path Type: max

Fanout     Cap    Slew   Delay    Time   Description
-----------------------------------------------------------------------------
                          0.00    0.00   clock CLK100MHZ (rise edge)
                          0.00    0.00   clock source latency
     1    0.01    0.00    0.00    0.00 ^ CLK100MHZ (in)
                                         CLK100MHZ (net)
                  0.00    0.00    0.00 ^ clkbuf_0_CLK100MHZ/A (sky130_fd_sc_hd__clkbuf_16)
     2    0.02    0.04    0.11    0.11 ^ clkbuf_0_CLK100MHZ/X (sky130_fd_sc_hd__clkbuf_16)
                                         clknet_0_CLK100MHZ (net)
                  0.04    0.00    0.11 ^ clkbuf_1_1__f_CLK100MHZ/A (sky130_fd_sc_hd__clkbuf_16)
    13    0.03    0.05    0.13    0.24 ^ clkbuf_1_1__f_CLK100MHZ/X (sky130_fd_sc_hd__clkbuf_16)
                                         clknet_1_1__leaf_CLK100MHZ (net)
                  0.05    0.00    0.24 ^ _462_/CLK (sky130_fd_sc_hd__dfrtp_2)
     4    0.02    0.07    0.43    0.67 v _462_/Q (sky130_fd_sc_hd__dfrtp_2)
                                         imem.address[0] (net)
                  0.07    0.00    0.67 v _221_/A (sky130_fd_sc_hd__clkbuf_4)
    10    0.02    0.06    0.18    0.85 v _221_/X (sky130_fd_sc_hd__clkbuf_4)
                                         _066_ (net)
                  0.06    0.00    0.85 v _222_/A (sky130_fd_sc_hd__clkbuf_4)
     9    0.02    0.05    0.17    1.02 v _222_/X (sky130_fd_sc_hd__clkbuf_4)
                                         _067_ (net)
                  0.05    0.00    1.02 v _246_/C (sky130_fd_sc_hd__and3b_1)
     1    0.00    0.03    0.17    1.19 v _246_/X (sky130_fd_sc_hd__and3b_1)
                                         _088_ (net)
                  0.03    0.00    1.19 v _247_/A (sky130_fd_sc_hd__buf_2)
     7    0.02    0.05    0.14    1.33 v _247_/X (sky130_fd_sc_hd__buf_2)
                                         _089_ (net)
                  0.05    0.00    1.33 v _248_/B (sky130_fd_sc_hd__or2_1)
     1    0.01    0.06    0.22    1.55 v _248_/X (sky130_fd_sc_hd__or2_1)
                                         _090_ (net)
                  0.06    0.00    1.55 v _249_/A (sky130_fd_sc_hd__clkbuf_2)
     5    0.01    0.05    0.13    1.68 v _249_/X (sky130_fd_sc_hd__clkbuf_2)
                                         _091_ (net)
                  0.05    0.00    1.68 v _266_/A2 (sky130_fd_sc_hd__a21o_1)
     2    0.01    0.06    0.20    1.88 v _266_/X (sky130_fd_sc_hd__a21o_1)
                                         _108_ (net)
                  0.06    0.00    1.88 v _268_/B (sky130_fd_sc_hd__or3_2)
     2    0.01    0.09    0.47    2.35 v _268_/X (sky130_fd_sc_hd__or3_2)
                                         _110_ (net)
                  0.09    0.00    2.35 v _312_/A2 (sky130_fd_sc_hd__a21oi_2)
     3    0.01    0.14    0.19    2.53 ^ _312_/Y (sky130_fd_sc_hd__a21oi_2)
                                         _154_ (net)
                  0.14    0.00    2.53 ^ _319_/A2 (sky130_fd_sc_hd__o21ai_2)
     3    0.01    0.06    0.09    2.62 v _319_/Y (sky130_fd_sc_hd__o21ai_2)
                                         _161_ (net)
                  0.06    0.00    2.62 v _373_/A1 (sky130_fd_sc_hd__a21oi_2)
     2    0.00    0.09    0.12    2.74 ^ _373_/Y (sky130_fd_sc_hd__a21oi_2)
                                         _204_ (net)
                  0.09    0.00    2.74 ^ _380_/A_N (sky130_fd_sc_hd__and2b_1)
     1    0.01    0.05    0.20    2.94 v _380_/X (sky130_fd_sc_hd__and2b_1)
                                         _211_ (net)
                  0.05    0.00    2.94 v _382_/A (sky130_fd_sc_hd__nor2_1)
     4    0.02    0.34    0.30    3.24 ^ _382_/Y (sky130_fd_sc_hd__nor2_1)
                                         _213_ (net)
                  0.34    0.00    3.24 ^ _408_/A0 (sky130_fd_sc_hd__mux2_1)
     1    0.00    0.06    0.20    3.44 ^ _408_/X (sky130_fd_sc_hd__mux2_1)
                                         _045_ (net)
                  0.06    0.00    3.44 ^ _409_/A (sky130_fd_sc_hd__clkbuf_1)
     1    0.00    0.03    0.08    3.52 ^ _409_/X (sky130_fd_sc_hd__clkbuf_1)
                                         _017_ (net)
                  0.03    0.00    3.52 ^ _451_/D (sky130_fd_sc_hd__dfxtp_1)
                                  3.52   data arrival time

                         10.00   10.00   clock CLK100MHZ (rise edge)
                          0.00   10.00   clock source latency
     1    0.01    0.00    0.00   10.00 ^ CLK100MHZ (in)
                                         CLK100MHZ (net)
                  0.00    0.00   10.00 ^ clkbuf_0_CLK100MHZ/A (sky130_fd_sc_hd__clkbuf_16)
     2    0.02    0.04    0.11   10.11 ^ clkbuf_0_CLK100MHZ/X (sky130_fd_sc_hd__clkbuf_16)
                                         clknet_0_CLK100MHZ (net)
                  0.04    0.00   10.11 ^ clkbuf_1_0__f_CLK100MHZ/A (sky130_fd_sc_hd__clkbuf_16)
    16    0.05    0.07    0.15   10.25 ^ clkbuf_1_0__f_CLK100MHZ/X (sky130_fd_sc_hd__clkbuf_16)
                                         clknet_1_0__leaf_CLK100MHZ (net)
                  0.07    0.00   10.26 ^ _451_/CLK (sky130_fd_sc_hd__dfxtp_1)
                         -0.20   10.06   clock uncertainty
                          0.00   10.06   clock reconvergence pessimism
                         -0.05   10.01   library setup time
                                 10.01   data required time
-----------------------------------------------------------------------------
                                 10.01   data required time
                                 -3.52   data arrival time
-----------------------------------------------------------------------------
                                  6.49   slack (MET)


Startpoint: _462_ (rising edge-triggered flip-flop clocked by CLK100MHZ)
Endpoint: _438_ (rising edge-triggered flip-flop clocked by CLK100MHZ)
Path Group: CLK100MHZ
Path Type: max

Fanout     Cap    Slew   Delay    Time   Description
-----------------------------------------------------------------------------
                          0.00    0.00   clock CLK100MHZ (rise edge)
                          0.00    0.00   clock source latency
     1    0.01    0.00    0.00    0.00 ^ CLK100MHZ (in)
                                         CLK100MHZ (net)
                  0.00    0.00    0.00 ^ clkbuf_0_CLK100MHZ/A (sky130_fd_sc_hd__clkbuf_16)
     2    0.02    0.04    0.11    0.11 ^ clkbuf_0_CLK100MHZ/X (sky130_fd_sc_hd__clkbuf_16)
                                         clknet_0_CLK100MHZ (net)
                  0.04    0.00    0.11 ^ clkbuf_1_1__f_CLK100MHZ/A (sky130_fd_sc_hd__clkbuf_16)
    13    0.03    0.05    0.13    0.24 ^ clkbuf_1_1__f_CLK100MHZ/X (sky130_fd_sc_hd__clkbuf_16)
                                         clknet_1_1__leaf_CLK100MHZ (net)
                  0.05    0.00    0.24 ^ _462_/CLK (sky130_fd_sc_hd__dfrtp_2)
     4    0.02    0.07    0.43    0.67 v _462_/Q (sky130_fd_sc_hd__dfrtp_2)
                                         imem.address[0] (net)
                  0.07    0.00    0.67 v _221_/A (sky130_fd_sc_hd__clkbuf_4)
    10    0.02    0.06    0.18    0.85 v _221_/X (sky130_fd_sc_hd__clkbuf_4)
                                         _066_ (net)
                  0.06    0.00    0.85 v _222_/A (sky130_fd_sc_hd__clkbuf_4)
     9    0.02    0.05    0.17    1.02 v _222_/X (sky130_fd_sc_hd__clkbuf_4)
                                         _067_ (net)
                  0.05    0.00    1.02 v _246_/C (sky130_fd_sc_hd__and3b_1)
     1    0.00    0.03    0.17    1.19 v _246_/X (sky130_fd_sc_hd__and3b_1)
                                         _088_ (net)
                  0.03    0.00    1.19 v _247_/A (sky130_fd_sc_hd__buf_2)
     7    0.02    0.05    0.14    1.33 v _247_/X (sky130_fd_sc_hd__buf_2)
                                         _089_ (net)
                  0.05    0.00    1.33 v _248_/B (sky130_fd_sc_hd__or2_1)
     1    0.01    0.06    0.22    1.55 v _248_/X (sky130_fd_sc_hd__or2_1)
                                         _090_ (net)
                  0.06    0.00    1.55 v _249_/A (sky130_fd_sc_hd__clkbuf_2)
     5    0.01    0.05    0.13    1.68 v _249_/X (sky130_fd_sc_hd__clkbuf_2)
                                         _091_ (net)
                  0.05    0.00    1.68 v _266_/A2 (sky130_fd_sc_hd__a21o_1)
     2    0.01    0.06    0.20    1.88 v _266_/X (sky130_fd_sc_hd__a21o_1)
                                         _108_ (net)
                  0.06    0.00    1.88 v _268_/B (sky130_fd_sc_hd__or3_2)
     2    0.01    0.09    0.47    2.35 v _268_/X (sky130_fd_sc_hd__or3_2)
                                         _110_ (net)
                  0.09    0.00    2.35 v _269_/B_N (sky130_fd_sc_hd__or2b_1)
     2    0.02    0.14    0.24    2.59 ^ _269_/X (sky130_fd_sc_hd__or2b_1)
                                         _111_ (net)
                  0.14    0.00    2.59 ^ _272_/A2 (sky130_fd_sc_hd__a21oi_2)
     1    0.00    0.05    0.08    2.67 v _272_/Y (sky130_fd_sc_hd__a21oi_2)
                                         _114_ (net)
                  0.05    0.00    2.67 v _296_/A2 (sky130_fd_sc_hd__a22o_4)
     9    0.04    0.08    0.31    2.97 v _296_/X (sky130_fd_sc_hd__a22o_4)
                                         _138_ (net)
                  0.08    0.00    2.98 v _367_/A1 (sky130_fd_sc_hd__mux2_1)
     1    0.01    0.08    0.33    3.31 v _367_/X (sky130_fd_sc_hd__mux2_1)
                                         _201_ (net)
                  0.08    0.00    3.31 v _368_/A (sky130_fd_sc_hd__clkbuf_1)
     1    0.00    0.02    0.10    3.40 v _368_/X (sky130_fd_sc_hd__clkbuf_1)
                                         _004_ (net)
                  0.02    0.00    3.40 v _438_/D (sky130_fd_sc_hd__dfxtp_1)
                                  3.40   data arrival time

                         10.00   10.00   clock CLK100MHZ (rise edge)
                          0.00   10.00   clock source latency
     1    0.01    0.00    0.00   10.00 ^ CLK100MHZ (in)
                                         CLK100MHZ (net)
                  0.00    0.00   10.00 ^ clkbuf_0_CLK100MHZ/A (sky130_fd_sc_hd__clkbuf_16)
     2    0.02    0.04    0.11   10.11 ^ clkbuf_0_CLK100MHZ/X (sky130_fd_sc_hd__clkbuf_16)
                                         clknet_0_CLK100MHZ (net)
                  0.04    0.00   10.11 ^ clkbuf_1_1__f_CLK100MHZ/A (sky130_fd_sc_hd__clkbuf_16)
    13    0.03    0.05    0.13   10.24 ^ clkbuf_1_1__f_CLK100MHZ/X (sky130_fd_sc_hd__clkbuf_16)
                                         clknet_1_1__leaf_CLK100MHZ (net)
                  0.05    0.00   10.24 ^ _438_/CLK (sky130_fd_sc_hd__dfxtp_1)
                         -0.20   10.04   clock uncertainty
                          0.00   10.04   clock reconvergence pessimism
                         -0.10    9.94   library setup time
                                  9.94   data required time
-----------------------------------------------------------------------------
                                  9.94   data required time
                                 -3.40   data arrival time
-----------------------------------------------------------------------------
                                  6.53   slack (MET)


Startpoint: _462_ (rising edge-triggered flip-flop clocked by CLK100MHZ)
Endpoint: _458_ (rising edge-triggered flip-flop clocked by CLK100MHZ)
Path Group: CLK100MHZ
Path Type: max

Fanout     Cap    Slew   Delay    Time   Description
-----------------------------------------------------------------------------
                          0.00    0.00   clock CLK100MHZ (rise edge)
                          0.00    0.00   clock source latency
     1    0.01    0.00    0.00    0.00 ^ CLK100MHZ (in)
                                         CLK100MHZ (net)
                  0.00    0.00    0.00 ^ clkbuf_0_CLK100MHZ/A (sky130_fd_sc_hd__clkbuf_16)
     2    0.02    0.04    0.11    0.11 ^ clkbuf_0_CLK100MHZ/X (sky130_fd_sc_hd__clkbuf_16)
                                         clknet_0_CLK100MHZ (net)
                  0.04    0.00    0.11 ^ clkbuf_1_1__f_CLK100MHZ/A (sky130_fd_sc_hd__clkbuf_16)
    13    0.03    0.05    0.13    0.24 ^ clkbuf_1_1__f_CLK100MHZ/X (sky130_fd_sc_hd__clkbuf_16)
                                         clknet_1_1__leaf_CLK100MHZ (net)
                  0.05    0.00    0.24 ^ _462_/CLK (sky130_fd_sc_hd__dfrtp_2)
     4    0.02    0.07    0.43    0.67 v _462_/Q (sky130_fd_sc_hd__dfrtp_2)
                                         imem.address[0] (net)
                  0.07    0.00    0.67 v _221_/A (sky130_fd_sc_hd__clkbuf_4)
    10    0.02    0.06    0.18    0.85 v _221_/X (sky130_fd_sc_hd__clkbuf_4)
                                         _066_ (net)
                  0.06    0.00    0.85 v _222_/A (sky130_fd_sc_hd__clkbuf_4)
     9    0.02    0.05    0.17    1.02 v _222_/X (sky130_fd_sc_hd__clkbuf_4)
                                         _067_ (net)
                  0.05    0.00    1.02 v _246_/C (sky130_fd_sc_hd__and3b_1)
     1    0.00    0.03    0.17    1.19 v _246_/X (sky130_fd_sc_hd__and3b_1)
                                         _088_ (net)
                  0.03    0.00    1.19 v _247_/A (sky130_fd_sc_hd__buf_2)
     7    0.02    0.05    0.14    1.33 v _247_/X (sky130_fd_sc_hd__buf_2)
                                         _089_ (net)
                  0.05    0.00    1.33 v _248_/B (sky130_fd_sc_hd__or2_1)
     1    0.01    0.06    0.22    1.55 v _248_/X (sky130_fd_sc_hd__or2_1)
                                         _090_ (net)
                  0.06    0.00    1.55 v _249_/A (sky130_fd_sc_hd__clkbuf_2)
     5    0.01    0.05    0.13    1.68 v _249_/X (sky130_fd_sc_hd__clkbuf_2)
                                         _091_ (net)
                  0.05    0.00    1.68 v _266_/A2 (sky130_fd_sc_hd__a21o_1)
     2    0.01    0.06    0.20    1.88 v _266_/X (sky130_fd_sc_hd__a21o_1)
                                         _108_ (net)
                  0.06    0.00    1.88 v _268_/B (sky130_fd_sc_hd__or3_2)
     2    0.01    0.09    0.47    2.35 v _268_/X (sky130_fd_sc_hd__or3_2)
                                         _110_ (net)
                  0.09    0.00    2.35 v _269_/B_N (sky130_fd_sc_hd__or2b_1)
     2    0.02    0.14    0.24    2.59 ^ _269_/X (sky130_fd_sc_hd__or2b_1)
                                         _111_ (net)
                  0.14    0.00    2.59 ^ _272_/A2 (sky130_fd_sc_hd__a21oi_2)
     1    0.00    0.05    0.08    2.67 v _272_/Y (sky130_fd_sc_hd__a21oi_2)
                                         _114_ (net)
                  0.05    0.00    2.67 v _296_/A2 (sky130_fd_sc_hd__a22o_4)
     9    0.04    0.08    0.31    2.97 v _296_/X (sky130_fd_sc_hd__a22o_4)
                                         _138_ (net)
                  0.08    0.00    2.98 v _426_/A1 (sky130_fd_sc_hd__mux2_1)
     1    0.01    0.07    0.32    3.30 v _426_/X (sky130_fd_sc_hd__mux2_1)
                                         _056_ (net)
                  0.07    0.00    3.30 v _427_/A (sky130_fd_sc_hd__clkbuf_1)
     1    0.00    0.02    0.09    3.39 v _427_/X (sky130_fd_sc_hd__clkbuf_1)
                                         _024_ (net)
                  0.02    0.00    3.39 v _458_/D (sky130_fd_sc_hd__dfxtp_1)
                                  3.39   data arrival time

                         10.00   10.00   clock CLK100MHZ (rise edge)
                          0.00   10.00   clock source latency
     1    0.01    0.00    0.00   10.00 ^ CLK100MHZ (in)
                                         CLK100MHZ (net)
                  0.00    0.00   10.00 ^ clkbuf_0_CLK100MHZ/A (sky130_fd_sc_hd__clkbuf_16)
     2    0.02    0.04    0.11   10.11 ^ clkbuf_0_CLK100MHZ/X (sky130_fd_sc_hd__clkbuf_16)
                                         clknet_0_CLK100MHZ (net)
                  0.04    0.00   10.11 ^ clkbuf_1_1__f_CLK100MHZ/A (sky130_fd_sc_hd__clkbuf_16)
    13    0.03    0.05    0.13   10.24 ^ clkbuf_1_1__f_CLK100MHZ/X (sky130_fd_sc_hd__clkbuf_16)
                                         clknet_1_1__leaf_CLK100MHZ (net)
                  0.05    0.00   10.24 ^ _458_/CLK (sky130_fd_sc_hd__dfxtp_1)
                         -0.20   10.04   clock uncertainty
                          0.00   10.04   clock reconvergence pessimism
                         -0.10    9.94   library setup time
                                  9.94   data required time
-----------------------------------------------------------------------------
                                  9.94   data required time
                                 -3.39   data arrival time
-----------------------------------------------------------------------------
                                  6.55   slack (MET)


Startpoint: _462_ (rising edge-triggered flip-flop clocked by CLK100MHZ)
Endpoint: _443_ (rising edge-triggered flip-flop clocked by CLK100MHZ)
Path Group: CLK100MHZ
Path Type: max

Fanout     Cap    Slew   Delay    Time   Description
-----------------------------------------------------------------------------
                          0.00    0.00   clock CLK100MHZ (rise edge)
                          0.00    0.00   clock source latency
     1    0.01    0.00    0.00    0.00 ^ CLK100MHZ (in)
                                         CLK100MHZ (net)
                  0.00    0.00    0.00 ^ clkbuf_0_CLK100MHZ/A (sky130_fd_sc_hd__clkbuf_16)
     2    0.02    0.04    0.11    0.11 ^ clkbuf_0_CLK100MHZ/X (sky130_fd_sc_hd__clkbuf_16)
                                         clknet_0_CLK100MHZ (net)
                  0.04    0.00    0.11 ^ clkbuf_1_1__f_CLK100MHZ/A (sky130_fd_sc_hd__clkbuf_16)
    13    0.03    0.05    0.13    0.24 ^ clkbuf_1_1__f_CLK100MHZ/X (sky130_fd_sc_hd__clkbuf_16)
                                         clknet_1_1__leaf_CLK100MHZ (net)
                  0.05    0.00    0.24 ^ _462_/CLK (sky130_fd_sc_hd__dfrtp_2)
     4    0.02    0.07    0.43    0.67 v _462_/Q (sky130_fd_sc_hd__dfrtp_2)
                                         imem.address[0] (net)
                  0.07    0.00    0.67 v _221_/A (sky130_fd_sc_hd__clkbuf_4)
    10    0.02    0.06    0.18    0.85 v _221_/X (sky130_fd_sc_hd__clkbuf_4)
                                         _066_ (net)
                  0.06    0.00    0.85 v _222_/A (sky130_fd_sc_hd__clkbuf_4)
     9    0.02    0.05    0.17    1.02 v _222_/X (sky130_fd_sc_hd__clkbuf_4)
                                         _067_ (net)
                  0.05    0.00    1.02 v _246_/C (sky130_fd_sc_hd__and3b_1)
     1    0.00    0.03    0.17    1.19 v _246_/X (sky130_fd_sc_hd__and3b_1)
                                         _088_ (net)
                  0.03    0.00    1.19 v _247_/A (sky130_fd_sc_hd__buf_2)
     7    0.02    0.05    0.14    1.33 v _247_/X (sky130_fd_sc_hd__buf_2)
                                         _089_ (net)
                  0.05    0.00    1.33 v _248_/B (sky130_fd_sc_hd__or2_1)
     1    0.01    0.06    0.22    1.55 v _248_/X (sky130_fd_sc_hd__or2_1)
                                         _090_ (net)
                  0.06    0.00    1.55 v _249_/A (sky130_fd_sc_hd__clkbuf_2)
     5    0.01    0.05    0.13    1.68 v _249_/X (sky130_fd_sc_hd__clkbuf_2)
                                         _091_ (net)
                  0.05    0.00    1.68 v _266_/A2 (sky130_fd_sc_hd__a21o_1)
     2    0.01    0.06    0.20    1.88 v _266_/X (sky130_fd_sc_hd__a21o_1)
                                         _108_ (net)
                  0.06    0.00    1.88 v _268_/B (sky130_fd_sc_hd__or3_2)
     2    0.01    0.09    0.47    2.35 v _268_/X (sky130_fd_sc_hd__or3_2)
                                         _110_ (net)
                  0.09    0.00    2.35 v _269_/B_N (sky130_fd_sc_hd__or2b_1)
     2    0.02    0.14    0.24    2.59 ^ _269_/X (sky130_fd_sc_hd__or2b_1)
                                         _111_ (net)
                  0.14    0.00    2.59 ^ _272_/A2 (sky130_fd_sc_hd__a21oi_2)
     1    0.00    0.05    0.08    2.67 v _272_/Y (sky130_fd_sc_hd__a21oi_2)
                                         _114_ (net)
                  0.05    0.00    2.67 v _296_/A2 (sky130_fd_sc_hd__a22o_4)
     9    0.04    0.08    0.31    2.97 v _296_/X (sky130_fd_sc_hd__a22o_4)
                                         _138_ (net)
                  0.08    0.00    2.98 v _389_/A1 (sky130_fd_sc_hd__mux2_1)
     1    0.01    0.07    0.32    3.30 v _389_/X (sky130_fd_sc_hd__mux2_1)
                                         _034_ (net)
                  0.07    0.00    3.30 v _390_/A (sky130_fd_sc_hd__buf_1)
     1    0.00    0.02    0.09    3.39 v _390_/X (sky130_fd_sc_hd__buf_1)
                                         _009_ (net)
                  0.02    0.00    3.39 v _443_/D (sky130_fd_sc_hd__dfxtp_1)
                                  3.39   data arrival time

                         10.00   10.00   clock CLK100MHZ (rise edge)
                          0.00   10.00   clock source latency
     1    0.01    0.00    0.00   10.00 ^ CLK100MHZ (in)
                                         CLK100MHZ (net)
                  0.00    0.00   10.00 ^ clkbuf_0_CLK100MHZ/A (sky130_fd_sc_hd__clkbuf_16)
     2    0.02    0.04    0.11   10.11 ^ clkbuf_0_CLK100MHZ/X (sky130_fd_sc_hd__clkbuf_16)
                                         clknet_0_CLK100MHZ (net)
                  0.04    0.00   10.11 ^ clkbuf_1_0__f_CLK100MHZ/A (sky130_fd_sc_hd__clkbuf_16)
    16    0.05    0.07    0.15   10.25 ^ clkbuf_1_0__f_CLK100MHZ/X (sky130_fd_sc_hd__clkbuf_16)
                                         clknet_1_0__leaf_CLK100MHZ (net)
                  0.07    0.00   10.26 ^ _443_/CLK (sky130_fd_sc_hd__dfxtp_1)
                         -0.20   10.06   clock uncertainty
                          0.00   10.06   clock reconvergence pessimism
                         -0.09    9.96   library setup time
                                  9.96   data required time
-----------------------------------------------------------------------------
                                  9.96   data required time
                                 -3.39   data arrival time
-----------------------------------------------------------------------------
                                  6.57   slack (MET)


Startpoint: _462_ (rising edge-triggered flip-flop clocked by CLK100MHZ)
Endpoint: _448_ (rising edge-triggered flip-flop clocked by CLK100MHZ)
Path Group: CLK100MHZ
Path Type: max

Fanout     Cap    Slew   Delay    Time   Description
-----------------------------------------------------------------------------
                          0.00    0.00   clock CLK100MHZ (rise edge)
                          0.00    0.00   clock source latency
     1    0.01    0.00    0.00    0.00 ^ CLK100MHZ (in)
                                         CLK100MHZ (net)
                  0.00    0.00    0.00 ^ clkbuf_0_CLK100MHZ/A (sky130_fd_sc_hd__clkbuf_16)
     2    0.02    0.04    0.11    0.11 ^ clkbuf_0_CLK100MHZ/X (sky130_fd_sc_hd__clkbuf_16)
                                         clknet_0_CLK100MHZ (net)
                  0.04    0.00    0.11 ^ clkbuf_1_1__f_CLK100MHZ/A (sky130_fd_sc_hd__clkbuf_16)
    13    0.03    0.05    0.13    0.24 ^ clkbuf_1_1__f_CLK100MHZ/X (sky130_fd_sc_hd__clkbuf_16)
                                         clknet_1_1__leaf_CLK100MHZ (net)
                  0.05    0.00    0.24 ^ _462_/CLK (sky130_fd_sc_hd__dfrtp_2)
     4    0.02    0.07    0.43    0.67 v _462_/Q (sky130_fd_sc_hd__dfrtp_2)
                                         imem.address[0] (net)
                  0.07    0.00    0.67 v _221_/A (sky130_fd_sc_hd__clkbuf_4)
    10    0.02    0.06    0.18    0.85 v _221_/X (sky130_fd_sc_hd__clkbuf_4)
                                         _066_ (net)
                  0.06    0.00    0.85 v _222_/A (sky130_fd_sc_hd__clkbuf_4)
     9    0.02    0.05    0.17    1.02 v _222_/X (sky130_fd_sc_hd__clkbuf_4)
                                         _067_ (net)
                  0.05    0.00    1.02 v _246_/C (sky130_fd_sc_hd__and3b_1)
     1    0.00    0.03    0.17    1.19 v _246_/X (sky130_fd_sc_hd__and3b_1)
                                         _088_ (net)
                  0.03    0.00    1.19 v _247_/A (sky130_fd_sc_hd__buf_2)
     7    0.02    0.05    0.14    1.33 v _247_/X (sky130_fd_sc_hd__buf_2)
                                         _089_ (net)
                  0.05    0.00    1.33 v _248_/B (sky130_fd_sc_hd__or2_1)
     1    0.01    0.06    0.22    1.55 v _248_/X (sky130_fd_sc_hd__or2_1)
                                         _090_ (net)
                  0.06    0.00    1.55 v _249_/A (sky130_fd_sc_hd__clkbuf_2)
     5    0.01    0.05    0.13    1.68 v _249_/X (sky130_fd_sc_hd__clkbuf_2)
                                         _091_ (net)
                  0.05    0.00    1.68 v _266_/A2 (sky130_fd_sc_hd__a21o_1)
     2    0.01    0.06    0.20    1.88 v _266_/X (sky130_fd_sc_hd__a21o_1)
                                         _108_ (net)
                  0.06    0.00    1.88 v _268_/B (sky130_fd_sc_hd__or3_2)
     2    0.01    0.09    0.47    2.35 v _268_/X (sky130_fd_sc_hd__or3_2)
                                         _110_ (net)
                  0.09    0.00    2.35 v _269_/B_N (sky130_fd_sc_hd__or2b_1)
     2    0.02    0.14    0.24    2.59 ^ _269_/X (sky130_fd_sc_hd__or2b_1)
                                         _111_ (net)
                  0.14    0.00    2.59 ^ _272_/A2 (sky130_fd_sc_hd__a21oi_2)
     1    0.00    0.05    0.08    2.67 v _272_/Y (sky130_fd_sc_hd__a21oi_2)
                                         _114_ (net)
                  0.05    0.00    2.67 v _296_/A2 (sky130_fd_sc_hd__a22o_4)
     9    0.04    0.08    0.31    2.97 v _296_/X (sky130_fd_sc_hd__a22o_4)
                                         _138_ (net)
                  0.08    0.00    2.97 v _402_/A0 (sky130_fd_sc_hd__mux2_1)
     1    0.01    0.07    0.31    3.29 v _402_/X (sky130_fd_sc_hd__mux2_1)
                                         _042_ (net)
                  0.07    0.00    3.29 v _403_/A (sky130_fd_sc_hd__clkbuf_1)
     1    0.00    0.02    0.09    3.38 v _403_/X (sky130_fd_sc_hd__clkbuf_1)
                                         _014_ (net)
                  0.02    0.00    3.38 v _448_/D (sky130_fd_sc_hd__dfxtp_1)
                                  3.38   data arrival time

                         10.00   10.00   clock CLK100MHZ (rise edge)
                          0.00   10.00   clock source latency
     1    0.01    0.00    0.00   10.00 ^ CLK100MHZ (in)
                                         CLK100MHZ (net)
                  0.00    0.00   10.00 ^ clkbuf_0_CLK100MHZ/A (sky130_fd_sc_hd__clkbuf_16)
     2    0.02    0.04    0.11   10.11 ^ clkbuf_0_CLK100MHZ/X (sky130_fd_sc_hd__clkbuf_16)
                                         clknet_0_CLK100MHZ (net)
                  0.04    0.00   10.11 ^ clkbuf_1_0__f_CLK100MHZ/A (sky130_fd_sc_hd__clkbuf_16)
    16    0.05    0.07    0.15   10.25 ^ clkbuf_1_0__f_CLK100MHZ/X (sky130_fd_sc_hd__clkbuf_16)
                                         clknet_1_0__leaf_CLK100MHZ (net)
                  0.07    0.00   10.26 ^ _448_/CLK (sky130_fd_sc_hd__dfxtp_1)
                         -0.20   10.06   clock uncertainty
                          0.00   10.06   clock reconvergence pessimism
                         -0.09    9.96   library setup time
                                  9.96   data required time
-----------------------------------------------------------------------------
                                  9.96   data required time
                                 -3.38   data arrival time
-----------------------------------------------------------------------------
                                  6.58   slack (MET)


Startpoint: _463_ (rising edge-triggered flip-flop clocked by CLK100MHZ)
Endpoint: _439_ (rising edge-triggered flip-flop clocked by CLK100MHZ)
Path Group: CLK100MHZ
Path Type: max

Fanout     Cap    Slew   Delay    Time   Description
-----------------------------------------------------------------------------
                          0.00    0.00   clock CLK100MHZ (rise edge)
                          0.00    0.00   clock source latency
     1    0.01    0.00    0.00    0.00 ^ CLK100MHZ (in)
                                         CLK100MHZ (net)
                  0.00    0.00    0.00 ^ clkbuf_0_CLK100MHZ/A (sky130_fd_sc_hd__clkbuf_16)
     2    0.02    0.04    0.11    0.11 ^ clkbuf_0_CLK100MHZ/X (sky130_fd_sc_hd__clkbuf_16)
                                         clknet_0_CLK100MHZ (net)
                  0.04    0.00    0.11 ^ clkbuf_1_0__f_CLK100MHZ/A (sky130_fd_sc_hd__clkbuf_16)
    16    0.05    0.07    0.15    0.25 ^ clkbuf_1_0__f_CLK100MHZ/X (sky130_fd_sc_hd__clkbuf_16)
                                         clknet_1_0__leaf_CLK100MHZ (net)
                  0.07    0.00    0.26 ^ _463_/CLK (sky130_fd_sc_hd__dfrtp_4)
    10    0.03    0.11    0.46    0.72 ^ _463_/Q (sky130_fd_sc_hd__dfrtp_4)
                                         imem.address[1] (net)
                  0.11    0.00    0.72 ^ _230_/C_N (sky130_fd_sc_hd__nor3b_2)
     3    0.02    0.31    0.31    1.03 ^ _230_/Y (sky130_fd_sc_hd__nor3b_2)
                                         _072_ (net)
                  0.31    0.00    1.03 ^ _231_/A (sky130_fd_sc_hd__clkbuf_2)
     4    0.02    0.12    0.23    1.26 ^ _231_/X (sky130_fd_sc_hd__clkbuf_2)
                                         _073_ (net)
                  0.12    0.00    1.27 ^ _233_/B1 (sky130_fd_sc_hd__a211o_1)
     1    0.00    0.05    0.12    1.39 ^ _233_/X (sky130_fd_sc_hd__a211o_1)
                                         _075_ (net)
                  0.05    0.00    1.39 ^ _239_/A1 (sky130_fd_sc_hd__a31o_2)
     5    0.03    0.16    0.23    1.62 ^ _239_/X (sky130_fd_sc_hd__a31o_2)
                                         _081_ (net)
                  0.16    0.00    1.62 ^ _240_/A (sky130_fd_sc_hd__buf_1)
     3    0.00    0.07    0.12    1.75 ^ _240_/X (sky130_fd_sc_hd__buf_1)
                                         _082_ (net)
                  0.07    0.00    1.75 ^ _241_/A (sky130_fd_sc_hd__dlymetal6s2s_1)
     3    0.02    0.20    0.21    1.95 ^ _241_/X (sky130_fd_sc_hd__dlymetal6s2s_1)
                                         _083_ (net)
                  0.20    0.00    1.95 ^ _242_/A (sky130_fd_sc_hd__buf_1)
     2    0.02    0.19    0.22    2.17 ^ _242_/X (sky130_fd_sc_hd__buf_1)
                                         _084_ (net)
                  0.19    0.00    2.17 ^ _303_/S (sky130_fd_sc_hd__mux2_1)
     1    0.00    0.06    0.35    2.52 v _303_/X (sky130_fd_sc_hd__mux2_1)
                                         _145_ (net)
                  0.06    0.00    2.52 v _306_/A0 (sky130_fd_sc_hd__mux2_1)
     1    0.01    0.08    0.31    2.83 v _306_/X (sky130_fd_sc_hd__mux2_1)
                                         _148_ (net)
                  0.08    0.00    2.83 v _315_/A2_N (sky130_fd_sc_hd__a2bb2o_4)
     9    0.04    0.14    0.28    3.11 ^ _315_/X (sky130_fd_sc_hd__a2bb2o_4)
                                         _157_ (net)
                  0.14    0.00    3.12 ^ _369_/A1 (sky130_fd_sc_hd__mux2_1)
     1    0.00    0.04    0.14    3.26 ^ _369_/X (sky130_fd_sc_hd__mux2_1)
                                         _202_ (net)
                  0.04    0.00    3.26 ^ _370_/A (sky130_fd_sc_hd__clkbuf_1)
     1    0.01    0.09    0.11    3.37 ^ _370_/X (sky130_fd_sc_hd__clkbuf_1)
                                         _005_ (net)
                  0.09    0.00    3.37 ^ _439_/D (sky130_fd_sc_hd__dfxtp_1)
                                  3.37   data arrival time

                         10.00   10.00   clock CLK100MHZ (rise edge)
                          0.00   10.00   clock source latency
     1    0.01    0.00    0.00   10.00 ^ CLK100MHZ (in)
                                         CLK100MHZ (net)
                  0.00    0.00   10.00 ^ clkbuf_0_CLK100MHZ/A (sky130_fd_sc_hd__clkbuf_16)
     2    0.02    0.04    0.11   10.11 ^ clkbuf_0_CLK100MHZ/X (sky130_fd_sc_hd__clkbuf_16)
                                         clknet_0_CLK100MHZ (net)
                  0.04    0.00   10.11 ^ clkbuf_1_1__f_CLK100MHZ/A (sky130_fd_sc_hd__clkbuf_16)
    13    0.03    0.05    0.13   10.24 ^ clkbuf_1_1__f_CLK100MHZ/X (sky130_fd_sc_hd__clkbuf_16)
                                         clknet_1_1__leaf_CLK100MHZ (net)
                  0.05    0.00   10.24 ^ _439_/CLK (sky130_fd_sc_hd__dfxtp_1)
                         -0.20   10.04   clock uncertainty
                          0.00   10.04   clock reconvergence pessimism
                         -0.06    9.97   library setup time
                                  9.97   data required time
-----------------------------------------------------------------------------
                                  9.97   data required time
                                 -3.37   data arrival time
-----------------------------------------------------------------------------
                                  6.60   slack (MET)


Startpoint: _463_ (rising edge-triggered flip-flop clocked by CLK100MHZ)
Endpoint: _449_ (rising edge-triggered flip-flop clocked by CLK100MHZ)
Path Group: CLK100MHZ
Path Type: max

Fanout     Cap    Slew   Delay    Time   Description
-----------------------------------------------------------------------------
                          0.00    0.00   clock CLK100MHZ (rise edge)
                          0.00    0.00   clock source latency
     1    0.01    0.00    0.00    0.00 ^ CLK100MHZ (in)
                                         CLK100MHZ (net)
                  0.00    0.00    0.00 ^ clkbuf_0_CLK100MHZ/A (sky130_fd_sc_hd__clkbuf_16)
     2    0.02    0.04    0.11    0.11 ^ clkbuf_0_CLK100MHZ/X (sky130_fd_sc_hd__clkbuf_16)
                                         clknet_0_CLK100MHZ (net)
                  0.04    0.00    0.11 ^ clkbuf_1_0__f_CLK100MHZ/A (sky130_fd_sc_hd__clkbuf_16)
    16    0.05    0.07    0.15    0.25 ^ clkbuf_1_0__f_CLK100MHZ/X (sky130_fd_sc_hd__clkbuf_16)
                                         clknet_1_0__leaf_CLK100MHZ (net)
                  0.07    0.00    0.26 ^ _463_/CLK (sky130_fd_sc_hd__dfrtp_4)
    10    0.03    0.11    0.46    0.72 ^ _463_/Q (sky130_fd_sc_hd__dfrtp_4)
                                         imem.address[1] (net)
                  0.11    0.00    0.72 ^ _230_/C_N (sky130_fd_sc_hd__nor3b_2)
     3    0.02    0.31    0.31    1.03 ^ _230_/Y (sky130_fd_sc_hd__nor3b_2)
                                         _072_ (net)
                  0.31    0.00    1.03 ^ _231_/A (sky130_fd_sc_hd__clkbuf_2)
     4    0.02    0.12    0.23    1.26 ^ _231_/X (sky130_fd_sc_hd__clkbuf_2)
                                         _073_ (net)
                  0.12    0.00    1.27 ^ _233_/B1 (sky130_fd_sc_hd__a211o_1)
     1    0.00    0.05    0.12    1.39 ^ _233_/X (sky130_fd_sc_hd__a211o_1)
                                         _075_ (net)
                  0.05    0.00    1.39 ^ _239_/A1 (sky130_fd_sc_hd__a31o_2)
     5    0.03    0.16    0.23    1.62 ^ _239_/X (sky130_fd_sc_hd__a31o_2)
                                         _081_ (net)
                  0.16    0.00    1.62 ^ _240_/A (sky130_fd_sc_hd__buf_1)
     3    0.00    0.07    0.12    1.75 ^ _240_/X (sky130_fd_sc_hd__buf_1)
                                         _082_ (net)
                  0.07    0.00    1.75 ^ _241_/A (sky130_fd_sc_hd__dlymetal6s2s_1)
     3    0.02    0.20    0.21    1.95 ^ _241_/X (sky130_fd_sc_hd__dlymetal6s2s_1)
                                         _083_ (net)
                  0.20    0.00    1.95 ^ _242_/A (sky130_fd_sc_hd__buf_1)
     2    0.02    0.19    0.22    2.17 ^ _242_/X (sky130_fd_sc_hd__buf_1)
                                         _084_ (net)
                  0.19    0.00    2.17 ^ _303_/S (sky130_fd_sc_hd__mux2_1)
     1    0.00    0.06    0.35    2.52 v _303_/X (sky130_fd_sc_hd__mux2_1)
                                         _145_ (net)
                  0.06    0.00    2.52 v _306_/A0 (sky130_fd_sc_hd__mux2_1)
     1    0.01    0.08    0.31    2.83 v _306_/X (sky130_fd_sc_hd__mux2_1)
                                         _148_ (net)
                  0.08    0.00    2.83 v _315_/A2_N (sky130_fd_sc_hd__a2bb2o_4)
     9    0.04    0.14    0.28    3.11 ^ _315_/X (sky130_fd_sc_hd__a2bb2o_4)
                                         _157_ (net)
                  0.14    0.00    3.12 ^ _404_/A0 (sky130_fd_sc_hd__mux2_1)
     1    0.01    0.09    0.19    3.30 ^ _404_/X (sky130_fd_sc_hd__mux2_1)
                                         _043_ (net)
                  0.09    0.00    3.30 ^ _405_/A (sky130_fd_sc_hd__buf_1)
     1    0.00    0.05    0.09    3.40 ^ _405_/X (sky130_fd_sc_hd__buf_1)
                                         _015_ (net)
                  0.05    0.00    3.40 ^ _449_/D (sky130_fd_sc_hd__dfxtp_1)
                                  3.40   data arrival time

                         10.00   10.00   clock CLK100MHZ (rise edge)
                          0.00   10.00   clock source latency
     1    0.01    0.00    0.00   10.00 ^ CLK100MHZ (in)
                                         CLK100MHZ (net)
                  0.00    0.00   10.00 ^ clkbuf_0_CLK100MHZ/A (sky130_fd_sc_hd__clkbuf_16)
     2    0.02    0.04    0.11   10.11 ^ clkbuf_0_CLK100MHZ/X (sky130_fd_sc_hd__clkbuf_16)
                                         clknet_0_CLK100MHZ (net)
                  0.04    0.00   10.11 ^ clkbuf_1_0__f_CLK100MHZ/A (sky130_fd_sc_hd__clkbuf_16)
    16    0.05    0.07    0.15   10.25 ^ clkbuf_1_0__f_CLK100MHZ/X (sky130_fd_sc_hd__clkbuf_16)
                                         clknet_1_0__leaf_CLK100MHZ (net)
                  0.07    0.00   10.26 ^ _449_/CLK (sky130_fd_sc_hd__dfxtp_1)
                         -0.20   10.06   clock uncertainty
                          0.00   10.06   clock reconvergence pessimism
                         -0.05   10.00   library setup time
                                 10.00   data required time
-----------------------------------------------------------------------------
                                 10.00   data required time
                                 -3.40   data arrival time
-----------------------------------------------------------------------------
                                  6.61   slack (MET)


Startpoint: _463_ (rising edge-triggered flip-flop clocked by CLK100MHZ)
Endpoint: _444_ (rising edge-triggered flip-flop clocked by CLK100MHZ)
Path Group: CLK100MHZ
Path Type: max

Fanout     Cap    Slew   Delay    Time   Description
-----------------------------------------------------------------------------
                          0.00    0.00   clock CLK100MHZ (rise edge)
                          0.00    0.00   clock source latency
     1    0.01    0.00    0.00    0.00 ^ CLK100MHZ (in)
                                         CLK100MHZ (net)
                  0.00    0.00    0.00 ^ clkbuf_0_CLK100MHZ/A (sky130_fd_sc_hd__clkbuf_16)
     2    0.02    0.04    0.11    0.11 ^ clkbuf_0_CLK100MHZ/X (sky130_fd_sc_hd__clkbuf_16)
                                         clknet_0_CLK100MHZ (net)
                  0.04    0.00    0.11 ^ clkbuf_1_0__f_CLK100MHZ/A (sky130_fd_sc_hd__clkbuf_16)
    16    0.05    0.07    0.15    0.25 ^ clkbuf_1_0__f_CLK100MHZ/X (sky130_fd_sc_hd__clkbuf_16)
                                         clknet_1_0__leaf_CLK100MHZ (net)
                  0.07    0.00    0.26 ^ _463_/CLK (sky130_fd_sc_hd__dfrtp_4)
    10    0.03    0.11    0.46    0.72 ^ _463_/Q (sky130_fd_sc_hd__dfrtp_4)
                                         imem.address[1] (net)
                  0.11    0.00    0.72 ^ _230_/C_N (sky130_fd_sc_hd__nor3b_2)
     3    0.02    0.31    0.31    1.03 ^ _230_/Y (sky130_fd_sc_hd__nor3b_2)
                                         _072_ (net)
                  0.31    0.00    1.03 ^ _231_/A (sky130_fd_sc_hd__clkbuf_2)
     4    0.02    0.12    0.23    1.26 ^ _231_/X (sky130_fd_sc_hd__clkbuf_2)
                                         _073_ (net)
                  0.12    0.00    1.27 ^ _233_/B1 (sky130_fd_sc_hd__a211o_1)
     1    0.00    0.05    0.12    1.39 ^ _233_/X (sky130_fd_sc_hd__a211o_1)
                                         _075_ (net)
                  0.05    0.00    1.39 ^ _239_/A1 (sky130_fd_sc_hd__a31o_2)
     5    0.03    0.16    0.23    1.62 ^ _239_/X (sky130_fd_sc_hd__a31o_2)
                                         _081_ (net)
                  0.16    0.00    1.62 ^ _240_/A (sky130_fd_sc_hd__buf_1)
     3    0.00    0.07    0.12    1.75 ^ _240_/X (sky130_fd_sc_hd__buf_1)
                                         _082_ (net)
                  0.07    0.00    1.75 ^ _241_/A (sky130_fd_sc_hd__dlymetal6s2s_1)
     3    0.02    0.20    0.21    1.95 ^ _241_/X (sky130_fd_sc_hd__dlymetal6s2s_1)
                                         _083_ (net)
                  0.20    0.00    1.95 ^ _242_/A (sky130_fd_sc_hd__buf_1)
     2    0.02    0.19    0.22    2.17 ^ _242_/X (sky130_fd_sc_hd__buf_1)
                                         _084_ (net)
                  0.19    0.00    2.17 ^ _303_/S (sky130_fd_sc_hd__mux2_1)
     1    0.00    0.06    0.35    2.52 v _303_/X (sky130_fd_sc_hd__mux2_1)
                                         _145_ (net)
                  0.06    0.00    2.52 v _306_/A0 (sky130_fd_sc_hd__mux2_1)
     1    0.01    0.08    0.31    2.83 v _306_/X (sky130_fd_sc_hd__mux2_1)
                                         _148_ (net)
                  0.08    0.00    2.83 v _315_/A2_N (sky130_fd_sc_hd__a2bb2o_4)
     9    0.04    0.14    0.28    3.11 ^ _315_/X (sky130_fd_sc_hd__a2bb2o_4)
                                         _157_ (net)
                  0.14    0.00    3.12 ^ _391_/A1 (sky130_fd_sc_hd__mux2_1)
     1    0.00    0.04    0.14    3.26 ^ _391_/X (sky130_fd_sc_hd__mux2_1)
                                         _035_ (net)
                  0.04    0.00    3.26 ^ _392_/A (sky130_fd_sc_hd__clkbuf_1)
     1    0.00    0.03    0.07    3.33 ^ _392_/X (sky130_fd_sc_hd__clkbuf_1)
                                         _010_ (net)
                  0.03    0.00    3.33 ^ _444_/D (sky130_fd_sc_hd__dfxtp_1)
                                  3.33   data arrival time

                         10.00   10.00   clock CLK100MHZ (rise edge)
                          0.00   10.00   clock source latency
     1    0.01    0.00    0.00   10.00 ^ CLK100MHZ (in)
                                         CLK100MHZ (net)
                  0.00    0.00   10.00 ^ clkbuf_0_CLK100MHZ/A (sky130_fd_sc_hd__clkbuf_16)
     2    0.02    0.04    0.11   10.11 ^ clkbuf_0_CLK100MHZ/X (sky130_fd_sc_hd__clkbuf_16)
                                         clknet_0_CLK100MHZ (net)
                  0.04    0.00   10.11 ^ clkbuf_1_1__f_CLK100MHZ/A (sky130_fd_sc_hd__clkbuf_16)
    13    0.03    0.05    0.13   10.24 ^ clkbuf_1_1__f_CLK100MHZ/X (sky130_fd_sc_hd__clkbuf_16)
                                         clknet_1_1__leaf_CLK100MHZ (net)
                  0.05    0.00   10.24 ^ _444_/CLK (sky130_fd_sc_hd__dfxtp_1)
                         -0.20   10.04   clock uncertainty
                          0.00   10.04   clock reconvergence pessimism
                         -0.05    9.99   library setup time
                                  9.99   data required time
-----------------------------------------------------------------------------
                                  9.99   data required time
                                 -3.33   data arrival time
-----------------------------------------------------------------------------
                                  6.66   slack (MET)


Startpoint: _463_ (rising edge-triggered flip-flop clocked by CLK100MHZ)
Endpoint: _459_ (rising edge-triggered flip-flop clocked by CLK100MHZ)
Path Group: CLK100MHZ
Path Type: max

Fanout     Cap    Slew   Delay    Time   Description
-----------------------------------------------------------------------------
                          0.00    0.00   clock CLK100MHZ (rise edge)
                          0.00    0.00   clock source latency
     1    0.01    0.00    0.00    0.00 ^ CLK100MHZ (in)
                                         CLK100MHZ (net)
                  0.00    0.00    0.00 ^ clkbuf_0_CLK100MHZ/A (sky130_fd_sc_hd__clkbuf_16)
     2    0.02    0.04    0.11    0.11 ^ clkbuf_0_CLK100MHZ/X (sky130_fd_sc_hd__clkbuf_16)
                                         clknet_0_CLK100MHZ (net)
                  0.04    0.00    0.11 ^ clkbuf_1_0__f_CLK100MHZ/A (sky130_fd_sc_hd__clkbuf_16)
    16    0.05    0.07    0.15    0.25 ^ clkbuf_1_0__f_CLK100MHZ/X (sky130_fd_sc_hd__clkbuf_16)
                                         clknet_1_0__leaf_CLK100MHZ (net)
                  0.07    0.00    0.26 ^ _463_/CLK (sky130_fd_sc_hd__dfrtp_4)
    10    0.03    0.11    0.46    0.72 ^ _463_/Q (sky130_fd_sc_hd__dfrtp_4)
                                         imem.address[1] (net)
                  0.11    0.00    0.72 ^ _230_/C_N (sky130_fd_sc_hd__nor3b_2)
     3    0.02    0.31    0.31    1.03 ^ _230_/Y (sky130_fd_sc_hd__nor3b_2)
                                         _072_ (net)
                  0.31    0.00    1.03 ^ _231_/A (sky130_fd_sc_hd__clkbuf_2)
     4    0.02    0.12    0.23    1.26 ^ _231_/X (sky130_fd_sc_hd__clkbuf_2)
                                         _073_ (net)
                  0.12    0.00    1.27 ^ _233_/B1 (sky130_fd_sc_hd__a211o_1)
     1    0.00    0.05    0.12    1.39 ^ _233_/X (sky130_fd_sc_hd__a211o_1)
                                         _075_ (net)
                  0.05    0.00    1.39 ^ _239_/A1 (sky130_fd_sc_hd__a31o_2)
     5    0.03    0.16    0.23    1.62 ^ _239_/X (sky130_fd_sc_hd__a31o_2)
                                         _081_ (net)
                  0.16    0.00    1.62 ^ _240_/A (sky130_fd_sc_hd__buf_1)
     3    0.00    0.07    0.12    1.75 ^ _240_/X (sky130_fd_sc_hd__buf_1)
                                         _082_ (net)
                  0.07    0.00    1.75 ^ _241_/A (sky130_fd_sc_hd__dlymetal6s2s_1)
     3    0.02    0.20    0.21    1.95 ^ _241_/X (sky130_fd_sc_hd__dlymetal6s2s_1)
                                         _083_ (net)
                  0.20    0.00    1.95 ^ _242_/A (sky130_fd_sc_hd__buf_1)
     2    0.02    0.19    0.22    2.17 ^ _242_/X (sky130_fd_sc_hd__buf_1)
                                         _084_ (net)
                  0.19    0.00    2.17 ^ _303_/S (sky130_fd_sc_hd__mux2_1)
     1    0.00    0.06    0.35    2.52 v _303_/X (sky130_fd_sc_hd__mux2_1)
                                         _145_ (net)
                  0.06    0.00    2.52 v _306_/A0 (sky130_fd_sc_hd__mux2_1)
     1    0.01    0.08    0.31    2.83 v _306_/X (sky130_fd_sc_hd__mux2_1)
                                         _148_ (net)
                  0.08    0.00    2.83 v _315_/A2_N (sky130_fd_sc_hd__a2bb2o_4)
     9    0.04    0.14    0.28    3.11 ^ _315_/X (sky130_fd_sc_hd__a2bb2o_4)
                                         _157_ (net)
                  0.14    0.00    3.12 ^ _428_/A1 (sky130_fd_sc_hd__mux2_1)
     1    0.00    0.04    0.14    3.26 ^ _428_/X (sky130_fd_sc_hd__mux2_1)
                                         _057_ (net)
                  0.04    0.00    3.26 ^ _429_/A (sky130_fd_sc_hd__buf_1)
     1    0.00    0.03    0.07    3.33 ^ _429_/X (sky130_fd_sc_hd__buf_1)
                                         _025_ (net)
                  0.03    0.00    3.33 ^ _459_/D (sky130_fd_sc_hd__dfxtp_1)
                                  3.33   data arrival time

                         10.00   10.00   clock CLK100MHZ (rise edge)
                          0.00   10.00   clock source latency
     1    0.01    0.00    0.00   10.00 ^ CLK100MHZ (in)
                                         CLK100MHZ (net)
                  0.00    0.00   10.00 ^ clkbuf_0_CLK100MHZ/A (sky130_fd_sc_hd__clkbuf_16)
     2    0.02    0.04    0.11   10.11 ^ clkbuf_0_CLK100MHZ/X (sky130_fd_sc_hd__clkbuf_16)
                                         clknet_0_CLK100MHZ (net)
                  0.04    0.00   10.11 ^ clkbuf_1_0__f_CLK100MHZ/A (sky130_fd_sc_hd__clkbuf_16)
    16    0.05    0.07    0.15   10.25 ^ clkbuf_1_0__f_CLK100MHZ/X (sky130_fd_sc_hd__clkbuf_16)
                                         clknet_1_0__leaf_CLK100MHZ (net)
                  0.07    0.00   10.26 ^ _459_/CLK (sky130_fd_sc_hd__dfxtp_1)
                         -0.20   10.06   clock uncertainty
                          0.00   10.06   clock reconvergence pessimism
                         -0.05   10.01   library setup time
                                 10.01   data required time
-----------------------------------------------------------------------------
                                 10.01   data required time
                                 -3.33   data arrival time
-----------------------------------------------------------------------------
                                  6.68   slack (MET)


Startpoint: _463_ (rising edge-triggered flip-flop clocked by CLK100MHZ)
Endpoint: _457_ (rising edge-triggered flip-flop clocked by CLK100MHZ)
Path Group: CLK100MHZ
Path Type: max

Fanout     Cap    Slew   Delay    Time   Description
-----------------------------------------------------------------------------
                          0.00    0.00   clock CLK100MHZ (rise edge)
                          0.00    0.00   clock source latency
     1    0.01    0.00    0.00    0.00 ^ CLK100MHZ (in)
                                         CLK100MHZ (net)
                  0.00    0.00    0.00 ^ clkbuf_0_CLK100MHZ/A (sky130_fd_sc_hd__clkbuf_16)
     2    0.02    0.04    0.11    0.11 ^ clkbuf_0_CLK100MHZ/X (sky130_fd_sc_hd__clkbuf_16)
                                         clknet_0_CLK100MHZ (net)
                  0.04    0.00    0.11 ^ clkbuf_1_0__f_CLK100MHZ/A (sky130_fd_sc_hd__clkbuf_16)
    16    0.05    0.07    0.15    0.25 ^ clkbuf_1_0__f_CLK100MHZ/X (sky130_fd_sc_hd__clkbuf_16)
                                         clknet_1_0__leaf_CLK100MHZ (net)
                  0.07    0.00    0.26 ^ _463_/CLK (sky130_fd_sc_hd__dfrtp_4)
    10    0.03    0.09    0.52    0.77 v _463_/Q (sky130_fd_sc_hd__dfrtp_4)
                                         imem.address[1] (net)
                  0.09    0.00    0.77 v _230_/C_N (sky130_fd_sc_hd__nor3b_2)
     3    0.02    0.06    0.20    0.97 v _230_/Y (sky130_fd_sc_hd__nor3b_2)
                                         _072_ (net)
                  0.06    0.00    0.98 v _231_/A (sky130_fd_sc_hd__clkbuf_2)
     4    0.02    0.08    0.16    1.14 v _231_/X (sky130_fd_sc_hd__clkbuf_2)
                                         _073_ (net)
                  0.08    0.00    1.14 v _233_/B1 (sky130_fd_sc_hd__a211o_1)
     1    0.00    0.05    0.28    1.42 v _233_/X (sky130_fd_sc_hd__a211o_1)
                                         _075_ (net)
                  0.05    0.00    1.42 v _239_/A1 (sky130_fd_sc_hd__a31o_2)
     5    0.03    0.09    0.26    1.68 v _239_/X (sky130_fd_sc_hd__a31o_2)
                                         _081_ (net)
                  0.09    0.00    1.68 v _240_/A (sky130_fd_sc_hd__buf_1)
     3    0.00    0.04    0.12    1.79 v _240_/X (sky130_fd_sc_hd__buf_1)
                                         _082_ (net)
                  0.04    0.00    1.79 v _241_/A (sky130_fd_sc_hd__dlymetal6s2s_1)
     3    0.02    0.10    0.19    1.98 v _241_/X (sky130_fd_sc_hd__dlymetal6s2s_1)
                                         _083_ (net)
                  0.10    0.00    1.98 v _275_/A (sky130_fd_sc_hd__buf_1)
     2    0.00    0.04    0.12    2.10 v _275_/X (sky130_fd_sc_hd__buf_1)
                                         _117_ (net)
                  0.04    0.00    2.10 v _304_/A (sky130_fd_sc_hd__nand2_1)
     2    0.00    0.06    0.06    2.16 ^ _304_/Y (sky130_fd_sc_hd__nand2_1)
                                         _146_ (net)
                  0.06    0.00    2.16 ^ _341_/A2 (sky130_fd_sc_hd__a21oi_1)
     1    0.00    0.05    0.06    2.22 v _341_/Y (sky130_fd_sc_hd__a21oi_1)
                                         _183_ (net)
                  0.05    0.00    2.22 v _342_/B1 (sky130_fd_sc_hd__a31o_2)
     9    0.03    0.10    0.28    2.51 v _342_/X (sky130_fd_sc_hd__a31o_2)
                                         _184_ (net)
                  0.10    0.00    2.51 v _424_/A1 (sky130_fd_sc_hd__mux2_1)
     1    0.01    0.08    0.33    2.84 v _424_/X (sky130_fd_sc_hd__mux2_1)
                                         _055_ (net)
                  0.08    0.00    2.84 v _425_/A (sky130_fd_sc_hd__clkbuf_1)
     1    0.01    0.05    0.12    2.96 v _425_/X (sky130_fd_sc_hd__clkbuf_1)
                                         _023_ (net)
                  0.05    0.00    2.96 v _457_/D (sky130_fd_sc_hd__dfxtp_1)
                                  2.96   data arrival time

                         10.00   10.00   clock CLK100MHZ (rise edge)
                          0.00   10.00   clock source latency
     1    0.01    0.00    0.00   10.00 ^ CLK100MHZ (in)
                                         CLK100MHZ (net)
                  0.00    0.00   10.00 ^ clkbuf_0_CLK100MHZ/A (sky130_fd_sc_hd__clkbuf_16)
     2    0.02    0.04    0.11   10.11 ^ clkbuf_0_CLK100MHZ/X (sky130_fd_sc_hd__clkbuf_16)
                                         clknet_0_CLK100MHZ (net)
                  0.04    0.00   10.11 ^ clkbuf_1_1__f_CLK100MHZ/A (sky130_fd_sc_hd__clkbuf_16)
    13    0.03    0.05    0.13   10.24 ^ clkbuf_1_1__f_CLK100MHZ/X (sky130_fd_sc_hd__clkbuf_16)
                                         clknet_1_1__leaf_CLK100MHZ (net)
                  0.05    0.00   10.24 ^ _457_/CLK (sky130_fd_sc_hd__dfxtp_1)
                         -0.20   10.04   clock uncertainty
                          0.00   10.04   clock reconvergence pessimism
                         -0.11    9.93   library setup time
                                  9.93   data required time
-----------------------------------------------------------------------------
                                  9.93   data required time
                                 -2.96   data arrival time
-----------------------------------------------------------------------------
                                  6.97   slack (MET)


Startpoint: _463_ (rising edge-triggered flip-flop clocked by CLK100MHZ)
Endpoint: _447_ (rising edge-triggered flip-flop clocked by CLK100MHZ)
Path Group: CLK100MHZ
Path Type: max

Fanout     Cap    Slew   Delay    Time   Description
-----------------------------------------------------------------------------
                          0.00    0.00   clock CLK100MHZ (rise edge)
                          0.00    0.00   clock source latency
     1    0.01    0.00    0.00    0.00 ^ CLK100MHZ (in)
                                         CLK100MHZ (net)
                  0.00    0.00    0.00 ^ clkbuf_0_CLK100MHZ/A (sky130_fd_sc_hd__clkbuf_16)
     2    0.02    0.04    0.11    0.11 ^ clkbuf_0_CLK100MHZ/X (sky130_fd_sc_hd__clkbuf_16)
                                         clknet_0_CLK100MHZ (net)
                  0.04    0.00    0.11 ^ clkbuf_1_0__f_CLK100MHZ/A (sky130_fd_sc_hd__clkbuf_16)
    16    0.05    0.07    0.15    0.25 ^ clkbuf_1_0__f_CLK100MHZ/X (sky130_fd_sc_hd__clkbuf_16)
                                         clknet_1_0__leaf_CLK100MHZ (net)
                  0.07    0.00    0.26 ^ _463_/CLK (sky130_fd_sc_hd__dfrtp_4)
    10    0.03    0.09    0.52    0.77 v _463_/Q (sky130_fd_sc_hd__dfrtp_4)
                                         imem.address[1] (net)
                  0.09    0.00    0.77 v _230_/C_N (sky130_fd_sc_hd__nor3b_2)
     3    0.02    0.06    0.20    0.97 v _230_/Y (sky130_fd_sc_hd__nor3b_2)
                                         _072_ (net)
                  0.06    0.00    0.98 v _231_/A (sky130_fd_sc_hd__clkbuf_2)
     4    0.02    0.08    0.16    1.14 v _231_/X (sky130_fd_sc_hd__clkbuf_2)
                                         _073_ (net)
                  0.08    0.00    1.14 v _233_/B1 (sky130_fd_sc_hd__a211o_1)
     1    0.00    0.05    0.28    1.42 v _233_/X (sky130_fd_sc_hd__a211o_1)
                                         _075_ (net)
                  0.05    0.00    1.42 v _239_/A1 (sky130_fd_sc_hd__a31o_2)
     5    0.03    0.09    0.26    1.68 v _239_/X (sky130_fd_sc_hd__a31o_2)
                                         _081_ (net)
                  0.09    0.00    1.68 v _240_/A (sky130_fd_sc_hd__buf_1)
     3    0.00    0.04    0.12    1.79 v _240_/X (sky130_fd_sc_hd__buf_1)
                                         _082_ (net)
                  0.04    0.00    1.79 v _241_/A (sky130_fd_sc_hd__dlymetal6s2s_1)
     3    0.02    0.10    0.19    1.98 v _241_/X (sky130_fd_sc_hd__dlymetal6s2s_1)
                                         _083_ (net)
                  0.10    0.00    1.98 v _275_/A (sky130_fd_sc_hd__buf_1)
     2    0.00    0.04    0.12    2.10 v _275_/X (sky130_fd_sc_hd__buf_1)
                                         _117_ (net)
                  0.04    0.00    2.10 v _304_/A (sky130_fd_sc_hd__nand2_1)
     2    0.00    0.06    0.06    2.16 ^ _304_/Y (sky130_fd_sc_hd__nand2_1)
                                         _146_ (net)
                  0.06    0.00    2.16 ^ _341_/A2 (sky130_fd_sc_hd__a21oi_1)
     1    0.00    0.05    0.06    2.22 v _341_/Y (sky130_fd_sc_hd__a21oi_1)
                                         _183_ (net)
                  0.05    0.00    2.22 v _342_/B1 (sky130_fd_sc_hd__a31o_2)
     9    0.03    0.10    0.28    2.51 v _342_/X (sky130_fd_sc_hd__a31o_2)
                                         _184_ (net)
                  0.10    0.00    2.51 v _400_/A0 (sky130_fd_sc_hd__mux2_1)
     1    0.01    0.09    0.34    2.85 v _400_/X (sky130_fd_sc_hd__mux2_1)
                                         _041_ (net)
                  0.09    0.00    2.85 v _401_/A (sky130_fd_sc_hd__buf_1)
     1    0.00    0.02    0.10    2.95 v _401_/X (sky130_fd_sc_hd__buf_1)
                                         _013_ (net)
                  0.02    0.00    2.95 v _447_/D (sky130_fd_sc_hd__dfxtp_1)
                                  2.95   data arrival time

                         10.00   10.00   clock CLK100MHZ (rise edge)
                          0.00   10.00   clock source latency
     1    0.01    0.00    0.00   10.00 ^ CLK100MHZ (in)
                                         CLK100MHZ (net)
                  0.00    0.00   10.00 ^ clkbuf_0_CLK100MHZ/A (sky130_fd_sc_hd__clkbuf_16)
     2    0.02    0.04    0.11   10.11 ^ clkbuf_0_CLK100MHZ/X (sky130_fd_sc_hd__clkbuf_16)
                                         clknet_0_CLK100MHZ (net)
                  0.04    0.00   10.11 ^ clkbuf_1_1__f_CLK100MHZ/A (sky130_fd_sc_hd__clkbuf_16)
    13    0.03    0.05    0.13   10.24 ^ clkbuf_1_1__f_CLK100MHZ/X (sky130_fd_sc_hd__clkbuf_16)
                                         clknet_1_1__leaf_CLK100MHZ (net)
                  0.05    0.00   10.24 ^ _447_/CLK (sky130_fd_sc_hd__dfxtp_1)
                         -0.20   10.04   clock uncertainty
                          0.00   10.04   clock reconvergence pessimism
                         -0.10    9.94   library setup time
                                  9.94   data required time
-----------------------------------------------------------------------------
                                  9.94   data required time
                                 -2.95   data arrival time
-----------------------------------------------------------------------------
                                  6.99   slack (MET)


Startpoint: _463_ (rising edge-triggered flip-flop clocked by CLK100MHZ)
Endpoint: _437_ (rising edge-triggered flip-flop clocked by CLK100MHZ)
Path Group: CLK100MHZ
Path Type: max

Fanout     Cap    Slew   Delay    Time   Description
-----------------------------------------------------------------------------
                          0.00    0.00   clock CLK100MHZ (rise edge)
                          0.00    0.00   clock source latency
     1    0.01    0.00    0.00    0.00 ^ CLK100MHZ (in)
                                         CLK100MHZ (net)
                  0.00    0.00    0.00 ^ clkbuf_0_CLK100MHZ/A (sky130_fd_sc_hd__clkbuf_16)
     2    0.02    0.04    0.11    0.11 ^ clkbuf_0_CLK100MHZ/X (sky130_fd_sc_hd__clkbuf_16)
                                         clknet_0_CLK100MHZ (net)
                  0.04    0.00    0.11 ^ clkbuf_1_0__f_CLK100MHZ/A (sky130_fd_sc_hd__clkbuf_16)
    16    0.05    0.07    0.15    0.25 ^ clkbuf_1_0__f_CLK100MHZ/X (sky130_fd_sc_hd__clkbuf_16)
                                         clknet_1_0__leaf_CLK100MHZ (net)
                  0.07    0.00    0.26 ^ _463_/CLK (sky130_fd_sc_hd__dfrtp_4)
    10    0.03    0.09    0.52    0.77 v _463_/Q (sky130_fd_sc_hd__dfrtp_4)
                                         imem.address[1] (net)
                  0.09    0.00    0.77 v _230_/C_N (sky130_fd_sc_hd__nor3b_2)
     3    0.02    0.06    0.20    0.97 v _230_/Y (sky130_fd_sc_hd__nor3b_2)
                                         _072_ (net)
                  0.06    0.00    0.98 v _231_/A (sky130_fd_sc_hd__clkbuf_2)
     4    0.02    0.08    0.16    1.14 v _231_/X (sky130_fd_sc_hd__clkbuf_2)
                                         _073_ (net)
                  0.08    0.00    1.14 v _233_/B1 (sky130_fd_sc_hd__a211o_1)
     1    0.00    0.05    0.28    1.42 v _233_/X (sky130_fd_sc_hd__a211o_1)
                                         _075_ (net)
                  0.05    0.00    1.42 v _239_/A1 (sky130_fd_sc_hd__a31o_2)
     5    0.03    0.09    0.26    1.68 v _239_/X (sky130_fd_sc_hd__a31o_2)
                                         _081_ (net)
                  0.09    0.00    1.68 v _240_/A (sky130_fd_sc_hd__buf_1)
     3    0.00    0.04    0.12    1.79 v _240_/X (sky130_fd_sc_hd__buf_1)
                                         _082_ (net)
                  0.04    0.00    1.79 v _241_/A (sky130_fd_sc_hd__dlymetal6s2s_1)
     3    0.02    0.10    0.19    1.98 v _241_/X (sky130_fd_sc_hd__dlymetal6s2s_1)
                                         _083_ (net)
                  0.10    0.00    1.98 v _275_/A (sky130_fd_sc_hd__buf_1)
     2    0.00    0.04    0.12    2.10 v _275_/X (sky130_fd_sc_hd__buf_1)
                                         _117_ (net)
                  0.04    0.00    2.10 v _304_/A (sky130_fd_sc_hd__nand2_1)
     2    0.00    0.06    0.06    2.16 ^ _304_/Y (sky130_fd_sc_hd__nand2_1)
                                         _146_ (net)
                  0.06    0.00    2.16 ^ _341_/A2 (sky130_fd_sc_hd__a21oi_1)
     1    0.00    0.05    0.06    2.22 v _341_/Y (sky130_fd_sc_hd__a21oi_1)
                                         _183_ (net)
                  0.05    0.00    2.22 v _342_/B1 (sky130_fd_sc_hd__a31o_2)
     9    0.03    0.10    0.28    2.51 v _342_/X (sky130_fd_sc_hd__a31o_2)
                                         _184_ (net)
                  0.10    0.00    2.51 v _365_/A1 (sky130_fd_sc_hd__mux2_1)
     1    0.01    0.07    0.32    2.83 v _365_/X (sky130_fd_sc_hd__mux2_1)
                                         _200_ (net)
                  0.07    0.00    2.83 v _366_/A (sky130_fd_sc_hd__clkbuf_1)
     1    0.01    0.04    0.11    2.94 v _366_/X (sky130_fd_sc_hd__clkbuf_1)
                                         _003_ (net)
                  0.04    0.00    2.94 v _437_/D (sky130_fd_sc_hd__dfxtp_1)
                                  2.94   data arrival time

                         10.00   10.00   clock CLK100MHZ (rise edge)
                          0.00   10.00   clock source latency
     1    0.01    0.00    0.00   10.00 ^ CLK100MHZ (in)
                                         CLK100MHZ (net)
                  0.00    0.00   10.00 ^ clkbuf_0_CLK100MHZ/A (sky130_fd_sc_hd__clkbuf_16)
     2    0.02    0.04    0.11   10.11 ^ clkbuf_0_CLK100MHZ/X (sky130_fd_sc_hd__clkbuf_16)
                                         clknet_0_CLK100MHZ (net)
                  0.04    0.00   10.11 ^ clkbuf_1_0__f_CLK100MHZ/A (sky130_fd_sc_hd__clkbuf_16)
    16    0.05    0.07    0.15   10.25 ^ clkbuf_1_0__f_CLK100MHZ/X (sky130_fd_sc_hd__clkbuf_16)
                                         clknet_1_0__leaf_CLK100MHZ (net)
                  0.07    0.00   10.26 ^ _437_/CLK (sky130_fd_sc_hd__dfxtp_1)
                         -0.20   10.06   clock uncertainty
                          0.00   10.06   clock reconvergence pessimism
                         -0.10    9.95   library setup time
                                  9.95   data required time
-----------------------------------------------------------------------------
                                  9.95   data required time
                                 -2.94   data arrival time
-----------------------------------------------------------------------------
                                  7.01   slack (MET)


Startpoint: _463_ (rising edge-triggered flip-flop clocked by CLK100MHZ)
Endpoint: _442_ (rising edge-triggered flip-flop clocked by CLK100MHZ)
Path Group: CLK100MHZ
Path Type: max

Fanout     Cap    Slew   Delay    Time   Description
-----------------------------------------------------------------------------
                          0.00    0.00   clock CLK100MHZ (rise edge)
                          0.00    0.00   clock source latency
     1    0.01    0.00    0.00    0.00 ^ CLK100MHZ (in)
                                         CLK100MHZ (net)
                  0.00    0.00    0.00 ^ clkbuf_0_CLK100MHZ/A (sky130_fd_sc_hd__clkbuf_16)
     2    0.02    0.04    0.11    0.11 ^ clkbuf_0_CLK100MHZ/X (sky130_fd_sc_hd__clkbuf_16)
                                         clknet_0_CLK100MHZ (net)
                  0.04    0.00    0.11 ^ clkbuf_1_0__f_CLK100MHZ/A (sky130_fd_sc_hd__clkbuf_16)
    16    0.05    0.07    0.15    0.25 ^ clkbuf_1_0__f_CLK100MHZ/X (sky130_fd_sc_hd__clkbuf_16)
                                         clknet_1_0__leaf_CLK100MHZ (net)
                  0.07    0.00    0.26 ^ _463_/CLK (sky130_fd_sc_hd__dfrtp_4)
    10    0.03    0.09    0.52    0.77 v _463_/Q (sky130_fd_sc_hd__dfrtp_4)
                                         imem.address[1] (net)
                  0.09    0.00    0.77 v _230_/C_N (sky130_fd_sc_hd__nor3b_2)
     3    0.02    0.06    0.20    0.97 v _230_/Y (sky130_fd_sc_hd__nor3b_2)
                                         _072_ (net)
                  0.06    0.00    0.98 v _231_/A (sky130_fd_sc_hd__clkbuf_2)
     4    0.02    0.08    0.16    1.14 v _231_/X (sky130_fd_sc_hd__clkbuf_2)
                                         _073_ (net)
                  0.08    0.00    1.14 v _233_/B1 (sky130_fd_sc_hd__a211o_1)
     1    0.00    0.05    0.28    1.42 v _233_/X (sky130_fd_sc_hd__a211o_1)
                                         _075_ (net)
                  0.05    0.00    1.42 v _239_/A1 (sky130_fd_sc_hd__a31o_2)
     5    0.03    0.09    0.26    1.68 v _239_/X (sky130_fd_sc_hd__a31o_2)
                                         _081_ (net)
                  0.09    0.00    1.68 v _240_/A (sky130_fd_sc_hd__buf_1)
     3    0.00    0.04    0.12    1.79 v _240_/X (sky130_fd_sc_hd__buf_1)
                                         _082_ (net)
                  0.04    0.00    1.79 v _241_/A (sky130_fd_sc_hd__dlymetal6s2s_1)
     3    0.02    0.10    0.19    1.98 v _241_/X (sky130_fd_sc_hd__dlymetal6s2s_1)
                                         _083_ (net)
                  0.10    0.00    1.98 v _275_/A (sky130_fd_sc_hd__buf_1)
     2    0.00    0.04    0.12    2.10 v _275_/X (sky130_fd_sc_hd__buf_1)
                                         _117_ (net)
                  0.04    0.00    2.10 v _304_/A (sky130_fd_sc_hd__nand2_1)
     2    0.00    0.06    0.06    2.16 ^ _304_/Y (sky130_fd_sc_hd__nand2_1)
                                         _146_ (net)
                  0.06    0.00    2.16 ^ _341_/A2 (sky130_fd_sc_hd__a21oi_1)
     1    0.00    0.05    0.06    2.22 v _341_/Y (sky130_fd_sc_hd__a21oi_1)
                                         _183_ (net)
                  0.05    0.00    2.22 v _342_/B1 (sky130_fd_sc_hd__a31o_2)
     9    0.03    0.10    0.28    2.51 v _342_/X (sky130_fd_sc_hd__a31o_2)
                                         _184_ (net)
                  0.10    0.00    2.51 v _387_/A1 (sky130_fd_sc_hd__mux2_1)
     1    0.00    0.05    0.30    2.81 v _387_/X (sky130_fd_sc_hd__mux2_1)
                                         _033_ (net)
                  0.05    0.00    2.81 v _388_/A (sky130_fd_sc_hd__clkbuf_1)
     1    0.00    0.03    0.10    2.90 v _388_/X (sky130_fd_sc_hd__clkbuf_1)
                                         _008_ (net)
                  0.03    0.00    2.90 v _442_/D (sky130_fd_sc_hd__dfxtp_1)
                                  2.90   data arrival time

                         10.00   10.00   clock CLK100MHZ (rise edge)
                          0.00   10.00   clock source latency
     1    0.01    0.00    0.00   10.00 ^ CLK100MHZ (in)
                                         CLK100MHZ (net)
                  0.00    0.00   10.00 ^ clkbuf_0_CLK100MHZ/A (sky130_fd_sc_hd__clkbuf_16)
     2    0.02    0.04    0.11   10.11 ^ clkbuf_0_CLK100MHZ/X (sky130_fd_sc_hd__clkbuf_16)
                                         clknet_0_CLK100MHZ (net)
                  0.04    0.00   10.11 ^ clkbuf_1_1__f_CLK100MHZ/A (sky130_fd_sc_hd__clkbuf_16)
    13    0.03    0.05    0.13   10.24 ^ clkbuf_1_1__f_CLK100MHZ/X (sky130_fd_sc_hd__clkbuf_16)
                                         clknet_1_1__leaf_CLK100MHZ (net)
                  0.05    0.00   10.24 ^ _442_/CLK (sky130_fd_sc_hd__dfxtp_1)
                         -0.20   10.04   clock uncertainty
                          0.00   10.04   clock reconvergence pessimism
                         -0.10    9.93   library setup time
                                  9.93   data required time
-----------------------------------------------------------------------------
                                  9.93   data required time
                                 -2.90   data arrival time
-----------------------------------------------------------------------------
                                  7.03   slack (MET)


Startpoint: _464_ (rising edge-triggered flip-flop clocked by CLK100MHZ)
Endpoint: _456_ (rising edge-triggered flip-flop clocked by CLK100MHZ)
Path Group: CLK100MHZ
Path Type: max

Fanout     Cap    Slew   Delay    Time   Description
-----------------------------------------------------------------------------
                          0.00    0.00   clock CLK100MHZ (rise edge)
                          0.00    0.00   clock source latency
     1    0.01    0.00    0.00    0.00 ^ CLK100MHZ (in)
                                         CLK100MHZ (net)
                  0.00    0.00    0.00 ^ clkbuf_0_CLK100MHZ/A (sky130_fd_sc_hd__clkbuf_16)
     2    0.02    0.04    0.11    0.11 ^ clkbuf_0_CLK100MHZ/X (sky130_fd_sc_hd__clkbuf_16)
                                         clknet_0_CLK100MHZ (net)
                  0.04    0.00    0.11 ^ clkbuf_1_0__f_CLK100MHZ/A (sky130_fd_sc_hd__clkbuf_16)
    16    0.05    0.07    0.15    0.25 ^ clkbuf_1_0__f_CLK100MHZ/X (sky130_fd_sc_hd__clkbuf_16)
                                         clknet_1_0__leaf_CLK100MHZ (net)
                  0.07    0.00    0.26 ^ _464_/CLK (sky130_fd_sc_hd__dfrtp_1)
     3    0.02    0.15    0.41    0.66 ^ _464_/Q (sky130_fd_sc_hd__dfrtp_1)
                                         imem.address[2] (net)
                  0.15    0.00    0.66 ^ _215_/A (sky130_fd_sc_hd__clkbuf_4)
    10    0.03    0.10    0.21    0.87 ^ _215_/X (sky130_fd_sc_hd__clkbuf_4)
                                         _060_ (net)
                  0.10    0.00    0.87 ^ _216_/A (sky130_fd_sc_hd__clkbuf_2)
     5    0.01    0.06    0.14    1.01 ^ _216_/X (sky130_fd_sc_hd__clkbuf_2)
                                         _061_ (net)
                  0.06    0.00    1.01 ^ _217_/A (sky130_fd_sc_hd__clkbuf_1)
     1    0.00    0.04    0.08    1.09 ^ _217_/X (sky130_fd_sc_hd__clkbuf_1)
                                         _062_ (net)
                  0.04    0.00    1.09 ^ _218_/A (sky130_fd_sc_hd__buf_1)
     1    0.00    0.03    0.07    1.16 ^ _218_/X (sky130_fd_sc_hd__buf_1)
                                         _063_ (net)
                  0.03    0.00    1.16 ^ _219_/A (sky130_fd_sc_hd__buf_2)
     6    0.01    0.08    0.13    1.29 ^ _219_/X (sky130_fd_sc_hd__buf_2)
                                         _064_ (net)
                  0.08    0.00    1.29 ^ _410_/A (sky130_fd_sc_hd__nand3_1)
     1    0.01    0.11    0.11    1.40 v _410_/Y (sky130_fd_sc_hd__nand3_1)
                                         _046_ (net)
                  0.11    0.00    1.40 v _411_/A (sky130_fd_sc_hd__clkbuf_2)
     5    0.01    0.04    0.14    1.54 v _411_/X (sky130_fd_sc_hd__clkbuf_2)
                                         _047_ (net)
                  0.04    0.00    1.54 v _420_/B (sky130_fd_sc_hd__and2_1)
     1    0.00    0.03    0.14    1.68 v _420_/X (sky130_fd_sc_hd__and2_1)
                                         _052_ (net)
                  0.03    0.00    1.68 v _421_/A (sky130_fd_sc_hd__clkbuf_1)
     1    0.01    0.05    0.10    1.78 v _421_/X (sky130_fd_sc_hd__clkbuf_1)
                                         _022_ (net)
                  0.05    0.00    1.78 v _456_/D (sky130_fd_sc_hd__dfxtp_1)
                                  1.78   data arrival time

                         10.00   10.00   clock CLK100MHZ (rise edge)
                          0.00   10.00   clock source latency
     1    0.01    0.00    0.00   10.00 ^ CLK100MHZ (in)
                                         CLK100MHZ (net)
                  0.00    0.00   10.00 ^ clkbuf_0_CLK100MHZ/A (sky130_fd_sc_hd__clkbuf_16)
     2    0.02    0.04    0.11   10.11 ^ clkbuf_0_CLK100MHZ/X (sky130_fd_sc_hd__clkbuf_16)
                                         clknet_0_CLK100MHZ (net)
                  0.04    0.00   10.11 ^ clkbuf_1_1__f_CLK100MHZ/A (sky130_fd_sc_hd__clkbuf_16)
    13    0.03    0.05    0.13   10.24 ^ clkbuf_1_1__f_CLK100MHZ/X (sky130_fd_sc_hd__clkbuf_16)
                                         clknet_1_1__leaf_CLK100MHZ (net)
                  0.05    0.00   10.24 ^ _456_/CLK (sky130_fd_sc_hd__dfxtp_1)
                         -0.20   10.04   clock uncertainty
                          0.00   10.04   clock reconvergence pessimism
                         -0.11    9.93   library setup time
                                  9.93   data required time
-----------------------------------------------------------------------------
                                  9.93   data required time
                                 -1.78   data arrival time
-----------------------------------------------------------------------------
                                  8.14   slack (MET)


Startpoint: _464_ (rising edge-triggered flip-flop clocked by CLK100MHZ)
Endpoint: _452_ (rising edge-triggered flip-flop clocked by CLK100MHZ)
Path Group: CLK100MHZ
Path Type: max

Fanout     Cap    Slew   Delay    Time   Description
-----------------------------------------------------------------------------
                          0.00    0.00   clock CLK100MHZ (rise edge)
                          0.00    0.00   clock source latency
     1    0.01    0.00    0.00    0.00 ^ CLK100MHZ (in)
                                         CLK100MHZ (net)
                  0.00    0.00    0.00 ^ clkbuf_0_CLK100MHZ/A (sky130_fd_sc_hd__clkbuf_16)
     2    0.02    0.04    0.11    0.11 ^ clkbuf_0_CLK100MHZ/X (sky130_fd_sc_hd__clkbuf_16)
                                         clknet_0_CLK100MHZ (net)
                  0.04    0.00    0.11 ^ clkbuf_1_0__f_CLK100MHZ/A (sky130_fd_sc_hd__clkbuf_16)
    16    0.05    0.07    0.15    0.25 ^ clkbuf_1_0__f_CLK100MHZ/X (sky130_fd_sc_hd__clkbuf_16)
                                         clknet_1_0__leaf_CLK100MHZ (net)
                  0.07    0.00    0.26 ^ _464_/CLK (sky130_fd_sc_hd__dfrtp_1)
     3    0.02    0.15    0.41    0.66 ^ _464_/Q (sky130_fd_sc_hd__dfrtp_1)
                                         imem.address[2] (net)
                  0.15    0.00    0.66 ^ _215_/A (sky130_fd_sc_hd__clkbuf_4)
    10    0.03    0.10    0.21    0.87 ^ _215_/X (sky130_fd_sc_hd__clkbuf_4)
                                         _060_ (net)
                  0.10    0.00    0.87 ^ _216_/A (sky130_fd_sc_hd__clkbuf_2)
     5    0.01    0.06    0.14    1.01 ^ _216_/X (sky130_fd_sc_hd__clkbuf_2)
                                         _061_ (net)
                  0.06    0.00    1.01 ^ _217_/A (sky130_fd_sc_hd__clkbuf_1)
     1    0.00    0.04    0.08    1.09 ^ _217_/X (sky130_fd_sc_hd__clkbuf_1)
                                         _062_ (net)
                  0.04    0.00    1.09 ^ _218_/A (sky130_fd_sc_hd__buf_1)
     1    0.00    0.03    0.07    1.16 ^ _218_/X (sky130_fd_sc_hd__buf_1)
                                         _063_ (net)
                  0.03    0.00    1.16 ^ _219_/A (sky130_fd_sc_hd__buf_2)
     6    0.01    0.08    0.13    1.29 ^ _219_/X (sky130_fd_sc_hd__buf_2)
                                         _064_ (net)
                  0.08    0.00    1.29 ^ _410_/A (sky130_fd_sc_hd__nand3_1)
     1    0.01    0.11    0.11    1.40 v _410_/Y (sky130_fd_sc_hd__nand3_1)
                                         _046_ (net)
                  0.11    0.00    1.40 v _411_/A (sky130_fd_sc_hd__clkbuf_2)
     5    0.01    0.04    0.14    1.54 v _411_/X (sky130_fd_sc_hd__clkbuf_2)
                                         _047_ (net)
                  0.04    0.00    1.54 v _412_/B (sky130_fd_sc_hd__and2_1)
     1    0.00    0.04    0.15    1.69 v _412_/X (sky130_fd_sc_hd__and2_1)
                                         _048_ (net)
                  0.04    0.00    1.69 v _413_/A (sky130_fd_sc_hd__clkbuf_1)
     1    0.00    0.03    0.09    1.78 v _413_/X (sky130_fd_sc_hd__clkbuf_1)
                                         _018_ (net)
                  0.03    0.00    1.78 v _452_/D (sky130_fd_sc_hd__dfxtp_1)
                                  1.78   data arrival time

                         10.00   10.00   clock CLK100MHZ (rise edge)
                          0.00   10.00   clock source latency
     1    0.01    0.00    0.00   10.00 ^ CLK100MHZ (in)
                                         CLK100MHZ (net)
                  0.00    0.00   10.00 ^ clkbuf_0_CLK100MHZ/A (sky130_fd_sc_hd__clkbuf_16)
     2    0.02    0.04    0.11   10.11 ^ clkbuf_0_CLK100MHZ/X (sky130_fd_sc_hd__clkbuf_16)
                                         clknet_0_CLK100MHZ (net)
                  0.04    0.00   10.11 ^ clkbuf_1_1__f_CLK100MHZ/A (sky130_fd_sc_hd__clkbuf_16)
    13    0.03    0.05    0.13   10.24 ^ clkbuf_1_1__f_CLK100MHZ/X (sky130_fd_sc_hd__clkbuf_16)
                                         clknet_1_1__leaf_CLK100MHZ (net)
                  0.05    0.00   10.24 ^ _452_/CLK (sky130_fd_sc_hd__dfxtp_1)
                         -0.20   10.04   clock uncertainty
                          0.00   10.04   clock reconvergence pessimism
                         -0.10    9.93   library setup time
                                  9.93   data required time
-----------------------------------------------------------------------------
                                  9.93   data required time
                                 -1.78   data arrival time
-----------------------------------------------------------------------------
                                  8.15   slack (MET)


Startpoint: _464_ (rising edge-triggered flip-flop clocked by CLK100MHZ)
Endpoint: _453_ (rising edge-triggered flip-flop clocked by CLK100MHZ)
Path Group: CLK100MHZ
Path Type: max

Fanout     Cap    Slew   Delay    Time   Description
-----------------------------------------------------------------------------
                          0.00    0.00   clock CLK100MHZ (rise edge)
                          0.00    0.00   clock source latency
     1    0.01    0.00    0.00    0.00 ^ CLK100MHZ (in)
                                         CLK100MHZ (net)
                  0.00    0.00    0.00 ^ clkbuf_0_CLK100MHZ/A (sky130_fd_sc_hd__clkbuf_16)
     2    0.02    0.04    0.11    0.11 ^ clkbuf_0_CLK100MHZ/X (sky130_fd_sc_hd__clkbuf_16)
                                         clknet_0_CLK100MHZ (net)
                  0.04    0.00    0.11 ^ clkbuf_1_0__f_CLK100MHZ/A (sky130_fd_sc_hd__clkbuf_16)
    16    0.05    0.07    0.15    0.25 ^ clkbuf_1_0__f_CLK100MHZ/X (sky130_fd_sc_hd__clkbuf_16)
                                         clknet_1_0__leaf_CLK100MHZ (net)
                  0.07    0.00    0.26 ^ _464_/CLK (sky130_fd_sc_hd__dfrtp_1)
     3    0.02    0.15    0.41    0.66 ^ _464_/Q (sky130_fd_sc_hd__dfrtp_1)
                                         imem.address[2] (net)
                  0.15    0.00    0.66 ^ _215_/A (sky130_fd_sc_hd__clkbuf_4)
    10    0.03    0.10    0.21    0.87 ^ _215_/X (sky130_fd_sc_hd__clkbuf_4)
                                         _060_ (net)
                  0.10    0.00    0.87 ^ _216_/A (sky130_fd_sc_hd__clkbuf_2)
     5    0.01    0.06    0.14    1.01 ^ _216_/X (sky130_fd_sc_hd__clkbuf_2)
                                         _061_ (net)
                  0.06    0.00    1.01 ^ _217_/A (sky130_fd_sc_hd__clkbuf_1)
     1    0.00    0.04    0.08    1.09 ^ _217_/X (sky130_fd_sc_hd__clkbuf_1)
                                         _062_ (net)
                  0.04    0.00    1.09 ^ _218_/A (sky130_fd_sc_hd__buf_1)
     1    0.00    0.03    0.07    1.16 ^ _218_/X (sky130_fd_sc_hd__buf_1)
                                         _063_ (net)
                  0.03    0.00    1.16 ^ _219_/A (sky130_fd_sc_hd__buf_2)
     6    0.01    0.08    0.13    1.29 ^ _219_/X (sky130_fd_sc_hd__buf_2)
                                         _064_ (net)
                  0.08    0.00    1.29 ^ _410_/A (sky130_fd_sc_hd__nand3_1)
     1    0.01    0.11    0.11    1.40 v _410_/Y (sky130_fd_sc_hd__nand3_1)
                                         _046_ (net)
                  0.11    0.00    1.40 v _411_/A (sky130_fd_sc_hd__clkbuf_2)
     5    0.01    0.04    0.14    1.54 v _411_/X (sky130_fd_sc_hd__clkbuf_2)
                                         _047_ (net)
                  0.04    0.00    1.54 v _414_/B (sky130_fd_sc_hd__and2_1)
     1    0.00    0.04    0.15    1.69 v _414_/X (sky130_fd_sc_hd__and2_1)
                                         _049_ (net)
                  0.04    0.00    1.69 v _415_/A (sky130_fd_sc_hd__clkbuf_1)
     1    0.00    0.04    0.10    1.79 v _415_/X (sky130_fd_sc_hd__clkbuf_1)
                                         _019_ (net)
                  0.04    0.00    1.79 v _453_/D (sky130_fd_sc_hd__dfxtp_1)
                                  1.79   data arrival time

                         10.00   10.00   clock CLK100MHZ (rise edge)
                          0.00   10.00   clock source latency
     1    0.01    0.00    0.00   10.00 ^ CLK100MHZ (in)
                                         CLK100MHZ (net)
                  0.00    0.00   10.00 ^ clkbuf_0_CLK100MHZ/A (sky130_fd_sc_hd__clkbuf_16)
     2    0.02    0.04    0.11   10.11 ^ clkbuf_0_CLK100MHZ/X (sky130_fd_sc_hd__clkbuf_16)
                                         clknet_0_CLK100MHZ (net)
                  0.04    0.00   10.11 ^ clkbuf_1_0__f_CLK100MHZ/A (sky130_fd_sc_hd__clkbuf_16)
    16    0.05    0.07    0.15   10.25 ^ clkbuf_1_0__f_CLK100MHZ/X (sky130_fd_sc_hd__clkbuf_16)
                                         clknet_1_0__leaf_CLK100MHZ (net)
                  0.07    0.00   10.26 ^ _453_/CLK (sky130_fd_sc_hd__dfxtp_1)
                         -0.20   10.06   clock uncertainty
                          0.00   10.06   clock reconvergence pessimism
                         -0.10    9.95   library setup time
                                  9.95   data required time
-----------------------------------------------------------------------------
                                  9.95   data required time
                                 -1.79   data arrival time
-----------------------------------------------------------------------------
                                  8.17   slack (MET)


Startpoint: _464_ (rising edge-triggered flip-flop clocked by CLK100MHZ)
Endpoint: _454_ (rising edge-triggered flip-flop clocked by CLK100MHZ)
Path Group: CLK100MHZ
Path Type: max

Fanout     Cap    Slew   Delay    Time   Description
-----------------------------------------------------------------------------
                          0.00    0.00   clock CLK100MHZ (rise edge)
                          0.00    0.00   clock source latency
     1    0.01    0.00    0.00    0.00 ^ CLK100MHZ (in)
                                         CLK100MHZ (net)
                  0.00    0.00    0.00 ^ clkbuf_0_CLK100MHZ/A (sky130_fd_sc_hd__clkbuf_16)
     2    0.02    0.04    0.11    0.11 ^ clkbuf_0_CLK100MHZ/X (sky130_fd_sc_hd__clkbuf_16)
                                         clknet_0_CLK100MHZ (net)
                  0.04    0.00    0.11 ^ clkbuf_1_0__f_CLK100MHZ/A (sky130_fd_sc_hd__clkbuf_16)
    16    0.05    0.07    0.15    0.25 ^ clkbuf_1_0__f_CLK100MHZ/X (sky130_fd_sc_hd__clkbuf_16)
                                         clknet_1_0__leaf_CLK100MHZ (net)
                  0.07    0.00    0.26 ^ _464_/CLK (sky130_fd_sc_hd__dfrtp_1)
     3    0.02    0.15    0.41    0.66 ^ _464_/Q (sky130_fd_sc_hd__dfrtp_1)
                                         imem.address[2] (net)
                  0.15    0.00    0.66 ^ _215_/A (sky130_fd_sc_hd__clkbuf_4)
    10    0.03    0.10    0.21    0.87 ^ _215_/X (sky130_fd_sc_hd__clkbuf_4)
                                         _060_ (net)
                  0.10    0.00    0.87 ^ _216_/A (sky130_fd_sc_hd__clkbuf_2)
     5    0.01    0.06    0.14    1.01 ^ _216_/X (sky130_fd_sc_hd__clkbuf_2)
                                         _061_ (net)
                  0.06    0.00    1.01 ^ _217_/A (sky130_fd_sc_hd__clkbuf_1)
     1    0.00    0.04    0.08    1.09 ^ _217_/X (sky130_fd_sc_hd__clkbuf_1)
                                         _062_ (net)
                  0.04    0.00    1.09 ^ _218_/A (sky130_fd_sc_hd__buf_1)
     1    0.00    0.03    0.07    1.16 ^ _218_/X (sky130_fd_sc_hd__buf_1)
                                         _063_ (net)
                  0.03    0.00    1.16 ^ _219_/A (sky130_fd_sc_hd__buf_2)
     6    0.01    0.08    0.13    1.29 ^ _219_/X (sky130_fd_sc_hd__buf_2)
                                         _064_ (net)
                  0.08    0.00    1.29 ^ _410_/A (sky130_fd_sc_hd__nand3_1)
     1    0.01    0.11    0.11    1.40 v _410_/Y (sky130_fd_sc_hd__nand3_1)
                                         _046_ (net)
                  0.11    0.00    1.40 v _411_/A (sky130_fd_sc_hd__clkbuf_2)
     5    0.01    0.04    0.14    1.54 v _411_/X (sky130_fd_sc_hd__clkbuf_2)
                                         _047_ (net)
                  0.04    0.00    1.54 v _416_/B (sky130_fd_sc_hd__and2_1)
     1    0.01    0.05    0.16    1.70 v _416_/X (sky130_fd_sc_hd__and2_1)
                                         _050_ (net)
                  0.05    0.00    1.70 v _417_/A (sky130_fd_sc_hd__buf_1)
     1    0.00    0.02    0.08    1.78 v _417_/X (sky130_fd_sc_hd__buf_1)
                                         _020_ (net)
                  0.02    0.00    1.78 v _454_/D (sky130_fd_sc_hd__dfxtp_1)
                                  1.78   data arrival time

                         10.00   10.00   clock CLK100MHZ (rise edge)
                          0.00   10.00   clock source latency
     1    0.01    0.00    0.00   10.00 ^ CLK100MHZ (in)
                                         CLK100MHZ (net)
                  0.00    0.00   10.00 ^ clkbuf_0_CLK100MHZ/A (sky130_fd_sc_hd__clkbuf_16)
     2    0.02    0.04    0.11   10.11 ^ clkbuf_0_CLK100MHZ/X (sky130_fd_sc_hd__clkbuf_16)
                                         clknet_0_CLK100MHZ (net)
                  0.04    0.00   10.11 ^ clkbuf_1_0__f_CLK100MHZ/A (sky130_fd_sc_hd__clkbuf_16)
    16    0.05    0.07    0.15   10.25 ^ clkbuf_1_0__f_CLK100MHZ/X (sky130_fd_sc_hd__clkbuf_16)
                                         clknet_1_0__leaf_CLK100MHZ (net)
                  0.07    0.00   10.26 ^ _454_/CLK (sky130_fd_sc_hd__dfxtp_1)
                         -0.20   10.06   clock uncertainty
                          0.00   10.06   clock reconvergence pessimism
                         -0.09    9.96   library setup time
                                  9.96   data required time
-----------------------------------------------------------------------------
                                  9.96   data required time
                                 -1.78   data arrival time
-----------------------------------------------------------------------------
                                  8.18   slack (MET)


Startpoint: _464_ (rising edge-triggered flip-flop clocked by CLK100MHZ)
Endpoint: _455_ (rising edge-triggered flip-flop clocked by CLK100MHZ)
Path Group: CLK100MHZ
Path Type: max

Fanout     Cap    Slew   Delay    Time   Description
-----------------------------------------------------------------------------
                          0.00    0.00   clock CLK100MHZ (rise edge)
                          0.00    0.00   clock source latency
     1    0.01    0.00    0.00    0.00 ^ CLK100MHZ (in)
                                         CLK100MHZ (net)
                  0.00    0.00    0.00 ^ clkbuf_0_CLK100MHZ/A (sky130_fd_sc_hd__clkbuf_16)
     2    0.02    0.04    0.11    0.11 ^ clkbuf_0_CLK100MHZ/X (sky130_fd_sc_hd__clkbuf_16)
                                         clknet_0_CLK100MHZ (net)
                  0.04    0.00    0.11 ^ clkbuf_1_0__f_CLK100MHZ/A (sky130_fd_sc_hd__clkbuf_16)
    16    0.05    0.07    0.15    0.25 ^ clkbuf_1_0__f_CLK100MHZ/X (sky130_fd_sc_hd__clkbuf_16)
                                         clknet_1_0__leaf_CLK100MHZ (net)
                  0.07    0.00    0.26 ^ _464_/CLK (sky130_fd_sc_hd__dfrtp_1)
     3    0.02    0.15    0.41    0.66 ^ _464_/Q (sky130_fd_sc_hd__dfrtp_1)
                                         imem.address[2] (net)
                  0.15    0.00    0.66 ^ _215_/A (sky130_fd_sc_hd__clkbuf_4)
    10    0.03    0.10    0.21    0.87 ^ _215_/X (sky130_fd_sc_hd__clkbuf_4)
                                         _060_ (net)
                  0.10    0.00    0.87 ^ _216_/A (sky130_fd_sc_hd__clkbuf_2)
     5    0.01    0.06    0.14    1.01 ^ _216_/X (sky130_fd_sc_hd__clkbuf_2)
                                         _061_ (net)
                  0.06    0.00    1.01 ^ _217_/A (sky130_fd_sc_hd__clkbuf_1)
     1    0.00    0.04    0.08    1.09 ^ _217_/X (sky130_fd_sc_hd__clkbuf_1)
                                         _062_ (net)
                  0.04    0.00    1.09 ^ _218_/A (sky130_fd_sc_hd__buf_1)
     1    0.00    0.03    0.07    1.16 ^ _218_/X (sky130_fd_sc_hd__buf_1)
                                         _063_ (net)
                  0.03    0.00    1.16 ^ _219_/A (sky130_fd_sc_hd__buf_2)
     6    0.01    0.08    0.13    1.29 ^ _219_/X (sky130_fd_sc_hd__buf_2)
                                         _064_ (net)
                  0.08    0.00    1.29 ^ _410_/A (sky130_fd_sc_hd__nand3_1)
     1    0.01    0.11    0.11    1.40 v _410_/Y (sky130_fd_sc_hd__nand3_1)
                                         _046_ (net)
                  0.11    0.00    1.40 v _411_/A (sky130_fd_sc_hd__clkbuf_2)
     5    0.01    0.04    0.14    1.54 v _411_/X (sky130_fd_sc_hd__clkbuf_2)
                                         _047_ (net)
                  0.04    0.00    1.54 v _418_/B (sky130_fd_sc_hd__and2_1)
     1    0.00    0.04    0.15    1.69 v _418_/X (sky130_fd_sc_hd__and2_1)
                                         _051_ (net)
                  0.04    0.00    1.69 v _419_/A (sky130_fd_sc_hd__clkbuf_1)
     1    0.00    0.03    0.09    1.78 v _419_/X (sky130_fd_sc_hd__clkbuf_1)
                                         _021_ (net)
                  0.03    0.00    1.78 v _455_/D (sky130_fd_sc_hd__dfxtp_1)
                                  1.78   data arrival time

                         10.00   10.00   clock CLK100MHZ (rise edge)
                          0.00   10.00   clock source latency
     1    0.01    0.00    0.00   10.00 ^ CLK100MHZ (in)
                                         CLK100MHZ (net)
                  0.00    0.00   10.00 ^ clkbuf_0_CLK100MHZ/A (sky130_fd_sc_hd__clkbuf_16)
     2    0.02    0.04    0.11   10.11 ^ clkbuf_0_CLK100MHZ/X (sky130_fd_sc_hd__clkbuf_16)
                                         clknet_0_CLK100MHZ (net)
                  0.04    0.00   10.11 ^ clkbuf_1_0__f_CLK100MHZ/A (sky130_fd_sc_hd__clkbuf_16)
    16    0.05    0.07    0.15   10.25 ^ clkbuf_1_0__f_CLK100MHZ/X (sky130_fd_sc_hd__clkbuf_16)
                                         clknet_1_0__leaf_CLK100MHZ (net)
                  0.07    0.00   10.26 ^ _455_/CLK (sky130_fd_sc_hd__dfxtp_1)
                         -0.20   10.06   clock uncertainty
                          0.00   10.06   clock reconvergence pessimism
                         -0.10    9.96   library setup time
                                  9.96   data required time
-----------------------------------------------------------------------------
                                  9.96   data required time
                                 -1.78   data arrival time
-----------------------------------------------------------------------------
                                  8.18   slack (MET)


Startpoint: _464_ (rising edge-triggered flip-flop clocked by CLK100MHZ)
Endpoint: _464_ (rising edge-triggered flip-flop clocked by CLK100MHZ)
Path Group: CLK100MHZ
Path Type: max

Fanout     Cap    Slew   Delay    Time   Description
-----------------------------------------------------------------------------
                          0.00    0.00   clock CLK100MHZ (rise edge)
                          0.00    0.00   clock source latency
     1    0.01    0.00    0.00    0.00 ^ CLK100MHZ (in)
                                         CLK100MHZ (net)
                  0.00    0.00    0.00 ^ clkbuf_0_CLK100MHZ/A (sky130_fd_sc_hd__clkbuf_16)
     2    0.02    0.04    0.11    0.11 ^ clkbuf_0_CLK100MHZ/X (sky130_fd_sc_hd__clkbuf_16)
                                         clknet_0_CLK100MHZ (net)
                  0.04    0.00    0.11 ^ clkbuf_1_0__f_CLK100MHZ/A (sky130_fd_sc_hd__clkbuf_16)
    16    0.05    0.07    0.15    0.25 ^ clkbuf_1_0__f_CLK100MHZ/X (sky130_fd_sc_hd__clkbuf_16)
                                         clknet_1_0__leaf_CLK100MHZ (net)
                  0.07    0.00    0.26 ^ _464_/CLK (sky130_fd_sc_hd__dfrtp_1)
     3    0.01    0.09    0.42    0.68 v _464_/Q (sky130_fd_sc_hd__dfrtp_1)
                                         imem.address[2] (net)
                  0.09    0.00    0.68 v _215_/A (sky130_fd_sc_hd__clkbuf_4)
    10    0.03    0.07    0.19    0.87 v _215_/X (sky130_fd_sc_hd__clkbuf_4)
                                         _060_ (net)
                  0.07    0.00    0.87 v _216_/A (sky130_fd_sc_hd__clkbuf_2)
     5    0.01    0.04    0.13    0.99 v _216_/X (sky130_fd_sc_hd__clkbuf_2)
                                         _061_ (net)
                  0.04    0.00    0.99 v _217_/A (sky130_fd_sc_hd__clkbuf_1)
     1    0.00    0.02    0.08    1.08 v _217_/X (sky130_fd_sc_hd__clkbuf_1)
                                         _062_ (net)
                  0.02    0.00    1.08 v _218_/A (sky130_fd_sc_hd__buf_1)
     1    0.00    0.02    0.07    1.15 v _218_/X (sky130_fd_sc_hd__buf_1)
                                         _063_ (net)
                  0.02    0.00    1.15 v _219_/A (sky130_fd_sc_hd__buf_2)
     6    0.01    0.05    0.13    1.28 v _219_/X (sky130_fd_sc_hd__buf_2)
                                         _064_ (net)
                  0.05    0.00    1.28 v _224_/A (sky130_fd_sc_hd__xor2_1)
     1    0.00    0.06    0.15    1.43 v _224_/X (sky130_fd_sc_hd__xor2_1)
                                         _030_ (net)
                  0.06    0.00    1.43 v _464_/D (sky130_fd_sc_hd__dfrtp_1)
                                  1.43   data arrival time

                         10.00   10.00   clock CLK100MHZ (rise edge)
                          0.00   10.00   clock source latency
     1    0.01    0.00    0.00   10.00 ^ CLK100MHZ (in)
                                         CLK100MHZ (net)
                  0.00    0.00   10.00 ^ clkbuf_0_CLK100MHZ/A (sky130_fd_sc_hd__clkbuf_16)
     2    0.02    0.04    0.11   10.11 ^ clkbuf_0_CLK100MHZ/X (sky130_fd_sc_hd__clkbuf_16)
                                         clknet_0_CLK100MHZ (net)
                  0.04    0.00   10.11 ^ clkbuf_1_0__f_CLK100MHZ/A (sky130_fd_sc_hd__clkbuf_16)
    16    0.05    0.07    0.15   10.25 ^ clkbuf_1_0__f_CLK100MHZ/X (sky130_fd_sc_hd__clkbuf_16)
                                         clknet_1_0__leaf_CLK100MHZ (net)
                  0.07    0.00   10.26 ^ _464_/CLK (sky130_fd_sc_hd__dfrtp_1)
                         -0.20   10.06   clock uncertainty
                          0.00   10.06   clock reconvergence pessimism
                         -0.11    9.94   library setup time
                                  9.94   data required time
-----------------------------------------------------------------------------
                                  9.94   data required time
                                 -1.43   data arrival time
-----------------------------------------------------------------------------
                                  8.51   slack (MET)


Startpoint: _462_ (rising edge-triggered flip-flop clocked by CLK100MHZ)
Endpoint: _463_ (rising edge-triggered flip-flop clocked by CLK100MHZ)
Path Group: CLK100MHZ
Path Type: max

Fanout     Cap    Slew   Delay    Time   Description
-----------------------------------------------------------------------------
                          0.00    0.00   clock CLK100MHZ (rise edge)
                          0.00    0.00   clock source latency
     1    0.01    0.00    0.00    0.00 ^ CLK100MHZ (in)
                                         CLK100MHZ (net)
                  0.00    0.00    0.00 ^ clkbuf_0_CLK100MHZ/A (sky130_fd_sc_hd__clkbuf_16)
     2    0.02    0.04    0.11    0.11 ^ clkbuf_0_CLK100MHZ/X (sky130_fd_sc_hd__clkbuf_16)
                                         clknet_0_CLK100MHZ (net)
                  0.04    0.00    0.11 ^ clkbuf_1_1__f_CLK100MHZ/A (sky130_fd_sc_hd__clkbuf_16)
    13    0.03    0.05    0.13    0.24 ^ clkbuf_1_1__f_CLK100MHZ/X (sky130_fd_sc_hd__clkbuf_16)
                                         clknet_1_1__leaf_CLK100MHZ (net)
                  0.05    0.00    0.24 ^ _462_/CLK (sky130_fd_sc_hd__dfrtp_2)
     4    0.02    0.07    0.43    0.67 v _462_/Q (sky130_fd_sc_hd__dfrtp_2)
                                         imem.address[0] (net)
                  0.07    0.00    0.67 v _221_/A (sky130_fd_sc_hd__clkbuf_4)
    10    0.02    0.06    0.18    0.85 v _221_/X (sky130_fd_sc_hd__clkbuf_4)
                                         _066_ (net)
                  0.06    0.00    0.85 v _222_/A (sky130_fd_sc_hd__clkbuf_4)
     9    0.02    0.05    0.17    1.02 v _222_/X (sky130_fd_sc_hd__clkbuf_4)
                                         _067_ (net)
                  0.05    0.00    1.02 v _223_/C (sky130_fd_sc_hd__and3_1)
     2    0.01    0.08    0.23    1.25 v _223_/X (sky130_fd_sc_hd__and3_1)
                                         _068_ (net)
                  0.08    0.00    1.25 v _226_/A (sky130_fd_sc_hd__nor2_1)
     1    0.00    0.07    0.10    1.35 ^ _226_/Y (sky130_fd_sc_hd__nor2_1)
                                         _029_ (net)
                  0.07    0.00    1.35 ^ _463_/D (sky130_fd_sc_hd__dfrtp_4)
                                  1.35   data arrival time

                         10.00   10.00   clock CLK100MHZ (rise edge)
                          0.00   10.00   clock source latency
     1    0.01    0.00    0.00   10.00 ^ CLK100MHZ (in)
                                         CLK100MHZ (net)
                  0.00    0.00   10.00 ^ clkbuf_0_CLK100MHZ/A (sky130_fd_sc_hd__clkbuf_16)
     2    0.02    0.04    0.11   10.11 ^ clkbuf_0_CLK100MHZ/X (sky130_fd_sc_hd__clkbuf_16)
                                         clknet_0_CLK100MHZ (net)
                  0.04    0.00   10.11 ^ clkbuf_1_0__f_CLK100MHZ/A (sky130_fd_sc_hd__clkbuf_16)
    16    0.05    0.07    0.15   10.25 ^ clkbuf_1_0__f_CLK100MHZ/X (sky130_fd_sc_hd__clkbuf_16)
                                         clknet_1_0__leaf_CLK100MHZ (net)
                  0.07    0.00   10.26 ^ _463_/CLK (sky130_fd_sc_hd__dfrtp_4)
                         -0.20   10.06   clock uncertainty
                          0.00   10.06   clock reconvergence pessimism
                         -0.06    9.99   library setup time
                                  9.99   data required time
-----------------------------------------------------------------------------
                                  9.99   data required time
                                 -1.35   data arrival time
-----------------------------------------------------------------------------
                                  8.64   slack (MET)


Startpoint: _462_ (rising edge-triggered flip-flop clocked by CLK100MHZ)
Endpoint: _462_ (rising edge-triggered flip-flop clocked by CLK100MHZ)
Path Group: CLK100MHZ
Path Type: max

Fanout     Cap    Slew   Delay    Time   Description
-----------------------------------------------------------------------------
                          0.00    0.00   clock CLK100MHZ (rise edge)
                          0.00    0.00   clock source latency
     1    0.01    0.00    0.00    0.00 ^ CLK100MHZ (in)
                                         CLK100MHZ (net)
                  0.00    0.00    0.00 ^ clkbuf_0_CLK100MHZ/A (sky130_fd_sc_hd__clkbuf_16)
     2    0.02    0.04    0.11    0.11 ^ clkbuf_0_CLK100MHZ/X (sky130_fd_sc_hd__clkbuf_16)
                                         clknet_0_CLK100MHZ (net)
                  0.04    0.00    0.11 ^ clkbuf_1_1__f_CLK100MHZ/A (sky130_fd_sc_hd__clkbuf_16)
    13    0.03    0.05    0.13    0.24 ^ clkbuf_1_1__f_CLK100MHZ/X (sky130_fd_sc_hd__clkbuf_16)
                                         clknet_1_1__leaf_CLK100MHZ (net)
                  0.05    0.00    0.24 ^ _462_/CLK (sky130_fd_sc_hd__dfrtp_2)
     4    0.02    0.07    0.43    0.67 v _462_/Q (sky130_fd_sc_hd__dfrtp_2)
                                         imem.address[0] (net)
                  0.07    0.00    0.67 v _221_/A (sky130_fd_sc_hd__clkbuf_4)
    10    0.02    0.06    0.18    0.85 v _221_/X (sky130_fd_sc_hd__clkbuf_4)
                                         _066_ (net)
                  0.06    0.00    0.85 v _222_/A (sky130_fd_sc_hd__clkbuf_4)
     9    0.02    0.05    0.17    1.02 v _222_/X (sky130_fd_sc_hd__clkbuf_4)
                                         _067_ (net)
                  0.05    0.00    1.02 v _227_/B (sky130_fd_sc_hd__xor2_1)
     1    0.01    0.23    0.22    1.24 ^ _227_/X (sky130_fd_sc_hd__xor2_1)
                                         _028_ (net)
                  0.23    0.00    1.24 ^ _462_/D (sky130_fd_sc_hd__dfrtp_2)
                                  1.24   data arrival time

                         10.00   10.00   clock CLK100MHZ (rise edge)
                          0.00   10.00   clock source latency
     1    0.01    0.00    0.00   10.00 ^ CLK100MHZ (in)
                                         CLK100MHZ (net)
                  0.00    0.00   10.00 ^ clkbuf_0_CLK100MHZ/A (sky130_fd_sc_hd__clkbuf_16)
     2    0.02    0.04    0.11   10.11 ^ clkbuf_0_CLK100MHZ/X (sky130_fd_sc_hd__clkbuf_16)
                                         clknet_0_CLK100MHZ (net)
                  0.04    0.00   10.11 ^ clkbuf_1_1__f_CLK100MHZ/A (sky130_fd_sc_hd__clkbuf_16)
    13    0.03    0.05    0.13   10.24 ^ clkbuf_1_1__f_CLK100MHZ/X (sky130_fd_sc_hd__clkbuf_16)
                                         clknet_1_1__leaf_CLK100MHZ (net)
                  0.05    0.00   10.24 ^ _462_/CLK (sky130_fd_sc_hd__dfrtp_2)
                         -0.20   10.04   clock uncertainty
                          0.00   10.04   clock reconvergence pessimism
                         -0.11    9.93   library setup time
                                  9.93   data required time
-----------------------------------------------------------------------------
                                  9.93   data required time
                                 -1.24   data arrival time
-----------------------------------------------------------------------------
                                  8.69   slack (MET)



worst slack corner Typical: 6.2566
