
===========================================================================
report_checks -path_delay max (Setup)
============================================================================
======================= Typical Corner ===================================

Startpoint: _462_ (rising edge-triggered flip-flop clocked by CLK100MHZ)
Endpoint: _445_ (rising edge-triggered flip-flop clocked by CLK100MHZ)
Path Group: CLK100MHZ
Path Type: max

Fanout     Cap    Slew   Delay    Time   Description
-----------------------------------------------------------------------------
                          0.00    0.00   clock CLK100MHZ (rise edge)
                          0.00    0.00   clock source latency
     1    0.01    0.00    0.00    0.00 ^ CLK100MHZ (in)
                                         CLK100MHZ (net)
                  0.00    0.00    0.00 ^ clkbuf_0_CLK100MHZ/A (sky130_fd_sc_hd__clkbuf_16)
     2    0.02    0.04    0.11    0.11 ^ clkbuf_0_CLK100MHZ/X (sky130_fd_sc_hd__clkbuf_16)
                                         clknet_0_CLK100MHZ (net)
                  0.04    0.00    0.11 ^ clkbuf_1_1__f_CLK100MHZ/A (sky130_fd_sc_hd__clkbuf_16)
    13    0.03    0.05    0.13    0.24 ^ clkbuf_1_1__f_CLK100MHZ/X (sky130_fd_sc_hd__clkbuf_16)
                                         clknet_1_1__leaf_CLK100MHZ (net)
                  0.05    0.00    0.24 ^ _462_/CLK (sky130_fd_sc_hd__dfrtp_2)
     4    0.01    0.06    0.41    0.65 v _462_/Q (sky130_fd_sc_hd__dfrtp_2)
                                         imem.address[0] (net)
                  0.06    0.00    0.65 v _221_/A (sky130_fd_sc_hd__clkbuf_4)
    10    0.02    0.06    0.17    0.82 v _221_/X (sky130_fd_sc_hd__clkbuf_4)
                                         _066_ (net)
                  0.06    0.00    0.82 v _222_/A (sky130_fd_sc_hd__clkbuf_4)
     9    0.02    0.05    0.17    0.99 v _222_/X (sky130_fd_sc_hd__clkbuf_4)
                                         _067_ (net)
                  0.05    0.00    0.99 v _246_/C (sky130_fd_sc_hd__and3b_1)
     1    0.00    0.03    0.17    1.16 v _246_/X (sky130_fd_sc_hd__and3b_1)
                                         _088_ (net)
                  0.03    0.00    1.16 v _247_/A (sky130_fd_sc_hd__buf_2)
     7    0.02    0.05    0.14    1.30 v _247_/X (sky130_fd_sc_hd__buf_2)
                                         _089_ (net)
                  0.05    0.00    1.30 v _248_/B (sky130_fd_sc_hd__or2_1)
     1    0.00    0.04    0.20    1.49 v _248_/X (sky130_fd_sc_hd__or2_1)
                                         _090_ (net)
                  0.04    0.00    1.49 v _249_/A (sky130_fd_sc_hd__clkbuf_2)
     5    0.01    0.05    0.12    1.62 v _249_/X (sky130_fd_sc_hd__clkbuf_2)
                                         _091_ (net)
                  0.05    0.00    1.62 v _266_/A2 (sky130_fd_sc_hd__a21o_1)
     2    0.00    0.04    0.18    1.80 v _266_/X (sky130_fd_sc_hd__a21o_1)
                                         _108_ (net)
                  0.04    0.00    1.80 v _268_/B (sky130_fd_sc_hd__or3_2)
     2    0.01    0.09    0.46    2.25 v _268_/X (sky130_fd_sc_hd__or3_2)
                                         _110_ (net)
                  0.09    0.00    2.25 v _312_/A2 (sky130_fd_sc_hd__a21oi_2)
     3    0.01    0.14    0.19    2.44 ^ _312_/Y (sky130_fd_sc_hd__a21oi_2)
                                         _154_ (net)
                  0.14    0.00    2.44 ^ _319_/A2 (sky130_fd_sc_hd__o21ai_2)
     3    0.01    0.06    0.08    2.52 v _319_/Y (sky130_fd_sc_hd__o21ai_2)
                                         _161_ (net)
                  0.06    0.00    2.52 v _327_/A (sky130_fd_sc_hd__or2_1)
     1    0.00    0.06    0.23    2.76 v _327_/X (sky130_fd_sc_hd__or2_1)
                                         _169_ (net)
                  0.06    0.00    2.76 v _332_/A2 (sky130_fd_sc_hd__a32o_4)
     8    0.02    0.07    0.33    3.09 v _332_/X (sky130_fd_sc_hd__a32o_4)
                                         _174_ (net)
                  0.07    0.00    3.09 v _393_/A1 (sky130_fd_sc_hd__mux2_1)
     1    0.00    0.05    0.29    3.37 v _393_/X (sky130_fd_sc_hd__mux2_1)
                                         _036_ (net)
                  0.05    0.00    3.37 v _394_/A (sky130_fd_sc_hd__buf_1)
     1    0.00    0.02    0.08    3.46 v _394_/X (sky130_fd_sc_hd__buf_1)
                                         _011_ (net)
                  0.02    0.00    3.46 v _445_/D (sky130_fd_sc_hd__dfxtp_1)
                                  3.46   data arrival time

                         10.00   10.00   clock CLK100MHZ (rise edge)
                          0.00   10.00   clock source latency
     1    0.01    0.00    0.00   10.00 ^ CLK100MHZ (in)
                                         CLK100MHZ (net)
                  0.00    0.00   10.00 ^ clkbuf_0_CLK100MHZ/A (sky130_fd_sc_hd__clkbuf_16)
     2    0.02    0.04    0.11   10.11 ^ clkbuf_0_CLK100MHZ/X (sky130_fd_sc_hd__clkbuf_16)
                                         clknet_0_CLK100MHZ (net)
                  0.04    0.00   10.11 ^ clkbuf_1_1__f_CLK100MHZ/A (sky130_fd_sc_hd__clkbuf_16)
    13    0.03    0.05    0.13   10.24 ^ clkbuf_1_1__f_CLK100MHZ/X (sky130_fd_sc_hd__clkbuf_16)
                                         clknet_1_1__leaf_CLK100MHZ (net)
                  0.05    0.00   10.24 ^ _445_/CLK (sky130_fd_sc_hd__dfxtp_1)
                         -0.20   10.04   clock uncertainty
                          0.00   10.04   clock reconvergence pessimism
                         -0.10    9.94   library setup time
                                  9.94   data required time
-----------------------------------------------------------------------------
                                  9.94   data required time
                                 -3.46   data arrival time
-----------------------------------------------------------------------------
                                  6.48   slack (MET)


Startpoint: _462_ (rising edge-triggered flip-flop clocked by CLK100MHZ)
Endpoint: _460_ (rising edge-triggered flip-flop clocked by CLK100MHZ)
Path Group: CLK100MHZ
Path Type: max

Fanout     Cap    Slew   Delay    Time   Description
-----------------------------------------------------------------------------
                          0.00    0.00   clock CLK100MHZ (rise edge)
                          0.00    0.00   clock source latency
     1    0.01    0.00    0.00    0.00 ^ CLK100MHZ (in)
                                         CLK100MHZ (net)
                  0.00    0.00    0.00 ^ clkbuf_0_CLK100MHZ/A (sky130_fd_sc_hd__clkbuf_16)
     2    0.02    0.04    0.11    0.11 ^ clkbuf_0_CLK100MHZ/X (sky130_fd_sc_hd__clkbuf_16)
                                         clknet_0_CLK100MHZ (net)
                  0.04    0.00    0.11 ^ clkbuf_1_1__f_CLK100MHZ/A (sky130_fd_sc_hd__clkbuf_16)
    13    0.03    0.05    0.13    0.24 ^ clkbuf_1_1__f_CLK100MHZ/X (sky130_fd_sc_hd__clkbuf_16)
                                         clknet_1_1__leaf_CLK100MHZ (net)
                  0.05    0.00    0.24 ^ _462_/CLK (sky130_fd_sc_hd__dfrtp_2)
     4    0.01    0.06    0.41    0.65 v _462_/Q (sky130_fd_sc_hd__dfrtp_2)
                                         imem.address[0] (net)
                  0.06    0.00    0.65 v _221_/A (sky130_fd_sc_hd__clkbuf_4)
    10    0.02    0.06    0.17    0.82 v _221_/X (sky130_fd_sc_hd__clkbuf_4)
                                         _066_ (net)
                  0.06    0.00    0.82 v _222_/A (sky130_fd_sc_hd__clkbuf_4)
     9    0.02    0.05    0.17    0.99 v _222_/X (sky130_fd_sc_hd__clkbuf_4)
                                         _067_ (net)
                  0.05    0.00    0.99 v _246_/C (sky130_fd_sc_hd__and3b_1)
     1    0.00    0.03    0.17    1.16 v _246_/X (sky130_fd_sc_hd__and3b_1)
                                         _088_ (net)
                  0.03    0.00    1.16 v _247_/A (sky130_fd_sc_hd__buf_2)
     7    0.02    0.05    0.14    1.30 v _247_/X (sky130_fd_sc_hd__buf_2)
                                         _089_ (net)
                  0.05    0.00    1.30 v _248_/B (sky130_fd_sc_hd__or2_1)
     1    0.00    0.04    0.20    1.49 v _248_/X (sky130_fd_sc_hd__or2_1)
                                         _090_ (net)
                  0.04    0.00    1.49 v _249_/A (sky130_fd_sc_hd__clkbuf_2)
     5    0.01    0.05    0.12    1.62 v _249_/X (sky130_fd_sc_hd__clkbuf_2)
                                         _091_ (net)
                  0.05    0.00    1.62 v _266_/A2 (sky130_fd_sc_hd__a21o_1)
     2    0.00    0.04    0.18    1.80 v _266_/X (sky130_fd_sc_hd__a21o_1)
                                         _108_ (net)
                  0.04    0.00    1.80 v _268_/B (sky130_fd_sc_hd__or3_2)
     2    0.01    0.09    0.46    2.25 v _268_/X (sky130_fd_sc_hd__or3_2)
                                         _110_ (net)
                  0.09    0.00    2.25 v _312_/A2 (sky130_fd_sc_hd__a21oi_2)
     3    0.01    0.14    0.19    2.44 ^ _312_/Y (sky130_fd_sc_hd__a21oi_2)
                                         _154_ (net)
                  0.14    0.00    2.44 ^ _319_/A2 (sky130_fd_sc_hd__o21ai_2)
     3    0.01    0.06    0.08    2.52 v _319_/Y (sky130_fd_sc_hd__o21ai_2)
                                         _161_ (net)
                  0.06    0.00    2.52 v _327_/A (sky130_fd_sc_hd__or2_1)
     1    0.00    0.06    0.23    2.76 v _327_/X (sky130_fd_sc_hd__or2_1)
                                         _169_ (net)
                  0.06    0.00    2.76 v _332_/A2 (sky130_fd_sc_hd__a32o_4)
     8    0.02    0.07    0.33    3.09 v _332_/X (sky130_fd_sc_hd__a32o_4)
                                         _174_ (net)
                  0.07    0.00    3.09 v _430_/A1 (sky130_fd_sc_hd__mux2_1)
     1    0.00    0.05    0.29    3.37 v _430_/X (sky130_fd_sc_hd__mux2_1)
                                         _058_ (net)
                  0.05    0.00    3.37 v _431_/A (sky130_fd_sc_hd__buf_1)
     1    0.00    0.02    0.08    3.46 v _431_/X (sky130_fd_sc_hd__buf_1)
                                         _026_ (net)
                  0.02    0.00    3.46 v _460_/D (sky130_fd_sc_hd__dfxtp_1)
                                  3.46   data arrival time

                         10.00   10.00   clock CLK100MHZ (rise edge)
                          0.00   10.00   clock source latency
     1    0.01    0.00    0.00   10.00 ^ CLK100MHZ (in)
                                         CLK100MHZ (net)
                  0.00    0.00   10.00 ^ clkbuf_0_CLK100MHZ/A (sky130_fd_sc_hd__clkbuf_16)
     2    0.02    0.04    0.11   10.11 ^ clkbuf_0_CLK100MHZ/X (sky130_fd_sc_hd__clkbuf_16)
                                         clknet_0_CLK100MHZ (net)
                  0.04    0.00   10.11 ^ clkbuf_1_0__f_CLK100MHZ/A (sky130_fd_sc_hd__clkbuf_16)
    16    0.03    0.05    0.13   10.24 ^ clkbuf_1_0__f_CLK100MHZ/X (sky130_fd_sc_hd__clkbuf_16)
                                         clknet_1_0__leaf_CLK100MHZ (net)
                  0.05    0.00   10.24 ^ _460_/CLK (sky130_fd_sc_hd__dfxtp_1)
                         -0.20   10.04   clock uncertainty
                          0.00   10.04   clock reconvergence pessimism
                         -0.10    9.94   library setup time
                                  9.94   data required time
-----------------------------------------------------------------------------
                                  9.94   data required time
                                 -3.46   data arrival time
-----------------------------------------------------------------------------
                                  6.48   slack (MET)


Startpoint: _462_ (rising edge-triggered flip-flop clocked by CLK100MHZ)
Endpoint: _440_ (rising edge-triggered flip-flop clocked by CLK100MHZ)
Path Group: CLK100MHZ
Path Type: max

Fanout     Cap    Slew   Delay    Time   Description
-----------------------------------------------------------------------------
                          0.00    0.00   clock CLK100MHZ (rise edge)
                          0.00    0.00   clock source latency
     1    0.01    0.00    0.00    0.00 ^ CLK100MHZ (in)
                                         CLK100MHZ (net)
                  0.00    0.00    0.00 ^ clkbuf_0_CLK100MHZ/A (sky130_fd_sc_hd__clkbuf_16)
     2    0.02    0.04    0.11    0.11 ^ clkbuf_0_CLK100MHZ/X (sky130_fd_sc_hd__clkbuf_16)
                                         clknet_0_CLK100MHZ (net)
                  0.04    0.00    0.11 ^ clkbuf_1_1__f_CLK100MHZ/A (sky130_fd_sc_hd__clkbuf_16)
    13    0.03    0.05    0.13    0.24 ^ clkbuf_1_1__f_CLK100MHZ/X (sky130_fd_sc_hd__clkbuf_16)
                                         clknet_1_1__leaf_CLK100MHZ (net)
                  0.05    0.00    0.24 ^ _462_/CLK (sky130_fd_sc_hd__dfrtp_2)
     4    0.01    0.06    0.41    0.65 v _462_/Q (sky130_fd_sc_hd__dfrtp_2)
                                         imem.address[0] (net)
                  0.06    0.00    0.65 v _221_/A (sky130_fd_sc_hd__clkbuf_4)
    10    0.02    0.06    0.17    0.82 v _221_/X (sky130_fd_sc_hd__clkbuf_4)
                                         _066_ (net)
                  0.06    0.00    0.82 v _222_/A (sky130_fd_sc_hd__clkbuf_4)
     9    0.02    0.05    0.17    0.99 v _222_/X (sky130_fd_sc_hd__clkbuf_4)
                                         _067_ (net)
                  0.05    0.00    0.99 v _246_/C (sky130_fd_sc_hd__and3b_1)
     1    0.00    0.03    0.17    1.16 v _246_/X (sky130_fd_sc_hd__and3b_1)
                                         _088_ (net)
                  0.03    0.00    1.16 v _247_/A (sky130_fd_sc_hd__buf_2)
     7    0.02    0.05    0.14    1.30 v _247_/X (sky130_fd_sc_hd__buf_2)
                                         _089_ (net)
                  0.05    0.00    1.30 v _248_/B (sky130_fd_sc_hd__or2_1)
     1    0.00    0.04    0.20    1.49 v _248_/X (sky130_fd_sc_hd__or2_1)
                                         _090_ (net)
                  0.04    0.00    1.49 v _249_/A (sky130_fd_sc_hd__clkbuf_2)
     5    0.01    0.05    0.12    1.62 v _249_/X (sky130_fd_sc_hd__clkbuf_2)
                                         _091_ (net)
                  0.05    0.00    1.62 v _266_/A2 (sky130_fd_sc_hd__a21o_1)
     2    0.00    0.04    0.18    1.80 v _266_/X (sky130_fd_sc_hd__a21o_1)
                                         _108_ (net)
                  0.04    0.00    1.80 v _268_/B (sky130_fd_sc_hd__or3_2)
     2    0.01    0.09    0.46    2.25 v _268_/X (sky130_fd_sc_hd__or3_2)
                                         _110_ (net)
                  0.09    0.00    2.25 v _312_/A2 (sky130_fd_sc_hd__a21oi_2)
     3    0.01    0.14    0.19    2.44 ^ _312_/Y (sky130_fd_sc_hd__a21oi_2)
                                         _154_ (net)
                  0.14    0.00    2.44 ^ _319_/A2 (sky130_fd_sc_hd__o21ai_2)
     3    0.01    0.06    0.08    2.52 v _319_/Y (sky130_fd_sc_hd__o21ai_2)
                                         _161_ (net)
                  0.06    0.00    2.52 v _327_/A (sky130_fd_sc_hd__or2_1)
     1    0.00    0.06    0.23    2.76 v _327_/X (sky130_fd_sc_hd__or2_1)
                                         _169_ (net)
                  0.06    0.00    2.76 v _332_/A2 (sky130_fd_sc_hd__a32o_4)
     8    0.02    0.07    0.33    3.09 v _332_/X (sky130_fd_sc_hd__a32o_4)
                                         _174_ (net)
                  0.07    0.00    3.09 v _371_/A1 (sky130_fd_sc_hd__mux2_1)
     1    0.00    0.05    0.29    3.37 v _371_/X (sky130_fd_sc_hd__mux2_1)
                                         _203_ (net)
                  0.05    0.00    3.37 v _372_/A (sky130_fd_sc_hd__buf_1)
     1    0.00    0.02    0.08    3.46 v _372_/X (sky130_fd_sc_hd__buf_1)
                                         _006_ (net)
                  0.02    0.00    3.46 v _440_/D (sky130_fd_sc_hd__dfxtp_1)
                                  3.46   data arrival time

                         10.00   10.00   clock CLK100MHZ (rise edge)
                          0.00   10.00   clock source latency
     1    0.01    0.00    0.00   10.00 ^ CLK100MHZ (in)
                                         CLK100MHZ (net)
                  0.00    0.00   10.00 ^ clkbuf_0_CLK100MHZ/A (sky130_fd_sc_hd__clkbuf_16)
     2    0.02    0.04    0.11   10.11 ^ clkbuf_0_CLK100MHZ/X (sky130_fd_sc_hd__clkbuf_16)
                                         clknet_0_CLK100MHZ (net)
                  0.04    0.00   10.11 ^ clkbuf_1_0__f_CLK100MHZ/A (sky130_fd_sc_hd__clkbuf_16)
    16    0.03    0.05    0.13   10.24 ^ clkbuf_1_0__f_CLK100MHZ/X (sky130_fd_sc_hd__clkbuf_16)
                                         clknet_1_0__leaf_CLK100MHZ (net)
                  0.05    0.00   10.24 ^ _440_/CLK (sky130_fd_sc_hd__dfxtp_1)
                         -0.20   10.04   clock uncertainty
                          0.00   10.04   clock reconvergence pessimism
                         -0.10    9.94   library setup time
                                  9.94   data required time
-----------------------------------------------------------------------------
                                  9.94   data required time
                                 -3.46   data arrival time
-----------------------------------------------------------------------------
                                  6.48   slack (MET)


Startpoint: _462_ (rising edge-triggered flip-flop clocked by CLK100MHZ)
Endpoint: _450_ (rising edge-triggered flip-flop clocked by CLK100MHZ)
Path Group: CLK100MHZ
Path Type: max

Fanout     Cap    Slew   Delay    Time   Description
-----------------------------------------------------------------------------
                          0.00    0.00   clock CLK100MHZ (rise edge)
                          0.00    0.00   clock source latency
     1    0.01    0.00    0.00    0.00 ^ CLK100MHZ (in)
                                         CLK100MHZ (net)
                  0.00    0.00    0.00 ^ clkbuf_0_CLK100MHZ/A (sky130_fd_sc_hd__clkbuf_16)
     2    0.02    0.04    0.11    0.11 ^ clkbuf_0_CLK100MHZ/X (sky130_fd_sc_hd__clkbuf_16)
                                         clknet_0_CLK100MHZ (net)
                  0.04    0.00    0.11 ^ clkbuf_1_1__f_CLK100MHZ/A (sky130_fd_sc_hd__clkbuf_16)
    13    0.03    0.05    0.13    0.24 ^ clkbuf_1_1__f_CLK100MHZ/X (sky130_fd_sc_hd__clkbuf_16)
                                         clknet_1_1__leaf_CLK100MHZ (net)
                  0.05    0.00    0.24 ^ _462_/CLK (sky130_fd_sc_hd__dfrtp_2)
     4    0.01    0.06    0.41    0.65 v _462_/Q (sky130_fd_sc_hd__dfrtp_2)
                                         imem.address[0] (net)
                  0.06    0.00    0.65 v _221_/A (sky130_fd_sc_hd__clkbuf_4)
    10    0.02    0.06    0.17    0.82 v _221_/X (sky130_fd_sc_hd__clkbuf_4)
                                         _066_ (net)
                  0.06    0.00    0.82 v _222_/A (sky130_fd_sc_hd__clkbuf_4)
     9    0.02    0.05    0.17    0.99 v _222_/X (sky130_fd_sc_hd__clkbuf_4)
                                         _067_ (net)
                  0.05    0.00    0.99 v _246_/C (sky130_fd_sc_hd__and3b_1)
     1    0.00    0.03    0.17    1.16 v _246_/X (sky130_fd_sc_hd__and3b_1)
                                         _088_ (net)
                  0.03    0.00    1.16 v _247_/A (sky130_fd_sc_hd__buf_2)
     7    0.02    0.05    0.14    1.30 v _247_/X (sky130_fd_sc_hd__buf_2)
                                         _089_ (net)
                  0.05    0.00    1.30 v _248_/B (sky130_fd_sc_hd__or2_1)
     1    0.00    0.04    0.20    1.49 v _248_/X (sky130_fd_sc_hd__or2_1)
                                         _090_ (net)
                  0.04    0.00    1.49 v _249_/A (sky130_fd_sc_hd__clkbuf_2)
     5    0.01    0.05    0.12    1.62 v _249_/X (sky130_fd_sc_hd__clkbuf_2)
                                         _091_ (net)
                  0.05    0.00    1.62 v _266_/A2 (sky130_fd_sc_hd__a21o_1)
     2    0.00    0.04    0.18    1.80 v _266_/X (sky130_fd_sc_hd__a21o_1)
                                         _108_ (net)
                  0.04    0.00    1.80 v _268_/B (sky130_fd_sc_hd__or3_2)
     2    0.01    0.09    0.46    2.25 v _268_/X (sky130_fd_sc_hd__or3_2)
                                         _110_ (net)
                  0.09    0.00    2.25 v _312_/A2 (sky130_fd_sc_hd__a21oi_2)
     3    0.01    0.14    0.19    2.44 ^ _312_/Y (sky130_fd_sc_hd__a21oi_2)
                                         _154_ (net)
                  0.14    0.00    2.44 ^ _319_/A2 (sky130_fd_sc_hd__o21ai_2)
     3    0.01    0.06    0.08    2.52 v _319_/Y (sky130_fd_sc_hd__o21ai_2)
                                         _161_ (net)
                  0.06    0.00    2.52 v _327_/A (sky130_fd_sc_hd__or2_1)
     1    0.00    0.06    0.23    2.76 v _327_/X (sky130_fd_sc_hd__or2_1)
                                         _169_ (net)
                  0.06    0.00    2.76 v _332_/A2 (sky130_fd_sc_hd__a32o_4)
     8    0.02    0.07    0.33    3.09 v _332_/X (sky130_fd_sc_hd__a32o_4)
                                         _174_ (net)
                  0.07    0.00    3.09 v _406_/A0 (sky130_fd_sc_hd__mux2_1)
     1    0.00    0.05    0.28    3.36 v _406_/X (sky130_fd_sc_hd__mux2_1)
                                         _044_ (net)
                  0.05    0.00    3.36 v _407_/A (sky130_fd_sc_hd__clkbuf_1)
     1    0.00    0.02    0.08    3.45 v _407_/X (sky130_fd_sc_hd__clkbuf_1)
                                         _016_ (net)
                  0.02    0.00    3.45 v _450_/D (sky130_fd_sc_hd__dfxtp_1)
                                  3.45   data arrival time

                         10.00   10.00   clock CLK100MHZ (rise edge)
                          0.00   10.00   clock source latency
     1    0.01    0.00    0.00   10.00 ^ CLK100MHZ (in)
                                         CLK100MHZ (net)
                  0.00    0.00   10.00 ^ clkbuf_0_CLK100MHZ/A (sky130_fd_sc_hd__clkbuf_16)
     2    0.02    0.04    0.11   10.11 ^ clkbuf_0_CLK100MHZ/X (sky130_fd_sc_hd__clkbuf_16)
                                         clknet_0_CLK100MHZ (net)
                  0.04    0.00   10.11 ^ clkbuf_1_0__f_CLK100MHZ/A (sky130_fd_sc_hd__clkbuf_16)
    16    0.03    0.05    0.13   10.24 ^ clkbuf_1_0__f_CLK100MHZ/X (sky130_fd_sc_hd__clkbuf_16)
                                         clknet_1_0__leaf_CLK100MHZ (net)
                  0.05    0.00   10.24 ^ _450_/CLK (sky130_fd_sc_hd__dfxtp_1)
                         -0.20   10.04   clock uncertainty
                          0.00   10.04   clock reconvergence pessimism
                         -0.10    9.94   library setup time
                                  9.94   data required time
-----------------------------------------------------------------------------
                                  9.94   data required time
                                 -3.45   data arrival time
-----------------------------------------------------------------------------
                                  6.49   slack (MET)


Startpoint: _462_ (rising edge-triggered flip-flop clocked by CLK100MHZ)
Endpoint: _446_ (rising edge-triggered flip-flop clocked by CLK100MHZ)
Path Group: CLK100MHZ
Path Type: max

Fanout     Cap    Slew   Delay    Time   Description
-----------------------------------------------------------------------------
                          0.00    0.00   clock CLK100MHZ (rise edge)
                          0.00    0.00   clock source latency
     1    0.01    0.00    0.00    0.00 ^ CLK100MHZ (in)
                                         CLK100MHZ (net)
                  0.00    0.00    0.00 ^ clkbuf_0_CLK100MHZ/A (sky130_fd_sc_hd__clkbuf_16)
     2    0.02    0.04    0.11    0.11 ^ clkbuf_0_CLK100MHZ/X (sky130_fd_sc_hd__clkbuf_16)
                                         clknet_0_CLK100MHZ (net)
                  0.04    0.00    0.11 ^ clkbuf_1_1__f_CLK100MHZ/A (sky130_fd_sc_hd__clkbuf_16)
    13    0.03    0.05    0.13    0.24 ^ clkbuf_1_1__f_CLK100MHZ/X (sky130_fd_sc_hd__clkbuf_16)
                                         clknet_1_1__leaf_CLK100MHZ (net)
                  0.05    0.00    0.24 ^ _462_/CLK (sky130_fd_sc_hd__dfrtp_2)
     4    0.01    0.06    0.41    0.65 v _462_/Q (sky130_fd_sc_hd__dfrtp_2)
                                         imem.address[0] (net)
                  0.06    0.00    0.65 v _221_/A (sky130_fd_sc_hd__clkbuf_4)
    10    0.02    0.06    0.17    0.82 v _221_/X (sky130_fd_sc_hd__clkbuf_4)
                                         _066_ (net)
                  0.06    0.00    0.82 v _222_/A (sky130_fd_sc_hd__clkbuf_4)
     9    0.02    0.05    0.17    0.99 v _222_/X (sky130_fd_sc_hd__clkbuf_4)
                                         _067_ (net)
                  0.05    0.00    0.99 v _246_/C (sky130_fd_sc_hd__and3b_1)
     1    0.00    0.03    0.17    1.16 v _246_/X (sky130_fd_sc_hd__and3b_1)
                                         _088_ (net)
                  0.03    0.00    1.16 v _247_/A (sky130_fd_sc_hd__buf_2)
     7    0.02    0.05    0.14    1.30 v _247_/X (sky130_fd_sc_hd__buf_2)
                                         _089_ (net)
                  0.05    0.00    1.30 v _248_/B (sky130_fd_sc_hd__or2_1)
     1    0.00    0.04    0.20    1.49 v _248_/X (sky130_fd_sc_hd__or2_1)
                                         _090_ (net)
                  0.04    0.00    1.49 v _249_/A (sky130_fd_sc_hd__clkbuf_2)
     5    0.01    0.05    0.12    1.62 v _249_/X (sky130_fd_sc_hd__clkbuf_2)
                                         _091_ (net)
                  0.05    0.00    1.62 v _266_/A2 (sky130_fd_sc_hd__a21o_1)
     2    0.00    0.04    0.18    1.80 v _266_/X (sky130_fd_sc_hd__a21o_1)
                                         _108_ (net)
                  0.04    0.00    1.80 v _268_/B (sky130_fd_sc_hd__or3_2)
     2    0.01    0.09    0.46    2.25 v _268_/X (sky130_fd_sc_hd__or3_2)
                                         _110_ (net)
                  0.09    0.00    2.25 v _312_/A2 (sky130_fd_sc_hd__a21oi_2)
     3    0.01    0.14    0.19    2.44 ^ _312_/Y (sky130_fd_sc_hd__a21oi_2)
                                         _154_ (net)
                  0.14    0.00    2.44 ^ _319_/A2 (sky130_fd_sc_hd__o21ai_2)
     3    0.01    0.06    0.08    2.52 v _319_/Y (sky130_fd_sc_hd__o21ai_2)
                                         _161_ (net)
                  0.06    0.00    2.52 v _373_/A1 (sky130_fd_sc_hd__a21oi_2)
     3    0.00    0.10    0.12    2.64 ^ _373_/Y (sky130_fd_sc_hd__a21oi_2)
                                         _204_ (net)
                  0.10    0.00    2.64 ^ _381_/B (sky130_fd_sc_hd__and2b_1)
     1    0.00    0.04    0.12    2.77 ^ _381_/X (sky130_fd_sc_hd__and2b_1)
                                         _212_ (net)
                  0.04    0.00    2.77 ^ _382_/B (sky130_fd_sc_hd__nor2_1)
     4    0.01    0.04    0.05    2.82 v _382_/Y (sky130_fd_sc_hd__nor2_1)
                                         _213_ (net)
                  0.04    0.00    2.82 v _395_/A1 (sky130_fd_sc_hd__mux2_1)
     1    0.00    0.05    0.28    3.09 v _395_/X (sky130_fd_sc_hd__mux2_1)
                                         _037_ (net)
                  0.05    0.00    3.09 v _396_/A (sky130_fd_sc_hd__clkbuf_1)
     1    0.00    0.02    0.08    3.18 v _396_/X (sky130_fd_sc_hd__clkbuf_1)
                                         _012_ (net)
                  0.02    0.00    3.18 v _446_/D (sky130_fd_sc_hd__dfxtp_1)
                                  3.18   data arrival time

                         10.00   10.00   clock CLK100MHZ (rise edge)
                          0.00   10.00   clock source latency
     1    0.01    0.00    0.00   10.00 ^ CLK100MHZ (in)
                                         CLK100MHZ (net)
                  0.00    0.00   10.00 ^ clkbuf_0_CLK100MHZ/A (sky130_fd_sc_hd__clkbuf_16)
     2    0.02    0.04    0.11   10.11 ^ clkbuf_0_CLK100MHZ/X (sky130_fd_sc_hd__clkbuf_16)
                                         clknet_0_CLK100MHZ (net)
                  0.04    0.00   10.11 ^ clkbuf_1_1__f_CLK100MHZ/A (sky130_fd_sc_hd__clkbuf_16)
    13    0.03    0.05    0.13   10.24 ^ clkbuf_1_1__f_CLK100MHZ/X (sky130_fd_sc_hd__clkbuf_16)
                                         clknet_1_1__leaf_CLK100MHZ (net)
                  0.05    0.00   10.24 ^ _446_/CLK (sky130_fd_sc_hd__dfxtp_1)
                         -0.20   10.04   clock uncertainty
                          0.00   10.04   clock reconvergence pessimism
                         -0.10    9.94   library setup time
                                  9.94   data required time
-----------------------------------------------------------------------------
                                  9.94   data required time
                                 -3.18   data arrival time
-----------------------------------------------------------------------------
                                  6.76   slack (MET)


Startpoint: _462_ (rising edge-triggered flip-flop clocked by CLK100MHZ)
Endpoint: _461_ (rising edge-triggered flip-flop clocked by CLK100MHZ)
Path Group: CLK100MHZ
Path Type: max

Fanout     Cap    Slew   Delay    Time   Description
-----------------------------------------------------------------------------
                          0.00    0.00   clock CLK100MHZ (rise edge)
                          0.00    0.00   clock source latency
     1    0.01    0.00    0.00    0.00 ^ CLK100MHZ (in)
                                         CLK100MHZ (net)
                  0.00    0.00    0.00 ^ clkbuf_0_CLK100MHZ/A (sky130_fd_sc_hd__clkbuf_16)
     2    0.02    0.04    0.11    0.11 ^ clkbuf_0_CLK100MHZ/X (sky130_fd_sc_hd__clkbuf_16)
                                         clknet_0_CLK100MHZ (net)
                  0.04    0.00    0.11 ^ clkbuf_1_1__f_CLK100MHZ/A (sky130_fd_sc_hd__clkbuf_16)
    13    0.03    0.05    0.13    0.24 ^ clkbuf_1_1__f_CLK100MHZ/X (sky130_fd_sc_hd__clkbuf_16)
                                         clknet_1_1__leaf_CLK100MHZ (net)
                  0.05    0.00    0.24 ^ _462_/CLK (sky130_fd_sc_hd__dfrtp_2)
     4    0.01    0.06    0.41    0.65 v _462_/Q (sky130_fd_sc_hd__dfrtp_2)
                                         imem.address[0] (net)
                  0.06    0.00    0.65 v _221_/A (sky130_fd_sc_hd__clkbuf_4)
    10    0.02    0.06    0.17    0.82 v _221_/X (sky130_fd_sc_hd__clkbuf_4)
                                         _066_ (net)
                  0.06    0.00    0.82 v _222_/A (sky130_fd_sc_hd__clkbuf_4)
     9    0.02    0.05    0.17    0.99 v _222_/X (sky130_fd_sc_hd__clkbuf_4)
                                         _067_ (net)
                  0.05    0.00    0.99 v _246_/C (sky130_fd_sc_hd__and3b_1)
     1    0.00    0.03    0.17    1.16 v _246_/X (sky130_fd_sc_hd__and3b_1)
                                         _088_ (net)
                  0.03    0.00    1.16 v _247_/A (sky130_fd_sc_hd__buf_2)
     7    0.02    0.05    0.14    1.30 v _247_/X (sky130_fd_sc_hd__buf_2)
                                         _089_ (net)
                  0.05    0.00    1.30 v _248_/B (sky130_fd_sc_hd__or2_1)
     1    0.00    0.04    0.20    1.49 v _248_/X (sky130_fd_sc_hd__or2_1)
                                         _090_ (net)
                  0.04    0.00    1.49 v _249_/A (sky130_fd_sc_hd__clkbuf_2)
     5    0.01    0.05    0.12    1.62 v _249_/X (sky130_fd_sc_hd__clkbuf_2)
                                         _091_ (net)
                  0.05    0.00    1.62 v _266_/A2 (sky130_fd_sc_hd__a21o_1)
     2    0.00    0.04    0.18    1.80 v _266_/X (sky130_fd_sc_hd__a21o_1)
                                         _108_ (net)
                  0.04    0.00    1.80 v _268_/B (sky130_fd_sc_hd__or3_2)
     2    0.01    0.09    0.46    2.25 v _268_/X (sky130_fd_sc_hd__or3_2)
                                         _110_ (net)
                  0.09    0.00    2.25 v _312_/A2 (sky130_fd_sc_hd__a21oi_2)
     3    0.01    0.14    0.19    2.44 ^ _312_/Y (sky130_fd_sc_hd__a21oi_2)
                                         _154_ (net)
                  0.14    0.00    2.44 ^ _319_/A2 (sky130_fd_sc_hd__o21ai_2)
     3    0.01    0.06    0.08    2.52 v _319_/Y (sky130_fd_sc_hd__o21ai_2)
                                         _161_ (net)
                  0.06    0.00    2.52 v _373_/A1 (sky130_fd_sc_hd__a21oi_2)
     3    0.00    0.10    0.12    2.64 ^ _373_/Y (sky130_fd_sc_hd__a21oi_2)
                                         _204_ (net)
                  0.10    0.00    2.64 ^ _381_/B (sky130_fd_sc_hd__and2b_1)
     1    0.00    0.04    0.12    2.77 ^ _381_/X (sky130_fd_sc_hd__and2b_1)
                                         _212_ (net)
                  0.04    0.00    2.77 ^ _382_/B (sky130_fd_sc_hd__nor2_1)
     4    0.01    0.04    0.05    2.82 v _382_/Y (sky130_fd_sc_hd__nor2_1)
                                         _213_ (net)
                  0.04    0.00    2.82 v _432_/A1 (sky130_fd_sc_hd__mux2_1)
     1    0.00    0.05    0.28    3.09 v _432_/X (sky130_fd_sc_hd__mux2_1)
                                         _059_ (net)
                  0.05    0.00    3.09 v _433_/A (sky130_fd_sc_hd__buf_1)
     1    0.00    0.02    0.08    3.18 v _433_/X (sky130_fd_sc_hd__buf_1)
                                         _027_ (net)
                  0.02    0.00    3.18 v _461_/D (sky130_fd_sc_hd__dfxtp_1)
                                  3.18   data arrival time

                         10.00   10.00   clock CLK100MHZ (rise edge)
                          0.00   10.00   clock source latency
     1    0.01    0.00    0.00   10.00 ^ CLK100MHZ (in)
                                         CLK100MHZ (net)
                  0.00    0.00   10.00 ^ clkbuf_0_CLK100MHZ/A (sky130_fd_sc_hd__clkbuf_16)
     2    0.02    0.04    0.11   10.11 ^ clkbuf_0_CLK100MHZ/X (sky130_fd_sc_hd__clkbuf_16)
                                         clknet_0_CLK100MHZ (net)
                  0.04    0.00   10.11 ^ clkbuf_1_0__f_CLK100MHZ/A (sky130_fd_sc_hd__clkbuf_16)
    16    0.03    0.05    0.13   10.24 ^ clkbuf_1_0__f_CLK100MHZ/X (sky130_fd_sc_hd__clkbuf_16)
                                         clknet_1_0__leaf_CLK100MHZ (net)
                  0.05    0.00   10.24 ^ _461_/CLK (sky130_fd_sc_hd__dfxtp_1)
                         -0.20   10.04   clock uncertainty
                          0.00   10.04   clock reconvergence pessimism
                         -0.10    9.94   library setup time
                                  9.94   data required time
-----------------------------------------------------------------------------
                                  9.94   data required time
                                 -3.18   data arrival time
-----------------------------------------------------------------------------
                                  6.76   slack (MET)


Startpoint: _462_ (rising edge-triggered flip-flop clocked by CLK100MHZ)
Endpoint: _441_ (rising edge-triggered flip-flop clocked by CLK100MHZ)
Path Group: CLK100MHZ
Path Type: max

Fanout     Cap    Slew   Delay    Time   Description
-----------------------------------------------------------------------------
                          0.00    0.00   clock CLK100MHZ (rise edge)
                          0.00    0.00   clock source latency
     1    0.01    0.00    0.00    0.00 ^ CLK100MHZ (in)
                                         CLK100MHZ (net)
                  0.00    0.00    0.00 ^ clkbuf_0_CLK100MHZ/A (sky130_fd_sc_hd__clkbuf_16)
     2    0.02    0.04    0.11    0.11 ^ clkbuf_0_CLK100MHZ/X (sky130_fd_sc_hd__clkbuf_16)
                                         clknet_0_CLK100MHZ (net)
                  0.04    0.00    0.11 ^ clkbuf_1_1__f_CLK100MHZ/A (sky130_fd_sc_hd__clkbuf_16)
    13    0.03    0.05    0.13    0.24 ^ clkbuf_1_1__f_CLK100MHZ/X (sky130_fd_sc_hd__clkbuf_16)
                                         clknet_1_1__leaf_CLK100MHZ (net)
                  0.05    0.00    0.24 ^ _462_/CLK (sky130_fd_sc_hd__dfrtp_2)
     4    0.01    0.06    0.41    0.65 v _462_/Q (sky130_fd_sc_hd__dfrtp_2)
                                         imem.address[0] (net)
                  0.06    0.00    0.65 v _221_/A (sky130_fd_sc_hd__clkbuf_4)
    10    0.02    0.06    0.17    0.82 v _221_/X (sky130_fd_sc_hd__clkbuf_4)
                                         _066_ (net)
                  0.06    0.00    0.82 v _222_/A (sky130_fd_sc_hd__clkbuf_4)
     9    0.02    0.05    0.17    0.99 v _222_/X (sky130_fd_sc_hd__clkbuf_4)
                                         _067_ (net)
                  0.05    0.00    0.99 v _246_/C (sky130_fd_sc_hd__and3b_1)
     1    0.00    0.03    0.17    1.16 v _246_/X (sky130_fd_sc_hd__and3b_1)
                                         _088_ (net)
                  0.03    0.00    1.16 v _247_/A (sky130_fd_sc_hd__buf_2)
     7    0.02    0.05    0.14    1.30 v _247_/X (sky130_fd_sc_hd__buf_2)
                                         _089_ (net)
                  0.05    0.00    1.30 v _248_/B (sky130_fd_sc_hd__or2_1)
     1    0.00    0.04    0.20    1.49 v _248_/X (sky130_fd_sc_hd__or2_1)
                                         _090_ (net)
                  0.04    0.00    1.49 v _249_/A (sky130_fd_sc_hd__clkbuf_2)
     5    0.01    0.05    0.12    1.62 v _249_/X (sky130_fd_sc_hd__clkbuf_2)
                                         _091_ (net)
                  0.05    0.00    1.62 v _266_/A2 (sky130_fd_sc_hd__a21o_1)
     2    0.00    0.04    0.18    1.80 v _266_/X (sky130_fd_sc_hd__a21o_1)
                                         _108_ (net)
                  0.04    0.00    1.80 v _268_/B (sky130_fd_sc_hd__or3_2)
     2    0.01    0.09    0.46    2.25 v _268_/X (sky130_fd_sc_hd__or3_2)
                                         _110_ (net)
                  0.09    0.00    2.25 v _312_/A2 (sky130_fd_sc_hd__a21oi_2)
     3    0.01    0.14    0.19    2.44 ^ _312_/Y (sky130_fd_sc_hd__a21oi_2)
                                         _154_ (net)
                  0.14    0.00    2.44 ^ _319_/A2 (sky130_fd_sc_hd__o21ai_2)
     3    0.01    0.06    0.08    2.52 v _319_/Y (sky130_fd_sc_hd__o21ai_2)
                                         _161_ (net)
                  0.06    0.00    2.52 v _373_/A1 (sky130_fd_sc_hd__a21oi_2)
     3    0.00    0.10    0.12    2.64 ^ _373_/Y (sky130_fd_sc_hd__a21oi_2)
                                         _204_ (net)
                  0.10    0.00    2.64 ^ _381_/B (sky130_fd_sc_hd__and2b_1)
     1    0.00    0.04    0.12    2.77 ^ _381_/X (sky130_fd_sc_hd__and2b_1)
                                         _212_ (net)
                  0.04    0.00    2.77 ^ _382_/B (sky130_fd_sc_hd__nor2_1)
     4    0.01    0.04    0.05    2.82 v _382_/Y (sky130_fd_sc_hd__nor2_1)
                                         _213_ (net)
                  0.04    0.00    2.82 v _383_/A1 (sky130_fd_sc_hd__mux2_1)
     1    0.00    0.05    0.28    3.09 v _383_/X (sky130_fd_sc_hd__mux2_1)
                                         _214_ (net)
                  0.05    0.00    3.09 v _384_/A (sky130_fd_sc_hd__buf_1)
     1    0.00    0.02    0.08    3.18 v _384_/X (sky130_fd_sc_hd__buf_1)
                                         _007_ (net)
                  0.02    0.00    3.18 v _441_/D (sky130_fd_sc_hd__dfxtp_1)
                                  3.18   data arrival time

                         10.00   10.00   clock CLK100MHZ (rise edge)
                          0.00   10.00   clock source latency
     1    0.01    0.00    0.00   10.00 ^ CLK100MHZ (in)
                                         CLK100MHZ (net)
                  0.00    0.00   10.00 ^ clkbuf_0_CLK100MHZ/A (sky130_fd_sc_hd__clkbuf_16)
     2    0.02    0.04    0.11   10.11 ^ clkbuf_0_CLK100MHZ/X (sky130_fd_sc_hd__clkbuf_16)
                                         clknet_0_CLK100MHZ (net)
                  0.04    0.00   10.11 ^ clkbuf_1_0__f_CLK100MHZ/A (sky130_fd_sc_hd__clkbuf_16)
    16    0.03    0.05    0.13   10.24 ^ clkbuf_1_0__f_CLK100MHZ/X (sky130_fd_sc_hd__clkbuf_16)
                                         clknet_1_0__leaf_CLK100MHZ (net)
                  0.05    0.00   10.24 ^ _441_/CLK (sky130_fd_sc_hd__dfxtp_1)
                         -0.20   10.04   clock uncertainty
                          0.00   10.04   clock reconvergence pessimism
                         -0.10    9.94   library setup time
                                  9.94   data required time
-----------------------------------------------------------------------------
                                  9.94   data required time
                                 -3.18   data arrival time
-----------------------------------------------------------------------------
                                  6.76   slack (MET)


Startpoint: _462_ (rising edge-triggered flip-flop clocked by CLK100MHZ)
Endpoint: _451_ (rising edge-triggered flip-flop clocked by CLK100MHZ)
Path Group: CLK100MHZ
Path Type: max

Fanout     Cap    Slew   Delay    Time   Description
-----------------------------------------------------------------------------
                          0.00    0.00   clock CLK100MHZ (rise edge)
                          0.00    0.00   clock source latency
     1    0.01    0.00    0.00    0.00 ^ CLK100MHZ (in)
                                         CLK100MHZ (net)
                  0.00    0.00    0.00 ^ clkbuf_0_CLK100MHZ/A (sky130_fd_sc_hd__clkbuf_16)
     2    0.02    0.04    0.11    0.11 ^ clkbuf_0_CLK100MHZ/X (sky130_fd_sc_hd__clkbuf_16)
                                         clknet_0_CLK100MHZ (net)
                  0.04    0.00    0.11 ^ clkbuf_1_1__f_CLK100MHZ/A (sky130_fd_sc_hd__clkbuf_16)
    13    0.03    0.05    0.13    0.24 ^ clkbuf_1_1__f_CLK100MHZ/X (sky130_fd_sc_hd__clkbuf_16)
                                         clknet_1_1__leaf_CLK100MHZ (net)
                  0.05    0.00    0.24 ^ _462_/CLK (sky130_fd_sc_hd__dfrtp_2)
     4    0.01    0.06    0.41    0.65 v _462_/Q (sky130_fd_sc_hd__dfrtp_2)
                                         imem.address[0] (net)
                  0.06    0.00    0.65 v _221_/A (sky130_fd_sc_hd__clkbuf_4)
    10    0.02    0.06    0.17    0.82 v _221_/X (sky130_fd_sc_hd__clkbuf_4)
                                         _066_ (net)
                  0.06    0.00    0.82 v _222_/A (sky130_fd_sc_hd__clkbuf_4)
     9    0.02    0.05    0.17    0.99 v _222_/X (sky130_fd_sc_hd__clkbuf_4)
                                         _067_ (net)
                  0.05    0.00    0.99 v _246_/C (sky130_fd_sc_hd__and3b_1)
     1    0.00    0.03    0.17    1.16 v _246_/X (sky130_fd_sc_hd__and3b_1)
                                         _088_ (net)
                  0.03    0.00    1.16 v _247_/A (sky130_fd_sc_hd__buf_2)
     7    0.02    0.05    0.14    1.30 v _247_/X (sky130_fd_sc_hd__buf_2)
                                         _089_ (net)
                  0.05    0.00    1.30 v _248_/B (sky130_fd_sc_hd__or2_1)
     1    0.00    0.04    0.20    1.49 v _248_/X (sky130_fd_sc_hd__or2_1)
                                         _090_ (net)
                  0.04    0.00    1.49 v _249_/A (sky130_fd_sc_hd__clkbuf_2)
     5    0.01    0.05    0.12    1.62 v _249_/X (sky130_fd_sc_hd__clkbuf_2)
                                         _091_ (net)
                  0.05    0.00    1.62 v _266_/A2 (sky130_fd_sc_hd__a21o_1)
     2    0.00    0.04    0.18    1.80 v _266_/X (sky130_fd_sc_hd__a21o_1)
                                         _108_ (net)
                  0.04    0.00    1.80 v _268_/B (sky130_fd_sc_hd__or3_2)
     2    0.01    0.09    0.46    2.25 v _268_/X (sky130_fd_sc_hd__or3_2)
                                         _110_ (net)
                  0.09    0.00    2.25 v _312_/A2 (sky130_fd_sc_hd__a21oi_2)
     3    0.01    0.14    0.19    2.44 ^ _312_/Y (sky130_fd_sc_hd__a21oi_2)
                                         _154_ (net)
                  0.14    0.00    2.44 ^ _319_/A2 (sky130_fd_sc_hd__o21ai_2)
     3    0.01    0.06    0.08    2.52 v _319_/Y (sky130_fd_sc_hd__o21ai_2)
                                         _161_ (net)
                  0.06    0.00    2.52 v _373_/A1 (sky130_fd_sc_hd__a21oi_2)
     3    0.00    0.10    0.12    2.64 ^ _373_/Y (sky130_fd_sc_hd__a21oi_2)
                                         _204_ (net)
                  0.10    0.00    2.64 ^ _381_/B (sky130_fd_sc_hd__and2b_1)
     1    0.00    0.04    0.12    2.77 ^ _381_/X (sky130_fd_sc_hd__and2b_1)
                                         _212_ (net)
                  0.04    0.00    2.77 ^ _382_/B (sky130_fd_sc_hd__nor2_1)
     4    0.01    0.04    0.05    2.82 v _382_/Y (sky130_fd_sc_hd__nor2_1)
                                         _213_ (net)
                  0.04    0.00    2.82 v _408_/A0 (sky130_fd_sc_hd__mux2_1)
     1    0.00    0.05    0.27    3.08 v _408_/X (sky130_fd_sc_hd__mux2_1)
                                         _045_ (net)
                  0.05    0.00    3.08 v _409_/A (sky130_fd_sc_hd__clkbuf_1)
     1    0.00    0.02    0.08    3.17 v _409_/X (sky130_fd_sc_hd__clkbuf_1)
                                         _017_ (net)
                  0.02    0.00    3.17 v _451_/D (sky130_fd_sc_hd__dfxtp_1)
                                  3.17   data arrival time

                         10.00   10.00   clock CLK100MHZ (rise edge)
                          0.00   10.00   clock source latency
     1    0.01    0.00    0.00   10.00 ^ CLK100MHZ (in)
                                         CLK100MHZ (net)
                  0.00    0.00   10.00 ^ clkbuf_0_CLK100MHZ/A (sky130_fd_sc_hd__clkbuf_16)
     2    0.02    0.04    0.11   10.11 ^ clkbuf_0_CLK100MHZ/X (sky130_fd_sc_hd__clkbuf_16)
                                         clknet_0_CLK100MHZ (net)
                  0.04    0.00   10.11 ^ clkbuf_1_0__f_CLK100MHZ/A (sky130_fd_sc_hd__clkbuf_16)
    16    0.03    0.05    0.13   10.24 ^ clkbuf_1_0__f_CLK100MHZ/X (sky130_fd_sc_hd__clkbuf_16)
                                         clknet_1_0__leaf_CLK100MHZ (net)
                  0.05    0.00   10.24 ^ _451_/CLK (sky130_fd_sc_hd__dfxtp_1)
                         -0.20   10.04   clock uncertainty
                          0.00   10.04   clock reconvergence pessimism
                         -0.10    9.94   library setup time
                                  9.94   data required time
-----------------------------------------------------------------------------
                                  9.94   data required time
                                 -3.17   data arrival time
-----------------------------------------------------------------------------
                                  6.77   slack (MET)


Startpoint: _462_ (rising edge-triggered flip-flop clocked by CLK100MHZ)
Endpoint: _458_ (rising edge-triggered flip-flop clocked by CLK100MHZ)
Path Group: CLK100MHZ
Path Type: max

Fanout     Cap    Slew   Delay    Time   Description
-----------------------------------------------------------------------------
                          0.00    0.00   clock CLK100MHZ (rise edge)
                          0.00    0.00   clock source latency
     1    0.01    0.00    0.00    0.00 ^ CLK100MHZ (in)
                                         CLK100MHZ (net)
                  0.00    0.00    0.00 ^ clkbuf_0_CLK100MHZ/A (sky130_fd_sc_hd__clkbuf_16)
     2    0.02    0.04    0.11    0.11 ^ clkbuf_0_CLK100MHZ/X (sky130_fd_sc_hd__clkbuf_16)
                                         clknet_0_CLK100MHZ (net)
                  0.04    0.00    0.11 ^ clkbuf_1_1__f_CLK100MHZ/A (sky130_fd_sc_hd__clkbuf_16)
    13    0.03    0.05    0.13    0.24 ^ clkbuf_1_1__f_CLK100MHZ/X (sky130_fd_sc_hd__clkbuf_16)
                                         clknet_1_1__leaf_CLK100MHZ (net)
                  0.05    0.00    0.24 ^ _462_/CLK (sky130_fd_sc_hd__dfrtp_2)
     4    0.01    0.06    0.41    0.65 v _462_/Q (sky130_fd_sc_hd__dfrtp_2)
                                         imem.address[0] (net)
                  0.06    0.00    0.65 v _221_/A (sky130_fd_sc_hd__clkbuf_4)
    10    0.02    0.06    0.17    0.82 v _221_/X (sky130_fd_sc_hd__clkbuf_4)
                                         _066_ (net)
                  0.06    0.00    0.82 v _222_/A (sky130_fd_sc_hd__clkbuf_4)
     9    0.02    0.05    0.17    0.99 v _222_/X (sky130_fd_sc_hd__clkbuf_4)
                                         _067_ (net)
                  0.05    0.00    0.99 v _246_/C (sky130_fd_sc_hd__and3b_1)
     1    0.00    0.03    0.17    1.16 v _246_/X (sky130_fd_sc_hd__and3b_1)
                                         _088_ (net)
                  0.03    0.00    1.16 v _247_/A (sky130_fd_sc_hd__buf_2)
     7    0.02    0.05    0.14    1.30 v _247_/X (sky130_fd_sc_hd__buf_2)
                                         _089_ (net)
                  0.05    0.00    1.30 v _248_/B (sky130_fd_sc_hd__or2_1)
     1    0.00    0.04    0.20    1.49 v _248_/X (sky130_fd_sc_hd__or2_1)
                                         _090_ (net)
                  0.04    0.00    1.49 v _249_/A (sky130_fd_sc_hd__clkbuf_2)
     5    0.01    0.05    0.12    1.62 v _249_/X (sky130_fd_sc_hd__clkbuf_2)
                                         _091_ (net)
                  0.05    0.00    1.62 v _266_/A2 (sky130_fd_sc_hd__a21o_1)
     2    0.00    0.04    0.18    1.80 v _266_/X (sky130_fd_sc_hd__a21o_1)
                                         _108_ (net)
                  0.04    0.00    1.80 v _268_/B (sky130_fd_sc_hd__or3_2)
     2    0.01    0.09    0.46    2.25 v _268_/X (sky130_fd_sc_hd__or3_2)
                                         _110_ (net)
                  0.09    0.00    2.25 v _269_/B_N (sky130_fd_sc_hd__or2b_1)
     2    0.01    0.07    0.19    2.44 ^ _269_/X (sky130_fd_sc_hd__or2b_1)
                                         _111_ (net)
                  0.07    0.00    2.44 ^ _272_/A2 (sky130_fd_sc_hd__a21oi_2)
     1    0.00    0.05    0.06    2.50 v _272_/Y (sky130_fd_sc_hd__a21oi_2)
                                         _114_ (net)
                  0.05    0.00    2.50 v _296_/A2 (sky130_fd_sc_hd__a22o_4)
     9    0.02    0.07    0.29    2.79 v _296_/X (sky130_fd_sc_hd__a22o_4)
                                         _138_ (net)
                  0.07    0.00    2.79 v _426_/A1 (sky130_fd_sc_hd__mux2_1)
     1    0.00    0.05    0.29    3.07 v _426_/X (sky130_fd_sc_hd__mux2_1)
                                         _056_ (net)
                  0.05    0.00    3.07 v _427_/A (sky130_fd_sc_hd__clkbuf_1)
     1    0.00    0.02    0.08    3.16 v _427_/X (sky130_fd_sc_hd__clkbuf_1)
                                         _024_ (net)
                  0.02    0.00    3.16 v _458_/D (sky130_fd_sc_hd__dfxtp_1)
                                  3.16   data arrival time

                         10.00   10.00   clock CLK100MHZ (rise edge)
                          0.00   10.00   clock source latency
     1    0.01    0.00    0.00   10.00 ^ CLK100MHZ (in)
                                         CLK100MHZ (net)
                  0.00    0.00   10.00 ^ clkbuf_0_CLK100MHZ/A (sky130_fd_sc_hd__clkbuf_16)
     2    0.02    0.04    0.11   10.11 ^ clkbuf_0_CLK100MHZ/X (sky130_fd_sc_hd__clkbuf_16)
                                         clknet_0_CLK100MHZ (net)
                  0.04    0.00   10.11 ^ clkbuf_1_1__f_CLK100MHZ/A (sky130_fd_sc_hd__clkbuf_16)
    13    0.03    0.05    0.13   10.24 ^ clkbuf_1_1__f_CLK100MHZ/X (sky130_fd_sc_hd__clkbuf_16)
                                         clknet_1_1__leaf_CLK100MHZ (net)
                  0.05    0.00   10.24 ^ _458_/CLK (sky130_fd_sc_hd__dfxtp_1)
                         -0.20   10.04   clock uncertainty
                          0.00   10.04   clock reconvergence pessimism
                         -0.10    9.94   library setup time
                                  9.94   data required time
-----------------------------------------------------------------------------
                                  9.94   data required time
                                 -3.16   data arrival time
-----------------------------------------------------------------------------
                                  6.78   slack (MET)


Startpoint: _462_ (rising edge-triggered flip-flop clocked by CLK100MHZ)
Endpoint: _438_ (rising edge-triggered flip-flop clocked by CLK100MHZ)
Path Group: CLK100MHZ
Path Type: max

Fanout     Cap    Slew   Delay    Time   Description
-----------------------------------------------------------------------------
                          0.00    0.00   clock CLK100MHZ (rise edge)
                          0.00    0.00   clock source latency
     1    0.01    0.00    0.00    0.00 ^ CLK100MHZ (in)
                                         CLK100MHZ (net)
                  0.00    0.00    0.00 ^ clkbuf_0_CLK100MHZ/A (sky130_fd_sc_hd__clkbuf_16)
     2    0.02    0.04    0.11    0.11 ^ clkbuf_0_CLK100MHZ/X (sky130_fd_sc_hd__clkbuf_16)
                                         clknet_0_CLK100MHZ (net)
                  0.04    0.00    0.11 ^ clkbuf_1_1__f_CLK100MHZ/A (sky130_fd_sc_hd__clkbuf_16)
    13    0.03    0.05    0.13    0.24 ^ clkbuf_1_1__f_CLK100MHZ/X (sky130_fd_sc_hd__clkbuf_16)
                                         clknet_1_1__leaf_CLK100MHZ (net)
                  0.05    0.00    0.24 ^ _462_/CLK (sky130_fd_sc_hd__dfrtp_2)
     4    0.01    0.06    0.41    0.65 v _462_/Q (sky130_fd_sc_hd__dfrtp_2)
                                         imem.address[0] (net)
                  0.06    0.00    0.65 v _221_/A (sky130_fd_sc_hd__clkbuf_4)
    10    0.02    0.06    0.17    0.82 v _221_/X (sky130_fd_sc_hd__clkbuf_4)
                                         _066_ (net)
                  0.06    0.00    0.82 v _222_/A (sky130_fd_sc_hd__clkbuf_4)
     9    0.02    0.05    0.17    0.99 v _222_/X (sky130_fd_sc_hd__clkbuf_4)
                                         _067_ (net)
                  0.05    0.00    0.99 v _246_/C (sky130_fd_sc_hd__and3b_1)
     1    0.00    0.03    0.17    1.16 v _246_/X (sky130_fd_sc_hd__and3b_1)
                                         _088_ (net)
                  0.03    0.00    1.16 v _247_/A (sky130_fd_sc_hd__buf_2)
     7    0.02    0.05    0.14    1.30 v _247_/X (sky130_fd_sc_hd__buf_2)
                                         _089_ (net)
                  0.05    0.00    1.30 v _248_/B (sky130_fd_sc_hd__or2_1)
     1    0.00    0.04    0.20    1.49 v _248_/X (sky130_fd_sc_hd__or2_1)
                                         _090_ (net)
                  0.04    0.00    1.49 v _249_/A (sky130_fd_sc_hd__clkbuf_2)
     5    0.01    0.05    0.12    1.62 v _249_/X (sky130_fd_sc_hd__clkbuf_2)
                                         _091_ (net)
                  0.05    0.00    1.62 v _266_/A2 (sky130_fd_sc_hd__a21o_1)
     2    0.00    0.04    0.18    1.80 v _266_/X (sky130_fd_sc_hd__a21o_1)
                                         _108_ (net)
                  0.04    0.00    1.80 v _268_/B (sky130_fd_sc_hd__or3_2)
     2    0.01    0.09    0.46    2.25 v _268_/X (sky130_fd_sc_hd__or3_2)
                                         _110_ (net)
                  0.09    0.00    2.25 v _269_/B_N (sky130_fd_sc_hd__or2b_1)
     2    0.01    0.07    0.19    2.44 ^ _269_/X (sky130_fd_sc_hd__or2b_1)
                                         _111_ (net)
                  0.07    0.00    2.44 ^ _272_/A2 (sky130_fd_sc_hd__a21oi_2)
     1    0.00    0.05    0.06    2.50 v _272_/Y (sky130_fd_sc_hd__a21oi_2)
                                         _114_ (net)
                  0.05    0.00    2.50 v _296_/A2 (sky130_fd_sc_hd__a22o_4)
     9    0.02    0.07    0.29    2.79 v _296_/X (sky130_fd_sc_hd__a22o_4)
                                         _138_ (net)
                  0.07    0.00    2.79 v _367_/A1 (sky130_fd_sc_hd__mux2_1)
     1    0.00    0.05    0.29    3.07 v _367_/X (sky130_fd_sc_hd__mux2_1)
                                         _201_ (net)
                  0.05    0.00    3.07 v _368_/A (sky130_fd_sc_hd__clkbuf_1)
     1    0.00    0.02    0.08    3.16 v _368_/X (sky130_fd_sc_hd__clkbuf_1)
                                         _004_ (net)
                  0.02    0.00    3.16 v _438_/D (sky130_fd_sc_hd__dfxtp_1)
                                  3.16   data arrival time

                         10.00   10.00   clock CLK100MHZ (rise edge)
                          0.00   10.00   clock source latency
     1    0.01    0.00    0.00   10.00 ^ CLK100MHZ (in)
                                         CLK100MHZ (net)
                  0.00    0.00   10.00 ^ clkbuf_0_CLK100MHZ/A (sky130_fd_sc_hd__clkbuf_16)
     2    0.02    0.04    0.11   10.11 ^ clkbuf_0_CLK100MHZ/X (sky130_fd_sc_hd__clkbuf_16)
                                         clknet_0_CLK100MHZ (net)
                  0.04    0.00   10.11 ^ clkbuf_1_1__f_CLK100MHZ/A (sky130_fd_sc_hd__clkbuf_16)
    13    0.03    0.05    0.13   10.24 ^ clkbuf_1_1__f_CLK100MHZ/X (sky130_fd_sc_hd__clkbuf_16)
                                         clknet_1_1__leaf_CLK100MHZ (net)
                  0.05    0.00   10.24 ^ _438_/CLK (sky130_fd_sc_hd__dfxtp_1)
                         -0.20   10.04   clock uncertainty
                          0.00   10.04   clock reconvergence pessimism
                         -0.10    9.94   library setup time
                                  9.94   data required time
-----------------------------------------------------------------------------
                                  9.94   data required time
                                 -3.16   data arrival time
-----------------------------------------------------------------------------
                                  6.78   slack (MET)


Startpoint: _462_ (rising edge-triggered flip-flop clocked by CLK100MHZ)
Endpoint: _443_ (rising edge-triggered flip-flop clocked by CLK100MHZ)
Path Group: CLK100MHZ
Path Type: max

Fanout     Cap    Slew   Delay    Time   Description
-----------------------------------------------------------------------------
                          0.00    0.00   clock CLK100MHZ (rise edge)
                          0.00    0.00   clock source latency
     1    0.01    0.00    0.00    0.00 ^ CLK100MHZ (in)
                                         CLK100MHZ (net)
                  0.00    0.00    0.00 ^ clkbuf_0_CLK100MHZ/A (sky130_fd_sc_hd__clkbuf_16)
     2    0.02    0.04    0.11    0.11 ^ clkbuf_0_CLK100MHZ/X (sky130_fd_sc_hd__clkbuf_16)
                                         clknet_0_CLK100MHZ (net)
                  0.04    0.00    0.11 ^ clkbuf_1_1__f_CLK100MHZ/A (sky130_fd_sc_hd__clkbuf_16)
    13    0.03    0.05    0.13    0.24 ^ clkbuf_1_1__f_CLK100MHZ/X (sky130_fd_sc_hd__clkbuf_16)
                                         clknet_1_1__leaf_CLK100MHZ (net)
                  0.05    0.00    0.24 ^ _462_/CLK (sky130_fd_sc_hd__dfrtp_2)
     4    0.01    0.06    0.41    0.65 v _462_/Q (sky130_fd_sc_hd__dfrtp_2)
                                         imem.address[0] (net)
                  0.06    0.00    0.65 v _221_/A (sky130_fd_sc_hd__clkbuf_4)
    10    0.02    0.06    0.17    0.82 v _221_/X (sky130_fd_sc_hd__clkbuf_4)
                                         _066_ (net)
                  0.06    0.00    0.82 v _222_/A (sky130_fd_sc_hd__clkbuf_4)
     9    0.02    0.05    0.17    0.99 v _222_/X (sky130_fd_sc_hd__clkbuf_4)
                                         _067_ (net)
                  0.05    0.00    0.99 v _246_/C (sky130_fd_sc_hd__and3b_1)
     1    0.00    0.03    0.17    1.16 v _246_/X (sky130_fd_sc_hd__and3b_1)
                                         _088_ (net)
                  0.03    0.00    1.16 v _247_/A (sky130_fd_sc_hd__buf_2)
     7    0.02    0.05    0.14    1.30 v _247_/X (sky130_fd_sc_hd__buf_2)
                                         _089_ (net)
                  0.05    0.00    1.30 v _248_/B (sky130_fd_sc_hd__or2_1)
     1    0.00    0.04    0.20    1.49 v _248_/X (sky130_fd_sc_hd__or2_1)
                                         _090_ (net)
                  0.04    0.00    1.49 v _249_/A (sky130_fd_sc_hd__clkbuf_2)
     5    0.01    0.05    0.12    1.62 v _249_/X (sky130_fd_sc_hd__clkbuf_2)
                                         _091_ (net)
                  0.05    0.00    1.62 v _266_/A2 (sky130_fd_sc_hd__a21o_1)
     2    0.00    0.04    0.18    1.80 v _266_/X (sky130_fd_sc_hd__a21o_1)
                                         _108_ (net)
                  0.04    0.00    1.80 v _268_/B (sky130_fd_sc_hd__or3_2)
     2    0.01    0.09    0.46    2.25 v _268_/X (sky130_fd_sc_hd__or3_2)
                                         _110_ (net)
                  0.09    0.00    2.25 v _269_/B_N (sky130_fd_sc_hd__or2b_1)
     2    0.01    0.07    0.19    2.44 ^ _269_/X (sky130_fd_sc_hd__or2b_1)
                                         _111_ (net)
                  0.07    0.00    2.44 ^ _272_/A2 (sky130_fd_sc_hd__a21oi_2)
     1    0.00    0.05    0.06    2.50 v _272_/Y (sky130_fd_sc_hd__a21oi_2)
                                         _114_ (net)
                  0.05    0.00    2.50 v _296_/A2 (sky130_fd_sc_hd__a22o_4)
     9    0.02    0.07    0.29    2.79 v _296_/X (sky130_fd_sc_hd__a22o_4)
                                         _138_ (net)
                  0.07    0.00    2.79 v _389_/A1 (sky130_fd_sc_hd__mux2_1)
     1    0.00    0.05    0.29    3.07 v _389_/X (sky130_fd_sc_hd__mux2_1)
                                         _034_ (net)
                  0.05    0.00    3.07 v _390_/A (sky130_fd_sc_hd__buf_1)
     1    0.00    0.02    0.08    3.16 v _390_/X (sky130_fd_sc_hd__buf_1)
                                         _009_ (net)
                  0.02    0.00    3.16 v _443_/D (sky130_fd_sc_hd__dfxtp_1)
                                  3.16   data arrival time

                         10.00   10.00   clock CLK100MHZ (rise edge)
                          0.00   10.00   clock source latency
     1    0.01    0.00    0.00   10.00 ^ CLK100MHZ (in)
                                         CLK100MHZ (net)
                  0.00    0.00   10.00 ^ clkbuf_0_CLK100MHZ/A (sky130_fd_sc_hd__clkbuf_16)
     2    0.02    0.04    0.11   10.11 ^ clkbuf_0_CLK100MHZ/X (sky130_fd_sc_hd__clkbuf_16)
                                         clknet_0_CLK100MHZ (net)
                  0.04    0.00   10.11 ^ clkbuf_1_0__f_CLK100MHZ/A (sky130_fd_sc_hd__clkbuf_16)
    16    0.03    0.05    0.13   10.24 ^ clkbuf_1_0__f_CLK100MHZ/X (sky130_fd_sc_hd__clkbuf_16)
                                         clknet_1_0__leaf_CLK100MHZ (net)
                  0.05    0.00   10.24 ^ _443_/CLK (sky130_fd_sc_hd__dfxtp_1)
                         -0.20   10.04   clock uncertainty
                          0.00   10.04   clock reconvergence pessimism
                         -0.10    9.94   library setup time
                                  9.94   data required time
-----------------------------------------------------------------------------
                                  9.94   data required time
                                 -3.16   data arrival time
-----------------------------------------------------------------------------
                                  6.78   slack (MET)


Startpoint: _462_ (rising edge-triggered flip-flop clocked by CLK100MHZ)
Endpoint: _448_ (rising edge-triggered flip-flop clocked by CLK100MHZ)
Path Group: CLK100MHZ
Path Type: max

Fanout     Cap    Slew   Delay    Time   Description
-----------------------------------------------------------------------------
                          0.00    0.00   clock CLK100MHZ (rise edge)
                          0.00    0.00   clock source latency
     1    0.01    0.00    0.00    0.00 ^ CLK100MHZ (in)
                                         CLK100MHZ (net)
                  0.00    0.00    0.00 ^ clkbuf_0_CLK100MHZ/A (sky130_fd_sc_hd__clkbuf_16)
     2    0.02    0.04    0.11    0.11 ^ clkbuf_0_CLK100MHZ/X (sky130_fd_sc_hd__clkbuf_16)
                                         clknet_0_CLK100MHZ (net)
                  0.04    0.00    0.11 ^ clkbuf_1_1__f_CLK100MHZ/A (sky130_fd_sc_hd__clkbuf_16)
    13    0.03    0.05    0.13    0.24 ^ clkbuf_1_1__f_CLK100MHZ/X (sky130_fd_sc_hd__clkbuf_16)
                                         clknet_1_1__leaf_CLK100MHZ (net)
                  0.05    0.00    0.24 ^ _462_/CLK (sky130_fd_sc_hd__dfrtp_2)
     4    0.01    0.06    0.41    0.65 v _462_/Q (sky130_fd_sc_hd__dfrtp_2)
                                         imem.address[0] (net)
                  0.06    0.00    0.65 v _221_/A (sky130_fd_sc_hd__clkbuf_4)
    10    0.02    0.06    0.17    0.82 v _221_/X (sky130_fd_sc_hd__clkbuf_4)
                                         _066_ (net)
                  0.06    0.00    0.82 v _222_/A (sky130_fd_sc_hd__clkbuf_4)
     9    0.02    0.05    0.17    0.99 v _222_/X (sky130_fd_sc_hd__clkbuf_4)
                                         _067_ (net)
                  0.05    0.00    0.99 v _246_/C (sky130_fd_sc_hd__and3b_1)
     1    0.00    0.03    0.17    1.16 v _246_/X (sky130_fd_sc_hd__and3b_1)
                                         _088_ (net)
                  0.03    0.00    1.16 v _247_/A (sky130_fd_sc_hd__buf_2)
     7    0.02    0.05    0.14    1.30 v _247_/X (sky130_fd_sc_hd__buf_2)
                                         _089_ (net)
                  0.05    0.00    1.30 v _248_/B (sky130_fd_sc_hd__or2_1)
     1    0.00    0.04    0.20    1.49 v _248_/X (sky130_fd_sc_hd__or2_1)
                                         _090_ (net)
                  0.04    0.00    1.49 v _249_/A (sky130_fd_sc_hd__clkbuf_2)
     5    0.01    0.05    0.12    1.62 v _249_/X (sky130_fd_sc_hd__clkbuf_2)
                                         _091_ (net)
                  0.05    0.00    1.62 v _266_/A2 (sky130_fd_sc_hd__a21o_1)
     2    0.00    0.04    0.18    1.80 v _266_/X (sky130_fd_sc_hd__a21o_1)
                                         _108_ (net)
                  0.04    0.00    1.80 v _268_/B (sky130_fd_sc_hd__or3_2)
     2    0.01    0.09    0.46    2.25 v _268_/X (sky130_fd_sc_hd__or3_2)
                                         _110_ (net)
                  0.09    0.00    2.25 v _269_/B_N (sky130_fd_sc_hd__or2b_1)
     2    0.01    0.07    0.19    2.44 ^ _269_/X (sky130_fd_sc_hd__or2b_1)
                                         _111_ (net)
                  0.07    0.00    2.44 ^ _272_/A2 (sky130_fd_sc_hd__a21oi_2)
     1    0.00    0.05    0.06    2.50 v _272_/Y (sky130_fd_sc_hd__a21oi_2)
                                         _114_ (net)
                  0.05    0.00    2.50 v _296_/A2 (sky130_fd_sc_hd__a22o_4)
     9    0.02    0.07    0.29    2.79 v _296_/X (sky130_fd_sc_hd__a22o_4)
                                         _138_ (net)
                  0.07    0.00    2.79 v _402_/A0 (sky130_fd_sc_hd__mux2_1)
     1    0.00    0.05    0.28    3.06 v _402_/X (sky130_fd_sc_hd__mux2_1)
                                         _042_ (net)
                  0.05    0.00    3.06 v _403_/A (sky130_fd_sc_hd__clkbuf_1)
     1    0.00    0.02    0.08    3.15 v _403_/X (sky130_fd_sc_hd__clkbuf_1)
                                         _014_ (net)
                  0.02    0.00    3.15 v _448_/D (sky130_fd_sc_hd__dfxtp_1)
                                  3.15   data arrival time

                         10.00   10.00   clock CLK100MHZ (rise edge)
                          0.00   10.00   clock source latency
     1    0.01    0.00    0.00   10.00 ^ CLK100MHZ (in)
                                         CLK100MHZ (net)
                  0.00    0.00   10.00 ^ clkbuf_0_CLK100MHZ/A (sky130_fd_sc_hd__clkbuf_16)
     2    0.02    0.04    0.11   10.11 ^ clkbuf_0_CLK100MHZ/X (sky130_fd_sc_hd__clkbuf_16)
                                         clknet_0_CLK100MHZ (net)
                  0.04    0.00   10.11 ^ clkbuf_1_0__f_CLK100MHZ/A (sky130_fd_sc_hd__clkbuf_16)
    16    0.03    0.05    0.13   10.24 ^ clkbuf_1_0__f_CLK100MHZ/X (sky130_fd_sc_hd__clkbuf_16)
                                         clknet_1_0__leaf_CLK100MHZ (net)
                  0.05    0.00   10.24 ^ _448_/CLK (sky130_fd_sc_hd__dfxtp_1)
                         -0.20   10.04   clock uncertainty
                          0.00   10.04   clock reconvergence pessimism
                         -0.10    9.94   library setup time
                                  9.94   data required time
-----------------------------------------------------------------------------
                                  9.94   data required time
                                 -3.15   data arrival time
-----------------------------------------------------------------------------
                                  6.79   slack (MET)


Startpoint: _462_ (rising edge-triggered flip-flop clocked by CLK100MHZ)
Endpoint: _439_ (rising edge-triggered flip-flop clocked by CLK100MHZ)
Path Group: CLK100MHZ
Path Type: max

Fanout     Cap    Slew   Delay    Time   Description
-----------------------------------------------------------------------------
                          0.00    0.00   clock CLK100MHZ (rise edge)
                          0.00    0.00   clock source latency
     1    0.01    0.00    0.00    0.00 ^ CLK100MHZ (in)
                                         CLK100MHZ (net)
                  0.00    0.00    0.00 ^ clkbuf_0_CLK100MHZ/A (sky130_fd_sc_hd__clkbuf_16)
     2    0.02    0.04    0.11    0.11 ^ clkbuf_0_CLK100MHZ/X (sky130_fd_sc_hd__clkbuf_16)
                                         clknet_0_CLK100MHZ (net)
                  0.04    0.00    0.11 ^ clkbuf_1_1__f_CLK100MHZ/A (sky130_fd_sc_hd__clkbuf_16)
    13    0.03    0.05    0.13    0.24 ^ clkbuf_1_1__f_CLK100MHZ/X (sky130_fd_sc_hd__clkbuf_16)
                                         clknet_1_1__leaf_CLK100MHZ (net)
                  0.05    0.00    0.24 ^ _462_/CLK (sky130_fd_sc_hd__dfrtp_2)
     4    0.01    0.06    0.41    0.65 v _462_/Q (sky130_fd_sc_hd__dfrtp_2)
                                         imem.address[0] (net)
                  0.06    0.00    0.65 v _221_/A (sky130_fd_sc_hd__clkbuf_4)
    10    0.02    0.06    0.17    0.82 v _221_/X (sky130_fd_sc_hd__clkbuf_4)
                                         _066_ (net)
                  0.06    0.00    0.82 v _222_/A (sky130_fd_sc_hd__clkbuf_4)
     9    0.02    0.05    0.17    0.99 v _222_/X (sky130_fd_sc_hd__clkbuf_4)
                                         _067_ (net)
                  0.05    0.00    0.99 v _246_/C (sky130_fd_sc_hd__and3b_1)
     1    0.00    0.03    0.17    1.16 v _246_/X (sky130_fd_sc_hd__and3b_1)
                                         _088_ (net)
                  0.03    0.00    1.16 v _247_/A (sky130_fd_sc_hd__buf_2)
     7    0.02    0.05    0.14    1.30 v _247_/X (sky130_fd_sc_hd__buf_2)
                                         _089_ (net)
                  0.05    0.00    1.30 v _248_/B (sky130_fd_sc_hd__or2_1)
     1    0.00    0.04    0.20    1.49 v _248_/X (sky130_fd_sc_hd__or2_1)
                                         _090_ (net)
                  0.04    0.00    1.49 v _249_/A (sky130_fd_sc_hd__clkbuf_2)
     5    0.01    0.05    0.12    1.62 v _249_/X (sky130_fd_sc_hd__clkbuf_2)
                                         _091_ (net)
                  0.05    0.00    1.62 v _266_/A2 (sky130_fd_sc_hd__a21o_1)
     2    0.00    0.04    0.18    1.80 v _266_/X (sky130_fd_sc_hd__a21o_1)
                                         _108_ (net)
                  0.04    0.00    1.80 v _268_/B (sky130_fd_sc_hd__or3_2)
     2    0.01    0.09    0.46    2.25 v _268_/X (sky130_fd_sc_hd__or3_2)
                                         _110_ (net)
                  0.09    0.00    2.25 v _312_/A2 (sky130_fd_sc_hd__a21oi_2)
     3    0.01    0.14    0.19    2.44 ^ _312_/Y (sky130_fd_sc_hd__a21oi_2)
                                         _154_ (net)
                  0.14    0.00    2.44 ^ _314_/A2 (sky130_fd_sc_hd__a21oi_1)
     1    0.00    0.07    0.09    2.53 v _314_/Y (sky130_fd_sc_hd__a21oi_1)
                                         _156_ (net)
                  0.07    0.00    2.53 v _315_/B2 (sky130_fd_sc_hd__a2bb2o_4)
     9    0.02    0.06    0.24    2.77 v _315_/X (sky130_fd_sc_hd__a2bb2o_4)
                                         _157_ (net)
                  0.06    0.00    2.77 v _369_/A1 (sky130_fd_sc_hd__mux2_1)
     1    0.00    0.05    0.28    3.06 v _369_/X (sky130_fd_sc_hd__mux2_1)
                                         _202_ (net)
                  0.05    0.00    3.06 v _370_/A (sky130_fd_sc_hd__clkbuf_1)
     1    0.00    0.02    0.08    3.14 v _370_/X (sky130_fd_sc_hd__clkbuf_1)
                                         _005_ (net)
                  0.02    0.00    3.14 v _439_/D (sky130_fd_sc_hd__dfxtp_1)
                                  3.14   data arrival time

                         10.00   10.00   clock CLK100MHZ (rise edge)
                          0.00   10.00   clock source latency
     1    0.01    0.00    0.00   10.00 ^ CLK100MHZ (in)
                                         CLK100MHZ (net)
                  0.00    0.00   10.00 ^ clkbuf_0_CLK100MHZ/A (sky130_fd_sc_hd__clkbuf_16)
     2    0.02    0.04    0.11   10.11 ^ clkbuf_0_CLK100MHZ/X (sky130_fd_sc_hd__clkbuf_16)
                                         clknet_0_CLK100MHZ (net)
                  0.04    0.00   10.11 ^ clkbuf_1_1__f_CLK100MHZ/A (sky130_fd_sc_hd__clkbuf_16)
    13    0.03    0.05    0.13   10.24 ^ clkbuf_1_1__f_CLK100MHZ/X (sky130_fd_sc_hd__clkbuf_16)
                                         clknet_1_1__leaf_CLK100MHZ (net)
                  0.05    0.00   10.24 ^ _439_/CLK (sky130_fd_sc_hd__dfxtp_1)
                         -0.20   10.04   clock uncertainty
                          0.00   10.04   clock reconvergence pessimism
                         -0.10    9.94   library setup time
                                  9.94   data required time
-----------------------------------------------------------------------------
                                  9.94   data required time
                                 -3.14   data arrival time
-----------------------------------------------------------------------------
                                  6.80   slack (MET)


Startpoint: _462_ (rising edge-triggered flip-flop clocked by CLK100MHZ)
Endpoint: _444_ (rising edge-triggered flip-flop clocked by CLK100MHZ)
Path Group: CLK100MHZ
Path Type: max

Fanout     Cap    Slew   Delay    Time   Description
-----------------------------------------------------------------------------
                          0.00    0.00   clock CLK100MHZ (rise edge)
                          0.00    0.00   clock source latency
     1    0.01    0.00    0.00    0.00 ^ CLK100MHZ (in)
                                         CLK100MHZ (net)
                  0.00    0.00    0.00 ^ clkbuf_0_CLK100MHZ/A (sky130_fd_sc_hd__clkbuf_16)
     2    0.02    0.04    0.11    0.11 ^ clkbuf_0_CLK100MHZ/X (sky130_fd_sc_hd__clkbuf_16)
                                         clknet_0_CLK100MHZ (net)
                  0.04    0.00    0.11 ^ clkbuf_1_1__f_CLK100MHZ/A (sky130_fd_sc_hd__clkbuf_16)
    13    0.03    0.05    0.13    0.24 ^ clkbuf_1_1__f_CLK100MHZ/X (sky130_fd_sc_hd__clkbuf_16)
                                         clknet_1_1__leaf_CLK100MHZ (net)
                  0.05    0.00    0.24 ^ _462_/CLK (sky130_fd_sc_hd__dfrtp_2)
     4    0.01    0.06    0.41    0.65 v _462_/Q (sky130_fd_sc_hd__dfrtp_2)
                                         imem.address[0] (net)
                  0.06    0.00    0.65 v _221_/A (sky130_fd_sc_hd__clkbuf_4)
    10    0.02    0.06    0.17    0.82 v _221_/X (sky130_fd_sc_hd__clkbuf_4)
                                         _066_ (net)
                  0.06    0.00    0.82 v _222_/A (sky130_fd_sc_hd__clkbuf_4)
     9    0.02    0.05    0.17    0.99 v _222_/X (sky130_fd_sc_hd__clkbuf_4)
                                         _067_ (net)
                  0.05    0.00    0.99 v _246_/C (sky130_fd_sc_hd__and3b_1)
     1    0.00    0.03    0.17    1.16 v _246_/X (sky130_fd_sc_hd__and3b_1)
                                         _088_ (net)
                  0.03    0.00    1.16 v _247_/A (sky130_fd_sc_hd__buf_2)
     7    0.02    0.05    0.14    1.30 v _247_/X (sky130_fd_sc_hd__buf_2)
                                         _089_ (net)
                  0.05    0.00    1.30 v _248_/B (sky130_fd_sc_hd__or2_1)
     1    0.00    0.04    0.20    1.49 v _248_/X (sky130_fd_sc_hd__or2_1)
                                         _090_ (net)
                  0.04    0.00    1.49 v _249_/A (sky130_fd_sc_hd__clkbuf_2)
     5    0.01    0.05    0.12    1.62 v _249_/X (sky130_fd_sc_hd__clkbuf_2)
                                         _091_ (net)
                  0.05    0.00    1.62 v _266_/A2 (sky130_fd_sc_hd__a21o_1)
     2    0.00    0.04    0.18    1.80 v _266_/X (sky130_fd_sc_hd__a21o_1)
                                         _108_ (net)
                  0.04    0.00    1.80 v _268_/B (sky130_fd_sc_hd__or3_2)
     2    0.01    0.09    0.46    2.25 v _268_/X (sky130_fd_sc_hd__or3_2)
                                         _110_ (net)
                  0.09    0.00    2.25 v _312_/A2 (sky130_fd_sc_hd__a21oi_2)
     3    0.01    0.14    0.19    2.44 ^ _312_/Y (sky130_fd_sc_hd__a21oi_2)
                                         _154_ (net)
                  0.14    0.00    2.44 ^ _314_/A2 (sky130_fd_sc_hd__a21oi_1)
     1    0.00    0.07    0.09    2.53 v _314_/Y (sky130_fd_sc_hd__a21oi_1)
                                         _156_ (net)
                  0.07    0.00    2.53 v _315_/B2 (sky130_fd_sc_hd__a2bb2o_4)
     9    0.02    0.06    0.24    2.77 v _315_/X (sky130_fd_sc_hd__a2bb2o_4)
                                         _157_ (net)
                  0.06    0.00    2.77 v _391_/A1 (sky130_fd_sc_hd__mux2_1)
     1    0.00    0.05    0.28    3.06 v _391_/X (sky130_fd_sc_hd__mux2_1)
                                         _035_ (net)
                  0.05    0.00    3.06 v _392_/A (sky130_fd_sc_hd__clkbuf_1)
     1    0.00    0.02    0.08    3.14 v _392_/X (sky130_fd_sc_hd__clkbuf_1)
                                         _010_ (net)
                  0.02    0.00    3.14 v _444_/D (sky130_fd_sc_hd__dfxtp_1)
                                  3.14   data arrival time

                         10.00   10.00   clock CLK100MHZ (rise edge)
                          0.00   10.00   clock source latency
     1    0.01    0.00    0.00   10.00 ^ CLK100MHZ (in)
                                         CLK100MHZ (net)
                  0.00    0.00   10.00 ^ clkbuf_0_CLK100MHZ/A (sky130_fd_sc_hd__clkbuf_16)
     2    0.02    0.04    0.11   10.11 ^ clkbuf_0_CLK100MHZ/X (sky130_fd_sc_hd__clkbuf_16)
                                         clknet_0_CLK100MHZ (net)
                  0.04    0.00   10.11 ^ clkbuf_1_1__f_CLK100MHZ/A (sky130_fd_sc_hd__clkbuf_16)
    13    0.03    0.05    0.13   10.24 ^ clkbuf_1_1__f_CLK100MHZ/X (sky130_fd_sc_hd__clkbuf_16)
                                         clknet_1_1__leaf_CLK100MHZ (net)
                  0.05    0.00   10.24 ^ _444_/CLK (sky130_fd_sc_hd__dfxtp_1)
                         -0.20   10.04   clock uncertainty
                          0.00   10.04   clock reconvergence pessimism
                         -0.10    9.94   library setup time
                                  9.94   data required time
-----------------------------------------------------------------------------
                                  9.94   data required time
                                 -3.14   data arrival time
-----------------------------------------------------------------------------
                                  6.80   slack (MET)


Startpoint: _462_ (rising edge-triggered flip-flop clocked by CLK100MHZ)
Endpoint: _459_ (rising edge-triggered flip-flop clocked by CLK100MHZ)
Path Group: CLK100MHZ
Path Type: max

Fanout     Cap    Slew   Delay    Time   Description
-----------------------------------------------------------------------------
                          0.00    0.00   clock CLK100MHZ (rise edge)
                          0.00    0.00   clock source latency
     1    0.01    0.00    0.00    0.00 ^ CLK100MHZ (in)
                                         CLK100MHZ (net)
                  0.00    0.00    0.00 ^ clkbuf_0_CLK100MHZ/A (sky130_fd_sc_hd__clkbuf_16)
     2    0.02    0.04    0.11    0.11 ^ clkbuf_0_CLK100MHZ/X (sky130_fd_sc_hd__clkbuf_16)
                                         clknet_0_CLK100MHZ (net)
                  0.04    0.00    0.11 ^ clkbuf_1_1__f_CLK100MHZ/A (sky130_fd_sc_hd__clkbuf_16)
    13    0.03    0.05    0.13    0.24 ^ clkbuf_1_1__f_CLK100MHZ/X (sky130_fd_sc_hd__clkbuf_16)
                                         clknet_1_1__leaf_CLK100MHZ (net)
                  0.05    0.00    0.24 ^ _462_/CLK (sky130_fd_sc_hd__dfrtp_2)
     4    0.01    0.06    0.41    0.65 v _462_/Q (sky130_fd_sc_hd__dfrtp_2)
                                         imem.address[0] (net)
                  0.06    0.00    0.65 v _221_/A (sky130_fd_sc_hd__clkbuf_4)
    10    0.02    0.06    0.17    0.82 v _221_/X (sky130_fd_sc_hd__clkbuf_4)
                                         _066_ (net)
                  0.06    0.00    0.82 v _222_/A (sky130_fd_sc_hd__clkbuf_4)
     9    0.02    0.05    0.17    0.99 v _222_/X (sky130_fd_sc_hd__clkbuf_4)
                                         _067_ (net)
                  0.05    0.00    0.99 v _246_/C (sky130_fd_sc_hd__and3b_1)
     1    0.00    0.03    0.17    1.16 v _246_/X (sky130_fd_sc_hd__and3b_1)
                                         _088_ (net)
                  0.03    0.00    1.16 v _247_/A (sky130_fd_sc_hd__buf_2)
     7    0.02    0.05    0.14    1.30 v _247_/X (sky130_fd_sc_hd__buf_2)
                                         _089_ (net)
                  0.05    0.00    1.30 v _248_/B (sky130_fd_sc_hd__or2_1)
     1    0.00    0.04    0.20    1.49 v _248_/X (sky130_fd_sc_hd__or2_1)
                                         _090_ (net)
                  0.04    0.00    1.49 v _249_/A (sky130_fd_sc_hd__clkbuf_2)
     5    0.01    0.05    0.12    1.62 v _249_/X (sky130_fd_sc_hd__clkbuf_2)
                                         _091_ (net)
                  0.05    0.00    1.62 v _266_/A2 (sky130_fd_sc_hd__a21o_1)
     2    0.00    0.04    0.18    1.80 v _266_/X (sky130_fd_sc_hd__a21o_1)
                                         _108_ (net)
                  0.04    0.00    1.80 v _268_/B (sky130_fd_sc_hd__or3_2)
     2    0.01    0.09    0.46    2.25 v _268_/X (sky130_fd_sc_hd__or3_2)
                                         _110_ (net)
                  0.09    0.00    2.25 v _312_/A2 (sky130_fd_sc_hd__a21oi_2)
     3    0.01    0.14    0.19    2.44 ^ _312_/Y (sky130_fd_sc_hd__a21oi_2)
                                         _154_ (net)
                  0.14    0.00    2.44 ^ _314_/A2 (sky130_fd_sc_hd__a21oi_1)
     1    0.00    0.07    0.09    2.53 v _314_/Y (sky130_fd_sc_hd__a21oi_1)
                                         _156_ (net)
                  0.07    0.00    2.53 v _315_/B2 (sky130_fd_sc_hd__a2bb2o_4)
     9    0.02    0.06    0.24    2.77 v _315_/X (sky130_fd_sc_hd__a2bb2o_4)
                                         _157_ (net)
                  0.06    0.00    2.77 v _428_/A1 (sky130_fd_sc_hd__mux2_1)
     1    0.00    0.05    0.28    3.06 v _428_/X (sky130_fd_sc_hd__mux2_1)
                                         _057_ (net)
                  0.05    0.00    3.06 v _429_/A (sky130_fd_sc_hd__buf_1)
     1    0.00    0.02    0.08    3.14 v _429_/X (sky130_fd_sc_hd__buf_1)
                                         _025_ (net)
                  0.02    0.00    3.14 v _459_/D (sky130_fd_sc_hd__dfxtp_1)
                                  3.14   data arrival time

                         10.00   10.00   clock CLK100MHZ (rise edge)
                          0.00   10.00   clock source latency
     1    0.01    0.00    0.00   10.00 ^ CLK100MHZ (in)
                                         CLK100MHZ (net)
                  0.00    0.00   10.00 ^ clkbuf_0_CLK100MHZ/A (sky130_fd_sc_hd__clkbuf_16)
     2    0.02    0.04    0.11   10.11 ^ clkbuf_0_CLK100MHZ/X (sky130_fd_sc_hd__clkbuf_16)
                                         clknet_0_CLK100MHZ (net)
                  0.04    0.00   10.11 ^ clkbuf_1_0__f_CLK100MHZ/A (sky130_fd_sc_hd__clkbuf_16)
    16    0.03    0.05    0.13   10.24 ^ clkbuf_1_0__f_CLK100MHZ/X (sky130_fd_sc_hd__clkbuf_16)
                                         clknet_1_0__leaf_CLK100MHZ (net)
                  0.05    0.00   10.24 ^ _459_/CLK (sky130_fd_sc_hd__dfxtp_1)
                         -0.20   10.04   clock uncertainty
                          0.00   10.04   clock reconvergence pessimism
                         -0.10    9.94   library setup time
                                  9.94   data required time
-----------------------------------------------------------------------------
                                  9.94   data required time
                                 -3.14   data arrival time
-----------------------------------------------------------------------------
                                  6.80   slack (MET)


Startpoint: _462_ (rising edge-triggered flip-flop clocked by CLK100MHZ)
Endpoint: _449_ (rising edge-triggered flip-flop clocked by CLK100MHZ)
Path Group: CLK100MHZ
Path Type: max

Fanout     Cap    Slew   Delay    Time   Description
-----------------------------------------------------------------------------
                          0.00    0.00   clock CLK100MHZ (rise edge)
                          0.00    0.00   clock source latency
     1    0.01    0.00    0.00    0.00 ^ CLK100MHZ (in)
                                         CLK100MHZ (net)
                  0.00    0.00    0.00 ^ clkbuf_0_CLK100MHZ/A (sky130_fd_sc_hd__clkbuf_16)
     2    0.02    0.04    0.11    0.11 ^ clkbuf_0_CLK100MHZ/X (sky130_fd_sc_hd__clkbuf_16)
                                         clknet_0_CLK100MHZ (net)
                  0.04    0.00    0.11 ^ clkbuf_1_1__f_CLK100MHZ/A (sky130_fd_sc_hd__clkbuf_16)
    13    0.03    0.05    0.13    0.24 ^ clkbuf_1_1__f_CLK100MHZ/X (sky130_fd_sc_hd__clkbuf_16)
                                         clknet_1_1__leaf_CLK100MHZ (net)
                  0.05    0.00    0.24 ^ _462_/CLK (sky130_fd_sc_hd__dfrtp_2)
     4    0.01    0.06    0.41    0.65 v _462_/Q (sky130_fd_sc_hd__dfrtp_2)
                                         imem.address[0] (net)
                  0.06    0.00    0.65 v _221_/A (sky130_fd_sc_hd__clkbuf_4)
    10    0.02    0.06    0.17    0.82 v _221_/X (sky130_fd_sc_hd__clkbuf_4)
                                         _066_ (net)
                  0.06    0.00    0.82 v _222_/A (sky130_fd_sc_hd__clkbuf_4)
     9    0.02    0.05    0.17    0.99 v _222_/X (sky130_fd_sc_hd__clkbuf_4)
                                         _067_ (net)
                  0.05    0.00    0.99 v _246_/C (sky130_fd_sc_hd__and3b_1)
     1    0.00    0.03    0.17    1.16 v _246_/X (sky130_fd_sc_hd__and3b_1)
                                         _088_ (net)
                  0.03    0.00    1.16 v _247_/A (sky130_fd_sc_hd__buf_2)
     7    0.02    0.05    0.14    1.30 v _247_/X (sky130_fd_sc_hd__buf_2)
                                         _089_ (net)
                  0.05    0.00    1.30 v _248_/B (sky130_fd_sc_hd__or2_1)
     1    0.00    0.04    0.20    1.49 v _248_/X (sky130_fd_sc_hd__or2_1)
                                         _090_ (net)
                  0.04    0.00    1.49 v _249_/A (sky130_fd_sc_hd__clkbuf_2)
     5    0.01    0.05    0.12    1.62 v _249_/X (sky130_fd_sc_hd__clkbuf_2)
                                         _091_ (net)
                  0.05    0.00    1.62 v _266_/A2 (sky130_fd_sc_hd__a21o_1)
     2    0.00    0.04    0.18    1.80 v _266_/X (sky130_fd_sc_hd__a21o_1)
                                         _108_ (net)
                  0.04    0.00    1.80 v _268_/B (sky130_fd_sc_hd__or3_2)
     2    0.01    0.09    0.46    2.25 v _268_/X (sky130_fd_sc_hd__or3_2)
                                         _110_ (net)
                  0.09    0.00    2.25 v _312_/A2 (sky130_fd_sc_hd__a21oi_2)
     3    0.01    0.14    0.19    2.44 ^ _312_/Y (sky130_fd_sc_hd__a21oi_2)
                                         _154_ (net)
                  0.14    0.00    2.44 ^ _314_/A2 (sky130_fd_sc_hd__a21oi_1)
     1    0.00    0.07    0.09    2.53 v _314_/Y (sky130_fd_sc_hd__a21oi_1)
                                         _156_ (net)
                  0.07    0.00    2.53 v _315_/B2 (sky130_fd_sc_hd__a2bb2o_4)
     9    0.02    0.06    0.24    2.77 v _315_/X (sky130_fd_sc_hd__a2bb2o_4)
                                         _157_ (net)
                  0.06    0.00    2.77 v _404_/A0 (sky130_fd_sc_hd__mux2_1)
     1    0.00    0.05    0.27    3.05 v _404_/X (sky130_fd_sc_hd__mux2_1)
                                         _043_ (net)
                  0.05    0.00    3.05 v _405_/A (sky130_fd_sc_hd__buf_1)
     1    0.00    0.02    0.08    3.13 v _405_/X (sky130_fd_sc_hd__buf_1)
                                         _015_ (net)
                  0.02    0.00    3.13 v _449_/D (sky130_fd_sc_hd__dfxtp_1)
                                  3.13   data arrival time

                         10.00   10.00   clock CLK100MHZ (rise edge)
                          0.00   10.00   clock source latency
     1    0.01    0.00    0.00   10.00 ^ CLK100MHZ (in)
                                         CLK100MHZ (net)
                  0.00    0.00   10.00 ^ clkbuf_0_CLK100MHZ/A (sky130_fd_sc_hd__clkbuf_16)
     2    0.02    0.04    0.11   10.11 ^ clkbuf_0_CLK100MHZ/X (sky130_fd_sc_hd__clkbuf_16)
                                         clknet_0_CLK100MHZ (net)
                  0.04    0.00   10.11 ^ clkbuf_1_0__f_CLK100MHZ/A (sky130_fd_sc_hd__clkbuf_16)
    16    0.03    0.05    0.13   10.24 ^ clkbuf_1_0__f_CLK100MHZ/X (sky130_fd_sc_hd__clkbuf_16)
                                         clknet_1_0__leaf_CLK100MHZ (net)
                  0.05    0.00   10.24 ^ _449_/CLK (sky130_fd_sc_hd__dfxtp_1)
                         -0.20   10.04   clock uncertainty
                          0.00   10.04   clock reconvergence pessimism
                         -0.10    9.94   library setup time
                                  9.94   data required time
-----------------------------------------------------------------------------
                                  9.94   data required time
                                 -3.13   data arrival time
-----------------------------------------------------------------------------
                                  6.81   slack (MET)


Startpoint: _464_ (rising edge-triggered flip-flop clocked by CLK100MHZ)
Endpoint: _457_ (rising edge-triggered flip-flop clocked by CLK100MHZ)
Path Group: CLK100MHZ
Path Type: max

Fanout     Cap    Slew   Delay    Time   Description
-----------------------------------------------------------------------------
                          0.00    0.00   clock CLK100MHZ (rise edge)
                          0.00    0.00   clock source latency
     1    0.01    0.00    0.00    0.00 ^ CLK100MHZ (in)
                                         CLK100MHZ (net)
                  0.00    0.00    0.00 ^ clkbuf_0_CLK100MHZ/A (sky130_fd_sc_hd__clkbuf_16)
     2    0.02    0.04    0.11    0.11 ^ clkbuf_0_CLK100MHZ/X (sky130_fd_sc_hd__clkbuf_16)
                                         clknet_0_CLK100MHZ (net)
                  0.04    0.00    0.11 ^ clkbuf_1_0__f_CLK100MHZ/A (sky130_fd_sc_hd__clkbuf_16)
    16    0.03    0.05    0.13    0.24 ^ clkbuf_1_0__f_CLK100MHZ/X (sky130_fd_sc_hd__clkbuf_16)
                                         clknet_1_0__leaf_CLK100MHZ (net)
                  0.05    0.00    0.24 ^ _464_/CLK (sky130_fd_sc_hd__dfrtp_1)
     3    0.01    0.06    0.38    0.62 v _464_/Q (sky130_fd_sc_hd__dfrtp_1)
                                         imem.address[2] (net)
                  0.06    0.00    0.62 v _215_/A (sky130_fd_sc_hd__clkbuf_4)
    10    0.03    0.07    0.18    0.80 v _215_/X (sky130_fd_sc_hd__clkbuf_4)
                                         _060_ (net)
                  0.07    0.00    0.80 v _216_/A (sky130_fd_sc_hd__clkbuf_2)
     5    0.01    0.04    0.13    0.92 v _216_/X (sky130_fd_sc_hd__clkbuf_2)
                                         _061_ (net)
                  0.04    0.00    0.92 v _234_/A (sky130_fd_sc_hd__or2b_2)
     3    0.01    0.08    0.33    1.25 v _234_/X (sky130_fd_sc_hd__or2b_2)
                                         _076_ (net)
                  0.08    0.00    1.25 v _239_/A2 (sky130_fd_sc_hd__a31o_2)
     5    0.02    0.07    0.28    1.53 v _239_/X (sky130_fd_sc_hd__a31o_2)
                                         _081_ (net)
                  0.07    0.00    1.53 v _240_/A (sky130_fd_sc_hd__buf_1)
     3    0.00    0.04    0.11    1.64 v _240_/X (sky130_fd_sc_hd__buf_1)
                                         _082_ (net)
                  0.04    0.00    1.64 v _241_/A (sky130_fd_sc_hd__dlymetal6s2s_1)
     3    0.01    0.06    0.15    1.79 v _241_/X (sky130_fd_sc_hd__dlymetal6s2s_1)
                                         _083_ (net)
                  0.06    0.00    1.79 v _275_/A (sky130_fd_sc_hd__buf_1)
     2    0.00    0.04    0.10    1.89 v _275_/X (sky130_fd_sc_hd__buf_1)
                                         _117_ (net)
                  0.04    0.00    1.89 v _304_/A (sky130_fd_sc_hd__nand2_1)
     2    0.00    0.06    0.06    1.95 ^ _304_/Y (sky130_fd_sc_hd__nand2_1)
                                         _146_ (net)
                  0.06    0.00    1.95 ^ _341_/A2 (sky130_fd_sc_hd__a21oi_1)
     1    0.00    0.04    0.06    2.01 v _341_/Y (sky130_fd_sc_hd__a21oi_1)
                                         _183_ (net)
                  0.04    0.00    2.01 v _342_/B1 (sky130_fd_sc_hd__a31o_2)
     9    0.02    0.08    0.26    2.27 v _342_/X (sky130_fd_sc_hd__a31o_2)
                                         _184_ (net)
                  0.08    0.00    2.27 v _424_/A1 (sky130_fd_sc_hd__mux2_1)
     1    0.00    0.05    0.29    2.56 v _424_/X (sky130_fd_sc_hd__mux2_1)
                                         _055_ (net)
                  0.05    0.00    2.56 v _425_/A (sky130_fd_sc_hd__clkbuf_1)
     1    0.00    0.02    0.08    2.64 v _425_/X (sky130_fd_sc_hd__clkbuf_1)
                                         _023_ (net)
                  0.02    0.00    2.64 v _457_/D (sky130_fd_sc_hd__dfxtp_1)
                                  2.64   data arrival time

                         10.00   10.00   clock CLK100MHZ (rise edge)
                          0.00   10.00   clock source latency
     1    0.01    0.00    0.00   10.00 ^ CLK100MHZ (in)
                                         CLK100MHZ (net)
                  0.00    0.00   10.00 ^ clkbuf_0_CLK100MHZ/A (sky130_fd_sc_hd__clkbuf_16)
     2    0.02    0.04    0.11   10.11 ^ clkbuf_0_CLK100MHZ/X (sky130_fd_sc_hd__clkbuf_16)
                                         clknet_0_CLK100MHZ (net)
                  0.04    0.00   10.11 ^ clkbuf_1_1__f_CLK100MHZ/A (sky130_fd_sc_hd__clkbuf_16)
    13    0.03    0.05    0.13   10.24 ^ clkbuf_1_1__f_CLK100MHZ/X (sky130_fd_sc_hd__clkbuf_16)
                                         clknet_1_1__leaf_CLK100MHZ (net)
                  0.05    0.00   10.24 ^ _457_/CLK (sky130_fd_sc_hd__dfxtp_1)
                         -0.20   10.04   clock uncertainty
                          0.00   10.04   clock reconvergence pessimism
                         -0.10    9.94   library setup time
                                  9.94   data required time
-----------------------------------------------------------------------------
                                  9.94   data required time
                                 -2.64   data arrival time
-----------------------------------------------------------------------------
                                  7.30   slack (MET)


Startpoint: _464_ (rising edge-triggered flip-flop clocked by CLK100MHZ)
Endpoint: _442_ (rising edge-triggered flip-flop clocked by CLK100MHZ)
Path Group: CLK100MHZ
Path Type: max

Fanout     Cap    Slew   Delay    Time   Description
-----------------------------------------------------------------------------
                          0.00    0.00   clock CLK100MHZ (rise edge)
                          0.00    0.00   clock source latency
     1    0.01    0.00    0.00    0.00 ^ CLK100MHZ (in)
                                         CLK100MHZ (net)
                  0.00    0.00    0.00 ^ clkbuf_0_CLK100MHZ/A (sky130_fd_sc_hd__clkbuf_16)
     2    0.02    0.04    0.11    0.11 ^ clkbuf_0_CLK100MHZ/X (sky130_fd_sc_hd__clkbuf_16)
                                         clknet_0_CLK100MHZ (net)
                  0.04    0.00    0.11 ^ clkbuf_1_0__f_CLK100MHZ/A (sky130_fd_sc_hd__clkbuf_16)
    16    0.03    0.05    0.13    0.24 ^ clkbuf_1_0__f_CLK100MHZ/X (sky130_fd_sc_hd__clkbuf_16)
                                         clknet_1_0__leaf_CLK100MHZ (net)
                  0.05    0.00    0.24 ^ _464_/CLK (sky130_fd_sc_hd__dfrtp_1)
     3    0.01    0.06    0.38    0.62 v _464_/Q (sky130_fd_sc_hd__dfrtp_1)
                                         imem.address[2] (net)
                  0.06    0.00    0.62 v _215_/A (sky130_fd_sc_hd__clkbuf_4)
    10    0.03    0.07    0.18    0.80 v _215_/X (sky130_fd_sc_hd__clkbuf_4)
                                         _060_ (net)
                  0.07    0.00    0.80 v _216_/A (sky130_fd_sc_hd__clkbuf_2)
     5    0.01    0.04    0.13    0.92 v _216_/X (sky130_fd_sc_hd__clkbuf_2)
                                         _061_ (net)
                  0.04    0.00    0.92 v _234_/A (sky130_fd_sc_hd__or2b_2)
     3    0.01    0.08    0.33    1.25 v _234_/X (sky130_fd_sc_hd__or2b_2)
                                         _076_ (net)
                  0.08    0.00    1.25 v _239_/A2 (sky130_fd_sc_hd__a31o_2)
     5    0.02    0.07    0.28    1.53 v _239_/X (sky130_fd_sc_hd__a31o_2)
                                         _081_ (net)
                  0.07    0.00    1.53 v _240_/A (sky130_fd_sc_hd__buf_1)
     3    0.00    0.04    0.11    1.64 v _240_/X (sky130_fd_sc_hd__buf_1)
                                         _082_ (net)
                  0.04    0.00    1.64 v _241_/A (sky130_fd_sc_hd__dlymetal6s2s_1)
     3    0.01    0.06    0.15    1.79 v _241_/X (sky130_fd_sc_hd__dlymetal6s2s_1)
                                         _083_ (net)
                  0.06    0.00    1.79 v _275_/A (sky130_fd_sc_hd__buf_1)
     2    0.00    0.04    0.10    1.89 v _275_/X (sky130_fd_sc_hd__buf_1)
                                         _117_ (net)
                  0.04    0.00    1.89 v _304_/A (sky130_fd_sc_hd__nand2_1)
     2    0.00    0.06    0.06    1.95 ^ _304_/Y (sky130_fd_sc_hd__nand2_1)
                                         _146_ (net)
                  0.06    0.00    1.95 ^ _341_/A2 (sky130_fd_sc_hd__a21oi_1)
     1    0.00    0.04    0.06    2.01 v _341_/Y (sky130_fd_sc_hd__a21oi_1)
                                         _183_ (net)
                  0.04    0.00    2.01 v _342_/B1 (sky130_fd_sc_hd__a31o_2)
     9    0.02    0.08    0.26    2.27 v _342_/X (sky130_fd_sc_hd__a31o_2)
                                         _184_ (net)
                  0.08    0.00    2.27 v _387_/A1 (sky130_fd_sc_hd__mux2_1)
     1    0.00    0.05    0.29    2.56 v _387_/X (sky130_fd_sc_hd__mux2_1)
                                         _033_ (net)
                  0.05    0.00    2.56 v _388_/A (sky130_fd_sc_hd__clkbuf_1)
     1    0.00    0.02    0.08    2.64 v _388_/X (sky130_fd_sc_hd__clkbuf_1)
                                         _008_ (net)
                  0.02    0.00    2.64 v _442_/D (sky130_fd_sc_hd__dfxtp_1)
                                  2.64   data arrival time

                         10.00   10.00   clock CLK100MHZ (rise edge)
                          0.00   10.00   clock source latency
     1    0.01    0.00    0.00   10.00 ^ CLK100MHZ (in)
                                         CLK100MHZ (net)
                  0.00    0.00   10.00 ^ clkbuf_0_CLK100MHZ/A (sky130_fd_sc_hd__clkbuf_16)
     2    0.02    0.04    0.11   10.11 ^ clkbuf_0_CLK100MHZ/X (sky130_fd_sc_hd__clkbuf_16)
                                         clknet_0_CLK100MHZ (net)
                  0.04    0.00   10.11 ^ clkbuf_1_1__f_CLK100MHZ/A (sky130_fd_sc_hd__clkbuf_16)
    13    0.03    0.05    0.13   10.24 ^ clkbuf_1_1__f_CLK100MHZ/X (sky130_fd_sc_hd__clkbuf_16)
                                         clknet_1_1__leaf_CLK100MHZ (net)
                  0.05    0.00   10.24 ^ _442_/CLK (sky130_fd_sc_hd__dfxtp_1)
                         -0.20   10.04   clock uncertainty
                          0.00   10.04   clock reconvergence pessimism
                         -0.10    9.94   library setup time
                                  9.94   data required time
-----------------------------------------------------------------------------
                                  9.94   data required time
                                 -2.64   data arrival time
-----------------------------------------------------------------------------
                                  7.30   slack (MET)


Startpoint: _464_ (rising edge-triggered flip-flop clocked by CLK100MHZ)
Endpoint: _437_ (rising edge-triggered flip-flop clocked by CLK100MHZ)
Path Group: CLK100MHZ
Path Type: max

Fanout     Cap    Slew   Delay    Time   Description
-----------------------------------------------------------------------------
                          0.00    0.00   clock CLK100MHZ (rise edge)
                          0.00    0.00   clock source latency
     1    0.01    0.00    0.00    0.00 ^ CLK100MHZ (in)
                                         CLK100MHZ (net)
                  0.00    0.00    0.00 ^ clkbuf_0_CLK100MHZ/A (sky130_fd_sc_hd__clkbuf_16)
     2    0.02    0.04    0.11    0.11 ^ clkbuf_0_CLK100MHZ/X (sky130_fd_sc_hd__clkbuf_16)
                                         clknet_0_CLK100MHZ (net)
                  0.04    0.00    0.11 ^ clkbuf_1_0__f_CLK100MHZ/A (sky130_fd_sc_hd__clkbuf_16)
    16    0.03    0.05    0.13    0.24 ^ clkbuf_1_0__f_CLK100MHZ/X (sky130_fd_sc_hd__clkbuf_16)
                                         clknet_1_0__leaf_CLK100MHZ (net)
                  0.05    0.00    0.24 ^ _464_/CLK (sky130_fd_sc_hd__dfrtp_1)
     3    0.01    0.06    0.38    0.62 v _464_/Q (sky130_fd_sc_hd__dfrtp_1)
                                         imem.address[2] (net)
                  0.06    0.00    0.62 v _215_/A (sky130_fd_sc_hd__clkbuf_4)
    10    0.03    0.07    0.18    0.80 v _215_/X (sky130_fd_sc_hd__clkbuf_4)
                                         _060_ (net)
                  0.07    0.00    0.80 v _216_/A (sky130_fd_sc_hd__clkbuf_2)
     5    0.01    0.04    0.13    0.92 v _216_/X (sky130_fd_sc_hd__clkbuf_2)
                                         _061_ (net)
                  0.04    0.00    0.92 v _234_/A (sky130_fd_sc_hd__or2b_2)
     3    0.01    0.08    0.33    1.25 v _234_/X (sky130_fd_sc_hd__or2b_2)
                                         _076_ (net)
                  0.08    0.00    1.25 v _239_/A2 (sky130_fd_sc_hd__a31o_2)
     5    0.02    0.07    0.28    1.53 v _239_/X (sky130_fd_sc_hd__a31o_2)
                                         _081_ (net)
                  0.07    0.00    1.53 v _240_/A (sky130_fd_sc_hd__buf_1)
     3    0.00    0.04    0.11    1.64 v _240_/X (sky130_fd_sc_hd__buf_1)
                                         _082_ (net)
                  0.04    0.00    1.64 v _241_/A (sky130_fd_sc_hd__dlymetal6s2s_1)
     3    0.01    0.06    0.15    1.79 v _241_/X (sky130_fd_sc_hd__dlymetal6s2s_1)
                                         _083_ (net)
                  0.06    0.00    1.79 v _275_/A (sky130_fd_sc_hd__buf_1)
     2    0.00    0.04    0.10    1.89 v _275_/X (sky130_fd_sc_hd__buf_1)
                                         _117_ (net)
                  0.04    0.00    1.89 v _304_/A (sky130_fd_sc_hd__nand2_1)
     2    0.00    0.06    0.06    1.95 ^ _304_/Y (sky130_fd_sc_hd__nand2_1)
                                         _146_ (net)
                  0.06    0.00    1.95 ^ _341_/A2 (sky130_fd_sc_hd__a21oi_1)
     1    0.00    0.04    0.06    2.01 v _341_/Y (sky130_fd_sc_hd__a21oi_1)
                                         _183_ (net)
                  0.04    0.00    2.01 v _342_/B1 (sky130_fd_sc_hd__a31o_2)
     9    0.02    0.08    0.26    2.27 v _342_/X (sky130_fd_sc_hd__a31o_2)
                                         _184_ (net)
                  0.08    0.00    2.27 v _365_/A1 (sky130_fd_sc_hd__mux2_1)
     1    0.00    0.05    0.29    2.56 v _365_/X (sky130_fd_sc_hd__mux2_1)
                                         _200_ (net)
                  0.05    0.00    2.56 v _366_/A (sky130_fd_sc_hd__clkbuf_1)
     1    0.00    0.02    0.08    2.64 v _366_/X (sky130_fd_sc_hd__clkbuf_1)
                                         _003_ (net)
                  0.02    0.00    2.64 v _437_/D (sky130_fd_sc_hd__dfxtp_1)
                                  2.64   data arrival time

                         10.00   10.00   clock CLK100MHZ (rise edge)
                          0.00   10.00   clock source latency
     1    0.01    0.00    0.00   10.00 ^ CLK100MHZ (in)
                                         CLK100MHZ (net)
                  0.00    0.00   10.00 ^ clkbuf_0_CLK100MHZ/A (sky130_fd_sc_hd__clkbuf_16)
     2    0.02    0.04    0.11   10.11 ^ clkbuf_0_CLK100MHZ/X (sky130_fd_sc_hd__clkbuf_16)
                                         clknet_0_CLK100MHZ (net)
                  0.04    0.00   10.11 ^ clkbuf_1_0__f_CLK100MHZ/A (sky130_fd_sc_hd__clkbuf_16)
    16    0.03    0.05    0.13   10.24 ^ clkbuf_1_0__f_CLK100MHZ/X (sky130_fd_sc_hd__clkbuf_16)
                                         clknet_1_0__leaf_CLK100MHZ (net)
                  0.05    0.00   10.24 ^ _437_/CLK (sky130_fd_sc_hd__dfxtp_1)
                         -0.20   10.04   clock uncertainty
                          0.00   10.04   clock reconvergence pessimism
                         -0.10    9.94   library setup time
                                  9.94   data required time
-----------------------------------------------------------------------------
                                  9.94   data required time
                                 -2.64   data arrival time
-----------------------------------------------------------------------------
                                  7.30   slack (MET)


Startpoint: _464_ (rising edge-triggered flip-flop clocked by CLK100MHZ)
Endpoint: _447_ (rising edge-triggered flip-flop clocked by CLK100MHZ)
Path Group: CLK100MHZ
Path Type: max

Fanout     Cap    Slew   Delay    Time   Description
-----------------------------------------------------------------------------
                          0.00    0.00   clock CLK100MHZ (rise edge)
                          0.00    0.00   clock source latency
     1    0.01    0.00    0.00    0.00 ^ CLK100MHZ (in)
                                         CLK100MHZ (net)
                  0.00    0.00    0.00 ^ clkbuf_0_CLK100MHZ/A (sky130_fd_sc_hd__clkbuf_16)
     2    0.02    0.04    0.11    0.11 ^ clkbuf_0_CLK100MHZ/X (sky130_fd_sc_hd__clkbuf_16)
                                         clknet_0_CLK100MHZ (net)
                  0.04    0.00    0.11 ^ clkbuf_1_0__f_CLK100MHZ/A (sky130_fd_sc_hd__clkbuf_16)
    16    0.03    0.05    0.13    0.24 ^ clkbuf_1_0__f_CLK100MHZ/X (sky130_fd_sc_hd__clkbuf_16)
                                         clknet_1_0__leaf_CLK100MHZ (net)
                  0.05    0.00    0.24 ^ _464_/CLK (sky130_fd_sc_hd__dfrtp_1)
     3    0.01    0.06    0.38    0.62 v _464_/Q (sky130_fd_sc_hd__dfrtp_1)
                                         imem.address[2] (net)
                  0.06    0.00    0.62 v _215_/A (sky130_fd_sc_hd__clkbuf_4)
    10    0.03    0.07    0.18    0.80 v _215_/X (sky130_fd_sc_hd__clkbuf_4)
                                         _060_ (net)
                  0.07    0.00    0.80 v _216_/A (sky130_fd_sc_hd__clkbuf_2)
     5    0.01    0.04    0.13    0.92 v _216_/X (sky130_fd_sc_hd__clkbuf_2)
                                         _061_ (net)
                  0.04    0.00    0.92 v _234_/A (sky130_fd_sc_hd__or2b_2)
     3    0.01    0.08    0.33    1.25 v _234_/X (sky130_fd_sc_hd__or2b_2)
                                         _076_ (net)
                  0.08    0.00    1.25 v _239_/A2 (sky130_fd_sc_hd__a31o_2)
     5    0.02    0.07    0.28    1.53 v _239_/X (sky130_fd_sc_hd__a31o_2)
                                         _081_ (net)
                  0.07    0.00    1.53 v _240_/A (sky130_fd_sc_hd__buf_1)
     3    0.00    0.04    0.11    1.64 v _240_/X (sky130_fd_sc_hd__buf_1)
                                         _082_ (net)
                  0.04    0.00    1.64 v _241_/A (sky130_fd_sc_hd__dlymetal6s2s_1)
     3    0.01    0.06    0.15    1.79 v _241_/X (sky130_fd_sc_hd__dlymetal6s2s_1)
                                         _083_ (net)
                  0.06    0.00    1.79 v _275_/A (sky130_fd_sc_hd__buf_1)
     2    0.00    0.04    0.10    1.89 v _275_/X (sky130_fd_sc_hd__buf_1)
                                         _117_ (net)
                  0.04    0.00    1.89 v _304_/A (sky130_fd_sc_hd__nand2_1)
     2    0.00    0.06    0.06    1.95 ^ _304_/Y (sky130_fd_sc_hd__nand2_1)
                                         _146_ (net)
                  0.06    0.00    1.95 ^ _341_/A2 (sky130_fd_sc_hd__a21oi_1)
     1    0.00    0.04    0.06    2.01 v _341_/Y (sky130_fd_sc_hd__a21oi_1)
                                         _183_ (net)
                  0.04    0.00    2.01 v _342_/B1 (sky130_fd_sc_hd__a31o_2)
     9    0.02    0.08    0.26    2.27 v _342_/X (sky130_fd_sc_hd__a31o_2)
                                         _184_ (net)
                  0.08    0.00    2.27 v _400_/A0 (sky130_fd_sc_hd__mux2_1)
     1    0.00    0.05    0.28    2.55 v _400_/X (sky130_fd_sc_hd__mux2_1)
                                         _041_ (net)
                  0.05    0.00    2.55 v _401_/A (sky130_fd_sc_hd__buf_1)
     1    0.00    0.02    0.08    2.63 v _401_/X (sky130_fd_sc_hd__buf_1)
                                         _013_ (net)
                  0.02    0.00    2.63 v _447_/D (sky130_fd_sc_hd__dfxtp_1)
                                  2.63   data arrival time

                         10.00   10.00   clock CLK100MHZ (rise edge)
                          0.00   10.00   clock source latency
     1    0.01    0.00    0.00   10.00 ^ CLK100MHZ (in)
                                         CLK100MHZ (net)
                  0.00    0.00   10.00 ^ clkbuf_0_CLK100MHZ/A (sky130_fd_sc_hd__clkbuf_16)
     2    0.02    0.04    0.11   10.11 ^ clkbuf_0_CLK100MHZ/X (sky130_fd_sc_hd__clkbuf_16)
                                         clknet_0_CLK100MHZ (net)
                  0.04    0.00   10.11 ^ clkbuf_1_1__f_CLK100MHZ/A (sky130_fd_sc_hd__clkbuf_16)
    13    0.03    0.05    0.13   10.24 ^ clkbuf_1_1__f_CLK100MHZ/X (sky130_fd_sc_hd__clkbuf_16)
                                         clknet_1_1__leaf_CLK100MHZ (net)
                  0.05    0.00   10.24 ^ _447_/CLK (sky130_fd_sc_hd__dfxtp_1)
                         -0.20   10.04   clock uncertainty
                          0.00   10.04   clock reconvergence pessimism
                         -0.10    9.94   library setup time
                                  9.94   data required time
-----------------------------------------------------------------------------
                                  9.94   data required time
                                 -2.63   data arrival time
-----------------------------------------------------------------------------
                                  7.31   slack (MET)


Startpoint: _464_ (rising edge-triggered flip-flop clocked by CLK100MHZ)
Endpoint: _452_ (rising edge-triggered flip-flop clocked by CLK100MHZ)
Path Group: CLK100MHZ
Path Type: max

Fanout     Cap    Slew   Delay    Time   Description
-----------------------------------------------------------------------------
                          0.00    0.00   clock CLK100MHZ (rise edge)
                          0.00    0.00   clock source latency
     1    0.01    0.00    0.00    0.00 ^ CLK100MHZ (in)
                                         CLK100MHZ (net)
                  0.00    0.00    0.00 ^ clkbuf_0_CLK100MHZ/A (sky130_fd_sc_hd__clkbuf_16)
     2    0.02    0.04    0.11    0.11 ^ clkbuf_0_CLK100MHZ/X (sky130_fd_sc_hd__clkbuf_16)
                                         clknet_0_CLK100MHZ (net)
                  0.04    0.00    0.11 ^ clkbuf_1_0__f_CLK100MHZ/A (sky130_fd_sc_hd__clkbuf_16)
    16    0.03    0.05    0.13    0.24 ^ clkbuf_1_0__f_CLK100MHZ/X (sky130_fd_sc_hd__clkbuf_16)
                                         clknet_1_0__leaf_CLK100MHZ (net)
                  0.05    0.00    0.24 ^ _464_/CLK (sky130_fd_sc_hd__dfrtp_1)
     3    0.01    0.09    0.35    0.59 ^ _464_/Q (sky130_fd_sc_hd__dfrtp_1)
                                         imem.address[2] (net)
                  0.09    0.00    0.59 ^ _215_/A (sky130_fd_sc_hd__clkbuf_4)
    10    0.03    0.10    0.19    0.78 ^ _215_/X (sky130_fd_sc_hd__clkbuf_4)
                                         _060_ (net)
                  0.10    0.00    0.78 ^ _216_/A (sky130_fd_sc_hd__clkbuf_2)
     5    0.01    0.06    0.14    0.92 ^ _216_/X (sky130_fd_sc_hd__clkbuf_2)
                                         _061_ (net)
                  0.06    0.00    0.92 ^ _217_/A (sky130_fd_sc_hd__clkbuf_1)
     1    0.00    0.04    0.08    1.00 ^ _217_/X (sky130_fd_sc_hd__clkbuf_1)
                                         _062_ (net)
                  0.04    0.00    1.00 ^ _218_/A (sky130_fd_sc_hd__buf_1)
     1    0.00    0.03    0.07    1.07 ^ _218_/X (sky130_fd_sc_hd__buf_1)
                                         _063_ (net)
                  0.03    0.00    1.07 ^ _219_/A (sky130_fd_sc_hd__buf_2)
     6    0.01    0.08    0.13    1.20 ^ _219_/X (sky130_fd_sc_hd__buf_2)
                                         _064_ (net)
                  0.08    0.00    1.20 ^ _410_/A (sky130_fd_sc_hd__nand3_1)
     1    0.00    0.05    0.06    1.26 v _410_/Y (sky130_fd_sc_hd__nand3_1)
                                         _046_ (net)
                  0.05    0.00    1.26 v _411_/A (sky130_fd_sc_hd__clkbuf_2)
     5    0.01    0.04    0.11    1.37 v _411_/X (sky130_fd_sc_hd__clkbuf_2)
                                         _047_ (net)
                  0.04    0.00    1.37 v _412_/B (sky130_fd_sc_hd__and2_1)
     1    0.00    0.03    0.14    1.52 v _412_/X (sky130_fd_sc_hd__and2_1)
                                         _048_ (net)
                  0.03    0.00    1.52 v _413_/A (sky130_fd_sc_hd__clkbuf_1)
     1    0.00    0.02    0.08    1.59 v _413_/X (sky130_fd_sc_hd__clkbuf_1)
                                         _018_ (net)
                  0.02    0.00    1.59 v _452_/D (sky130_fd_sc_hd__dfxtp_1)
                                  1.59   data arrival time

                         10.00   10.00   clock CLK100MHZ (rise edge)
                          0.00   10.00   clock source latency
     1    0.01    0.00    0.00   10.00 ^ CLK100MHZ (in)
                                         CLK100MHZ (net)
                  0.00    0.00   10.00 ^ clkbuf_0_CLK100MHZ/A (sky130_fd_sc_hd__clkbuf_16)
     2    0.02    0.04    0.11   10.11 ^ clkbuf_0_CLK100MHZ/X (sky130_fd_sc_hd__clkbuf_16)
                                         clknet_0_CLK100MHZ (net)
                  0.04    0.00   10.11 ^ clkbuf_1_1__f_CLK100MHZ/A (sky130_fd_sc_hd__clkbuf_16)
    13    0.03    0.05    0.13   10.24 ^ clkbuf_1_1__f_CLK100MHZ/X (sky130_fd_sc_hd__clkbuf_16)
                                         clknet_1_1__leaf_CLK100MHZ (net)
                  0.05    0.00   10.24 ^ _452_/CLK (sky130_fd_sc_hd__dfxtp_1)
                         -0.20   10.04   clock uncertainty
                          0.00   10.04   clock reconvergence pessimism
                         -0.10    9.94   library setup time
                                  9.94   data required time
-----------------------------------------------------------------------------
                                  9.94   data required time
                                 -1.59   data arrival time
-----------------------------------------------------------------------------
                                  8.35   slack (MET)


Startpoint: _464_ (rising edge-triggered flip-flop clocked by CLK100MHZ)
Endpoint: _456_ (rising edge-triggered flip-flop clocked by CLK100MHZ)
Path Group: CLK100MHZ
Path Type: max

Fanout     Cap    Slew   Delay    Time   Description
-----------------------------------------------------------------------------
                          0.00    0.00   clock CLK100MHZ (rise edge)
                          0.00    0.00   clock source latency
     1    0.01    0.00    0.00    0.00 ^ CLK100MHZ (in)
                                         CLK100MHZ (net)
                  0.00    0.00    0.00 ^ clkbuf_0_CLK100MHZ/A (sky130_fd_sc_hd__clkbuf_16)
     2    0.02    0.04    0.11    0.11 ^ clkbuf_0_CLK100MHZ/X (sky130_fd_sc_hd__clkbuf_16)
                                         clknet_0_CLK100MHZ (net)
                  0.04    0.00    0.11 ^ clkbuf_1_0__f_CLK100MHZ/A (sky130_fd_sc_hd__clkbuf_16)
    16    0.03    0.05    0.13    0.24 ^ clkbuf_1_0__f_CLK100MHZ/X (sky130_fd_sc_hd__clkbuf_16)
                                         clknet_1_0__leaf_CLK100MHZ (net)
                  0.05    0.00    0.24 ^ _464_/CLK (sky130_fd_sc_hd__dfrtp_1)
     3    0.01    0.09    0.35    0.59 ^ _464_/Q (sky130_fd_sc_hd__dfrtp_1)
                                         imem.address[2] (net)
                  0.09    0.00    0.59 ^ _215_/A (sky130_fd_sc_hd__clkbuf_4)
    10    0.03    0.10    0.19    0.78 ^ _215_/X (sky130_fd_sc_hd__clkbuf_4)
                                         _060_ (net)
                  0.10    0.00    0.78 ^ _216_/A (sky130_fd_sc_hd__clkbuf_2)
     5    0.01    0.06    0.14    0.92 ^ _216_/X (sky130_fd_sc_hd__clkbuf_2)
                                         _061_ (net)
                  0.06    0.00    0.92 ^ _217_/A (sky130_fd_sc_hd__clkbuf_1)
     1    0.00    0.04    0.08    1.00 ^ _217_/X (sky130_fd_sc_hd__clkbuf_1)
                                         _062_ (net)
                  0.04    0.00    1.00 ^ _218_/A (sky130_fd_sc_hd__buf_1)
     1    0.00    0.03    0.07    1.07 ^ _218_/X (sky130_fd_sc_hd__buf_1)
                                         _063_ (net)
                  0.03    0.00    1.07 ^ _219_/A (sky130_fd_sc_hd__buf_2)
     6    0.01    0.08    0.13    1.20 ^ _219_/X (sky130_fd_sc_hd__buf_2)
                                         _064_ (net)
                  0.08    0.00    1.20 ^ _410_/A (sky130_fd_sc_hd__nand3_1)
     1    0.00    0.05    0.06    1.26 v _410_/Y (sky130_fd_sc_hd__nand3_1)
                                         _046_ (net)
                  0.05    0.00    1.26 v _411_/A (sky130_fd_sc_hd__clkbuf_2)
     5    0.01    0.04    0.11    1.37 v _411_/X (sky130_fd_sc_hd__clkbuf_2)
                                         _047_ (net)
                  0.04    0.00    1.37 v _420_/B (sky130_fd_sc_hd__and2_1)
     1    0.00    0.03    0.14    1.52 v _420_/X (sky130_fd_sc_hd__and2_1)
                                         _052_ (net)
                  0.03    0.00    1.52 v _421_/A (sky130_fd_sc_hd__clkbuf_1)
     1    0.00    0.02    0.08    1.59 v _421_/X (sky130_fd_sc_hd__clkbuf_1)
                                         _022_ (net)
                  0.02    0.00    1.59 v _456_/D (sky130_fd_sc_hd__dfxtp_1)
                                  1.59   data arrival time

                         10.00   10.00   clock CLK100MHZ (rise edge)
                          0.00   10.00   clock source latency
     1    0.01    0.00    0.00   10.00 ^ CLK100MHZ (in)
                                         CLK100MHZ (net)
                  0.00    0.00   10.00 ^ clkbuf_0_CLK100MHZ/A (sky130_fd_sc_hd__clkbuf_16)
     2    0.02    0.04    0.11   10.11 ^ clkbuf_0_CLK100MHZ/X (sky130_fd_sc_hd__clkbuf_16)
                                         clknet_0_CLK100MHZ (net)
                  0.04    0.00   10.11 ^ clkbuf_1_1__f_CLK100MHZ/A (sky130_fd_sc_hd__clkbuf_16)
    13    0.03    0.05    0.13   10.24 ^ clkbuf_1_1__f_CLK100MHZ/X (sky130_fd_sc_hd__clkbuf_16)
                                         clknet_1_1__leaf_CLK100MHZ (net)
                  0.05    0.00   10.24 ^ _456_/CLK (sky130_fd_sc_hd__dfxtp_1)
                         -0.20   10.04   clock uncertainty
                          0.00   10.04   clock reconvergence pessimism
                         -0.10    9.94   library setup time
                                  9.94   data required time
-----------------------------------------------------------------------------
                                  9.94   data required time
                                 -1.59   data arrival time
-----------------------------------------------------------------------------
                                  8.35   slack (MET)


Startpoint: _464_ (rising edge-triggered flip-flop clocked by CLK100MHZ)
Endpoint: _454_ (rising edge-triggered flip-flop clocked by CLK100MHZ)
Path Group: CLK100MHZ
Path Type: max

Fanout     Cap    Slew   Delay    Time   Description
-----------------------------------------------------------------------------
                          0.00    0.00   clock CLK100MHZ (rise edge)
                          0.00    0.00   clock source latency
     1    0.01    0.00    0.00    0.00 ^ CLK100MHZ (in)
                                         CLK100MHZ (net)
                  0.00    0.00    0.00 ^ clkbuf_0_CLK100MHZ/A (sky130_fd_sc_hd__clkbuf_16)
     2    0.02    0.04    0.11    0.11 ^ clkbuf_0_CLK100MHZ/X (sky130_fd_sc_hd__clkbuf_16)
                                         clknet_0_CLK100MHZ (net)
                  0.04    0.00    0.11 ^ clkbuf_1_0__f_CLK100MHZ/A (sky130_fd_sc_hd__clkbuf_16)
    16    0.03    0.05    0.13    0.24 ^ clkbuf_1_0__f_CLK100MHZ/X (sky130_fd_sc_hd__clkbuf_16)
                                         clknet_1_0__leaf_CLK100MHZ (net)
                  0.05    0.00    0.24 ^ _464_/CLK (sky130_fd_sc_hd__dfrtp_1)
     3    0.01    0.09    0.35    0.59 ^ _464_/Q (sky130_fd_sc_hd__dfrtp_1)
                                         imem.address[2] (net)
                  0.09    0.00    0.59 ^ _215_/A (sky130_fd_sc_hd__clkbuf_4)
    10    0.03    0.10    0.19    0.78 ^ _215_/X (sky130_fd_sc_hd__clkbuf_4)
                                         _060_ (net)
                  0.10    0.00    0.78 ^ _216_/A (sky130_fd_sc_hd__clkbuf_2)
     5    0.01    0.06    0.14    0.92 ^ _216_/X (sky130_fd_sc_hd__clkbuf_2)
                                         _061_ (net)
                  0.06    0.00    0.92 ^ _217_/A (sky130_fd_sc_hd__clkbuf_1)
     1    0.00    0.04    0.08    1.00 ^ _217_/X (sky130_fd_sc_hd__clkbuf_1)
                                         _062_ (net)
                  0.04    0.00    1.00 ^ _218_/A (sky130_fd_sc_hd__buf_1)
     1    0.00    0.03    0.07    1.07 ^ _218_/X (sky130_fd_sc_hd__buf_1)
                                         _063_ (net)
                  0.03    0.00    1.07 ^ _219_/A (sky130_fd_sc_hd__buf_2)
     6    0.01    0.08    0.13    1.20 ^ _219_/X (sky130_fd_sc_hd__buf_2)
                                         _064_ (net)
                  0.08    0.00    1.20 ^ _410_/A (sky130_fd_sc_hd__nand3_1)
     1    0.00    0.05    0.06    1.26 v _410_/Y (sky130_fd_sc_hd__nand3_1)
                                         _046_ (net)
                  0.05    0.00    1.26 v _411_/A (sky130_fd_sc_hd__clkbuf_2)
     5    0.01    0.04    0.11    1.37 v _411_/X (sky130_fd_sc_hd__clkbuf_2)
                                         _047_ (net)
                  0.04    0.00    1.37 v _416_/B (sky130_fd_sc_hd__and2_1)
     1    0.00    0.03    0.14    1.52 v _416_/X (sky130_fd_sc_hd__and2_1)
                                         _050_ (net)
                  0.03    0.00    1.52 v _417_/A (sky130_fd_sc_hd__buf_1)
     1    0.00    0.02    0.08    1.59 v _417_/X (sky130_fd_sc_hd__buf_1)
                                         _020_ (net)
                  0.02    0.00    1.59 v _454_/D (sky130_fd_sc_hd__dfxtp_1)
                                  1.59   data arrival time

                         10.00   10.00   clock CLK100MHZ (rise edge)
                          0.00   10.00   clock source latency
     1    0.01    0.00    0.00   10.00 ^ CLK100MHZ (in)
                                         CLK100MHZ (net)
                  0.00    0.00   10.00 ^ clkbuf_0_CLK100MHZ/A (sky130_fd_sc_hd__clkbuf_16)
     2    0.02    0.04    0.11   10.11 ^ clkbuf_0_CLK100MHZ/X (sky130_fd_sc_hd__clkbuf_16)
                                         clknet_0_CLK100MHZ (net)
                  0.04    0.00   10.11 ^ clkbuf_1_0__f_CLK100MHZ/A (sky130_fd_sc_hd__clkbuf_16)
    16    0.03    0.05    0.13   10.24 ^ clkbuf_1_0__f_CLK100MHZ/X (sky130_fd_sc_hd__clkbuf_16)
                                         clknet_1_0__leaf_CLK100MHZ (net)
                  0.05    0.00   10.24 ^ _454_/CLK (sky130_fd_sc_hd__dfxtp_1)
                         -0.20   10.04   clock uncertainty
                          0.00   10.04   clock reconvergence pessimism
                         -0.10    9.94   library setup time
                                  9.94   data required time
-----------------------------------------------------------------------------
                                  9.94   data required time
                                 -1.59   data arrival time
-----------------------------------------------------------------------------
                                  8.35   slack (MET)


Startpoint: _464_ (rising edge-triggered flip-flop clocked by CLK100MHZ)
Endpoint: _453_ (rising edge-triggered flip-flop clocked by CLK100MHZ)
Path Group: CLK100MHZ
Path Type: max

Fanout     Cap    Slew   Delay    Time   Description
-----------------------------------------------------------------------------
                          0.00    0.00   clock CLK100MHZ (rise edge)
                          0.00    0.00   clock source latency
     1    0.01    0.00    0.00    0.00 ^ CLK100MHZ (in)
                                         CLK100MHZ (net)
                  0.00    0.00    0.00 ^ clkbuf_0_CLK100MHZ/A (sky130_fd_sc_hd__clkbuf_16)
     2    0.02    0.04    0.11    0.11 ^ clkbuf_0_CLK100MHZ/X (sky130_fd_sc_hd__clkbuf_16)
                                         clknet_0_CLK100MHZ (net)
                  0.04    0.00    0.11 ^ clkbuf_1_0__f_CLK100MHZ/A (sky130_fd_sc_hd__clkbuf_16)
    16    0.03    0.05    0.13    0.24 ^ clkbuf_1_0__f_CLK100MHZ/X (sky130_fd_sc_hd__clkbuf_16)
                                         clknet_1_0__leaf_CLK100MHZ (net)
                  0.05    0.00    0.24 ^ _464_/CLK (sky130_fd_sc_hd__dfrtp_1)
     3    0.01    0.09    0.35    0.59 ^ _464_/Q (sky130_fd_sc_hd__dfrtp_1)
                                         imem.address[2] (net)
                  0.09    0.00    0.59 ^ _215_/A (sky130_fd_sc_hd__clkbuf_4)
    10    0.03    0.10    0.19    0.78 ^ _215_/X (sky130_fd_sc_hd__clkbuf_4)
                                         _060_ (net)
                  0.10    0.00    0.78 ^ _216_/A (sky130_fd_sc_hd__clkbuf_2)
     5    0.01    0.06    0.14    0.92 ^ _216_/X (sky130_fd_sc_hd__clkbuf_2)
                                         _061_ (net)
                  0.06    0.00    0.92 ^ _217_/A (sky130_fd_sc_hd__clkbuf_1)
     1    0.00    0.04    0.08    1.00 ^ _217_/X (sky130_fd_sc_hd__clkbuf_1)
                                         _062_ (net)
                  0.04    0.00    1.00 ^ _218_/A (sky130_fd_sc_hd__buf_1)
     1    0.00    0.03    0.07    1.07 ^ _218_/X (sky130_fd_sc_hd__buf_1)
                                         _063_ (net)
                  0.03    0.00    1.07 ^ _219_/A (sky130_fd_sc_hd__buf_2)
     6    0.01    0.08    0.13    1.20 ^ _219_/X (sky130_fd_sc_hd__buf_2)
                                         _064_ (net)
                  0.08    0.00    1.20 ^ _410_/A (sky130_fd_sc_hd__nand3_1)
     1    0.00    0.05    0.06    1.26 v _410_/Y (sky130_fd_sc_hd__nand3_1)
                                         _046_ (net)
                  0.05    0.00    1.26 v _411_/A (sky130_fd_sc_hd__clkbuf_2)
     5    0.01    0.04    0.11    1.37 v _411_/X (sky130_fd_sc_hd__clkbuf_2)
                                         _047_ (net)
                  0.04    0.00    1.37 v _414_/B (sky130_fd_sc_hd__and2_1)
     1    0.00    0.03    0.14    1.52 v _414_/X (sky130_fd_sc_hd__and2_1)
                                         _049_ (net)
                  0.03    0.00    1.52 v _415_/A (sky130_fd_sc_hd__clkbuf_1)
     1    0.00    0.02    0.08    1.59 v _415_/X (sky130_fd_sc_hd__clkbuf_1)
                                         _019_ (net)
                  0.02    0.00    1.59 v _453_/D (sky130_fd_sc_hd__dfxtp_1)
                                  1.59   data arrival time

                         10.00   10.00   clock CLK100MHZ (rise edge)
                          0.00   10.00   clock source latency
     1    0.01    0.00    0.00   10.00 ^ CLK100MHZ (in)
                                         CLK100MHZ (net)
                  0.00    0.00   10.00 ^ clkbuf_0_CLK100MHZ/A (sky130_fd_sc_hd__clkbuf_16)
     2    0.02    0.04    0.11   10.11 ^ clkbuf_0_CLK100MHZ/X (sky130_fd_sc_hd__clkbuf_16)
                                         clknet_0_CLK100MHZ (net)
                  0.04    0.00   10.11 ^ clkbuf_1_0__f_CLK100MHZ/A (sky130_fd_sc_hd__clkbuf_16)
    16    0.03    0.05    0.13   10.24 ^ clkbuf_1_0__f_CLK100MHZ/X (sky130_fd_sc_hd__clkbuf_16)
                                         clknet_1_0__leaf_CLK100MHZ (net)
                  0.05    0.00   10.24 ^ _453_/CLK (sky130_fd_sc_hd__dfxtp_1)
                         -0.20   10.04   clock uncertainty
                          0.00   10.04   clock reconvergence pessimism
                         -0.10    9.94   library setup time
                                  9.94   data required time
-----------------------------------------------------------------------------
                                  9.94   data required time
                                 -1.59   data arrival time
-----------------------------------------------------------------------------
                                  8.35   slack (MET)


Startpoint: _464_ (rising edge-triggered flip-flop clocked by CLK100MHZ)
Endpoint: _455_ (rising edge-triggered flip-flop clocked by CLK100MHZ)
Path Group: CLK100MHZ
Path Type: max

Fanout     Cap    Slew   Delay    Time   Description
-----------------------------------------------------------------------------
                          0.00    0.00   clock CLK100MHZ (rise edge)
                          0.00    0.00   clock source latency
     1    0.01    0.00    0.00    0.00 ^ CLK100MHZ (in)
                                         CLK100MHZ (net)
                  0.00    0.00    0.00 ^ clkbuf_0_CLK100MHZ/A (sky130_fd_sc_hd__clkbuf_16)
     2    0.02    0.04    0.11    0.11 ^ clkbuf_0_CLK100MHZ/X (sky130_fd_sc_hd__clkbuf_16)
                                         clknet_0_CLK100MHZ (net)
                  0.04    0.00    0.11 ^ clkbuf_1_0__f_CLK100MHZ/A (sky130_fd_sc_hd__clkbuf_16)
    16    0.03    0.05    0.13    0.24 ^ clkbuf_1_0__f_CLK100MHZ/X (sky130_fd_sc_hd__clkbuf_16)
                                         clknet_1_0__leaf_CLK100MHZ (net)
                  0.05    0.00    0.24 ^ _464_/CLK (sky130_fd_sc_hd__dfrtp_1)
     3    0.01    0.09    0.35    0.59 ^ _464_/Q (sky130_fd_sc_hd__dfrtp_1)
                                         imem.address[2] (net)
                  0.09    0.00    0.59 ^ _215_/A (sky130_fd_sc_hd__clkbuf_4)
    10    0.03    0.10    0.19    0.78 ^ _215_/X (sky130_fd_sc_hd__clkbuf_4)
                                         _060_ (net)
                  0.10    0.00    0.78 ^ _216_/A (sky130_fd_sc_hd__clkbuf_2)
     5    0.01    0.06    0.14    0.92 ^ _216_/X (sky130_fd_sc_hd__clkbuf_2)
                                         _061_ (net)
                  0.06    0.00    0.92 ^ _217_/A (sky130_fd_sc_hd__clkbuf_1)
     1    0.00    0.04    0.08    1.00 ^ _217_/X (sky130_fd_sc_hd__clkbuf_1)
                                         _062_ (net)
                  0.04    0.00    1.00 ^ _218_/A (sky130_fd_sc_hd__buf_1)
     1    0.00    0.03    0.07    1.07 ^ _218_/X (sky130_fd_sc_hd__buf_1)
                                         _063_ (net)
                  0.03    0.00    1.07 ^ _219_/A (sky130_fd_sc_hd__buf_2)
     6    0.01    0.08    0.13    1.20 ^ _219_/X (sky130_fd_sc_hd__buf_2)
                                         _064_ (net)
                  0.08    0.00    1.20 ^ _410_/A (sky130_fd_sc_hd__nand3_1)
     1    0.00    0.05    0.06    1.26 v _410_/Y (sky130_fd_sc_hd__nand3_1)
                                         _046_ (net)
                  0.05    0.00    1.26 v _411_/A (sky130_fd_sc_hd__clkbuf_2)
     5    0.01    0.04    0.11    1.37 v _411_/X (sky130_fd_sc_hd__clkbuf_2)
                                         _047_ (net)
                  0.04    0.00    1.37 v _418_/B (sky130_fd_sc_hd__and2_1)
     1    0.00    0.03    0.14    1.52 v _418_/X (sky130_fd_sc_hd__and2_1)
                                         _051_ (net)
                  0.03    0.00    1.52 v _419_/A (sky130_fd_sc_hd__clkbuf_1)
     1    0.00    0.02    0.08    1.59 v _419_/X (sky130_fd_sc_hd__clkbuf_1)
                                         _021_ (net)
                  0.02    0.00    1.59 v _455_/D (sky130_fd_sc_hd__dfxtp_1)
                                  1.59   data arrival time

                         10.00   10.00   clock CLK100MHZ (rise edge)
                          0.00   10.00   clock source latency
     1    0.01    0.00    0.00   10.00 ^ CLK100MHZ (in)
                                         CLK100MHZ (net)
                  0.00    0.00   10.00 ^ clkbuf_0_CLK100MHZ/A (sky130_fd_sc_hd__clkbuf_16)
     2    0.02    0.04    0.11   10.11 ^ clkbuf_0_CLK100MHZ/X (sky130_fd_sc_hd__clkbuf_16)
                                         clknet_0_CLK100MHZ (net)
                  0.04    0.00   10.11 ^ clkbuf_1_0__f_CLK100MHZ/A (sky130_fd_sc_hd__clkbuf_16)
    16    0.03    0.05    0.13   10.24 ^ clkbuf_1_0__f_CLK100MHZ/X (sky130_fd_sc_hd__clkbuf_16)
                                         clknet_1_0__leaf_CLK100MHZ (net)
                  0.05    0.00   10.24 ^ _455_/CLK (sky130_fd_sc_hd__dfxtp_1)
                         -0.20   10.04   clock uncertainty
                          0.00   10.04   clock reconvergence pessimism
                         -0.10    9.94   library setup time
                                  9.94   data required time
-----------------------------------------------------------------------------
                                  9.94   data required time
                                 -1.59   data arrival time
-----------------------------------------------------------------------------
                                  8.35   slack (MET)


Startpoint: _464_ (rising edge-triggered flip-flop clocked by CLK100MHZ)
Endpoint: _464_ (rising edge-triggered flip-flop clocked by CLK100MHZ)
Path Group: CLK100MHZ
Path Type: max

Fanout     Cap    Slew   Delay    Time   Description
-----------------------------------------------------------------------------
                          0.00    0.00   clock CLK100MHZ (rise edge)
                          0.00    0.00   clock source latency
     1    0.01    0.00    0.00    0.00 ^ CLK100MHZ (in)
                                         CLK100MHZ (net)
                  0.00    0.00    0.00 ^ clkbuf_0_CLK100MHZ/A (sky130_fd_sc_hd__clkbuf_16)
     2    0.02    0.04    0.11    0.11 ^ clkbuf_0_CLK100MHZ/X (sky130_fd_sc_hd__clkbuf_16)
                                         clknet_0_CLK100MHZ (net)
                  0.04    0.00    0.11 ^ clkbuf_1_0__f_CLK100MHZ/A (sky130_fd_sc_hd__clkbuf_16)
    16    0.03    0.05    0.13    0.24 ^ clkbuf_1_0__f_CLK100MHZ/X (sky130_fd_sc_hd__clkbuf_16)
                                         clknet_1_0__leaf_CLK100MHZ (net)
                  0.05    0.00    0.24 ^ _464_/CLK (sky130_fd_sc_hd__dfrtp_1)
     3    0.01    0.06    0.38    0.62 v _464_/Q (sky130_fd_sc_hd__dfrtp_1)
                                         imem.address[2] (net)
                  0.06    0.00    0.62 v _215_/A (sky130_fd_sc_hd__clkbuf_4)
    10    0.03    0.07    0.18    0.80 v _215_/X (sky130_fd_sc_hd__clkbuf_4)
                                         _060_ (net)
                  0.07    0.00    0.80 v _216_/A (sky130_fd_sc_hd__clkbuf_2)
     5    0.01    0.04    0.13    0.92 v _216_/X (sky130_fd_sc_hd__clkbuf_2)
                                         _061_ (net)
                  0.04    0.00    0.92 v _217_/A (sky130_fd_sc_hd__clkbuf_1)
     1    0.00    0.02    0.08    1.01 v _217_/X (sky130_fd_sc_hd__clkbuf_1)
                                         _062_ (net)
                  0.02    0.00    1.01 v _218_/A (sky130_fd_sc_hd__buf_1)
     1    0.00    0.02    0.07    1.08 v _218_/X (sky130_fd_sc_hd__buf_1)
                                         _063_ (net)
                  0.02    0.00    1.08 v _219_/A (sky130_fd_sc_hd__buf_2)
     6    0.01    0.05    0.13    1.21 v _219_/X (sky130_fd_sc_hd__buf_2)
                                         _064_ (net)
                  0.05    0.00    1.21 v _224_/A (sky130_fd_sc_hd__xor2_1)
     1    0.00    0.04    0.15    1.36 v _224_/X (sky130_fd_sc_hd__xor2_1)
                                         _030_ (net)
                  0.04    0.00    1.36 v _464_/D (sky130_fd_sc_hd__dfrtp_1)
                                  1.36   data arrival time

                         10.00   10.00   clock CLK100MHZ (rise edge)
                          0.00   10.00   clock source latency
     1    0.01    0.00    0.00   10.00 ^ CLK100MHZ (in)
                                         CLK100MHZ (net)
                  0.00    0.00   10.00 ^ clkbuf_0_CLK100MHZ/A (sky130_fd_sc_hd__clkbuf_16)
     2    0.02    0.04    0.11   10.11 ^ clkbuf_0_CLK100MHZ/X (sky130_fd_sc_hd__clkbuf_16)
                                         clknet_0_CLK100MHZ (net)
                  0.04    0.00   10.11 ^ clkbuf_1_0__f_CLK100MHZ/A (sky130_fd_sc_hd__clkbuf_16)
    16    0.03    0.05    0.13   10.24 ^ clkbuf_1_0__f_CLK100MHZ/X (sky130_fd_sc_hd__clkbuf_16)
                                         clknet_1_0__leaf_CLK100MHZ (net)
                  0.05    0.00   10.24 ^ _464_/CLK (sky130_fd_sc_hd__dfrtp_1)
                         -0.20   10.04   clock uncertainty
                          0.00   10.04   clock reconvergence pessimism
                         -0.11    9.93   library setup time
                                  9.93   data required time
-----------------------------------------------------------------------------
                                  9.93   data required time
                                 -1.36   data arrival time
-----------------------------------------------------------------------------
                                  8.57   slack (MET)


Startpoint: _462_ (rising edge-triggered flip-flop clocked by CLK100MHZ)
Endpoint: _463_ (rising edge-triggered flip-flop clocked by CLK100MHZ)
Path Group: CLK100MHZ
Path Type: max

Fanout     Cap    Slew   Delay    Time   Description
-----------------------------------------------------------------------------
                          0.00    0.00   clock CLK100MHZ (rise edge)
                          0.00    0.00   clock source latency
     1    0.01    0.00    0.00    0.00 ^ CLK100MHZ (in)
                                         CLK100MHZ (net)
                  0.00    0.00    0.00 ^ clkbuf_0_CLK100MHZ/A (sky130_fd_sc_hd__clkbuf_16)
     2    0.02    0.04    0.11    0.11 ^ clkbuf_0_CLK100MHZ/X (sky130_fd_sc_hd__clkbuf_16)
                                         clknet_0_CLK100MHZ (net)
                  0.04    0.00    0.11 ^ clkbuf_1_1__f_CLK100MHZ/A (sky130_fd_sc_hd__clkbuf_16)
    13    0.03    0.05    0.13    0.24 ^ clkbuf_1_1__f_CLK100MHZ/X (sky130_fd_sc_hd__clkbuf_16)
                                         clknet_1_1__leaf_CLK100MHZ (net)
                  0.05    0.00    0.24 ^ _462_/CLK (sky130_fd_sc_hd__dfrtp_2)
     4    0.01    0.06    0.41    0.65 v _462_/Q (sky130_fd_sc_hd__dfrtp_2)
                                         imem.address[0] (net)
                  0.06    0.00    0.65 v _221_/A (sky130_fd_sc_hd__clkbuf_4)
    10    0.02    0.06    0.17    0.82 v _221_/X (sky130_fd_sc_hd__clkbuf_4)
                                         _066_ (net)
                  0.06    0.00    0.82 v _222_/A (sky130_fd_sc_hd__clkbuf_4)
     9    0.02    0.05    0.17    0.99 v _222_/X (sky130_fd_sc_hd__clkbuf_4)
                                         _067_ (net)
                  0.05    0.00    0.99 v _223_/C (sky130_fd_sc_hd__and3_1)
     2    0.01    0.05    0.20    1.18 v _223_/X (sky130_fd_sc_hd__and3_1)
                                         _068_ (net)
                  0.05    0.00    1.18 v _226_/A (sky130_fd_sc_hd__nor2_1)
     1    0.00    0.07    0.09    1.27 ^ _226_/Y (sky130_fd_sc_hd__nor2_1)
                                         _029_ (net)
                  0.07    0.00    1.27 ^ _463_/D (sky130_fd_sc_hd__dfrtp_4)
                                  1.27   data arrival time

                         10.00   10.00   clock CLK100MHZ (rise edge)
                          0.00   10.00   clock source latency
     1    0.01    0.00    0.00   10.00 ^ CLK100MHZ (in)
                                         CLK100MHZ (net)
                  0.00    0.00   10.00 ^ clkbuf_0_CLK100MHZ/A (sky130_fd_sc_hd__clkbuf_16)
     2    0.02    0.04    0.11   10.11 ^ clkbuf_0_CLK100MHZ/X (sky130_fd_sc_hd__clkbuf_16)
                                         clknet_0_CLK100MHZ (net)
                  0.04    0.00   10.11 ^ clkbuf_1_0__f_CLK100MHZ/A (sky130_fd_sc_hd__clkbuf_16)
    16    0.03    0.05    0.13   10.24 ^ clkbuf_1_0__f_CLK100MHZ/X (sky130_fd_sc_hd__clkbuf_16)
                                         clknet_1_0__leaf_CLK100MHZ (net)
                  0.05    0.00   10.24 ^ _463_/CLK (sky130_fd_sc_hd__dfrtp_4)
                         -0.20   10.04   clock uncertainty
                          0.00   10.04   clock reconvergence pessimism
                         -0.07    9.97   library setup time
                                  9.97   data required time
-----------------------------------------------------------------------------
                                  9.97   data required time
                                 -1.27   data arrival time
-----------------------------------------------------------------------------
                                  8.70   slack (MET)


Startpoint: _462_ (rising edge-triggered flip-flop clocked by CLK100MHZ)
Endpoint: _462_ (rising edge-triggered flip-flop clocked by CLK100MHZ)
Path Group: CLK100MHZ
Path Type: max

Fanout     Cap    Slew   Delay    Time   Description
-----------------------------------------------------------------------------
                          0.00    0.00   clock CLK100MHZ (rise edge)
                          0.00    0.00   clock source latency
     1    0.01    0.00    0.00    0.00 ^ CLK100MHZ (in)
                                         CLK100MHZ (net)
                  0.00    0.00    0.00 ^ clkbuf_0_CLK100MHZ/A (sky130_fd_sc_hd__clkbuf_16)
     2    0.02    0.04    0.11    0.11 ^ clkbuf_0_CLK100MHZ/X (sky130_fd_sc_hd__clkbuf_16)
                                         clknet_0_CLK100MHZ (net)
                  0.04    0.00    0.11 ^ clkbuf_1_1__f_CLK100MHZ/A (sky130_fd_sc_hd__clkbuf_16)
    13    0.03    0.05    0.13    0.24 ^ clkbuf_1_1__f_CLK100MHZ/X (sky130_fd_sc_hd__clkbuf_16)
                                         clknet_1_1__leaf_CLK100MHZ (net)
                  0.05    0.00    0.24 ^ _462_/CLK (sky130_fd_sc_hd__dfrtp_2)
     4    0.01    0.06    0.41    0.65 v _462_/Q (sky130_fd_sc_hd__dfrtp_2)
                                         imem.address[0] (net)
                  0.06    0.00    0.65 v _221_/A (sky130_fd_sc_hd__clkbuf_4)
    10    0.02    0.06    0.17    0.82 v _221_/X (sky130_fd_sc_hd__clkbuf_4)
                                         _066_ (net)
                  0.06    0.00    0.82 v _222_/A (sky130_fd_sc_hd__clkbuf_4)
     9    0.02    0.05    0.17    0.99 v _222_/X (sky130_fd_sc_hd__clkbuf_4)
                                         _067_ (net)
                  0.05    0.00    0.99 v _227_/B (sky130_fd_sc_hd__xor2_1)
     1    0.00    0.04    0.13    1.12 v _227_/X (sky130_fd_sc_hd__xor2_1)
                                         _028_ (net)
                  0.04    0.00    1.12 v _462_/D (sky130_fd_sc_hd__dfrtp_2)
                                  1.12   data arrival time

                         10.00   10.00   clock CLK100MHZ (rise edge)
                          0.00   10.00   clock source latency
     1    0.01    0.00    0.00   10.00 ^ CLK100MHZ (in)
                                         CLK100MHZ (net)
                  0.00    0.00   10.00 ^ clkbuf_0_CLK100MHZ/A (sky130_fd_sc_hd__clkbuf_16)
     2    0.02    0.04    0.11   10.11 ^ clkbuf_0_CLK100MHZ/X (sky130_fd_sc_hd__clkbuf_16)
                                         clknet_0_CLK100MHZ (net)
                  0.04    0.00   10.11 ^ clkbuf_1_1__f_CLK100MHZ/A (sky130_fd_sc_hd__clkbuf_16)
    13    0.03    0.05    0.13   10.24 ^ clkbuf_1_1__f_CLK100MHZ/X (sky130_fd_sc_hd__clkbuf_16)
                                         clknet_1_1__leaf_CLK100MHZ (net)
                  0.05    0.00   10.24 ^ _462_/CLK (sky130_fd_sc_hd__dfrtp_2)
                         -0.20   10.04   clock uncertainty
                          0.00   10.04   clock reconvergence pessimism
                         -0.11    9.93   library setup time
                                  9.93   data required time
-----------------------------------------------------------------------------
                                  9.93   data required time
                                 -1.12   data arrival time
-----------------------------------------------------------------------------
                                  8.81   slack (MET)



worst slack corner Typical: 6.4808
