
===========================================================================
report_checks -path_delay max (Setup)
============================================================================
======================= Typical Corner ===================================

Startpoint: _462_ (rising edge-triggered flip-flop clocked by CLK100MHZ)
Endpoint: _440_ (rising edge-triggered flip-flop clocked by CLK100MHZ)
Path Group: CLK100MHZ
Path Type: max

Fanout     Cap    Slew   Delay    Time   Description
-----------------------------------------------------------------------------
                  0.00    0.00    0.00   clock CLK100MHZ (rise edge)
                          0.00    0.00   clock network delay (ideal)
                  0.00    0.00    0.00 ^ _462_/CLK (sky130_fd_sc_hd__dfrtp_2)
     4    0.02    0.08    0.41    0.41 v _462_/Q (sky130_fd_sc_hd__dfrtp_2)
                                         imem.address[0] (net)
                  0.08    0.00    0.41 v _221_/A (sky130_fd_sc_hd__clkbuf_4)
    10    0.04    0.08    0.20    0.61 v _221_/X (sky130_fd_sc_hd__clkbuf_4)
                                         _066_ (net)
                  0.08    0.00    0.61 v _222_/A (sky130_fd_sc_hd__clkbuf_4)
     9    0.03    0.08    0.20    0.81 v _222_/X (sky130_fd_sc_hd__clkbuf_4)
                                         _067_ (net)
                  0.08    0.00    0.81 v _246_/C (sky130_fd_sc_hd__and3b_1)
     1    0.01    0.05    0.20    1.02 v _246_/X (sky130_fd_sc_hd__and3b_1)
                                         _088_ (net)
                  0.05    0.00    1.02 v _247_/A (sky130_fd_sc_hd__buf_2)
     7    0.03    0.08    0.17    1.19 v _247_/X (sky130_fd_sc_hd__buf_2)
                                         _089_ (net)
                  0.08    0.00    1.19 v _248_/B (sky130_fd_sc_hd__or2_1)
     1    0.00    0.06    0.23    1.42 v _248_/X (sky130_fd_sc_hd__or2_1)
                                         _090_ (net)
                  0.06    0.00    1.42 v _249_/A (sky130_fd_sc_hd__clkbuf_2)
     5    0.02    0.09    0.16    1.57 v _249_/X (sky130_fd_sc_hd__clkbuf_2)
                                         _091_ (net)
                  0.09    0.00    1.57 v _266_/A2 (sky130_fd_sc_hd__a21o_1)
     2    0.01    0.06    0.22    1.79 v _266_/X (sky130_fd_sc_hd__a21o_1)
                                         _108_ (net)
                  0.06    0.00    1.79 v _268_/B (sky130_fd_sc_hd__or3_2)
     2    0.01    0.11    0.50    2.30 v _268_/X (sky130_fd_sc_hd__or3_2)
                                         _110_ (net)
                  0.11    0.00    2.30 v _312_/A2 (sky130_fd_sc_hd__a21oi_2)
     3    0.01    0.19    0.23    2.53 ^ _312_/Y (sky130_fd_sc_hd__a21oi_2)
                                         _154_ (net)
                  0.19    0.00    2.53 ^ _319_/A2 (sky130_fd_sc_hd__o21ai_2)
     3    0.01    0.09    0.11    2.64 v _319_/Y (sky130_fd_sc_hd__o21ai_2)
                                         _161_ (net)
                  0.09    0.00    2.64 v _327_/A (sky130_fd_sc_hd__or2_1)
     1    0.01    0.08    0.27    2.91 v _327_/X (sky130_fd_sc_hd__or2_1)
                                         _169_ (net)
                  0.08    0.00    2.91 v _332_/A2 (sky130_fd_sc_hd__a32o_4)
     8    0.03    0.08    0.36    3.28 v _332_/X (sky130_fd_sc_hd__a32o_4)
                                         _174_ (net)
                  0.08    0.00    3.28 v _371_/A1 (sky130_fd_sc_hd__mux2_1)
     1    0.01    0.08    0.33    3.61 v _371_/X (sky130_fd_sc_hd__mux2_1)
                                         _203_ (net)
                  0.08    0.00    3.61 v _372_/A (sky130_fd_sc_hd__buf_1)
     1    0.01    0.06    0.13    3.74 v _372_/X (sky130_fd_sc_hd__buf_1)
                                         _006_ (net)
                  0.06    0.00    3.74 v _440_/D (sky130_fd_sc_hd__dfxtp_1)
                                  3.74   data arrival time

                  0.00   10.00   10.00   clock CLK100MHZ (rise edge)
                          0.00   10.00   clock network delay (ideal)
                         -0.20    9.80   clock uncertainty
                          0.00    9.80   clock reconvergence pessimism
                                  9.80 ^ _440_/CLK (sky130_fd_sc_hd__dfxtp_1)
                         -0.13    9.67   library setup time
                                  9.67   data required time
-----------------------------------------------------------------------------
                                  9.67   data required time
                                 -3.74   data arrival time
-----------------------------------------------------------------------------
                                  5.94   slack (MET)


Startpoint: _462_ (rising edge-triggered flip-flop clocked by CLK100MHZ)
Endpoint: _445_ (rising edge-triggered flip-flop clocked by CLK100MHZ)
Path Group: CLK100MHZ
Path Type: max

Fanout     Cap    Slew   Delay    Time   Description
-----------------------------------------------------------------------------
                  0.00    0.00    0.00   clock CLK100MHZ (rise edge)
                          0.00    0.00   clock network delay (ideal)
                  0.00    0.00    0.00 ^ _462_/CLK (sky130_fd_sc_hd__dfrtp_2)
     4    0.02    0.08    0.41    0.41 v _462_/Q (sky130_fd_sc_hd__dfrtp_2)
                                         imem.address[0] (net)
                  0.08    0.00    0.41 v _221_/A (sky130_fd_sc_hd__clkbuf_4)
    10    0.04    0.08    0.20    0.61 v _221_/X (sky130_fd_sc_hd__clkbuf_4)
                                         _066_ (net)
                  0.08    0.00    0.61 v _222_/A (sky130_fd_sc_hd__clkbuf_4)
     9    0.03    0.08    0.20    0.81 v _222_/X (sky130_fd_sc_hd__clkbuf_4)
                                         _067_ (net)
                  0.08    0.00    0.81 v _246_/C (sky130_fd_sc_hd__and3b_1)
     1    0.01    0.05    0.20    1.02 v _246_/X (sky130_fd_sc_hd__and3b_1)
                                         _088_ (net)
                  0.05    0.00    1.02 v _247_/A (sky130_fd_sc_hd__buf_2)
     7    0.03    0.08    0.17    1.19 v _247_/X (sky130_fd_sc_hd__buf_2)
                                         _089_ (net)
                  0.08    0.00    1.19 v _248_/B (sky130_fd_sc_hd__or2_1)
     1    0.00    0.06    0.23    1.42 v _248_/X (sky130_fd_sc_hd__or2_1)
                                         _090_ (net)
                  0.06    0.00    1.42 v _249_/A (sky130_fd_sc_hd__clkbuf_2)
     5    0.02    0.09    0.16    1.57 v _249_/X (sky130_fd_sc_hd__clkbuf_2)
                                         _091_ (net)
                  0.09    0.00    1.57 v _266_/A2 (sky130_fd_sc_hd__a21o_1)
     2    0.01    0.06    0.22    1.79 v _266_/X (sky130_fd_sc_hd__a21o_1)
                                         _108_ (net)
                  0.06    0.00    1.79 v _268_/B (sky130_fd_sc_hd__or3_2)
     2    0.01    0.11    0.50    2.30 v _268_/X (sky130_fd_sc_hd__or3_2)
                                         _110_ (net)
                  0.11    0.00    2.30 v _312_/A2 (sky130_fd_sc_hd__a21oi_2)
     3    0.01    0.19    0.23    2.53 ^ _312_/Y (sky130_fd_sc_hd__a21oi_2)
                                         _154_ (net)
                  0.19    0.00    2.53 ^ _319_/A2 (sky130_fd_sc_hd__o21ai_2)
     3    0.01    0.09    0.11    2.64 v _319_/Y (sky130_fd_sc_hd__o21ai_2)
                                         _161_ (net)
                  0.09    0.00    2.64 v _327_/A (sky130_fd_sc_hd__or2_1)
     1    0.01    0.08    0.27    2.91 v _327_/X (sky130_fd_sc_hd__or2_1)
                                         _169_ (net)
                  0.08    0.00    2.91 v _332_/A2 (sky130_fd_sc_hd__a32o_4)
     8    0.03    0.08    0.36    3.28 v _332_/X (sky130_fd_sc_hd__a32o_4)
                                         _174_ (net)
                  0.08    0.00    3.28 v _393_/A1 (sky130_fd_sc_hd__mux2_1)
     1    0.01    0.08    0.33    3.60 v _393_/X (sky130_fd_sc_hd__mux2_1)
                                         _036_ (net)
                  0.08    0.00    3.60 v _394_/A (sky130_fd_sc_hd__buf_1)
     1    0.01    0.05    0.12    3.73 v _394_/X (sky130_fd_sc_hd__buf_1)
                                         _011_ (net)
                  0.05    0.00    3.73 v _445_/D (sky130_fd_sc_hd__dfxtp_1)
                                  3.73   data arrival time

                  0.00   10.00   10.00   clock CLK100MHZ (rise edge)
                          0.00   10.00   clock network delay (ideal)
                         -0.20    9.80   clock uncertainty
                          0.00    9.80   clock reconvergence pessimism
                                  9.80 ^ _445_/CLK (sky130_fd_sc_hd__dfxtp_1)
                         -0.12    9.68   library setup time
                                  9.68   data required time
-----------------------------------------------------------------------------
                                  9.68   data required time
                                 -3.73   data arrival time
-----------------------------------------------------------------------------
                                  5.95   slack (MET)


Startpoint: _462_ (rising edge-triggered flip-flop clocked by CLK100MHZ)
Endpoint: _460_ (rising edge-triggered flip-flop clocked by CLK100MHZ)
Path Group: CLK100MHZ
Path Type: max

Fanout     Cap    Slew   Delay    Time   Description
-----------------------------------------------------------------------------
                  0.00    0.00    0.00   clock CLK100MHZ (rise edge)
                          0.00    0.00   clock network delay (ideal)
                  0.00    0.00    0.00 ^ _462_/CLK (sky130_fd_sc_hd__dfrtp_2)
     4    0.02    0.08    0.41    0.41 v _462_/Q (sky130_fd_sc_hd__dfrtp_2)
                                         imem.address[0] (net)
                  0.08    0.00    0.41 v _221_/A (sky130_fd_sc_hd__clkbuf_4)
    10    0.04    0.08    0.20    0.61 v _221_/X (sky130_fd_sc_hd__clkbuf_4)
                                         _066_ (net)
                  0.08    0.00    0.61 v _222_/A (sky130_fd_sc_hd__clkbuf_4)
     9    0.03    0.08    0.20    0.81 v _222_/X (sky130_fd_sc_hd__clkbuf_4)
                                         _067_ (net)
                  0.08    0.00    0.81 v _246_/C (sky130_fd_sc_hd__and3b_1)
     1    0.01    0.05    0.20    1.02 v _246_/X (sky130_fd_sc_hd__and3b_1)
                                         _088_ (net)
                  0.05    0.00    1.02 v _247_/A (sky130_fd_sc_hd__buf_2)
     7    0.03    0.08    0.17    1.19 v _247_/X (sky130_fd_sc_hd__buf_2)
                                         _089_ (net)
                  0.08    0.00    1.19 v _248_/B (sky130_fd_sc_hd__or2_1)
     1    0.00    0.06    0.23    1.42 v _248_/X (sky130_fd_sc_hd__or2_1)
                                         _090_ (net)
                  0.06    0.00    1.42 v _249_/A (sky130_fd_sc_hd__clkbuf_2)
     5    0.02    0.09    0.16    1.57 v _249_/X (sky130_fd_sc_hd__clkbuf_2)
                                         _091_ (net)
                  0.09    0.00    1.57 v _266_/A2 (sky130_fd_sc_hd__a21o_1)
     2    0.01    0.06    0.22    1.79 v _266_/X (sky130_fd_sc_hd__a21o_1)
                                         _108_ (net)
                  0.06    0.00    1.79 v _268_/B (sky130_fd_sc_hd__or3_2)
     2    0.01    0.11    0.50    2.30 v _268_/X (sky130_fd_sc_hd__or3_2)
                                         _110_ (net)
                  0.11    0.00    2.30 v _312_/A2 (sky130_fd_sc_hd__a21oi_2)
     3    0.01    0.19    0.23    2.53 ^ _312_/Y (sky130_fd_sc_hd__a21oi_2)
                                         _154_ (net)
                  0.19    0.00    2.53 ^ _319_/A2 (sky130_fd_sc_hd__o21ai_2)
     3    0.01    0.09    0.11    2.64 v _319_/Y (sky130_fd_sc_hd__o21ai_2)
                                         _161_ (net)
                  0.09    0.00    2.64 v _327_/A (sky130_fd_sc_hd__or2_1)
     1    0.01    0.08    0.27    2.91 v _327_/X (sky130_fd_sc_hd__or2_1)
                                         _169_ (net)
                  0.08    0.00    2.91 v _332_/A2 (sky130_fd_sc_hd__a32o_4)
     8    0.03    0.08    0.36    3.28 v _332_/X (sky130_fd_sc_hd__a32o_4)
                                         _174_ (net)
                  0.08    0.00    3.28 v _430_/A1 (sky130_fd_sc_hd__mux2_1)
     1    0.00    0.05    0.30    3.57 v _430_/X (sky130_fd_sc_hd__mux2_1)
                                         _058_ (net)
                  0.05    0.00    3.57 v _431_/A (sky130_fd_sc_hd__buf_1)
     1    0.01    0.05    0.11    3.69 v _431_/X (sky130_fd_sc_hd__buf_1)
                                         _026_ (net)
                  0.05    0.00    3.69 v _460_/D (sky130_fd_sc_hd__dfxtp_1)
                                  3.69   data arrival time

                  0.00   10.00   10.00   clock CLK100MHZ (rise edge)
                          0.00   10.00   clock network delay (ideal)
                         -0.20    9.80   clock uncertainty
                          0.00    9.80   clock reconvergence pessimism
                                  9.80 ^ _460_/CLK (sky130_fd_sc_hd__dfxtp_1)
                         -0.12    9.68   library setup time
                                  9.68   data required time
-----------------------------------------------------------------------------
                                  9.68   data required time
                                 -3.69   data arrival time
-----------------------------------------------------------------------------
                                  5.99   slack (MET)


Startpoint: _462_ (rising edge-triggered flip-flop clocked by CLK100MHZ)
Endpoint: _450_ (rising edge-triggered flip-flop clocked by CLK100MHZ)
Path Group: CLK100MHZ
Path Type: max

Fanout     Cap    Slew   Delay    Time   Description
-----------------------------------------------------------------------------
                  0.00    0.00    0.00   clock CLK100MHZ (rise edge)
                          0.00    0.00   clock network delay (ideal)
                  0.00    0.00    0.00 ^ _462_/CLK (sky130_fd_sc_hd__dfrtp_2)
     4    0.02    0.08    0.41    0.41 v _462_/Q (sky130_fd_sc_hd__dfrtp_2)
                                         imem.address[0] (net)
                  0.08    0.00    0.41 v _221_/A (sky130_fd_sc_hd__clkbuf_4)
    10    0.04    0.08    0.20    0.61 v _221_/X (sky130_fd_sc_hd__clkbuf_4)
                                         _066_ (net)
                  0.08    0.00    0.61 v _222_/A (sky130_fd_sc_hd__clkbuf_4)
     9    0.03    0.08    0.20    0.81 v _222_/X (sky130_fd_sc_hd__clkbuf_4)
                                         _067_ (net)
                  0.08    0.00    0.81 v _246_/C (sky130_fd_sc_hd__and3b_1)
     1    0.01    0.05    0.20    1.02 v _246_/X (sky130_fd_sc_hd__and3b_1)
                                         _088_ (net)
                  0.05    0.00    1.02 v _247_/A (sky130_fd_sc_hd__buf_2)
     7    0.03    0.08    0.17    1.19 v _247_/X (sky130_fd_sc_hd__buf_2)
                                         _089_ (net)
                  0.08    0.00    1.19 v _248_/B (sky130_fd_sc_hd__or2_1)
     1    0.00    0.06    0.23    1.42 v _248_/X (sky130_fd_sc_hd__or2_1)
                                         _090_ (net)
                  0.06    0.00    1.42 v _249_/A (sky130_fd_sc_hd__clkbuf_2)
     5    0.02    0.09    0.16    1.57 v _249_/X (sky130_fd_sc_hd__clkbuf_2)
                                         _091_ (net)
                  0.09    0.00    1.57 v _266_/A2 (sky130_fd_sc_hd__a21o_1)
     2    0.01    0.06    0.22    1.79 v _266_/X (sky130_fd_sc_hd__a21o_1)
                                         _108_ (net)
                  0.06    0.00    1.79 v _268_/B (sky130_fd_sc_hd__or3_2)
     2    0.01    0.11    0.50    2.30 v _268_/X (sky130_fd_sc_hd__or3_2)
                                         _110_ (net)
                  0.11    0.00    2.30 v _312_/A2 (sky130_fd_sc_hd__a21oi_2)
     3    0.01    0.19    0.23    2.53 ^ _312_/Y (sky130_fd_sc_hd__a21oi_2)
                                         _154_ (net)
                  0.19    0.00    2.53 ^ _319_/A2 (sky130_fd_sc_hd__o21ai_2)
     3    0.01    0.09    0.11    2.64 v _319_/Y (sky130_fd_sc_hd__o21ai_2)
                                         _161_ (net)
                  0.09    0.00    2.64 v _327_/A (sky130_fd_sc_hd__or2_1)
     1    0.01    0.08    0.27    2.91 v _327_/X (sky130_fd_sc_hd__or2_1)
                                         _169_ (net)
                  0.08    0.00    2.91 v _332_/A2 (sky130_fd_sc_hd__a32o_4)
     8    0.03    0.08    0.36    3.28 v _332_/X (sky130_fd_sc_hd__a32o_4)
                                         _174_ (net)
                  0.08    0.00    3.28 v _406_/A0 (sky130_fd_sc_hd__mux2_1)
     1    0.00    0.06    0.29    3.57 v _406_/X (sky130_fd_sc_hd__mux2_1)
                                         _044_ (net)
                  0.06    0.00    3.57 v _407_/A (sky130_fd_sc_hd__clkbuf_1)
     1    0.00    0.04    0.10    3.67 v _407_/X (sky130_fd_sc_hd__clkbuf_1)
                                         _016_ (net)
                  0.04    0.00    3.67 v _450_/D (sky130_fd_sc_hd__dfxtp_1)
                                  3.67   data arrival time

                  0.00   10.00   10.00   clock CLK100MHZ (rise edge)
                          0.00   10.00   clock network delay (ideal)
                         -0.20    9.80   clock uncertainty
                          0.00    9.80   clock reconvergence pessimism
                                  9.80 ^ _450_/CLK (sky130_fd_sc_hd__dfxtp_1)
                         -0.12    9.68   library setup time
                                  9.68   data required time
-----------------------------------------------------------------------------
                                  9.68   data required time
                                 -3.67   data arrival time
-----------------------------------------------------------------------------
                                  6.01   slack (MET)


Startpoint: _462_ (rising edge-triggered flip-flop clocked by CLK100MHZ)
Endpoint: _461_ (rising edge-triggered flip-flop clocked by CLK100MHZ)
Path Group: CLK100MHZ
Path Type: max

Fanout     Cap    Slew   Delay    Time   Description
-----------------------------------------------------------------------------
                  0.00    0.00    0.00   clock CLK100MHZ (rise edge)
                          0.00    0.00   clock network delay (ideal)
                  0.00    0.00    0.00 ^ _462_/CLK (sky130_fd_sc_hd__dfrtp_2)
     4    0.02    0.08    0.41    0.41 v _462_/Q (sky130_fd_sc_hd__dfrtp_2)
                                         imem.address[0] (net)
                  0.08    0.00    0.41 v _221_/A (sky130_fd_sc_hd__clkbuf_4)
    10    0.04    0.08    0.20    0.61 v _221_/X (sky130_fd_sc_hd__clkbuf_4)
                                         _066_ (net)
                  0.08    0.00    0.61 v _222_/A (sky130_fd_sc_hd__clkbuf_4)
     9    0.03    0.08    0.20    0.81 v _222_/X (sky130_fd_sc_hd__clkbuf_4)
                                         _067_ (net)
                  0.08    0.00    0.81 v _246_/C (sky130_fd_sc_hd__and3b_1)
     1    0.01    0.05    0.20    1.02 v _246_/X (sky130_fd_sc_hd__and3b_1)
                                         _088_ (net)
                  0.05    0.00    1.02 v _247_/A (sky130_fd_sc_hd__buf_2)
     7    0.03    0.08    0.17    1.19 v _247_/X (sky130_fd_sc_hd__buf_2)
                                         _089_ (net)
                  0.08    0.00    1.19 v _248_/B (sky130_fd_sc_hd__or2_1)
     1    0.00    0.06    0.23    1.42 v _248_/X (sky130_fd_sc_hd__or2_1)
                                         _090_ (net)
                  0.06    0.00    1.42 v _249_/A (sky130_fd_sc_hd__clkbuf_2)
     5    0.02    0.09    0.16    1.57 v _249_/X (sky130_fd_sc_hd__clkbuf_2)
                                         _091_ (net)
                  0.09    0.00    1.57 v _266_/A2 (sky130_fd_sc_hd__a21o_1)
     2    0.01    0.06    0.22    1.79 v _266_/X (sky130_fd_sc_hd__a21o_1)
                                         _108_ (net)
                  0.06    0.00    1.79 v _268_/B (sky130_fd_sc_hd__or3_2)
     2    0.01    0.11    0.50    2.30 v _268_/X (sky130_fd_sc_hd__or3_2)
                                         _110_ (net)
                  0.11    0.00    2.30 v _312_/A2 (sky130_fd_sc_hd__a21oi_2)
     3    0.01    0.19    0.23    2.53 ^ _312_/Y (sky130_fd_sc_hd__a21oi_2)
                                         _154_ (net)
                  0.19    0.00    2.53 ^ _319_/A2 (sky130_fd_sc_hd__o21ai_2)
     3    0.01    0.09    0.11    2.64 v _319_/Y (sky130_fd_sc_hd__o21ai_2)
                                         _161_ (net)
                  0.09    0.00    2.64 v _373_/A1 (sky130_fd_sc_hd__a21oi_2)
     2    0.01    0.17    0.20    2.84 ^ _373_/Y (sky130_fd_sc_hd__a21oi_2)
                                         _204_ (net)
                  0.17    0.00    2.84 ^ _380_/A_N (sky130_fd_sc_hd__and2b_1)
     1    0.01    0.05    0.22    3.06 v _380_/X (sky130_fd_sc_hd__and2b_1)
                                         _211_ (net)
                  0.05    0.00    3.06 v _382_/A (sky130_fd_sc_hd__nor2_1)
     4    0.02    0.30    0.26    3.32 ^ _382_/Y (sky130_fd_sc_hd__nor2_1)
                                         _213_ (net)
                  0.30    0.00    3.32 ^ _432_/A1 (sky130_fd_sc_hd__mux2_1)
     1    0.01    0.09    0.22    3.54 ^ _432_/X (sky130_fd_sc_hd__mux2_1)
                                         _059_ (net)
                  0.09    0.00    3.54 ^ _433_/A (sky130_fd_sc_hd__buf_1)
     1    0.01    0.09    0.13    3.67 ^ _433_/X (sky130_fd_sc_hd__buf_1)
                                         _027_ (net)
                  0.09    0.00    3.67 ^ _461_/D (sky130_fd_sc_hd__dfxtp_1)
                                  3.67   data arrival time

                  0.00   10.00   10.00   clock CLK100MHZ (rise edge)
                          0.00   10.00   clock network delay (ideal)
                         -0.20    9.80   clock uncertainty
                          0.00    9.80   clock reconvergence pessimism
                                  9.80 ^ _461_/CLK (sky130_fd_sc_hd__dfxtp_1)
                         -0.07    9.73   library setup time
                                  9.73   data required time
-----------------------------------------------------------------------------
                                  9.73   data required time
                                 -3.67   data arrival time
-----------------------------------------------------------------------------
                                  6.06   slack (MET)


Startpoint: _462_ (rising edge-triggered flip-flop clocked by CLK100MHZ)
Endpoint: _441_ (rising edge-triggered flip-flop clocked by CLK100MHZ)
Path Group: CLK100MHZ
Path Type: max

Fanout     Cap    Slew   Delay    Time   Description
-----------------------------------------------------------------------------
                  0.00    0.00    0.00   clock CLK100MHZ (rise edge)
                          0.00    0.00   clock network delay (ideal)
                  0.00    0.00    0.00 ^ _462_/CLK (sky130_fd_sc_hd__dfrtp_2)
     4    0.02    0.08    0.41    0.41 v _462_/Q (sky130_fd_sc_hd__dfrtp_2)
                                         imem.address[0] (net)
                  0.08    0.00    0.41 v _221_/A (sky130_fd_sc_hd__clkbuf_4)
    10    0.04    0.08    0.20    0.61 v _221_/X (sky130_fd_sc_hd__clkbuf_4)
                                         _066_ (net)
                  0.08    0.00    0.61 v _222_/A (sky130_fd_sc_hd__clkbuf_4)
     9    0.03    0.08    0.20    0.81 v _222_/X (sky130_fd_sc_hd__clkbuf_4)
                                         _067_ (net)
                  0.08    0.00    0.81 v _246_/C (sky130_fd_sc_hd__and3b_1)
     1    0.01    0.05    0.20    1.02 v _246_/X (sky130_fd_sc_hd__and3b_1)
                                         _088_ (net)
                  0.05    0.00    1.02 v _247_/A (sky130_fd_sc_hd__buf_2)
     7    0.03    0.08    0.17    1.19 v _247_/X (sky130_fd_sc_hd__buf_2)
                                         _089_ (net)
                  0.08    0.00    1.19 v _248_/B (sky130_fd_sc_hd__or2_1)
     1    0.00    0.06    0.23    1.42 v _248_/X (sky130_fd_sc_hd__or2_1)
                                         _090_ (net)
                  0.06    0.00    1.42 v _249_/A (sky130_fd_sc_hd__clkbuf_2)
     5    0.02    0.09    0.16    1.57 v _249_/X (sky130_fd_sc_hd__clkbuf_2)
                                         _091_ (net)
                  0.09    0.00    1.57 v _266_/A2 (sky130_fd_sc_hd__a21o_1)
     2    0.01    0.06    0.22    1.79 v _266_/X (sky130_fd_sc_hd__a21o_1)
                                         _108_ (net)
                  0.06    0.00    1.79 v _268_/B (sky130_fd_sc_hd__or3_2)
     2    0.01    0.11    0.50    2.30 v _268_/X (sky130_fd_sc_hd__or3_2)
                                         _110_ (net)
                  0.11    0.00    2.30 v _312_/A2 (sky130_fd_sc_hd__a21oi_2)
     3    0.01    0.19    0.23    2.53 ^ _312_/Y (sky130_fd_sc_hd__a21oi_2)
                                         _154_ (net)
                  0.19    0.00    2.53 ^ _319_/A2 (sky130_fd_sc_hd__o21ai_2)
     3    0.01    0.09    0.11    2.64 v _319_/Y (sky130_fd_sc_hd__o21ai_2)
                                         _161_ (net)
                  0.09    0.00    2.64 v _373_/A1 (sky130_fd_sc_hd__a21oi_2)
     2    0.01    0.17    0.20    2.84 ^ _373_/Y (sky130_fd_sc_hd__a21oi_2)
                                         _204_ (net)
                  0.17    0.00    2.84 ^ _380_/A_N (sky130_fd_sc_hd__and2b_1)
     1    0.01    0.05    0.22    3.06 v _380_/X (sky130_fd_sc_hd__and2b_1)
                                         _211_ (net)
                  0.05    0.00    3.06 v _382_/A (sky130_fd_sc_hd__nor2_1)
     4    0.02    0.30    0.26    3.32 ^ _382_/Y (sky130_fd_sc_hd__nor2_1)
                                         _213_ (net)
                  0.30    0.00    3.32 ^ _383_/A1 (sky130_fd_sc_hd__mux2_1)
     1    0.01    0.08    0.21    3.53 ^ _383_/X (sky130_fd_sc_hd__mux2_1)
                                         _214_ (net)
                  0.08    0.00    3.53 ^ _384_/A (sky130_fd_sc_hd__buf_1)
     1    0.01    0.10    0.13    3.66 ^ _384_/X (sky130_fd_sc_hd__buf_1)
                                         _007_ (net)
                  0.10    0.00    3.66 ^ _441_/D (sky130_fd_sc_hd__dfxtp_1)
                                  3.66   data arrival time

                  0.00   10.00   10.00   clock CLK100MHZ (rise edge)
                          0.00   10.00   clock network delay (ideal)
                         -0.20    9.80   clock uncertainty
                          0.00    9.80   clock reconvergence pessimism
                                  9.80 ^ _441_/CLK (sky130_fd_sc_hd__dfxtp_1)
                         -0.07    9.73   library setup time
                                  9.73   data required time
-----------------------------------------------------------------------------
                                  9.73   data required time
                                 -3.66   data arrival time
-----------------------------------------------------------------------------
                                  6.07   slack (MET)


Startpoint: _462_ (rising edge-triggered flip-flop clocked by CLK100MHZ)
Endpoint: _446_ (rising edge-triggered flip-flop clocked by CLK100MHZ)
Path Group: CLK100MHZ
Path Type: max

Fanout     Cap    Slew   Delay    Time   Description
-----------------------------------------------------------------------------
                  0.00    0.00    0.00   clock CLK100MHZ (rise edge)
                          0.00    0.00   clock network delay (ideal)
                  0.00    0.00    0.00 ^ _462_/CLK (sky130_fd_sc_hd__dfrtp_2)
     4    0.02    0.08    0.41    0.41 v _462_/Q (sky130_fd_sc_hd__dfrtp_2)
                                         imem.address[0] (net)
                  0.08    0.00    0.41 v _221_/A (sky130_fd_sc_hd__clkbuf_4)
    10    0.04    0.08    0.20    0.61 v _221_/X (sky130_fd_sc_hd__clkbuf_4)
                                         _066_ (net)
                  0.08    0.00    0.61 v _222_/A (sky130_fd_sc_hd__clkbuf_4)
     9    0.03    0.08    0.20    0.81 v _222_/X (sky130_fd_sc_hd__clkbuf_4)
                                         _067_ (net)
                  0.08    0.00    0.81 v _246_/C (sky130_fd_sc_hd__and3b_1)
     1    0.01    0.05    0.20    1.02 v _246_/X (sky130_fd_sc_hd__and3b_1)
                                         _088_ (net)
                  0.05    0.00    1.02 v _247_/A (sky130_fd_sc_hd__buf_2)
     7    0.03    0.08    0.17    1.19 v _247_/X (sky130_fd_sc_hd__buf_2)
                                         _089_ (net)
                  0.08    0.00    1.19 v _248_/B (sky130_fd_sc_hd__or2_1)
     1    0.00    0.06    0.23    1.42 v _248_/X (sky130_fd_sc_hd__or2_1)
                                         _090_ (net)
                  0.06    0.00    1.42 v _249_/A (sky130_fd_sc_hd__clkbuf_2)
     5    0.02    0.09    0.16    1.57 v _249_/X (sky130_fd_sc_hd__clkbuf_2)
                                         _091_ (net)
                  0.09    0.00    1.57 v _266_/A2 (sky130_fd_sc_hd__a21o_1)
     2    0.01    0.06    0.22    1.79 v _266_/X (sky130_fd_sc_hd__a21o_1)
                                         _108_ (net)
                  0.06    0.00    1.79 v _268_/B (sky130_fd_sc_hd__or3_2)
     2    0.01    0.11    0.50    2.30 v _268_/X (sky130_fd_sc_hd__or3_2)
                                         _110_ (net)
                  0.11    0.00    2.30 v _312_/A2 (sky130_fd_sc_hd__a21oi_2)
     3    0.01    0.19    0.23    2.53 ^ _312_/Y (sky130_fd_sc_hd__a21oi_2)
                                         _154_ (net)
                  0.19    0.00    2.53 ^ _319_/A2 (sky130_fd_sc_hd__o21ai_2)
     3    0.01    0.09    0.11    2.64 v _319_/Y (sky130_fd_sc_hd__o21ai_2)
                                         _161_ (net)
                  0.09    0.00    2.64 v _373_/A1 (sky130_fd_sc_hd__a21oi_2)
     2    0.01    0.17    0.20    2.84 ^ _373_/Y (sky130_fd_sc_hd__a21oi_2)
                                         _204_ (net)
                  0.17    0.00    2.84 ^ _380_/A_N (sky130_fd_sc_hd__and2b_1)
     1    0.01    0.05    0.22    3.06 v _380_/X (sky130_fd_sc_hd__and2b_1)
                                         _211_ (net)
                  0.05    0.00    3.06 v _382_/A (sky130_fd_sc_hd__nor2_1)
     4    0.02    0.30    0.26    3.32 ^ _382_/Y (sky130_fd_sc_hd__nor2_1)
                                         _213_ (net)
                  0.30    0.00    3.32 ^ _395_/A1 (sky130_fd_sc_hd__mux2_1)
     1    0.01    0.07    0.21    3.52 ^ _395_/X (sky130_fd_sc_hd__mux2_1)
                                         _037_ (net)
                  0.07    0.00    3.53 ^ _396_/A (sky130_fd_sc_hd__clkbuf_1)
     1    0.00    0.07    0.10    3.63 ^ _396_/X (sky130_fd_sc_hd__clkbuf_1)
                                         _012_ (net)
                  0.07    0.00    3.63 ^ _446_/D (sky130_fd_sc_hd__dfxtp_1)
                                  3.63   data arrival time

                  0.00   10.00   10.00   clock CLK100MHZ (rise edge)
                          0.00   10.00   clock network delay (ideal)
                         -0.20    9.80   clock uncertainty
                          0.00    9.80   clock reconvergence pessimism
                                  9.80 ^ _446_/CLK (sky130_fd_sc_hd__dfxtp_1)
                         -0.07    9.73   library setup time
                                  9.73   data required time
-----------------------------------------------------------------------------
                                  9.73   data required time
                                 -3.63   data arrival time
-----------------------------------------------------------------------------
                                  6.10   slack (MET)


Startpoint: _462_ (rising edge-triggered flip-flop clocked by CLK100MHZ)
Endpoint: _451_ (rising edge-triggered flip-flop clocked by CLK100MHZ)
Path Group: CLK100MHZ
Path Type: max

Fanout     Cap    Slew   Delay    Time   Description
-----------------------------------------------------------------------------
                  0.00    0.00    0.00   clock CLK100MHZ (rise edge)
                          0.00    0.00   clock network delay (ideal)
                  0.00    0.00    0.00 ^ _462_/CLK (sky130_fd_sc_hd__dfrtp_2)
     4    0.02    0.08    0.41    0.41 v _462_/Q (sky130_fd_sc_hd__dfrtp_2)
                                         imem.address[0] (net)
                  0.08    0.00    0.41 v _221_/A (sky130_fd_sc_hd__clkbuf_4)
    10    0.04    0.08    0.20    0.61 v _221_/X (sky130_fd_sc_hd__clkbuf_4)
                                         _066_ (net)
                  0.08    0.00    0.61 v _222_/A (sky130_fd_sc_hd__clkbuf_4)
     9    0.03    0.08    0.20    0.81 v _222_/X (sky130_fd_sc_hd__clkbuf_4)
                                         _067_ (net)
                  0.08    0.00    0.81 v _246_/C (sky130_fd_sc_hd__and3b_1)
     1    0.01    0.05    0.20    1.02 v _246_/X (sky130_fd_sc_hd__and3b_1)
                                         _088_ (net)
                  0.05    0.00    1.02 v _247_/A (sky130_fd_sc_hd__buf_2)
     7    0.03    0.08    0.17    1.19 v _247_/X (sky130_fd_sc_hd__buf_2)
                                         _089_ (net)
                  0.08    0.00    1.19 v _248_/B (sky130_fd_sc_hd__or2_1)
     1    0.00    0.06    0.23    1.42 v _248_/X (sky130_fd_sc_hd__or2_1)
                                         _090_ (net)
                  0.06    0.00    1.42 v _249_/A (sky130_fd_sc_hd__clkbuf_2)
     5    0.02    0.09    0.16    1.57 v _249_/X (sky130_fd_sc_hd__clkbuf_2)
                                         _091_ (net)
                  0.09    0.00    1.57 v _266_/A2 (sky130_fd_sc_hd__a21o_1)
     2    0.01    0.06    0.22    1.79 v _266_/X (sky130_fd_sc_hd__a21o_1)
                                         _108_ (net)
                  0.06    0.00    1.79 v _268_/B (sky130_fd_sc_hd__or3_2)
     2    0.01    0.11    0.50    2.30 v _268_/X (sky130_fd_sc_hd__or3_2)
                                         _110_ (net)
                  0.11    0.00    2.30 v _312_/A2 (sky130_fd_sc_hd__a21oi_2)
     3    0.01    0.19    0.23    2.53 ^ _312_/Y (sky130_fd_sc_hd__a21oi_2)
                                         _154_ (net)
                  0.19    0.00    2.53 ^ _319_/A2 (sky130_fd_sc_hd__o21ai_2)
     3    0.01    0.09    0.11    2.64 v _319_/Y (sky130_fd_sc_hd__o21ai_2)
                                         _161_ (net)
                  0.09    0.00    2.64 v _373_/A1 (sky130_fd_sc_hd__a21oi_2)
     2    0.01    0.17    0.20    2.84 ^ _373_/Y (sky130_fd_sc_hd__a21oi_2)
                                         _204_ (net)
                  0.17    0.00    2.84 ^ _380_/A_N (sky130_fd_sc_hd__and2b_1)
     1    0.01    0.05    0.22    3.06 v _380_/X (sky130_fd_sc_hd__and2b_1)
                                         _211_ (net)
                  0.05    0.00    3.06 v _382_/A (sky130_fd_sc_hd__nor2_1)
     4    0.02    0.30    0.26    3.32 ^ _382_/Y (sky130_fd_sc_hd__nor2_1)
                                         _213_ (net)
                  0.30    0.00    3.32 ^ _408_/A0 (sky130_fd_sc_hd__mux2_1)
     1    0.00    0.06    0.19    3.51 ^ _408_/X (sky130_fd_sc_hd__mux2_1)
                                         _045_ (net)
                  0.06    0.00    3.51 ^ _409_/A (sky130_fd_sc_hd__clkbuf_1)
     1    0.00    0.06    0.09    3.61 ^ _409_/X (sky130_fd_sc_hd__clkbuf_1)
                                         _017_ (net)
                  0.06    0.00    3.61 ^ _451_/D (sky130_fd_sc_hd__dfxtp_1)
                                  3.61   data arrival time

                  0.00   10.00   10.00   clock CLK100MHZ (rise edge)
                          0.00   10.00   clock network delay (ideal)
                         -0.20    9.80   clock uncertainty
                          0.00    9.80   clock reconvergence pessimism
                                  9.80 ^ _451_/CLK (sky130_fd_sc_hd__dfxtp_1)
                         -0.06    9.74   library setup time
                                  9.74   data required time
-----------------------------------------------------------------------------
                                  9.74   data required time
                                 -3.61   data arrival time
-----------------------------------------------------------------------------
                                  6.13   slack (MET)


Startpoint: _462_ (rising edge-triggered flip-flop clocked by CLK100MHZ)
Endpoint: _439_ (rising edge-triggered flip-flop clocked by CLK100MHZ)
Path Group: CLK100MHZ
Path Type: max

Fanout     Cap    Slew   Delay    Time   Description
-----------------------------------------------------------------------------
                  0.00    0.00    0.00   clock CLK100MHZ (rise edge)
                          0.00    0.00   clock network delay (ideal)
                  0.00    0.00    0.00 ^ _462_/CLK (sky130_fd_sc_hd__dfrtp_2)
     4    0.02    0.08    0.41    0.41 v _462_/Q (sky130_fd_sc_hd__dfrtp_2)
                                         imem.address[0] (net)
                  0.08    0.00    0.41 v _221_/A (sky130_fd_sc_hd__clkbuf_4)
    10    0.04    0.08    0.20    0.61 v _221_/X (sky130_fd_sc_hd__clkbuf_4)
                                         _066_ (net)
                  0.08    0.00    0.61 v _222_/A (sky130_fd_sc_hd__clkbuf_4)
     9    0.03    0.08    0.20    0.81 v _222_/X (sky130_fd_sc_hd__clkbuf_4)
                                         _067_ (net)
                  0.08    0.00    0.81 v _246_/C (sky130_fd_sc_hd__and3b_1)
     1    0.01    0.05    0.20    1.02 v _246_/X (sky130_fd_sc_hd__and3b_1)
                                         _088_ (net)
                  0.05    0.00    1.02 v _247_/A (sky130_fd_sc_hd__buf_2)
     7    0.03    0.08    0.17    1.19 v _247_/X (sky130_fd_sc_hd__buf_2)
                                         _089_ (net)
                  0.08    0.00    1.19 v _248_/B (sky130_fd_sc_hd__or2_1)
     1    0.00    0.06    0.23    1.42 v _248_/X (sky130_fd_sc_hd__or2_1)
                                         _090_ (net)
                  0.06    0.00    1.42 v _249_/A (sky130_fd_sc_hd__clkbuf_2)
     5    0.02    0.09    0.16    1.57 v _249_/X (sky130_fd_sc_hd__clkbuf_2)
                                         _091_ (net)
                  0.09    0.00    1.57 v _266_/A2 (sky130_fd_sc_hd__a21o_1)
     2    0.01    0.06    0.22    1.79 v _266_/X (sky130_fd_sc_hd__a21o_1)
                                         _108_ (net)
                  0.06    0.00    1.79 v _268_/B (sky130_fd_sc_hd__or3_2)
     2    0.01    0.11    0.50    2.30 v _268_/X (sky130_fd_sc_hd__or3_2)
                                         _110_ (net)
                  0.11    0.00    2.30 v _312_/A2 (sky130_fd_sc_hd__a21oi_2)
     3    0.01    0.19    0.23    2.53 ^ _312_/Y (sky130_fd_sc_hd__a21oi_2)
                                         _154_ (net)
                  0.19    0.00    2.53 ^ _314_/A2 (sky130_fd_sc_hd__a21oi_1)
     1    0.01    0.10    0.13    2.66 v _314_/Y (sky130_fd_sc_hd__a21oi_1)
                                         _156_ (net)
                  0.10    0.00    2.66 v _315_/B2 (sky130_fd_sc_hd__a2bb2o_4)
     9    0.03    0.07    0.27    2.93 v _315_/X (sky130_fd_sc_hd__a2bb2o_4)
                                         _157_ (net)
                  0.07    0.00    2.93 v _369_/A1 (sky130_fd_sc_hd__mux2_1)
     1    0.01    0.09    0.35    3.28 v _369_/X (sky130_fd_sc_hd__mux2_1)
                                         _202_ (net)
                  0.09    0.00    3.28 v _370_/A (sky130_fd_sc_hd__clkbuf_1)
     1    0.01    0.04    0.12    3.40 v _370_/X (sky130_fd_sc_hd__clkbuf_1)
                                         _005_ (net)
                  0.04    0.00    3.40 v _439_/D (sky130_fd_sc_hd__dfxtp_1)
                                  3.40   data arrival time

                  0.00   10.00   10.00   clock CLK100MHZ (rise edge)
                          0.00   10.00   clock network delay (ideal)
                         -0.20    9.80   clock uncertainty
                          0.00    9.80   clock reconvergence pessimism
                                  9.80 ^ _439_/CLK (sky130_fd_sc_hd__dfxtp_1)
                         -0.12    9.68   library setup time
                                  9.68   data required time
-----------------------------------------------------------------------------
                                  9.68   data required time
                                 -3.40   data arrival time
-----------------------------------------------------------------------------
                                  6.28   slack (MET)


Startpoint: _462_ (rising edge-triggered flip-flop clocked by CLK100MHZ)
Endpoint: _443_ (rising edge-triggered flip-flop clocked by CLK100MHZ)
Path Group: CLK100MHZ
Path Type: max

Fanout     Cap    Slew   Delay    Time   Description
-----------------------------------------------------------------------------
                  0.00    0.00    0.00   clock CLK100MHZ (rise edge)
                          0.00    0.00   clock network delay (ideal)
                  0.00    0.00    0.00 ^ _462_/CLK (sky130_fd_sc_hd__dfrtp_2)
     4    0.02    0.08    0.41    0.41 v _462_/Q (sky130_fd_sc_hd__dfrtp_2)
                                         imem.address[0] (net)
                  0.08    0.00    0.41 v _221_/A (sky130_fd_sc_hd__clkbuf_4)
    10    0.04    0.08    0.20    0.61 v _221_/X (sky130_fd_sc_hd__clkbuf_4)
                                         _066_ (net)
                  0.08    0.00    0.61 v _222_/A (sky130_fd_sc_hd__clkbuf_4)
     9    0.03    0.08    0.20    0.81 v _222_/X (sky130_fd_sc_hd__clkbuf_4)
                                         _067_ (net)
                  0.08    0.00    0.81 v _246_/C (sky130_fd_sc_hd__and3b_1)
     1    0.01    0.05    0.20    1.02 v _246_/X (sky130_fd_sc_hd__and3b_1)
                                         _088_ (net)
                  0.05    0.00    1.02 v _247_/A (sky130_fd_sc_hd__buf_2)
     7    0.03    0.08    0.17    1.19 v _247_/X (sky130_fd_sc_hd__buf_2)
                                         _089_ (net)
                  0.08    0.00    1.19 v _248_/B (sky130_fd_sc_hd__or2_1)
     1    0.00    0.06    0.23    1.42 v _248_/X (sky130_fd_sc_hd__or2_1)
                                         _090_ (net)
                  0.06    0.00    1.42 v _249_/A (sky130_fd_sc_hd__clkbuf_2)
     5    0.02    0.09    0.16    1.57 v _249_/X (sky130_fd_sc_hd__clkbuf_2)
                                         _091_ (net)
                  0.09    0.00    1.57 v _266_/A2 (sky130_fd_sc_hd__a21o_1)
     2    0.01    0.06    0.22    1.79 v _266_/X (sky130_fd_sc_hd__a21o_1)
                                         _108_ (net)
                  0.06    0.00    1.79 v _268_/B (sky130_fd_sc_hd__or3_2)
     2    0.01    0.11    0.50    2.30 v _268_/X (sky130_fd_sc_hd__or3_2)
                                         _110_ (net)
                  0.11    0.00    2.30 v _269_/B_N (sky130_fd_sc_hd__or2b_1)
     2    0.01    0.13    0.24    2.54 ^ _269_/X (sky130_fd_sc_hd__or2b_1)
                                         _111_ (net)
                  0.13    0.00    2.54 ^ _272_/A2 (sky130_fd_sc_hd__a21oi_2)
     1    0.01    0.08    0.09    2.63 v _272_/Y (sky130_fd_sc_hd__a21oi_2)
                                         _114_ (net)
                  0.08    0.00    2.63 v _296_/A2 (sky130_fd_sc_hd__a22o_4)
     9    0.04    0.08    0.32    2.95 v _296_/X (sky130_fd_sc_hd__a22o_4)
                                         _138_ (net)
                  0.08    0.00    2.95 v _389_/A1 (sky130_fd_sc_hd__mux2_1)
     1    0.01    0.07    0.32    3.27 v _389_/X (sky130_fd_sc_hd__mux2_1)
                                         _034_ (net)
                  0.07    0.00    3.27 v _390_/A (sky130_fd_sc_hd__buf_1)
     1    0.01    0.05    0.12    3.39 v _390_/X (sky130_fd_sc_hd__buf_1)
                                         _009_ (net)
                  0.05    0.00    3.39 v _443_/D (sky130_fd_sc_hd__dfxtp_1)
                                  3.39   data arrival time

                  0.00   10.00   10.00   clock CLK100MHZ (rise edge)
                          0.00   10.00   clock network delay (ideal)
                         -0.20    9.80   clock uncertainty
                          0.00    9.80   clock reconvergence pessimism
                                  9.80 ^ _443_/CLK (sky130_fd_sc_hd__dfxtp_1)
                         -0.13    9.67   library setup time
                                  9.67   data required time
-----------------------------------------------------------------------------
                                  9.67   data required time
                                 -3.39   data arrival time
-----------------------------------------------------------------------------
                                  6.29   slack (MET)


Startpoint: _462_ (rising edge-triggered flip-flop clocked by CLK100MHZ)
Endpoint: _438_ (rising edge-triggered flip-flop clocked by CLK100MHZ)
Path Group: CLK100MHZ
Path Type: max

Fanout     Cap    Slew   Delay    Time   Description
-----------------------------------------------------------------------------
                  0.00    0.00    0.00   clock CLK100MHZ (rise edge)
                          0.00    0.00   clock network delay (ideal)
                  0.00    0.00    0.00 ^ _462_/CLK (sky130_fd_sc_hd__dfrtp_2)
     4    0.02    0.08    0.41    0.41 v _462_/Q (sky130_fd_sc_hd__dfrtp_2)
                                         imem.address[0] (net)
                  0.08    0.00    0.41 v _221_/A (sky130_fd_sc_hd__clkbuf_4)
    10    0.04    0.08    0.20    0.61 v _221_/X (sky130_fd_sc_hd__clkbuf_4)
                                         _066_ (net)
                  0.08    0.00    0.61 v _222_/A (sky130_fd_sc_hd__clkbuf_4)
     9    0.03    0.08    0.20    0.81 v _222_/X (sky130_fd_sc_hd__clkbuf_4)
                                         _067_ (net)
                  0.08    0.00    0.81 v _246_/C (sky130_fd_sc_hd__and3b_1)
     1    0.01    0.05    0.20    1.02 v _246_/X (sky130_fd_sc_hd__and3b_1)
                                         _088_ (net)
                  0.05    0.00    1.02 v _247_/A (sky130_fd_sc_hd__buf_2)
     7    0.03    0.08    0.17    1.19 v _247_/X (sky130_fd_sc_hd__buf_2)
                                         _089_ (net)
                  0.08    0.00    1.19 v _248_/B (sky130_fd_sc_hd__or2_1)
     1    0.00    0.06    0.23    1.42 v _248_/X (sky130_fd_sc_hd__or2_1)
                                         _090_ (net)
                  0.06    0.00    1.42 v _249_/A (sky130_fd_sc_hd__clkbuf_2)
     5    0.02    0.09    0.16    1.57 v _249_/X (sky130_fd_sc_hd__clkbuf_2)
                                         _091_ (net)
                  0.09    0.00    1.57 v _266_/A2 (sky130_fd_sc_hd__a21o_1)
     2    0.01    0.06    0.22    1.79 v _266_/X (sky130_fd_sc_hd__a21o_1)
                                         _108_ (net)
                  0.06    0.00    1.79 v _268_/B (sky130_fd_sc_hd__or3_2)
     2    0.01    0.11    0.50    2.30 v _268_/X (sky130_fd_sc_hd__or3_2)
                                         _110_ (net)
                  0.11    0.00    2.30 v _269_/B_N (sky130_fd_sc_hd__or2b_1)
     2    0.01    0.13    0.24    2.54 ^ _269_/X (sky130_fd_sc_hd__or2b_1)
                                         _111_ (net)
                  0.13    0.00    2.54 ^ _272_/A2 (sky130_fd_sc_hd__a21oi_2)
     1    0.01    0.08    0.09    2.63 v _272_/Y (sky130_fd_sc_hd__a21oi_2)
                                         _114_ (net)
                  0.08    0.00    2.63 v _296_/A2 (sky130_fd_sc_hd__a22o_4)
     9    0.04    0.08    0.32    2.95 v _296_/X (sky130_fd_sc_hd__a22o_4)
                                         _138_ (net)
                  0.08    0.00    2.95 v _367_/A1 (sky130_fd_sc_hd__mux2_1)
     1    0.01    0.07    0.32    3.28 v _367_/X (sky130_fd_sc_hd__mux2_1)
                                         _201_ (net)
                  0.07    0.00    3.28 v _368_/A (sky130_fd_sc_hd__clkbuf_1)
     1    0.00    0.04    0.11    3.38 v _368_/X (sky130_fd_sc_hd__clkbuf_1)
                                         _004_ (net)
                  0.04    0.00    3.38 v _438_/D (sky130_fd_sc_hd__dfxtp_1)
                                  3.38   data arrival time

                  0.00   10.00   10.00   clock CLK100MHZ (rise edge)
                          0.00   10.00   clock network delay (ideal)
                         -0.20    9.80   clock uncertainty
                          0.00    9.80   clock reconvergence pessimism
                                  9.80 ^ _438_/CLK (sky130_fd_sc_hd__dfxtp_1)
                         -0.12    9.68   library setup time
                                  9.68   data required time
-----------------------------------------------------------------------------
                                  9.68   data required time
                                 -3.38   data arrival time
-----------------------------------------------------------------------------
                                  6.30   slack (MET)


Startpoint: _462_ (rising edge-triggered flip-flop clocked by CLK100MHZ)
Endpoint: _449_ (rising edge-triggered flip-flop clocked by CLK100MHZ)
Path Group: CLK100MHZ
Path Type: max

Fanout     Cap    Slew   Delay    Time   Description
-----------------------------------------------------------------------------
                  0.00    0.00    0.00   clock CLK100MHZ (rise edge)
                          0.00    0.00   clock network delay (ideal)
                  0.00    0.00    0.00 ^ _462_/CLK (sky130_fd_sc_hd__dfrtp_2)
     4    0.02    0.08    0.41    0.41 v _462_/Q (sky130_fd_sc_hd__dfrtp_2)
                                         imem.address[0] (net)
                  0.08    0.00    0.41 v _221_/A (sky130_fd_sc_hd__clkbuf_4)
    10    0.04    0.08    0.20    0.61 v _221_/X (sky130_fd_sc_hd__clkbuf_4)
                                         _066_ (net)
                  0.08    0.00    0.61 v _222_/A (sky130_fd_sc_hd__clkbuf_4)
     9    0.03    0.08    0.20    0.81 v _222_/X (sky130_fd_sc_hd__clkbuf_4)
                                         _067_ (net)
                  0.08    0.00    0.81 v _246_/C (sky130_fd_sc_hd__and3b_1)
     1    0.01    0.05    0.20    1.02 v _246_/X (sky130_fd_sc_hd__and3b_1)
                                         _088_ (net)
                  0.05    0.00    1.02 v _247_/A (sky130_fd_sc_hd__buf_2)
     7    0.03    0.08    0.17    1.19 v _247_/X (sky130_fd_sc_hd__buf_2)
                                         _089_ (net)
                  0.08    0.00    1.19 v _248_/B (sky130_fd_sc_hd__or2_1)
     1    0.00    0.06    0.23    1.42 v _248_/X (sky130_fd_sc_hd__or2_1)
                                         _090_ (net)
                  0.06    0.00    1.42 v _249_/A (sky130_fd_sc_hd__clkbuf_2)
     5    0.02    0.09    0.16    1.57 v _249_/X (sky130_fd_sc_hd__clkbuf_2)
                                         _091_ (net)
                  0.09    0.00    1.57 v _266_/A2 (sky130_fd_sc_hd__a21o_1)
     2    0.01    0.06    0.22    1.79 v _266_/X (sky130_fd_sc_hd__a21o_1)
                                         _108_ (net)
                  0.06    0.00    1.79 v _268_/B (sky130_fd_sc_hd__or3_2)
     2    0.01    0.11    0.50    2.30 v _268_/X (sky130_fd_sc_hd__or3_2)
                                         _110_ (net)
                  0.11    0.00    2.30 v _312_/A2 (sky130_fd_sc_hd__a21oi_2)
     3    0.01    0.19    0.23    2.53 ^ _312_/Y (sky130_fd_sc_hd__a21oi_2)
                                         _154_ (net)
                  0.19    0.00    2.53 ^ _314_/A2 (sky130_fd_sc_hd__a21oi_1)
     1    0.01    0.10    0.13    2.66 v _314_/Y (sky130_fd_sc_hd__a21oi_1)
                                         _156_ (net)
                  0.10    0.00    2.66 v _315_/B2 (sky130_fd_sc_hd__a2bb2o_4)
     9    0.03    0.07    0.27    2.93 v _315_/X (sky130_fd_sc_hd__a2bb2o_4)
                                         _157_ (net)
                  0.07    0.00    2.93 v _404_/A0 (sky130_fd_sc_hd__mux2_1)
     1    0.01    0.08    0.32    3.25 v _404_/X (sky130_fd_sc_hd__mux2_1)
                                         _043_ (net)
                  0.08    0.00    3.25 v _405_/A (sky130_fd_sc_hd__buf_1)
     1    0.01    0.05    0.12    3.37 v _405_/X (sky130_fd_sc_hd__buf_1)
                                         _015_ (net)
                  0.05    0.00    3.37 v _449_/D (sky130_fd_sc_hd__dfxtp_1)
                                  3.37   data arrival time

                  0.00   10.00   10.00   clock CLK100MHZ (rise edge)
                          0.00   10.00   clock network delay (ideal)
                         -0.20    9.80   clock uncertainty
                          0.00    9.80   clock reconvergence pessimism
                                  9.80 ^ _449_/CLK (sky130_fd_sc_hd__dfxtp_1)
                         -0.12    9.68   library setup time
                                  9.68   data required time
-----------------------------------------------------------------------------
                                  9.68   data required time
                                 -3.37   data arrival time
-----------------------------------------------------------------------------
                                  6.31   slack (MET)


Startpoint: _462_ (rising edge-triggered flip-flop clocked by CLK100MHZ)
Endpoint: _448_ (rising edge-triggered flip-flop clocked by CLK100MHZ)
Path Group: CLK100MHZ
Path Type: max

Fanout     Cap    Slew   Delay    Time   Description
-----------------------------------------------------------------------------
                  0.00    0.00    0.00   clock CLK100MHZ (rise edge)
                          0.00    0.00   clock network delay (ideal)
                  0.00    0.00    0.00 ^ _462_/CLK (sky130_fd_sc_hd__dfrtp_2)
     4    0.02    0.08    0.41    0.41 v _462_/Q (sky130_fd_sc_hd__dfrtp_2)
                                         imem.address[0] (net)
                  0.08    0.00    0.41 v _221_/A (sky130_fd_sc_hd__clkbuf_4)
    10    0.04    0.08    0.20    0.61 v _221_/X (sky130_fd_sc_hd__clkbuf_4)
                                         _066_ (net)
                  0.08    0.00    0.61 v _222_/A (sky130_fd_sc_hd__clkbuf_4)
     9    0.03    0.08    0.20    0.81 v _222_/X (sky130_fd_sc_hd__clkbuf_4)
                                         _067_ (net)
                  0.08    0.00    0.81 v _246_/C (sky130_fd_sc_hd__and3b_1)
     1    0.01    0.05    0.20    1.02 v _246_/X (sky130_fd_sc_hd__and3b_1)
                                         _088_ (net)
                  0.05    0.00    1.02 v _247_/A (sky130_fd_sc_hd__buf_2)
     7    0.03    0.08    0.17    1.19 v _247_/X (sky130_fd_sc_hd__buf_2)
                                         _089_ (net)
                  0.08    0.00    1.19 v _248_/B (sky130_fd_sc_hd__or2_1)
     1    0.00    0.06    0.23    1.42 v _248_/X (sky130_fd_sc_hd__or2_1)
                                         _090_ (net)
                  0.06    0.00    1.42 v _249_/A (sky130_fd_sc_hd__clkbuf_2)
     5    0.02    0.09    0.16    1.57 v _249_/X (sky130_fd_sc_hd__clkbuf_2)
                                         _091_ (net)
                  0.09    0.00    1.57 v _266_/A2 (sky130_fd_sc_hd__a21o_1)
     2    0.01    0.06    0.22    1.79 v _266_/X (sky130_fd_sc_hd__a21o_1)
                                         _108_ (net)
                  0.06    0.00    1.79 v _268_/B (sky130_fd_sc_hd__or3_2)
     2    0.01    0.11    0.50    2.30 v _268_/X (sky130_fd_sc_hd__or3_2)
                                         _110_ (net)
                  0.11    0.00    2.30 v _269_/B_N (sky130_fd_sc_hd__or2b_1)
     2    0.01    0.13    0.24    2.54 ^ _269_/X (sky130_fd_sc_hd__or2b_1)
                                         _111_ (net)
                  0.13    0.00    2.54 ^ _272_/A2 (sky130_fd_sc_hd__a21oi_2)
     1    0.01    0.08    0.09    2.63 v _272_/Y (sky130_fd_sc_hd__a21oi_2)
                                         _114_ (net)
                  0.08    0.00    2.63 v _296_/A2 (sky130_fd_sc_hd__a22o_4)
     9    0.04    0.08    0.32    2.95 v _296_/X (sky130_fd_sc_hd__a22o_4)
                                         _138_ (net)
                  0.08    0.00    2.95 v _402_/A0 (sky130_fd_sc_hd__mux2_1)
     1    0.00    0.06    0.30    3.25 v _402_/X (sky130_fd_sc_hd__mux2_1)
                                         _042_ (net)
                  0.06    0.00    3.25 v _403_/A (sky130_fd_sc_hd__clkbuf_1)
     1    0.01    0.04    0.11    3.37 v _403_/X (sky130_fd_sc_hd__clkbuf_1)
                                         _014_ (net)
                  0.04    0.00    3.37 v _448_/D (sky130_fd_sc_hd__dfxtp_1)
                                  3.37   data arrival time

                  0.00   10.00   10.00   clock CLK100MHZ (rise edge)
                          0.00   10.00   clock network delay (ideal)
                         -0.20    9.80   clock uncertainty
                          0.00    9.80   clock reconvergence pessimism
                                  9.80 ^ _448_/CLK (sky130_fd_sc_hd__dfxtp_1)
                         -0.12    9.68   library setup time
                                  9.68   data required time
-----------------------------------------------------------------------------
                                  9.68   data required time
                                 -3.37   data arrival time
-----------------------------------------------------------------------------
                                  6.31   slack (MET)


Startpoint: _462_ (rising edge-triggered flip-flop clocked by CLK100MHZ)
Endpoint: _459_ (rising edge-triggered flip-flop clocked by CLK100MHZ)
Path Group: CLK100MHZ
Path Type: max

Fanout     Cap    Slew   Delay    Time   Description
-----------------------------------------------------------------------------
                  0.00    0.00    0.00   clock CLK100MHZ (rise edge)
                          0.00    0.00   clock network delay (ideal)
                  0.00    0.00    0.00 ^ _462_/CLK (sky130_fd_sc_hd__dfrtp_2)
     4    0.02    0.08    0.41    0.41 v _462_/Q (sky130_fd_sc_hd__dfrtp_2)
                                         imem.address[0] (net)
                  0.08    0.00    0.41 v _221_/A (sky130_fd_sc_hd__clkbuf_4)
    10    0.04    0.08    0.20    0.61 v _221_/X (sky130_fd_sc_hd__clkbuf_4)
                                         _066_ (net)
                  0.08    0.00    0.61 v _222_/A (sky130_fd_sc_hd__clkbuf_4)
     9    0.03    0.08    0.20    0.81 v _222_/X (sky130_fd_sc_hd__clkbuf_4)
                                         _067_ (net)
                  0.08    0.00    0.81 v _246_/C (sky130_fd_sc_hd__and3b_1)
     1    0.01    0.05    0.20    1.02 v _246_/X (sky130_fd_sc_hd__and3b_1)
                                         _088_ (net)
                  0.05    0.00    1.02 v _247_/A (sky130_fd_sc_hd__buf_2)
     7    0.03    0.08    0.17    1.19 v _247_/X (sky130_fd_sc_hd__buf_2)
                                         _089_ (net)
                  0.08    0.00    1.19 v _248_/B (sky130_fd_sc_hd__or2_1)
     1    0.00    0.06    0.23    1.42 v _248_/X (sky130_fd_sc_hd__or2_1)
                                         _090_ (net)
                  0.06    0.00    1.42 v _249_/A (sky130_fd_sc_hd__clkbuf_2)
     5    0.02    0.09    0.16    1.57 v _249_/X (sky130_fd_sc_hd__clkbuf_2)
                                         _091_ (net)
                  0.09    0.00    1.57 v _266_/A2 (sky130_fd_sc_hd__a21o_1)
     2    0.01    0.06    0.22    1.79 v _266_/X (sky130_fd_sc_hd__a21o_1)
                                         _108_ (net)
                  0.06    0.00    1.79 v _268_/B (sky130_fd_sc_hd__or3_2)
     2    0.01    0.11    0.50    2.30 v _268_/X (sky130_fd_sc_hd__or3_2)
                                         _110_ (net)
                  0.11    0.00    2.30 v _312_/A2 (sky130_fd_sc_hd__a21oi_2)
     3    0.01    0.19    0.23    2.53 ^ _312_/Y (sky130_fd_sc_hd__a21oi_2)
                                         _154_ (net)
                  0.19    0.00    2.53 ^ _314_/A2 (sky130_fd_sc_hd__a21oi_1)
     1    0.01    0.10    0.13    2.66 v _314_/Y (sky130_fd_sc_hd__a21oi_1)
                                         _156_ (net)
                  0.10    0.00    2.66 v _315_/B2 (sky130_fd_sc_hd__a2bb2o_4)
     9    0.03    0.07    0.27    2.93 v _315_/X (sky130_fd_sc_hd__a2bb2o_4)
                                         _157_ (net)
                  0.07    0.00    2.93 v _428_/A1 (sky130_fd_sc_hd__mux2_1)
     1    0.01    0.07    0.32    3.25 v _428_/X (sky130_fd_sc_hd__mux2_1)
                                         _057_ (net)
                  0.07    0.00    3.25 v _429_/A (sky130_fd_sc_hd__buf_1)
     1    0.01    0.05    0.12    3.36 v _429_/X (sky130_fd_sc_hd__buf_1)
                                         _025_ (net)
                  0.05    0.00    3.36 v _459_/D (sky130_fd_sc_hd__dfxtp_1)
                                  3.36   data arrival time

                  0.00   10.00   10.00   clock CLK100MHZ (rise edge)
                          0.00   10.00   clock network delay (ideal)
                         -0.20    9.80   clock uncertainty
                          0.00    9.80   clock reconvergence pessimism
                                  9.80 ^ _459_/CLK (sky130_fd_sc_hd__dfxtp_1)
                         -0.12    9.68   library setup time
                                  9.68   data required time
-----------------------------------------------------------------------------
                                  9.68   data required time
                                 -3.36   data arrival time
-----------------------------------------------------------------------------
                                  6.31   slack (MET)


Startpoint: _462_ (rising edge-triggered flip-flop clocked by CLK100MHZ)
Endpoint: _458_ (rising edge-triggered flip-flop clocked by CLK100MHZ)
Path Group: CLK100MHZ
Path Type: max

Fanout     Cap    Slew   Delay    Time   Description
-----------------------------------------------------------------------------
                  0.00    0.00    0.00   clock CLK100MHZ (rise edge)
                          0.00    0.00   clock network delay (ideal)
                  0.00    0.00    0.00 ^ _462_/CLK (sky130_fd_sc_hd__dfrtp_2)
     4    0.02    0.08    0.41    0.41 v _462_/Q (sky130_fd_sc_hd__dfrtp_2)
                                         imem.address[0] (net)
                  0.08    0.00    0.41 v _221_/A (sky130_fd_sc_hd__clkbuf_4)
    10    0.04    0.08    0.20    0.61 v _221_/X (sky130_fd_sc_hd__clkbuf_4)
                                         _066_ (net)
                  0.08    0.00    0.61 v _222_/A (sky130_fd_sc_hd__clkbuf_4)
     9    0.03    0.08    0.20    0.81 v _222_/X (sky130_fd_sc_hd__clkbuf_4)
                                         _067_ (net)
                  0.08    0.00    0.81 v _246_/C (sky130_fd_sc_hd__and3b_1)
     1    0.01    0.05    0.20    1.02 v _246_/X (sky130_fd_sc_hd__and3b_1)
                                         _088_ (net)
                  0.05    0.00    1.02 v _247_/A (sky130_fd_sc_hd__buf_2)
     7    0.03    0.08    0.17    1.19 v _247_/X (sky130_fd_sc_hd__buf_2)
                                         _089_ (net)
                  0.08    0.00    1.19 v _248_/B (sky130_fd_sc_hd__or2_1)
     1    0.00    0.06    0.23    1.42 v _248_/X (sky130_fd_sc_hd__or2_1)
                                         _090_ (net)
                  0.06    0.00    1.42 v _249_/A (sky130_fd_sc_hd__clkbuf_2)
     5    0.02    0.09    0.16    1.57 v _249_/X (sky130_fd_sc_hd__clkbuf_2)
                                         _091_ (net)
                  0.09    0.00    1.57 v _266_/A2 (sky130_fd_sc_hd__a21o_1)
     2    0.01    0.06    0.22    1.79 v _266_/X (sky130_fd_sc_hd__a21o_1)
                                         _108_ (net)
                  0.06    0.00    1.79 v _268_/B (sky130_fd_sc_hd__or3_2)
     2    0.01    0.11    0.50    2.30 v _268_/X (sky130_fd_sc_hd__or3_2)
                                         _110_ (net)
                  0.11    0.00    2.30 v _269_/B_N (sky130_fd_sc_hd__or2b_1)
     2    0.01    0.13    0.24    2.54 ^ _269_/X (sky130_fd_sc_hd__or2b_1)
                                         _111_ (net)
                  0.13    0.00    2.54 ^ _272_/A2 (sky130_fd_sc_hd__a21oi_2)
     1    0.01    0.08    0.09    2.63 v _272_/Y (sky130_fd_sc_hd__a21oi_2)
                                         _114_ (net)
                  0.08    0.00    2.63 v _296_/A2 (sky130_fd_sc_hd__a22o_4)
     9    0.04    0.08    0.32    2.95 v _296_/X (sky130_fd_sc_hd__a22o_4)
                                         _138_ (net)
                  0.08    0.00    2.95 v _426_/A1 (sky130_fd_sc_hd__mux2_1)
     1    0.00    0.06    0.31    3.26 v _426_/X (sky130_fd_sc_hd__mux2_1)
                                         _056_ (net)
                  0.06    0.00    3.26 v _427_/A (sky130_fd_sc_hd__clkbuf_1)
     1    0.00    0.04    0.10    3.37 v _427_/X (sky130_fd_sc_hd__clkbuf_1)
                                         _024_ (net)
                  0.04    0.00    3.37 v _458_/D (sky130_fd_sc_hd__dfxtp_1)
                                  3.37   data arrival time

                  0.00   10.00   10.00   clock CLK100MHZ (rise edge)
                          0.00   10.00   clock network delay (ideal)
                         -0.20    9.80   clock uncertainty
                          0.00    9.80   clock reconvergence pessimism
                                  9.80 ^ _458_/CLK (sky130_fd_sc_hd__dfxtp_1)
                         -0.12    9.68   library setup time
                                  9.68   data required time
-----------------------------------------------------------------------------
                                  9.68   data required time
                                 -3.37   data arrival time
-----------------------------------------------------------------------------
                                  6.32   slack (MET)


Startpoint: _462_ (rising edge-triggered flip-flop clocked by CLK100MHZ)
Endpoint: _444_ (rising edge-triggered flip-flop clocked by CLK100MHZ)
Path Group: CLK100MHZ
Path Type: max

Fanout     Cap    Slew   Delay    Time   Description
-----------------------------------------------------------------------------
                  0.00    0.00    0.00   clock CLK100MHZ (rise edge)
                          0.00    0.00   clock network delay (ideal)
                  0.00    0.00    0.00 ^ _462_/CLK (sky130_fd_sc_hd__dfrtp_2)
     4    0.02    0.08    0.41    0.41 v _462_/Q (sky130_fd_sc_hd__dfrtp_2)
                                         imem.address[0] (net)
                  0.08    0.00    0.41 v _221_/A (sky130_fd_sc_hd__clkbuf_4)
    10    0.04    0.08    0.20    0.61 v _221_/X (sky130_fd_sc_hd__clkbuf_4)
                                         _066_ (net)
                  0.08    0.00    0.61 v _222_/A (sky130_fd_sc_hd__clkbuf_4)
     9    0.03    0.08    0.20    0.81 v _222_/X (sky130_fd_sc_hd__clkbuf_4)
                                         _067_ (net)
                  0.08    0.00    0.81 v _246_/C (sky130_fd_sc_hd__and3b_1)
     1    0.01    0.05    0.20    1.02 v _246_/X (sky130_fd_sc_hd__and3b_1)
                                         _088_ (net)
                  0.05    0.00    1.02 v _247_/A (sky130_fd_sc_hd__buf_2)
     7    0.03    0.08    0.17    1.19 v _247_/X (sky130_fd_sc_hd__buf_2)
                                         _089_ (net)
                  0.08    0.00    1.19 v _248_/B (sky130_fd_sc_hd__or2_1)
     1    0.00    0.06    0.23    1.42 v _248_/X (sky130_fd_sc_hd__or2_1)
                                         _090_ (net)
                  0.06    0.00    1.42 v _249_/A (sky130_fd_sc_hd__clkbuf_2)
     5    0.02    0.09    0.16    1.57 v _249_/X (sky130_fd_sc_hd__clkbuf_2)
                                         _091_ (net)
                  0.09    0.00    1.57 v _266_/A2 (sky130_fd_sc_hd__a21o_1)
     2    0.01    0.06    0.22    1.79 v _266_/X (sky130_fd_sc_hd__a21o_1)
                                         _108_ (net)
                  0.06    0.00    1.79 v _268_/B (sky130_fd_sc_hd__or3_2)
     2    0.01    0.11    0.50    2.30 v _268_/X (sky130_fd_sc_hd__or3_2)
                                         _110_ (net)
                  0.11    0.00    2.30 v _312_/A2 (sky130_fd_sc_hd__a21oi_2)
     3    0.01    0.19    0.23    2.53 ^ _312_/Y (sky130_fd_sc_hd__a21oi_2)
                                         _154_ (net)
                  0.19    0.00    2.53 ^ _314_/A2 (sky130_fd_sc_hd__a21oi_1)
     1    0.01    0.10    0.13    2.66 v _314_/Y (sky130_fd_sc_hd__a21oi_1)
                                         _156_ (net)
                  0.10    0.00    2.66 v _315_/B2 (sky130_fd_sc_hd__a2bb2o_4)
     9    0.03    0.07    0.27    2.93 v _315_/X (sky130_fd_sc_hd__a2bb2o_4)
                                         _157_ (net)
                  0.07    0.00    2.93 v _391_/A1 (sky130_fd_sc_hd__mux2_1)
     1    0.00    0.05    0.29    3.22 v _391_/X (sky130_fd_sc_hd__mux2_1)
                                         _035_ (net)
                  0.05    0.00    3.22 v _392_/A (sky130_fd_sc_hd__clkbuf_1)
     1    0.01    0.04    0.10    3.33 v _392_/X (sky130_fd_sc_hd__clkbuf_1)
                                         _010_ (net)
                  0.04    0.00    3.33 v _444_/D (sky130_fd_sc_hd__dfxtp_1)
                                  3.33   data arrival time

                  0.00   10.00   10.00   clock CLK100MHZ (rise edge)
                          0.00   10.00   clock network delay (ideal)
                         -0.20    9.80   clock uncertainty
                          0.00    9.80   clock reconvergence pessimism
                                  9.80 ^ _444_/CLK (sky130_fd_sc_hd__dfxtp_1)
                         -0.12    9.68   library setup time
                                  9.68   data required time
-----------------------------------------------------------------------------
                                  9.68   data required time
                                 -3.33   data arrival time
-----------------------------------------------------------------------------
                                  6.35   slack (MET)


Startpoint: _464_ (rising edge-triggered flip-flop clocked by CLK100MHZ)
Endpoint: _447_ (rising edge-triggered flip-flop clocked by CLK100MHZ)
Path Group: CLK100MHZ
Path Type: max

Fanout     Cap    Slew   Delay    Time   Description
-----------------------------------------------------------------------------
                  0.00    0.00    0.00   clock CLK100MHZ (rise edge)
                          0.00    0.00   clock network delay (ideal)
                  0.00    0.00    0.00 ^ _464_/CLK (sky130_fd_sc_hd__dfrtp_1)
     3    0.01    0.09    0.39    0.39 v _464_/Q (sky130_fd_sc_hd__dfrtp_1)
                                         imem.address[2] (net)
                  0.09    0.00    0.39 v _215_/A (sky130_fd_sc_hd__clkbuf_4)
    10    0.04    0.08    0.21    0.60 v _215_/X (sky130_fd_sc_hd__clkbuf_4)
                                         _060_ (net)
                  0.08    0.00    0.60 v _216_/A (sky130_fd_sc_hd__clkbuf_2)
     5    0.02    0.08    0.17    0.77 v _216_/X (sky130_fd_sc_hd__clkbuf_2)
                                         _061_ (net)
                  0.08    0.00    0.77 v _234_/A (sky130_fd_sc_hd__or2b_2)
     3    0.02    0.10    0.36    1.13 v _234_/X (sky130_fd_sc_hd__or2b_2)
                                         _076_ (net)
                  0.10    0.00    1.13 v _239_/A2 (sky130_fd_sc_hd__a31o_2)
     5    0.02    0.08    0.30    1.43 v _239_/X (sky130_fd_sc_hd__a31o_2)
                                         _081_ (net)
                  0.08    0.00    1.43 v _240_/A (sky130_fd_sc_hd__buf_1)
     3    0.01    0.07    0.14    1.57 v _240_/X (sky130_fd_sc_hd__buf_1)
                                         _082_ (net)
                  0.07    0.00    1.57 v _241_/A (sky130_fd_sc_hd__dlymetal6s2s_1)
     3    0.02    0.09    0.19    1.77 v _241_/X (sky130_fd_sc_hd__dlymetal6s2s_1)
                                         _083_ (net)
                  0.09    0.00    1.77 v _275_/A (sky130_fd_sc_hd__buf_1)
     2    0.01    0.06    0.13    1.90 v _275_/X (sky130_fd_sc_hd__buf_1)
                                         _117_ (net)
                  0.06    0.00    1.90 v _304_/A (sky130_fd_sc_hd__nand2_1)
     2    0.01    0.12    0.12    2.02 ^ _304_/Y (sky130_fd_sc_hd__nand2_1)
                                         _146_ (net)
                  0.12    0.00    2.02 ^ _341_/A2 (sky130_fd_sc_hd__a21oi_1)
     1    0.01    0.09    0.12    2.14 v _341_/Y (sky130_fd_sc_hd__a21oi_1)
                                         _183_ (net)
                  0.09    0.00    2.14 v _342_/B1 (sky130_fd_sc_hd__a31o_2)
     9    0.03    0.10    0.30    2.44 v _342_/X (sky130_fd_sc_hd__a31o_2)
                                         _184_ (net)
                  0.10    0.00    2.44 v _400_/A0 (sky130_fd_sc_hd__mux2_1)
     1    0.01    0.08    0.33    2.78 v _400_/X (sky130_fd_sc_hd__mux2_1)
                                         _041_ (net)
                  0.08    0.00    2.78 v _401_/A (sky130_fd_sc_hd__buf_1)
     1    0.01    0.05    0.12    2.90 v _401_/X (sky130_fd_sc_hd__buf_1)
                                         _013_ (net)
                  0.05    0.00    2.90 v _447_/D (sky130_fd_sc_hd__dfxtp_1)
                                  2.90   data arrival time

                  0.00   10.00   10.00   clock CLK100MHZ (rise edge)
                          0.00   10.00   clock network delay (ideal)
                         -0.20    9.80   clock uncertainty
                          0.00    9.80   clock reconvergence pessimism
                                  9.80 ^ _447_/CLK (sky130_fd_sc_hd__dfxtp_1)
                         -0.12    9.68   library setup time
                                  9.68   data required time
-----------------------------------------------------------------------------
                                  9.68   data required time
                                 -2.90   data arrival time
-----------------------------------------------------------------------------
                                  6.77   slack (MET)


Startpoint: _464_ (rising edge-triggered flip-flop clocked by CLK100MHZ)
Endpoint: _457_ (rising edge-triggered flip-flop clocked by CLK100MHZ)
Path Group: CLK100MHZ
Path Type: max

Fanout     Cap    Slew   Delay    Time   Description
-----------------------------------------------------------------------------
                  0.00    0.00    0.00   clock CLK100MHZ (rise edge)
                          0.00    0.00   clock network delay (ideal)
                  0.00    0.00    0.00 ^ _464_/CLK (sky130_fd_sc_hd__dfrtp_1)
     3    0.01    0.09    0.39    0.39 v _464_/Q (sky130_fd_sc_hd__dfrtp_1)
                                         imem.address[2] (net)
                  0.09    0.00    0.39 v _215_/A (sky130_fd_sc_hd__clkbuf_4)
    10    0.04    0.08    0.21    0.60 v _215_/X (sky130_fd_sc_hd__clkbuf_4)
                                         _060_ (net)
                  0.08    0.00    0.60 v _216_/A (sky130_fd_sc_hd__clkbuf_2)
     5    0.02    0.08    0.17    0.77 v _216_/X (sky130_fd_sc_hd__clkbuf_2)
                                         _061_ (net)
                  0.08    0.00    0.77 v _234_/A (sky130_fd_sc_hd__or2b_2)
     3    0.02    0.10    0.36    1.13 v _234_/X (sky130_fd_sc_hd__or2b_2)
                                         _076_ (net)
                  0.10    0.00    1.13 v _239_/A2 (sky130_fd_sc_hd__a31o_2)
     5    0.02    0.08    0.30    1.43 v _239_/X (sky130_fd_sc_hd__a31o_2)
                                         _081_ (net)
                  0.08    0.00    1.43 v _240_/A (sky130_fd_sc_hd__buf_1)
     3    0.01    0.07    0.14    1.57 v _240_/X (sky130_fd_sc_hd__buf_1)
                                         _082_ (net)
                  0.07    0.00    1.57 v _241_/A (sky130_fd_sc_hd__dlymetal6s2s_1)
     3    0.02    0.09    0.19    1.77 v _241_/X (sky130_fd_sc_hd__dlymetal6s2s_1)
                                         _083_ (net)
                  0.09    0.00    1.77 v _275_/A (sky130_fd_sc_hd__buf_1)
     2    0.01    0.06    0.13    1.90 v _275_/X (sky130_fd_sc_hd__buf_1)
                                         _117_ (net)
                  0.06    0.00    1.90 v _304_/A (sky130_fd_sc_hd__nand2_1)
     2    0.01    0.12    0.12    2.02 ^ _304_/Y (sky130_fd_sc_hd__nand2_1)
                                         _146_ (net)
                  0.12    0.00    2.02 ^ _341_/A2 (sky130_fd_sc_hd__a21oi_1)
     1    0.01    0.09    0.12    2.14 v _341_/Y (sky130_fd_sc_hd__a21oi_1)
                                         _183_ (net)
                  0.09    0.00    2.14 v _342_/B1 (sky130_fd_sc_hd__a31o_2)
     9    0.03    0.10    0.30    2.44 v _342_/X (sky130_fd_sc_hd__a31o_2)
                                         _184_ (net)
                  0.10    0.00    2.44 v _424_/A1 (sky130_fd_sc_hd__mux2_1)
     1    0.01    0.07    0.33    2.77 v _424_/X (sky130_fd_sc_hd__mux2_1)
                                         _055_ (net)
                  0.07    0.00    2.77 v _425_/A (sky130_fd_sc_hd__clkbuf_1)
     1    0.01    0.05    0.12    2.89 v _425_/X (sky130_fd_sc_hd__clkbuf_1)
                                         _023_ (net)
                  0.05    0.00    2.89 v _457_/D (sky130_fd_sc_hd__dfxtp_1)
                                  2.89   data arrival time

                  0.00   10.00   10.00   clock CLK100MHZ (rise edge)
                          0.00   10.00   clock network delay (ideal)
                         -0.20    9.80   clock uncertainty
                          0.00    9.80   clock reconvergence pessimism
                                  9.80 ^ _457_/CLK (sky130_fd_sc_hd__dfxtp_1)
                         -0.12    9.68   library setup time
                                  9.68   data required time
-----------------------------------------------------------------------------
                                  9.68   data required time
                                 -2.89   data arrival time
-----------------------------------------------------------------------------
                                  6.79   slack (MET)


Startpoint: _464_ (rising edge-triggered flip-flop clocked by CLK100MHZ)
Endpoint: _437_ (rising edge-triggered flip-flop clocked by CLK100MHZ)
Path Group: CLK100MHZ
Path Type: max

Fanout     Cap    Slew   Delay    Time   Description
-----------------------------------------------------------------------------
                  0.00    0.00    0.00   clock CLK100MHZ (rise edge)
                          0.00    0.00   clock network delay (ideal)
                  0.00    0.00    0.00 ^ _464_/CLK (sky130_fd_sc_hd__dfrtp_1)
     3    0.01    0.09    0.39    0.39 v _464_/Q (sky130_fd_sc_hd__dfrtp_1)
                                         imem.address[2] (net)
                  0.09    0.00    0.39 v _215_/A (sky130_fd_sc_hd__clkbuf_4)
    10    0.04    0.08    0.21    0.60 v _215_/X (sky130_fd_sc_hd__clkbuf_4)
                                         _060_ (net)
                  0.08    0.00    0.60 v _216_/A (sky130_fd_sc_hd__clkbuf_2)
     5    0.02    0.08    0.17    0.77 v _216_/X (sky130_fd_sc_hd__clkbuf_2)
                                         _061_ (net)
                  0.08    0.00    0.77 v _234_/A (sky130_fd_sc_hd__or2b_2)
     3    0.02    0.10    0.36    1.13 v _234_/X (sky130_fd_sc_hd__or2b_2)
                                         _076_ (net)
                  0.10    0.00    1.13 v _239_/A2 (sky130_fd_sc_hd__a31o_2)
     5    0.02    0.08    0.30    1.43 v _239_/X (sky130_fd_sc_hd__a31o_2)
                                         _081_ (net)
                  0.08    0.00    1.43 v _240_/A (sky130_fd_sc_hd__buf_1)
     3    0.01    0.07    0.14    1.57 v _240_/X (sky130_fd_sc_hd__buf_1)
                                         _082_ (net)
                  0.07    0.00    1.57 v _241_/A (sky130_fd_sc_hd__dlymetal6s2s_1)
     3    0.02    0.09    0.19    1.77 v _241_/X (sky130_fd_sc_hd__dlymetal6s2s_1)
                                         _083_ (net)
                  0.09    0.00    1.77 v _275_/A (sky130_fd_sc_hd__buf_1)
     2    0.01    0.06    0.13    1.90 v _275_/X (sky130_fd_sc_hd__buf_1)
                                         _117_ (net)
                  0.06    0.00    1.90 v _304_/A (sky130_fd_sc_hd__nand2_1)
     2    0.01    0.12    0.12    2.02 ^ _304_/Y (sky130_fd_sc_hd__nand2_1)
                                         _146_ (net)
                  0.12    0.00    2.02 ^ _341_/A2 (sky130_fd_sc_hd__a21oi_1)
     1    0.01    0.09    0.12    2.14 v _341_/Y (sky130_fd_sc_hd__a21oi_1)
                                         _183_ (net)
                  0.09    0.00    2.14 v _342_/B1 (sky130_fd_sc_hd__a31o_2)
     9    0.03    0.10    0.30    2.44 v _342_/X (sky130_fd_sc_hd__a31o_2)
                                         _184_ (net)
                  0.10    0.00    2.44 v _365_/A1 (sky130_fd_sc_hd__mux2_1)
     1    0.00    0.06    0.32    2.77 v _365_/X (sky130_fd_sc_hd__mux2_1)
                                         _200_ (net)
                  0.06    0.00    2.77 v _366_/A (sky130_fd_sc_hd__clkbuf_1)
     1    0.00    0.03    0.10    2.87 v _366_/X (sky130_fd_sc_hd__clkbuf_1)
                                         _003_ (net)
                  0.03    0.00    2.87 v _437_/D (sky130_fd_sc_hd__dfxtp_1)
                                  2.87   data arrival time

                  0.00   10.00   10.00   clock CLK100MHZ (rise edge)
                          0.00   10.00   clock network delay (ideal)
                         -0.20    9.80   clock uncertainty
                          0.00    9.80   clock reconvergence pessimism
                                  9.80 ^ _437_/CLK (sky130_fd_sc_hd__dfxtp_1)
                         -0.12    9.68   library setup time
                                  9.68   data required time
-----------------------------------------------------------------------------
                                  9.68   data required time
                                 -2.87   data arrival time
-----------------------------------------------------------------------------
                                  6.82   slack (MET)


Startpoint: _464_ (rising edge-triggered flip-flop clocked by CLK100MHZ)
Endpoint: _442_ (rising edge-triggered flip-flop clocked by CLK100MHZ)
Path Group: CLK100MHZ
Path Type: max

Fanout     Cap    Slew   Delay    Time   Description
-----------------------------------------------------------------------------
                  0.00    0.00    0.00   clock CLK100MHZ (rise edge)
                          0.00    0.00   clock network delay (ideal)
                  0.00    0.00    0.00 ^ _464_/CLK (sky130_fd_sc_hd__dfrtp_1)
     3    0.01    0.09    0.39    0.39 v _464_/Q (sky130_fd_sc_hd__dfrtp_1)
                                         imem.address[2] (net)
                  0.09    0.00    0.39 v _215_/A (sky130_fd_sc_hd__clkbuf_4)
    10    0.04    0.08    0.21    0.60 v _215_/X (sky130_fd_sc_hd__clkbuf_4)
                                         _060_ (net)
                  0.08    0.00    0.60 v _216_/A (sky130_fd_sc_hd__clkbuf_2)
     5    0.02    0.08    0.17    0.77 v _216_/X (sky130_fd_sc_hd__clkbuf_2)
                                         _061_ (net)
                  0.08    0.00    0.77 v _234_/A (sky130_fd_sc_hd__or2b_2)
     3    0.02    0.10    0.36    1.13 v _234_/X (sky130_fd_sc_hd__or2b_2)
                                         _076_ (net)
                  0.10    0.00    1.13 v _239_/A2 (sky130_fd_sc_hd__a31o_2)
     5    0.02    0.08    0.30    1.43 v _239_/X (sky130_fd_sc_hd__a31o_2)
                                         _081_ (net)
                  0.08    0.00    1.43 v _240_/A (sky130_fd_sc_hd__buf_1)
     3    0.01    0.07    0.14    1.57 v _240_/X (sky130_fd_sc_hd__buf_1)
                                         _082_ (net)
                  0.07    0.00    1.57 v _241_/A (sky130_fd_sc_hd__dlymetal6s2s_1)
     3    0.02    0.09    0.19    1.77 v _241_/X (sky130_fd_sc_hd__dlymetal6s2s_1)
                                         _083_ (net)
                  0.09    0.00    1.77 v _275_/A (sky130_fd_sc_hd__buf_1)
     2    0.01    0.06    0.13    1.90 v _275_/X (sky130_fd_sc_hd__buf_1)
                                         _117_ (net)
                  0.06    0.00    1.90 v _304_/A (sky130_fd_sc_hd__nand2_1)
     2    0.01    0.12    0.12    2.02 ^ _304_/Y (sky130_fd_sc_hd__nand2_1)
                                         _146_ (net)
                  0.12    0.00    2.02 ^ _341_/A2 (sky130_fd_sc_hd__a21oi_1)
     1    0.01    0.09    0.12    2.14 v _341_/Y (sky130_fd_sc_hd__a21oi_1)
                                         _183_ (net)
                  0.09    0.00    2.14 v _342_/B1 (sky130_fd_sc_hd__a31o_2)
     9    0.03    0.10    0.30    2.44 v _342_/X (sky130_fd_sc_hd__a31o_2)
                                         _184_ (net)
                  0.10    0.00    2.44 v _387_/A1 (sky130_fd_sc_hd__mux2_1)
     1    0.00    0.06    0.32    2.77 v _387_/X (sky130_fd_sc_hd__mux2_1)
                                         _033_ (net)
                  0.06    0.00    2.77 v _388_/A (sky130_fd_sc_hd__clkbuf_1)
     1    0.00    0.03    0.10    2.86 v _388_/X (sky130_fd_sc_hd__clkbuf_1)
                                         _008_ (net)
                  0.03    0.00    2.86 v _442_/D (sky130_fd_sc_hd__dfxtp_1)
                                  2.86   data arrival time

                  0.00   10.00   10.00   clock CLK100MHZ (rise edge)
                          0.00   10.00   clock network delay (ideal)
                         -0.20    9.80   clock uncertainty
                          0.00    9.80   clock reconvergence pessimism
                                  9.80 ^ _442_/CLK (sky130_fd_sc_hd__dfxtp_1)
                         -0.11    9.69   library setup time
                                  9.69   data required time
-----------------------------------------------------------------------------
                                  9.69   data required time
                                 -2.86   data arrival time
-----------------------------------------------------------------------------
                                  6.82   slack (MET)


Startpoint: _464_ (rising edge-triggered flip-flop clocked by CLK100MHZ)
Endpoint: _454_ (rising edge-triggered flip-flop clocked by CLK100MHZ)
Path Group: CLK100MHZ
Path Type: max

Fanout     Cap    Slew   Delay    Time   Description
-----------------------------------------------------------------------------
                  0.00    0.00    0.00   clock CLK100MHZ (rise edge)
                          0.00    0.00   clock network delay (ideal)
                  0.00    0.00    0.00 ^ _464_/CLK (sky130_fd_sc_hd__dfrtp_1)
     3    0.01    0.14    0.38    0.38 ^ _464_/Q (sky130_fd_sc_hd__dfrtp_1)
                                         imem.address[2] (net)
                  0.14    0.00    0.38 ^ _215_/A (sky130_fd_sc_hd__clkbuf_4)
    10    0.04    0.13    0.23    0.61 ^ _215_/X (sky130_fd_sc_hd__clkbuf_4)
                                         _060_ (net)
                  0.13    0.00    0.61 ^ _216_/A (sky130_fd_sc_hd__clkbuf_2)
     5    0.02    0.12    0.19    0.80 ^ _216_/X (sky130_fd_sc_hd__clkbuf_2)
                                         _061_ (net)
                  0.12    0.00    0.80 ^ _217_/A (sky130_fd_sc_hd__clkbuf_1)
     1    0.01    0.08    0.13    0.92 ^ _217_/X (sky130_fd_sc_hd__clkbuf_1)
                                         _062_ (net)
                  0.08    0.00    0.92 ^ _218_/A (sky130_fd_sc_hd__buf_1)
     1    0.01    0.10    0.13    1.06 ^ _218_/X (sky130_fd_sc_hd__buf_1)
                                         _063_ (net)
                  0.11    0.00    1.06 ^ _219_/A (sky130_fd_sc_hd__buf_2)
     6    0.03    0.14    0.20    1.26 ^ _219_/X (sky130_fd_sc_hd__buf_2)
                                         _064_ (net)
                  0.14    0.00    1.26 ^ _410_/A (sky130_fd_sc_hd__nand3_1)
     1    0.01    0.10    0.12    1.38 v _410_/Y (sky130_fd_sc_hd__nand3_1)
                                         _046_ (net)
                  0.10    0.00    1.38 v _411_/A (sky130_fd_sc_hd__clkbuf_2)
     5    0.02    0.08    0.17    1.56 v _411_/X (sky130_fd_sc_hd__clkbuf_2)
                                         _047_ (net)
                  0.08    0.00    1.56 v _416_/B (sky130_fd_sc_hd__and2_1)
     1    0.01    0.06    0.19    1.74 v _416_/X (sky130_fd_sc_hd__and2_1)
                                         _050_ (net)
                  0.06    0.00    1.74 v _417_/A (sky130_fd_sc_hd__buf_1)
     1    0.01    0.05    0.11    1.85 v _417_/X (sky130_fd_sc_hd__buf_1)
                                         _020_ (net)
                  0.05    0.00    1.85 v _454_/D (sky130_fd_sc_hd__dfxtp_1)
                                  1.85   data arrival time

                  0.00   10.00   10.00   clock CLK100MHZ (rise edge)
                          0.00   10.00   clock network delay (ideal)
                         -0.20    9.80   clock uncertainty
                          0.00    9.80   clock reconvergence pessimism
                                  9.80 ^ _454_/CLK (sky130_fd_sc_hd__dfxtp_1)
                         -0.12    9.68   library setup time
                                  9.68   data required time
-----------------------------------------------------------------------------
                                  9.68   data required time
                                 -1.85   data arrival time
-----------------------------------------------------------------------------
                                  7.82   slack (MET)


Startpoint: _464_ (rising edge-triggered flip-flop clocked by CLK100MHZ)
Endpoint: _456_ (rising edge-triggered flip-flop clocked by CLK100MHZ)
Path Group: CLK100MHZ
Path Type: max

Fanout     Cap    Slew   Delay    Time   Description
-----------------------------------------------------------------------------
                  0.00    0.00    0.00   clock CLK100MHZ (rise edge)
                          0.00    0.00   clock network delay (ideal)
                  0.00    0.00    0.00 ^ _464_/CLK (sky130_fd_sc_hd__dfrtp_1)
     3    0.01    0.14    0.38    0.38 ^ _464_/Q (sky130_fd_sc_hd__dfrtp_1)
                                         imem.address[2] (net)
                  0.14    0.00    0.38 ^ _215_/A (sky130_fd_sc_hd__clkbuf_4)
    10    0.04    0.13    0.23    0.61 ^ _215_/X (sky130_fd_sc_hd__clkbuf_4)
                                         _060_ (net)
                  0.13    0.00    0.61 ^ _216_/A (sky130_fd_sc_hd__clkbuf_2)
     5    0.02    0.12    0.19    0.80 ^ _216_/X (sky130_fd_sc_hd__clkbuf_2)
                                         _061_ (net)
                  0.12    0.00    0.80 ^ _217_/A (sky130_fd_sc_hd__clkbuf_1)
     1    0.01    0.08    0.13    0.92 ^ _217_/X (sky130_fd_sc_hd__clkbuf_1)
                                         _062_ (net)
                  0.08    0.00    0.92 ^ _218_/A (sky130_fd_sc_hd__buf_1)
     1    0.01    0.10    0.13    1.06 ^ _218_/X (sky130_fd_sc_hd__buf_1)
                                         _063_ (net)
                  0.11    0.00    1.06 ^ _219_/A (sky130_fd_sc_hd__buf_2)
     6    0.03    0.14    0.20    1.26 ^ _219_/X (sky130_fd_sc_hd__buf_2)
                                         _064_ (net)
                  0.14    0.00    1.26 ^ _410_/A (sky130_fd_sc_hd__nand3_1)
     1    0.01    0.10    0.12    1.38 v _410_/Y (sky130_fd_sc_hd__nand3_1)
                                         _046_ (net)
                  0.10    0.00    1.38 v _411_/A (sky130_fd_sc_hd__clkbuf_2)
     5    0.02    0.08    0.17    1.56 v _411_/X (sky130_fd_sc_hd__clkbuf_2)
                                         _047_ (net)
                  0.08    0.00    1.56 v _420_/B (sky130_fd_sc_hd__and2_1)
     1    0.00    0.04    0.17    1.73 v _420_/X (sky130_fd_sc_hd__and2_1)
                                         _052_ (net)
                  0.04    0.00    1.73 v _421_/A (sky130_fd_sc_hd__clkbuf_1)
     1    0.01    0.05    0.10    1.83 v _421_/X (sky130_fd_sc_hd__clkbuf_1)
                                         _022_ (net)
                  0.05    0.00    1.83 v _456_/D (sky130_fd_sc_hd__dfxtp_1)
                                  1.83   data arrival time

                  0.00   10.00   10.00   clock CLK100MHZ (rise edge)
                          0.00   10.00   clock network delay (ideal)
                         -0.20    9.80   clock uncertainty
                          0.00    9.80   clock reconvergence pessimism
                                  9.80 ^ _456_/CLK (sky130_fd_sc_hd__dfxtp_1)
                         -0.12    9.68   library setup time
                                  9.68   data required time
-----------------------------------------------------------------------------
                                  9.68   data required time
                                 -1.83   data arrival time
-----------------------------------------------------------------------------
                                  7.85   slack (MET)


Startpoint: _464_ (rising edge-triggered flip-flop clocked by CLK100MHZ)
Endpoint: _452_ (rising edge-triggered flip-flop clocked by CLK100MHZ)
Path Group: CLK100MHZ
Path Type: max

Fanout     Cap    Slew   Delay    Time   Description
-----------------------------------------------------------------------------
                  0.00    0.00    0.00   clock CLK100MHZ (rise edge)
                          0.00    0.00   clock network delay (ideal)
                  0.00    0.00    0.00 ^ _464_/CLK (sky130_fd_sc_hd__dfrtp_1)
     3    0.01    0.14    0.38    0.38 ^ _464_/Q (sky130_fd_sc_hd__dfrtp_1)
                                         imem.address[2] (net)
                  0.14    0.00    0.38 ^ _215_/A (sky130_fd_sc_hd__clkbuf_4)
    10    0.04    0.13    0.23    0.61 ^ _215_/X (sky130_fd_sc_hd__clkbuf_4)
                                         _060_ (net)
                  0.13    0.00    0.61 ^ _216_/A (sky130_fd_sc_hd__clkbuf_2)
     5    0.02    0.12    0.19    0.80 ^ _216_/X (sky130_fd_sc_hd__clkbuf_2)
                                         _061_ (net)
                  0.12    0.00    0.80 ^ _217_/A (sky130_fd_sc_hd__clkbuf_1)
     1    0.01    0.08    0.13    0.92 ^ _217_/X (sky130_fd_sc_hd__clkbuf_1)
                                         _062_ (net)
                  0.08    0.00    0.92 ^ _218_/A (sky130_fd_sc_hd__buf_1)
     1    0.01    0.10    0.13    1.06 ^ _218_/X (sky130_fd_sc_hd__buf_1)
                                         _063_ (net)
                  0.11    0.00    1.06 ^ _219_/A (sky130_fd_sc_hd__buf_2)
     6    0.03    0.14    0.20    1.26 ^ _219_/X (sky130_fd_sc_hd__buf_2)
                                         _064_ (net)
                  0.14    0.00    1.26 ^ _410_/A (sky130_fd_sc_hd__nand3_1)
     1    0.01    0.10    0.12    1.38 v _410_/Y (sky130_fd_sc_hd__nand3_1)
                                         _046_ (net)
                  0.10    0.00    1.38 v _411_/A (sky130_fd_sc_hd__clkbuf_2)
     5    0.02    0.08    0.17    1.56 v _411_/X (sky130_fd_sc_hd__clkbuf_2)
                                         _047_ (net)
                  0.08    0.00    1.56 v _412_/B (sky130_fd_sc_hd__and2_1)
     1    0.01    0.05    0.19    1.74 v _412_/X (sky130_fd_sc_hd__and2_1)
                                         _048_ (net)
                  0.05    0.00    1.74 v _413_/A (sky130_fd_sc_hd__clkbuf_1)
     1    0.00    0.03    0.09    1.83 v _413_/X (sky130_fd_sc_hd__clkbuf_1)
                                         _018_ (net)
                  0.03    0.00    1.83 v _452_/D (sky130_fd_sc_hd__dfxtp_1)
                                  1.83   data arrival time

                  0.00   10.00   10.00   clock CLK100MHZ (rise edge)
                          0.00   10.00   clock network delay (ideal)
                         -0.20    9.80   clock uncertainty
                          0.00    9.80   clock reconvergence pessimism
                                  9.80 ^ _452_/CLK (sky130_fd_sc_hd__dfxtp_1)
                         -0.11    9.69   library setup time
                                  9.69   data required time
-----------------------------------------------------------------------------
                                  9.69   data required time
                                 -1.83   data arrival time
-----------------------------------------------------------------------------
                                  7.85   slack (MET)


Startpoint: _464_ (rising edge-triggered flip-flop clocked by CLK100MHZ)
Endpoint: _453_ (rising edge-triggered flip-flop clocked by CLK100MHZ)
Path Group: CLK100MHZ
Path Type: max

Fanout     Cap    Slew   Delay    Time   Description
-----------------------------------------------------------------------------
                  0.00    0.00    0.00   clock CLK100MHZ (rise edge)
                          0.00    0.00   clock network delay (ideal)
                  0.00    0.00    0.00 ^ _464_/CLK (sky130_fd_sc_hd__dfrtp_1)
     3    0.01    0.14    0.38    0.38 ^ _464_/Q (sky130_fd_sc_hd__dfrtp_1)
                                         imem.address[2] (net)
                  0.14    0.00    0.38 ^ _215_/A (sky130_fd_sc_hd__clkbuf_4)
    10    0.04    0.13    0.23    0.61 ^ _215_/X (sky130_fd_sc_hd__clkbuf_4)
                                         _060_ (net)
                  0.13    0.00    0.61 ^ _216_/A (sky130_fd_sc_hd__clkbuf_2)
     5    0.02    0.12    0.19    0.80 ^ _216_/X (sky130_fd_sc_hd__clkbuf_2)
                                         _061_ (net)
                  0.12    0.00    0.80 ^ _217_/A (sky130_fd_sc_hd__clkbuf_1)
     1    0.01    0.08    0.13    0.92 ^ _217_/X (sky130_fd_sc_hd__clkbuf_1)
                                         _062_ (net)
                  0.08    0.00    0.92 ^ _218_/A (sky130_fd_sc_hd__buf_1)
     1    0.01    0.10    0.13    1.06 ^ _218_/X (sky130_fd_sc_hd__buf_1)
                                         _063_ (net)
                  0.11    0.00    1.06 ^ _219_/A (sky130_fd_sc_hd__buf_2)
     6    0.03    0.14    0.20    1.26 ^ _219_/X (sky130_fd_sc_hd__buf_2)
                                         _064_ (net)
                  0.14    0.00    1.26 ^ _410_/A (sky130_fd_sc_hd__nand3_1)
     1    0.01    0.10    0.12    1.38 v _410_/Y (sky130_fd_sc_hd__nand3_1)
                                         _046_ (net)
                  0.10    0.00    1.38 v _411_/A (sky130_fd_sc_hd__clkbuf_2)
     5    0.02    0.08    0.17    1.56 v _411_/X (sky130_fd_sc_hd__clkbuf_2)
                                         _047_ (net)
                  0.08    0.00    1.56 v _414_/B (sky130_fd_sc_hd__and2_1)
     1    0.00    0.04    0.17    1.73 v _414_/X (sky130_fd_sc_hd__and2_1)
                                         _049_ (net)
                  0.04    0.00    1.73 v _415_/A (sky130_fd_sc_hd__clkbuf_1)
     1    0.00    0.03    0.09    1.82 v _415_/X (sky130_fd_sc_hd__clkbuf_1)
                                         _019_ (net)
                  0.03    0.00    1.82 v _453_/D (sky130_fd_sc_hd__dfxtp_1)
                                  1.82   data arrival time

                  0.00   10.00   10.00   clock CLK100MHZ (rise edge)
                          0.00   10.00   clock network delay (ideal)
                         -0.20    9.80   clock uncertainty
                          0.00    9.80   clock reconvergence pessimism
                                  9.80 ^ _453_/CLK (sky130_fd_sc_hd__dfxtp_1)
                         -0.11    9.69   library setup time
                                  9.69   data required time
-----------------------------------------------------------------------------
                                  9.69   data required time
                                 -1.82   data arrival time
-----------------------------------------------------------------------------
                                  7.87   slack (MET)


Startpoint: _464_ (rising edge-triggered flip-flop clocked by CLK100MHZ)
Endpoint: _455_ (rising edge-triggered flip-flop clocked by CLK100MHZ)
Path Group: CLK100MHZ
Path Type: max

Fanout     Cap    Slew   Delay    Time   Description
-----------------------------------------------------------------------------
                  0.00    0.00    0.00   clock CLK100MHZ (rise edge)
                          0.00    0.00   clock network delay (ideal)
                  0.00    0.00    0.00 ^ _464_/CLK (sky130_fd_sc_hd__dfrtp_1)
     3    0.01    0.14    0.38    0.38 ^ _464_/Q (sky130_fd_sc_hd__dfrtp_1)
                                         imem.address[2] (net)
                  0.14    0.00    0.38 ^ _215_/A (sky130_fd_sc_hd__clkbuf_4)
    10    0.04    0.13    0.23    0.61 ^ _215_/X (sky130_fd_sc_hd__clkbuf_4)
                                         _060_ (net)
                  0.13    0.00    0.61 ^ _216_/A (sky130_fd_sc_hd__clkbuf_2)
     5    0.02    0.12    0.19    0.80 ^ _216_/X (sky130_fd_sc_hd__clkbuf_2)
                                         _061_ (net)
                  0.12    0.00    0.80 ^ _217_/A (sky130_fd_sc_hd__clkbuf_1)
     1    0.01    0.08    0.13    0.92 ^ _217_/X (sky130_fd_sc_hd__clkbuf_1)
                                         _062_ (net)
                  0.08    0.00    0.92 ^ _218_/A (sky130_fd_sc_hd__buf_1)
     1    0.01    0.10    0.13    1.06 ^ _218_/X (sky130_fd_sc_hd__buf_1)
                                         _063_ (net)
                  0.11    0.00    1.06 ^ _219_/A (sky130_fd_sc_hd__buf_2)
     6    0.03    0.14    0.20    1.26 ^ _219_/X (sky130_fd_sc_hd__buf_2)
                                         _064_ (net)
                  0.14    0.00    1.26 ^ _410_/A (sky130_fd_sc_hd__nand3_1)
     1    0.01    0.10    0.12    1.38 v _410_/Y (sky130_fd_sc_hd__nand3_1)
                                         _046_ (net)
                  0.10    0.00    1.38 v _411_/A (sky130_fd_sc_hd__clkbuf_2)
     5    0.02    0.08    0.17    1.56 v _411_/X (sky130_fd_sc_hd__clkbuf_2)
                                         _047_ (net)
                  0.08    0.00    1.56 v _418_/B (sky130_fd_sc_hd__and2_1)
     1    0.00    0.04    0.17    1.72 v _418_/X (sky130_fd_sc_hd__and2_1)
                                         _051_ (net)
                  0.04    0.00    1.72 v _419_/A (sky130_fd_sc_hd__clkbuf_1)
     1    0.00    0.03    0.08    1.81 v _419_/X (sky130_fd_sc_hd__clkbuf_1)
                                         _021_ (net)
                  0.03    0.00    1.81 v _455_/D (sky130_fd_sc_hd__dfxtp_1)
                                  1.81   data arrival time

                  0.00   10.00   10.00   clock CLK100MHZ (rise edge)
                          0.00   10.00   clock network delay (ideal)
                         -0.20    9.80   clock uncertainty
                          0.00    9.80   clock reconvergence pessimism
                                  9.80 ^ _455_/CLK (sky130_fd_sc_hd__dfxtp_1)
                         -0.11    9.69   library setup time
                                  9.69   data required time
-----------------------------------------------------------------------------
                                  9.69   data required time
                                 -1.81   data arrival time
-----------------------------------------------------------------------------
                                  7.88   slack (MET)


Startpoint: _464_ (rising edge-triggered flip-flop clocked by CLK100MHZ)
Endpoint: _464_ (rising edge-triggered flip-flop clocked by CLK100MHZ)
Path Group: CLK100MHZ
Path Type: max

Fanout     Cap    Slew   Delay    Time   Description
-----------------------------------------------------------------------------
                  0.00    0.00    0.00   clock CLK100MHZ (rise edge)
                          0.00    0.00   clock network delay (ideal)
                  0.00    0.00    0.00 ^ _464_/CLK (sky130_fd_sc_hd__dfrtp_1)
     3    0.01    0.14    0.38    0.38 ^ _464_/Q (sky130_fd_sc_hd__dfrtp_1)
                                         imem.address[2] (net)
                  0.14    0.00    0.38 ^ _215_/A (sky130_fd_sc_hd__clkbuf_4)
    10    0.04    0.13    0.23    0.61 ^ _215_/X (sky130_fd_sc_hd__clkbuf_4)
                                         _060_ (net)
                  0.13    0.00    0.61 ^ _216_/A (sky130_fd_sc_hd__clkbuf_2)
     5    0.02    0.12    0.19    0.80 ^ _216_/X (sky130_fd_sc_hd__clkbuf_2)
                                         _061_ (net)
                  0.12    0.00    0.80 ^ _217_/A (sky130_fd_sc_hd__clkbuf_1)
     1    0.01    0.08    0.13    0.92 ^ _217_/X (sky130_fd_sc_hd__clkbuf_1)
                                         _062_ (net)
                  0.08    0.00    0.92 ^ _218_/A (sky130_fd_sc_hd__buf_1)
     1    0.01    0.10    0.13    1.06 ^ _218_/X (sky130_fd_sc_hd__buf_1)
                                         _063_ (net)
                  0.11    0.00    1.06 ^ _219_/A (sky130_fd_sc_hd__buf_2)
     6    0.03    0.14    0.20    1.26 ^ _219_/X (sky130_fd_sc_hd__buf_2)
                                         _064_ (net)
                  0.14    0.00    1.26 ^ _224_/A (sky130_fd_sc_hd__xor2_1)
     1    0.00    0.10    0.14    1.40 ^ _224_/X (sky130_fd_sc_hd__xor2_1)
                                         _030_ (net)
                  0.10    0.00    1.40 ^ _464_/D (sky130_fd_sc_hd__dfrtp_1)
                                  1.40   data arrival time

                  0.00   10.00   10.00   clock CLK100MHZ (rise edge)
                          0.00   10.00   clock network delay (ideal)
                         -0.20    9.80   clock uncertainty
                          0.00    9.80   clock reconvergence pessimism
                                  9.80 ^ _464_/CLK (sky130_fd_sc_hd__dfrtp_1)
                         -0.08    9.72   library setup time
                                  9.72   data required time
-----------------------------------------------------------------------------
                                  9.72   data required time
                                 -1.40   data arrival time
-----------------------------------------------------------------------------
                                  8.32   slack (MET)


Startpoint: _462_ (rising edge-triggered flip-flop clocked by CLK100MHZ)
Endpoint: _463_ (rising edge-triggered flip-flop clocked by CLK100MHZ)
Path Group: CLK100MHZ
Path Type: max

Fanout     Cap    Slew   Delay    Time   Description
-----------------------------------------------------------------------------
                  0.00    0.00    0.00   clock CLK100MHZ (rise edge)
                          0.00    0.00   clock network delay (ideal)
                  0.00    0.00    0.00 ^ _462_/CLK (sky130_fd_sc_hd__dfrtp_2)
     4    0.02    0.08    0.41    0.41 v _462_/Q (sky130_fd_sc_hd__dfrtp_2)
                                         imem.address[0] (net)
                  0.08    0.00    0.41 v _221_/A (sky130_fd_sc_hd__clkbuf_4)
    10    0.04    0.08    0.20    0.61 v _221_/X (sky130_fd_sc_hd__clkbuf_4)
                                         _066_ (net)
                  0.08    0.00    0.61 v _222_/A (sky130_fd_sc_hd__clkbuf_4)
     9    0.03    0.08    0.20    0.81 v _222_/X (sky130_fd_sc_hd__clkbuf_4)
                                         _067_ (net)
                  0.08    0.00    0.81 v _223_/C (sky130_fd_sc_hd__and3_1)
     2    0.02    0.09    0.24    1.06 v _223_/X (sky130_fd_sc_hd__and3_1)
                                         _068_ (net)
                  0.09    0.00    1.06 v _226_/A (sky130_fd_sc_hd__nor2_1)
     1    0.01    0.17    0.19    1.25 ^ _226_/Y (sky130_fd_sc_hd__nor2_1)
                                         _029_ (net)
                  0.17    0.00    1.25 ^ _463_/D (sky130_fd_sc_hd__dfrtp_4)
                                  1.25   data arrival time

                  0.00   10.00   10.00   clock CLK100MHZ (rise edge)
                          0.00   10.00   clock network delay (ideal)
                         -0.20    9.80   clock uncertainty
                          0.00    9.80   clock reconvergence pessimism
                                  9.80 ^ _463_/CLK (sky130_fd_sc_hd__dfrtp_4)
                         -0.10    9.70   library setup time
                                  9.70   data required time
-----------------------------------------------------------------------------
                                  9.70   data required time
                                 -1.25   data arrival time
-----------------------------------------------------------------------------
                                  8.45   slack (MET)


Startpoint: _462_ (rising edge-triggered flip-flop clocked by CLK100MHZ)
Endpoint: _462_ (rising edge-triggered flip-flop clocked by CLK100MHZ)
Path Group: CLK100MHZ
Path Type: max

Fanout     Cap    Slew   Delay    Time   Description
-----------------------------------------------------------------------------
                  0.00    0.00    0.00   clock CLK100MHZ (rise edge)
                          0.00    0.00   clock network delay (ideal)
                  0.00    0.00    0.00 ^ _462_/CLK (sky130_fd_sc_hd__dfrtp_2)
     4    0.02    0.11    0.38    0.38 ^ _462_/Q (sky130_fd_sc_hd__dfrtp_2)
                                         imem.address[0] (net)
                  0.11    0.00    0.38 ^ _221_/A (sky130_fd_sc_hd__clkbuf_4)
    10    0.04    0.12    0.22    0.60 ^ _221_/X (sky130_fd_sc_hd__clkbuf_4)
                                         _066_ (net)
                  0.12    0.00    0.60 ^ _222_/A (sky130_fd_sc_hd__clkbuf_4)
     9    0.04    0.12    0.22    0.82 ^ _222_/X (sky130_fd_sc_hd__clkbuf_4)
                                         _067_ (net)
                  0.12    0.00    0.82 ^ _227_/B (sky130_fd_sc_hd__xor2_1)
     1    0.01    0.18    0.21    1.02 ^ _227_/X (sky130_fd_sc_hd__xor2_1)
                                         _028_ (net)
                  0.18    0.00    1.02 ^ _462_/D (sky130_fd_sc_hd__dfrtp_2)
                                  1.02   data arrival time

                  0.00   10.00   10.00   clock CLK100MHZ (rise edge)
                          0.00   10.00   clock network delay (ideal)
                         -0.20    9.80   clock uncertainty
                          0.00    9.80   clock reconvergence pessimism
                                  9.80 ^ _462_/CLK (sky130_fd_sc_hd__dfrtp_2)
                         -0.10    9.70   library setup time
                                  9.70   data required time
-----------------------------------------------------------------------------
                                  9.70   data required time
                                 -1.02   data arrival time
-----------------------------------------------------------------------------
                                  8.67   slack (MET)



worst slack corner Typical: 5.9378
