
 /----------------------------------------------------------------------------\
 |                                                                            |
 |  yosys -- Yosys Open SYnthesis Suite                                       |
 |                                                                            |
 |  Copyright (C) 2012 - 2020  Claire Xenia Wolf <claire@yosyshq.com>         |
 |                                                                            |
 |  Permission to use, copy, modify, and/or distribute this software for any  |
 |  purpose with or without fee is hereby granted, provided that the above    |
 |  copyright notice and this permission notice appear in all copies.         |
 |                                                                            |
 |  THE SOFTWARE IS PROVIDED "AS IS" AND THE AUTHOR DISCLAIMS ALL WARRANTIES  |
 |  WITH REGARD TO THIS SOFTWARE INCLUDING ALL IMPLIED WARRANTIES OF          |
 |  MERCHANTABILITY AND FITNESS. IN NO EVENT SHALL THE AUTHOR BE LIABLE FOR   |
 |  ANY SPECIAL, DIRECT, INDIRECT, OR CONSEQUENTIAL DAMAGES OR ANY DAMAGES    |
 |  WHATSOEVER RESULTING FROM LOSS OF USE, DATA OR PROFITS, WHETHER IN AN     |
 |  ACTION OF CONTRACT, NEGLIGENCE OR OTHER TORTIOUS ACTION, ARISING OUT OF   |
 |  OR IN CONNECTION WITH THE USE OR PERFORMANCE OF THIS SOFTWARE.            |
 |                                                                            |
 \----------------------------------------------------------------------------/

 Yosys 0.38 (git sha1 543faed9c8c, clang++ 17.0.6 -fPIC -Os)

[TCL: yosys -import] Command name collision: found pre-existing command `cd' -> skip.
[TCL: yosys -import] Command name collision: found pre-existing command `eval' -> skip.
[TCL: yosys -import] Command name collision: found pre-existing command `exec' -> skip.
[TCL: yosys -import] Command name collision: found pre-existing command `read' -> skip.
[TCL: yosys -import] Command name collision: found pre-existing command `trace' -> skip.

1. Executing Liberty frontend: /home/pikachu/.volare/sky130A/libs.ref/sky130_fd_sc_hd/lib/sky130_fd_sc_hd__tt_025C_1v80.lib
Imported 428 cell types from liberty file.

2. Executing Verilog-2005 frontend: /openlane/designs/lab5_v1/src/alu.v
Parsing SystemVerilog input from `/openlane/designs/lab5_v1/src/alu.v' to AST representation.
Storing AST representation for module `$abstract\alu'.
Successfully finished Verilog frontend.

3. Executing Verilog-2005 frontend: /openlane/designs/lab5_v1/src/program_counter.v
Parsing SystemVerilog input from `/openlane/designs/lab5_v1/src/program_counter.v' to AST representation.
Storing AST representation for module `$abstract\program_counter'.
Successfully finished Verilog frontend.

4. Executing Verilog-2005 frontend: /openlane/designs/lab5_v1/src/seven_segment_controller.v
Parsing SystemVerilog input from `/openlane/designs/lab5_v1/src/seven_segment_controller.v' to AST representation.
Storing AST representation for module `$abstract\seven_segment_controller'.
Successfully finished Verilog frontend.

5. Executing Verilog-2005 frontend: /openlane/designs/lab5_v1/src/top_module.v
Parsing SystemVerilog input from `/openlane/designs/lab5_v1/src/top_module.v' to AST representation.
Storing AST representation for module `$abstract\top_module'.
Successfully finished Verilog frontend.

6. Executing Verilog-2005 frontend: /openlane/designs/lab5_v1/src/register_file.v
Parsing SystemVerilog input from `/openlane/designs/lab5_v1/src/register_file.v' to AST representation.
Storing AST representation for module `$abstract\register_file'.
Successfully finished Verilog frontend.

7. Executing Verilog-2005 frontend: /openlane/designs/lab5_v1/src/instruction_memory.v
Parsing SystemVerilog input from `/openlane/designs/lab5_v1/src/instruction_memory.v' to AST representation.
Storing AST representation for module `$abstract\instruction_memory'.
Successfully finished Verilog frontend.

8. Executing Verilog-2005 frontend: /openlane/designs/lab5_v1/src/instruction_decoder.v
Parsing SystemVerilog input from `/openlane/designs/lab5_v1/src/instruction_decoder.v' to AST representation.
Storing AST representation for module `$abstract\instruction_decoder'.
Successfully finished Verilog frontend.

9. Executing HIERARCHY pass (managing design hierarchy).

10. Executing AST frontend in derive mode using pre-parsed AST for module `\top_module'.
Generating RTLIL representation for module `\top_module'.

10.1. Analyzing design hierarchy..
Top module:  \top_module

10.2. Executing AST frontend in derive mode using pre-parsed AST for module `\seven_segment_controller'.
Generating RTLIL representation for module `\seven_segment_controller'.

10.3. Executing AST frontend in derive mode using pre-parsed AST for module `\alu'.
Generating RTLIL representation for module `\alu'.

10.4. Executing AST frontend in derive mode using pre-parsed AST for module `\register_file'.
Generating RTLIL representation for module `\register_file'.

10.5. Executing AST frontend in derive mode using pre-parsed AST for module `\instruction_decoder'.
Generating RTLIL representation for module `\instruction_decoder'.
Parameter \ADDR_WIDTH = 3

10.6. Executing AST frontend in derive mode using pre-parsed AST for module `\instruction_memory'.
Parameter \ADDR_WIDTH = 3
Generating RTLIL representation for module `$paramod\instruction_memory\ADDR_WIDTH=s32'00000000000000000000000000000011'.
Parameter \WIDTH = 3

10.7. Executing AST frontend in derive mode using pre-parsed AST for module `\program_counter'.
Parameter \WIDTH = 3
Generating RTLIL representation for module `$paramod\program_counter\WIDTH=s32'00000000000000000000000000000011'.

10.8. Analyzing design hierarchy..
Top module:  \top_module
Used module:     \seven_segment_controller
Used module:     \alu
Used module:     \register_file
Used module:     \instruction_decoder
Used module:     $paramod\instruction_memory\ADDR_WIDTH=s32'00000000000000000000000000000011
Used module:     $paramod\program_counter\WIDTH=s32'00000000000000000000000000000011

10.9. Analyzing design hierarchy..
Top module:  \top_module
Used module:     \seven_segment_controller
Used module:     \alu
Used module:     \register_file
Used module:     \instruction_decoder
Used module:     $paramod\instruction_memory\ADDR_WIDTH=s32'00000000000000000000000000000011
Used module:     $paramod\program_counter\WIDTH=s32'00000000000000000000000000000011
Removing unused module `$abstract\instruction_decoder'.
Removing unused module `$abstract\instruction_memory'.
Removing unused module `$abstract\register_file'.
Removing unused module `$abstract\top_module'.
Removing unused module `$abstract\seven_segment_controller'.
Removing unused module `$abstract\program_counter'.
Removing unused module `$abstract\alu'.
Removed 7 unused modules.

11. Generating Graphviz representation of design.
Writing dot description to `/openlane/designs/lab5_v1/runs/RUN_2025.05.25_12.28.52/tmp/synthesis/hierarchy.dot'.
Dumping module top_module to page 1.
Renaming module top_module to top_module.

12. Executing TRIBUF pass.

13. Executing HIERARCHY pass (managing design hierarchy).

13.1. Analyzing design hierarchy..
Top module:  \top_module
Used module:     \seven_segment_controller
Used module:     \alu
Used module:     \register_file
Used module:     \instruction_decoder
Used module:     $paramod\instruction_memory\ADDR_WIDTH=s32'00000000000000000000000000000011
Used module:     $paramod\program_counter\WIDTH=s32'00000000000000000000000000000011

13.2. Analyzing design hierarchy..
Top module:  \top_module
Used module:     \seven_segment_controller
Used module:     \alu
Used module:     \register_file
Used module:     \instruction_decoder
Used module:     $paramod\instruction_memory\ADDR_WIDTH=s32'00000000000000000000000000000011
Used module:     $paramod\program_counter\WIDTH=s32'00000000000000000000000000000011
Removed 0 unused modules.

14. Executing PROC_CLEAN pass (remove empty switches from decision trees).
Cleaned up 0 empty switches.

15. Executing PROC_RMDEAD pass (remove dead branches from decision trees).
Marked 1 switch rules as full_case in process $proc$/openlane/designs/lab5_v1/src/instruction_memory.v:27$128 in module $paramod\instruction_memory\ADDR_WIDTH=s32'00000000000000000000000000000011.
Marked 1 switch rules as full_case in process $proc$/openlane/designs/lab5_v1/src/instruction_decoder.v:11$118 in module instruction_decoder.
Marked 1 switch rules as full_case in process $proc$/openlane/designs/lab5_v1/src/register_file.v:19$46 in module register_file.
Removed 1 dead cases from process $proc$/openlane/designs/lab5_v1/src/alu.v:8$4 in module alu.
Marked 1 switch rules as full_case in process $proc$/openlane/designs/lab5_v1/src/alu.v:8$4 in module alu.
Marked 1 switch rules as full_case in process $proc$/openlane/designs/lab5_v1/src/seven_segment_controller.v:7$3 in module seven_segment_controller.
Marked 1 switch rules as full_case in process $proc$/openlane/designs/lab5_v1/src/program_counter.v:11$144 in module $paramod\program_counter\WIDTH=s32'00000000000000000000000000000011.
Removed a total of 1 dead cases.

16. Executing PROC_PRUNE pass (remove redundant assignments in processes).
Removed 0 redundant assignments.
Promoted 52 assignments to connections.

17. Executing PROC_INIT pass (extract init attributes).

18. Executing PROC_ARST pass (detect async resets in processes).
Found async reset \reset in `$paramod\program_counter\WIDTH=s32'00000000000000000000000000000011.$proc$/openlane/designs/lab5_v1/src/program_counter.v:11$144'.

19. Executing PROC_ROM pass (convert switches to ROMs).
Converted 1 switch.
<suppressed ~5 debug messages>

20. Executing PROC_MUX pass (convert decision trees to multiplexers).
Creating decoders for process `$paramod\instruction_memory\ADDR_WIDTH=s32'00000000000000000000000000000011.$proc$/openlane/designs/lab5_v1/src/instruction_memory.v:0$137'.
Creating decoders for process `$paramod\instruction_memory\ADDR_WIDTH=s32'00000000000000000000000000000011.$proc$/openlane/designs/lab5_v1/src/instruction_memory.v:27$128'.
     1/1: $1\instruction[31:0]
Creating decoders for process `\instruction_decoder.$proc$/openlane/designs/lab5_v1/src/instruction_decoder.v:11$118'.
     1/2: $1\imm[31:0]
     2/2: $1\imm_en[0:0]
Creating decoders for process `\register_file.$proc$/openlane/designs/lab5_v1/src/register_file.v:0$85'.
Creating decoders for process `\register_file.$proc$/openlane/designs/lab5_v1/src/register_file.v:19$46'.
     1/3: $1$memwr$\regs$/openlane/designs/lab5_v1/src/register_file.v:20$43_EN[31:0]$52
     2/3: $1$memwr$\regs$/openlane/designs/lab5_v1/src/register_file.v:20$43_DATA[31:0]$51
     3/3: $1$memwr$\regs$/openlane/designs/lab5_v1/src/register_file.v:20$43_ADDR[4:0]$50
Creating decoders for process `\alu.$proc$/openlane/designs/lab5_v1/src/alu.v:8$4'.
     1/1: $1\result[31:0]
Creating decoders for process `\seven_segment_controller.$proc$/openlane/designs/lab5_v1/src/seven_segment_controller.v:7$3'.
     1/1: $1\seg[6:0]
Creating decoders for process `$paramod\program_counter\WIDTH=s32'00000000000000000000000000000011.$proc$/openlane/designs/lab5_v1/src/program_counter.v:11$144'.
     1/1: $0\pc[2:0]

21. Executing PROC_DLATCH pass (convert process syncs to latches).
No latch inferred for signal `$paramod\instruction_memory\ADDR_WIDTH=s32'00000000000000000000000000000011.$memwr$\mem$/openlane/designs/lab5_v1/src/instruction_memory.v:14$122_EN' from process `$paramod\instruction_memory\ADDR_WIDTH=s32'00000000000000000000000000000011.$proc$/openlane/designs/lab5_v1/src/instruction_memory.v:0$137'.
No latch inferred for signal `$paramod\instruction_memory\ADDR_WIDTH=s32'00000000000000000000000000000011.$memwr$\mem$/openlane/designs/lab5_v1/src/instruction_memory.v:16$123_EN' from process `$paramod\instruction_memory\ADDR_WIDTH=s32'00000000000000000000000000000011.$proc$/openlane/designs/lab5_v1/src/instruction_memory.v:0$137'.
No latch inferred for signal `$paramod\instruction_memory\ADDR_WIDTH=s32'00000000000000000000000000000011.$memwr$\mem$/openlane/designs/lab5_v1/src/instruction_memory.v:18$124_EN' from process `$paramod\instruction_memory\ADDR_WIDTH=s32'00000000000000000000000000000011.$proc$/openlane/designs/lab5_v1/src/instruction_memory.v:0$137'.
No latch inferred for signal `$paramod\instruction_memory\ADDR_WIDTH=s32'00000000000000000000000000000011.$memwr$\mem$/openlane/designs/lab5_v1/src/instruction_memory.v:20$125_EN' from process `$paramod\instruction_memory\ADDR_WIDTH=s32'00000000000000000000000000000011.$proc$/openlane/designs/lab5_v1/src/instruction_memory.v:0$137'.
No latch inferred for signal `$paramod\instruction_memory\ADDR_WIDTH=s32'00000000000000000000000000000011.$memwr$\mem$/openlane/designs/lab5_v1/src/instruction_memory.v:22$126_EN' from process `$paramod\instruction_memory\ADDR_WIDTH=s32'00000000000000000000000000000011.$proc$/openlane/designs/lab5_v1/src/instruction_memory.v:0$137'.
No latch inferred for signal `$paramod\instruction_memory\ADDR_WIDTH=s32'00000000000000000000000000000011.$memwr$\mem$/openlane/designs/lab5_v1/src/instruction_memory.v:24$127_EN' from process `$paramod\instruction_memory\ADDR_WIDTH=s32'00000000000000000000000000000011.$proc$/openlane/designs/lab5_v1/src/instruction_memory.v:0$137'.
No latch inferred for signal `$paramod\instruction_memory\ADDR_WIDTH=s32'00000000000000000000000000000011.\instruction' from process `$paramod\instruction_memory\ADDR_WIDTH=s32'00000000000000000000000000000011.$proc$/openlane/designs/lab5_v1/src/instruction_memory.v:27$128'.
No latch inferred for signal `\instruction_decoder.\alu_op' from process `\instruction_decoder.$proc$/openlane/designs/lab5_v1/src/instruction_decoder.v:11$118'.
No latch inferred for signal `\instruction_decoder.\rd' from process `\instruction_decoder.$proc$/openlane/designs/lab5_v1/src/instruction_decoder.v:11$118'.
No latch inferred for signal `\instruction_decoder.\rs1' from process `\instruction_decoder.$proc$/openlane/designs/lab5_v1/src/instruction_decoder.v:11$118'.
No latch inferred for signal `\instruction_decoder.\rs2' from process `\instruction_decoder.$proc$/openlane/designs/lab5_v1/src/instruction_decoder.v:11$118'.
No latch inferred for signal `\instruction_decoder.\imm' from process `\instruction_decoder.$proc$/openlane/designs/lab5_v1/src/instruction_decoder.v:11$118'.
No latch inferred for signal `\instruction_decoder.\imm_en' from process `\instruction_decoder.$proc$/openlane/designs/lab5_v1/src/instruction_decoder.v:11$118'.
No latch inferred for signal `\register_file.\i' from process `\register_file.$proc$/openlane/designs/lab5_v1/src/register_file.v:0$85'.
No latch inferred for signal `\register_file.$memwr$\regs$/openlane/designs/lab5_v1/src/register_file.v:15$11_EN' from process `\register_file.$proc$/openlane/designs/lab5_v1/src/register_file.v:0$85'.
No latch inferred for signal `\register_file.$memwr$\regs$/openlane/designs/lab5_v1/src/register_file.v:15$12_EN' from process `\register_file.$proc$/openlane/designs/lab5_v1/src/register_file.v:0$85'.
No latch inferred for signal `\register_file.$memwr$\regs$/openlane/designs/lab5_v1/src/register_file.v:15$13_EN' from process `\register_file.$proc$/openlane/designs/lab5_v1/src/register_file.v:0$85'.
No latch inferred for signal `\register_file.$memwr$\regs$/openlane/designs/lab5_v1/src/register_file.v:15$14_EN' from process `\register_file.$proc$/openlane/designs/lab5_v1/src/register_file.v:0$85'.
No latch inferred for signal `\register_file.$memwr$\regs$/openlane/designs/lab5_v1/src/register_file.v:15$15_EN' from process `\register_file.$proc$/openlane/designs/lab5_v1/src/register_file.v:0$85'.
No latch inferred for signal `\register_file.$memwr$\regs$/openlane/designs/lab5_v1/src/register_file.v:15$16_EN' from process `\register_file.$proc$/openlane/designs/lab5_v1/src/register_file.v:0$85'.
No latch inferred for signal `\register_file.$memwr$\regs$/openlane/designs/lab5_v1/src/register_file.v:15$17_EN' from process `\register_file.$proc$/openlane/designs/lab5_v1/src/register_file.v:0$85'.
No latch inferred for signal `\register_file.$memwr$\regs$/openlane/designs/lab5_v1/src/register_file.v:15$18_EN' from process `\register_file.$proc$/openlane/designs/lab5_v1/src/register_file.v:0$85'.
No latch inferred for signal `\register_file.$memwr$\regs$/openlane/designs/lab5_v1/src/register_file.v:15$19_EN' from process `\register_file.$proc$/openlane/designs/lab5_v1/src/register_file.v:0$85'.
No latch inferred for signal `\register_file.$memwr$\regs$/openlane/designs/lab5_v1/src/register_file.v:15$20_EN' from process `\register_file.$proc$/openlane/designs/lab5_v1/src/register_file.v:0$85'.
No latch inferred for signal `\register_file.$memwr$\regs$/openlane/designs/lab5_v1/src/register_file.v:15$21_EN' from process `\register_file.$proc$/openlane/designs/lab5_v1/src/register_file.v:0$85'.
No latch inferred for signal `\register_file.$memwr$\regs$/openlane/designs/lab5_v1/src/register_file.v:15$22_EN' from process `\register_file.$proc$/openlane/designs/lab5_v1/src/register_file.v:0$85'.
No latch inferred for signal `\register_file.$memwr$\regs$/openlane/designs/lab5_v1/src/register_file.v:15$23_EN' from process `\register_file.$proc$/openlane/designs/lab5_v1/src/register_file.v:0$85'.
No latch inferred for signal `\register_file.$memwr$\regs$/openlane/designs/lab5_v1/src/register_file.v:15$24_EN' from process `\register_file.$proc$/openlane/designs/lab5_v1/src/register_file.v:0$85'.
No latch inferred for signal `\register_file.$memwr$\regs$/openlane/designs/lab5_v1/src/register_file.v:15$25_EN' from process `\register_file.$proc$/openlane/designs/lab5_v1/src/register_file.v:0$85'.
No latch inferred for signal `\register_file.$memwr$\regs$/openlane/designs/lab5_v1/src/register_file.v:15$26_EN' from process `\register_file.$proc$/openlane/designs/lab5_v1/src/register_file.v:0$85'.
No latch inferred for signal `\register_file.$memwr$\regs$/openlane/designs/lab5_v1/src/register_file.v:15$27_EN' from process `\register_file.$proc$/openlane/designs/lab5_v1/src/register_file.v:0$85'.
No latch inferred for signal `\register_file.$memwr$\regs$/openlane/designs/lab5_v1/src/register_file.v:15$28_EN' from process `\register_file.$proc$/openlane/designs/lab5_v1/src/register_file.v:0$85'.
No latch inferred for signal `\register_file.$memwr$\regs$/openlane/designs/lab5_v1/src/register_file.v:15$29_EN' from process `\register_file.$proc$/openlane/designs/lab5_v1/src/register_file.v:0$85'.
No latch inferred for signal `\register_file.$memwr$\regs$/openlane/designs/lab5_v1/src/register_file.v:15$30_EN' from process `\register_file.$proc$/openlane/designs/lab5_v1/src/register_file.v:0$85'.
No latch inferred for signal `\register_file.$memwr$\regs$/openlane/designs/lab5_v1/src/register_file.v:15$31_EN' from process `\register_file.$proc$/openlane/designs/lab5_v1/src/register_file.v:0$85'.
No latch inferred for signal `\register_file.$memwr$\regs$/openlane/designs/lab5_v1/src/register_file.v:15$32_EN' from process `\register_file.$proc$/openlane/designs/lab5_v1/src/register_file.v:0$85'.
No latch inferred for signal `\register_file.$memwr$\regs$/openlane/designs/lab5_v1/src/register_file.v:15$33_EN' from process `\register_file.$proc$/openlane/designs/lab5_v1/src/register_file.v:0$85'.
No latch inferred for signal `\register_file.$memwr$\regs$/openlane/designs/lab5_v1/src/register_file.v:15$34_EN' from process `\register_file.$proc$/openlane/designs/lab5_v1/src/register_file.v:0$85'.
No latch inferred for signal `\register_file.$memwr$\regs$/openlane/designs/lab5_v1/src/register_file.v:15$35_EN' from process `\register_file.$proc$/openlane/designs/lab5_v1/src/register_file.v:0$85'.
No latch inferred for signal `\register_file.$memwr$\regs$/openlane/designs/lab5_v1/src/register_file.v:15$36_EN' from process `\register_file.$proc$/openlane/designs/lab5_v1/src/register_file.v:0$85'.
No latch inferred for signal `\register_file.$memwr$\regs$/openlane/designs/lab5_v1/src/register_file.v:15$37_EN' from process `\register_file.$proc$/openlane/designs/lab5_v1/src/register_file.v:0$85'.
No latch inferred for signal `\register_file.$memwr$\regs$/openlane/designs/lab5_v1/src/register_file.v:15$38_EN' from process `\register_file.$proc$/openlane/designs/lab5_v1/src/register_file.v:0$85'.
No latch inferred for signal `\register_file.$memwr$\regs$/openlane/designs/lab5_v1/src/register_file.v:15$39_EN' from process `\register_file.$proc$/openlane/designs/lab5_v1/src/register_file.v:0$85'.
No latch inferred for signal `\register_file.$memwr$\regs$/openlane/designs/lab5_v1/src/register_file.v:15$40_EN' from process `\register_file.$proc$/openlane/designs/lab5_v1/src/register_file.v:0$85'.
No latch inferred for signal `\register_file.$memwr$\regs$/openlane/designs/lab5_v1/src/register_file.v:15$41_EN' from process `\register_file.$proc$/openlane/designs/lab5_v1/src/register_file.v:0$85'.
No latch inferred for signal `\register_file.$memwr$\regs$/openlane/designs/lab5_v1/src/register_file.v:15$42_EN' from process `\register_file.$proc$/openlane/designs/lab5_v1/src/register_file.v:0$85'.
No latch inferred for signal `\alu.\result' from process `\alu.$proc$/openlane/designs/lab5_v1/src/alu.v:8$4'.
No latch inferred for signal `\seven_segment_controller.\seg' from process `\seven_segment_controller.$proc$/openlane/designs/lab5_v1/src/seven_segment_controller.v:7$3'.
No latch inferred for signal `\seven_segment_controller.\an' from process `\seven_segment_controller.$proc$/openlane/designs/lab5_v1/src/seven_segment_controller.v:7$3'.

22. Executing PROC_DFF pass (convert process syncs to FFs).
Creating register for signal `\register_file.$memwr$\regs$/openlane/designs/lab5_v1/src/register_file.v:20$43_ADDR' using process `\register_file.$proc$/openlane/designs/lab5_v1/src/register_file.v:19$46'.
  created $dff cell `$procdff$179' with positive edge clock.
Creating register for signal `\register_file.$memwr$\regs$/openlane/designs/lab5_v1/src/register_file.v:20$43_DATA' using process `\register_file.$proc$/openlane/designs/lab5_v1/src/register_file.v:19$46'.
  created $dff cell `$procdff$180' with positive edge clock.
Creating register for signal `\register_file.$memwr$\regs$/openlane/designs/lab5_v1/src/register_file.v:20$43_EN' using process `\register_file.$proc$/openlane/designs/lab5_v1/src/register_file.v:19$46'.
  created $dff cell `$procdff$181' with positive edge clock.
Creating register for signal `$paramod\program_counter\WIDTH=s32'00000000000000000000000000000011.\pc' using process `$paramod\program_counter\WIDTH=s32'00000000000000000000000000000011.$proc$/openlane/designs/lab5_v1/src/program_counter.v:11$144'.
  created $adff cell `$procdff$182' with positive edge clock and positive level reset.

23. Executing PROC_MEMWR pass (convert process memory writes to cells).

24. Executing PROC_CLEAN pass (remove empty switches from decision trees).
Removing empty process `$paramod\instruction_memory\ADDR_WIDTH=s32'00000000000000000000000000000011.$proc$/openlane/designs/lab5_v1/src/instruction_memory.v:0$137'.
Found and cleaned up 1 empty switch in `$paramod\instruction_memory\ADDR_WIDTH=s32'00000000000000000000000000000011.$proc$/openlane/designs/lab5_v1/src/instruction_memory.v:27$128'.
Removing empty process `$paramod\instruction_memory\ADDR_WIDTH=s32'00000000000000000000000000000011.$proc$/openlane/designs/lab5_v1/src/instruction_memory.v:27$128'.
Found and cleaned up 1 empty switch in `\instruction_decoder.$proc$/openlane/designs/lab5_v1/src/instruction_decoder.v:11$118'.
Removing empty process `instruction_decoder.$proc$/openlane/designs/lab5_v1/src/instruction_decoder.v:11$118'.
Removing empty process `register_file.$proc$/openlane/designs/lab5_v1/src/register_file.v:0$85'.
Found and cleaned up 1 empty switch in `\register_file.$proc$/openlane/designs/lab5_v1/src/register_file.v:19$46'.
Removing empty process `register_file.$proc$/openlane/designs/lab5_v1/src/register_file.v:19$46'.
Found and cleaned up 1 empty switch in `\alu.$proc$/openlane/designs/lab5_v1/src/alu.v:8$4'.
Removing empty process `alu.$proc$/openlane/designs/lab5_v1/src/alu.v:8$4'.
Found and cleaned up 1 empty switch in `\seven_segment_controller.$proc$/openlane/designs/lab5_v1/src/seven_segment_controller.v:7$3'.
Removing empty process `seven_segment_controller.$proc$/openlane/designs/lab5_v1/src/seven_segment_controller.v:7$3'.
Found and cleaned up 1 empty switch in `$paramod\program_counter\WIDTH=s32'00000000000000000000000000000011.$proc$/openlane/designs/lab5_v1/src/program_counter.v:11$144'.
Removing empty process `$paramod\program_counter\WIDTH=s32'00000000000000000000000000000011.$proc$/openlane/designs/lab5_v1/src/program_counter.v:11$144'.
Cleaned up 6 empty switches.

25. Executing CHECK pass (checking for obvious problems).
Checking module top_module...
Checking module $paramod\instruction_memory\ADDR_WIDTH=s32'00000000000000000000000000000011...
Checking module instruction_decoder...
Checking module register_file...
Checking module alu...
Checking module seven_segment_controller...
Checking module $paramod\program_counter\WIDTH=s32'00000000000000000000000000000011...
Found and reported 0 problems.

26. Executing OPT_EXPR pass (perform const folding).
Optimizing module top_module.
Optimizing module $paramod\instruction_memory\ADDR_WIDTH=s32'00000000000000000000000000000011.
Optimizing module instruction_decoder.
Optimizing module register_file.
Optimizing module alu.
<suppressed ~1 debug messages>
Optimizing module seven_segment_controller.
Optimizing module $paramod\program_counter\WIDTH=s32'00000000000000000000000000000011.

27. Executing FLATTEN pass (flatten design).
Deleting now unused module $paramod\instruction_memory\ADDR_WIDTH=s32'00000000000000000000000000000011.
Deleting now unused module instruction_decoder.
Deleting now unused module register_file.
Deleting now unused module alu.
Deleting now unused module seven_segment_controller.
Deleting now unused module $paramod\program_counter\WIDTH=s32'00000000000000000000000000000011.
<suppressed ~6 debug messages>

28. Executing OPT_EXPR pass (perform const folding).
Optimizing module top_module.

29. Executing OPT_CLEAN pass (remove unused cells and wires).
Finding unused cells or wires in module \top_module..
Removed 3 unused cells and 117 unused wires.
<suppressed ~4 debug messages>

30. Executing OPT pass (performing simple optimizations).

30.1. Executing OPT_EXPR pass (perform const folding).
Optimizing module top_module.

30.2. Executing OPT_MERGE pass (detect identical cells).
Finding identical cells in module `\top_module'.
<suppressed ~12 debug messages>
Removed a total of 4 cells.

30.3. Executing OPT_MUXTREE pass (detect dead branches in mux trees).
Running muxtree optimizer on module \top_module..
  Creating internal representation of mux trees.
  Evaluating internal representation of mux trees.
  Analyzing evaluation results.
Removed 0 multiplexer ports.
<suppressed ~8 debug messages>

30.4. Executing OPT_REDUCE pass (consolidate $*mux and $reduce_* inputs).
  Optimizing cells in module \top_module.
    New ctrl vector for $pmux cell $flatten\alu_unit.$procmux$168: { $flatten\alu_unit.$procmux$175_CTRL $flatten\alu_unit.$procmux$172_CMP $flatten\alu_unit.$procmux$171_CMP $auto$opt_reduce.cc:134:opt_pmux$187 $auto$opt_reduce.cc:134:opt_pmux$185 }
    Consolidated identical input bits for $mux cell $flatten\rf.$procmux$160:
      Old ports: A=0, B=32'11111111111111111111111111111111, Y=$flatten\rf.$0$memwr$\regs$/openlane/designs/lab5_v1/src/register_file.v:20$43_EN[31:0]$49
      New ports: A=1'0, B=1'1, Y=$flatten\rf.$0$memwr$\regs$/openlane/designs/lab5_v1/src/register_file.v:20$43_EN[31:0]$49 [0]
      New connections: $flatten\rf.$0$memwr$\regs$/openlane/designs/lab5_v1/src/register_file.v:20$43_EN[31:0]$49 [31:1] = { $flatten\rf.$0$memwr$\regs$/openlane/designs/lab5_v1/src/register_file.v:20$43_EN[31:0]$49 [0] $flatten\rf.$0$memwr$\regs$/openlane/designs/lab5_v1/src/register_file.v:20$43_EN[31:0]$49 [0] $flatten\rf.$0$memwr$\regs$/openlane/designs/lab5_v1/src/register_file.v:20$43_EN[31:0]$49 [0] $flatten\rf.$0$memwr$\regs$/openlane/designs/lab5_v1/src/register_file.v:20$43_EN[31:0]$49 [0] $flatten\rf.$0$memwr$\regs$/openlane/designs/lab5_v1/src/register_file.v:20$43_EN[31:0]$49 [0] $flatten\rf.$0$memwr$\regs$/openlane/designs/lab5_v1/src/register_file.v:20$43_EN[31:0]$49 [0] $flatten\rf.$0$memwr$\regs$/openlane/designs/lab5_v1/src/register_file.v:20$43_EN[31:0]$49 [0] $flatten\rf.$0$memwr$\regs$/openlane/designs/lab5_v1/src/register_file.v:20$43_EN[31:0]$49 [0] $flatten\rf.$0$memwr$\regs$/openlane/designs/lab5_v1/src/register_file.v:20$43_EN[31:0]$49 [0] $flatten\rf.$0$memwr$\regs$/openlane/designs/lab5_v1/src/register_file.v:20$43_EN[31:0]$49 [0] $flatten\rf.$0$memwr$\regs$/openlane/designs/lab5_v1/src/register_file.v:20$43_EN[31:0]$49 [0] $flatten\rf.$0$memwr$\regs$/openlane/designs/lab5_v1/src/register_file.v:20$43_EN[31:0]$49 [0] $flatten\rf.$0$memwr$\regs$/openlane/designs/lab5_v1/src/register_file.v:20$43_EN[31:0]$49 [0] $flatten\rf.$0$memwr$\regs$/openlane/designs/lab5_v1/src/register_file.v:20$43_EN[31:0]$49 [0] $flatten\rf.$0$memwr$\regs$/openlane/designs/lab5_v1/src/register_file.v:20$43_EN[31:0]$49 [0] $flatten\rf.$0$memwr$\regs$/openlane/designs/lab5_v1/src/register_file.v:20$43_EN[31:0]$49 [0] $flatten\rf.$0$memwr$\regs$/openlane/designs/lab5_v1/src/register_file.v:20$43_EN[31:0]$49 [0] $flatten\rf.$0$memwr$\regs$/openlane/designs/lab5_v1/src/register_file.v:20$43_EN[31:0]$49 [0] $flatten\rf.$0$memwr$\regs$/openlane/designs/lab5_v1/src/register_file.v:20$43_EN[31:0]$49 [0] $flatten\rf.$0$memwr$\regs$/openlane/designs/lab5_v1/src/register_file.v:20$43_EN[31:0]$49 [0] $flatten\rf.$0$memwr$\regs$/openlane/designs/lab5_v1/src/register_file.v:20$43_EN[31:0]$49 [0] $flatten\rf.$0$memwr$\regs$/openlane/designs/lab5_v1/src/register_file.v:20$43_EN[31:0]$49 [0] $flatten\rf.$0$memwr$\regs$/openlane/designs/lab5_v1/src/register_file.v:20$43_EN[31:0]$49 [0] $flatten\rf.$0$memwr$\regs$/openlane/designs/lab5_v1/src/register_file.v:20$43_EN[31:0]$49 [0] $flatten\rf.$0$memwr$\regs$/openlane/designs/lab5_v1/src/register_file.v:20$43_EN[31:0]$49 [0] $flatten\rf.$0$memwr$\regs$/openlane/designs/lab5_v1/src/register_file.v:20$43_EN[31:0]$49 [0] $flatten\rf.$0$memwr$\regs$/openlane/designs/lab5_v1/src/register_file.v:20$43_EN[31:0]$49 [0] $flatten\rf.$0$memwr$\regs$/openlane/designs/lab5_v1/src/register_file.v:20$43_EN[31:0]$49 [0] $flatten\rf.$0$memwr$\regs$/openlane/designs/lab5_v1/src/register_file.v:20$43_EN[31:0]$49 [0] $flatten\rf.$0$memwr$\regs$/openlane/designs/lab5_v1/src/register_file.v:20$43_EN[31:0]$49 [0] $flatten\rf.$0$memwr$\regs$/openlane/designs/lab5_v1/src/register_file.v:20$43_EN[31:0]$49 [0] }
  Optimizing cells in module \top_module.
Performed a total of 2 changes.

30.5. Executing OPT_MERGE pass (detect identical cells).
Finding identical cells in module `\top_module'.
Removed a total of 0 cells.

30.6. Executing OPT_DFF pass (perform DFF optimizations).

30.7. Executing OPT_CLEAN pass (remove unused cells and wires).
Finding unused cells or wires in module \top_module..
Removed 0 unused cells and 4 unused wires.
<suppressed ~1 debug messages>

30.8. Executing OPT_EXPR pass (perform const folding).
Optimizing module top_module.

30.9. Rerunning OPT passes. (Maybe there is more to do..)

30.10. Executing OPT_MUXTREE pass (detect dead branches in mux trees).
Running muxtree optimizer on module \top_module..
  Creating internal representation of mux trees.
  Evaluating internal representation of mux trees.
  Analyzing evaluation results.
Removed 0 multiplexer ports.
<suppressed ~8 debug messages>

30.11. Executing OPT_REDUCE pass (consolidate $*mux and $reduce_* inputs).
  Optimizing cells in module \top_module.
Performed a total of 0 changes.

30.12. Executing OPT_MERGE pass (detect identical cells).
Finding identical cells in module `\top_module'.
Removed a total of 0 cells.

30.13. Executing OPT_DFF pass (perform DFF optimizations).

30.14. Executing OPT_CLEAN pass (remove unused cells and wires).
Finding unused cells or wires in module \top_module..

30.15. Executing OPT_EXPR pass (perform const folding).
Optimizing module top_module.

30.16. Finished OPT passes. (There is nothing left to do.)

31. Executing FSM pass (extract and optimize FSM).

31.1. Executing FSM_DETECT pass (finding FSMs in design).

31.2. Executing FSM_EXTRACT pass (extracting FSM from design).

31.3. Executing FSM_OPT pass (simple optimizations of FSMs).

31.4. Executing OPT_CLEAN pass (remove unused cells and wires).
Finding unused cells or wires in module \top_module..

31.5. Executing FSM_OPT pass (simple optimizations of FSMs).

31.6. Executing FSM_RECODE pass (re-assigning FSM state encoding).

31.7. Executing FSM_INFO pass (dumping all available information on FSM cells).

31.8. Executing FSM_MAP pass (mapping FSMs to basic logic).

32. Executing OPT pass (performing simple optimizations).

32.1. Executing OPT_EXPR pass (perform const folding).
Optimizing module top_module.

32.2. Executing OPT_MERGE pass (detect identical cells).
Finding identical cells in module `\top_module'.
Removed a total of 0 cells.

32.3. Executing OPT_MUXTREE pass (detect dead branches in mux trees).
Running muxtree optimizer on module \top_module..
  Creating internal representation of mux trees.
  Evaluating internal representation of mux trees.
  Analyzing evaluation results.
Removed 0 multiplexer ports.
<suppressed ~8 debug messages>

32.4. Executing OPT_REDUCE pass (consolidate $*mux and $reduce_* inputs).
  Optimizing cells in module \top_module.
Performed a total of 0 changes.

32.5. Executing OPT_MERGE pass (detect identical cells).
Finding identical cells in module `\top_module'.
Removed a total of 0 cells.

32.6. Executing OPT_DFF pass (perform DFF optimizations).
Adding EN signal on $flatten\pc_unit.$procdff$182 ($adff) from module top_module (D = $flatten\pc_unit.$add$/openlane/designs/lab5_v1/src/program_counter.v:15$145_Y [2:0], Q = \pc_unit.pc).

32.7. Executing OPT_CLEAN pass (remove unused cells and wires).
Finding unused cells or wires in module \top_module..
Removed 1 unused cells and 1 unused wires.
<suppressed ~2 debug messages>

32.8. Executing OPT_EXPR pass (perform const folding).
Optimizing module top_module.

32.9. Rerunning OPT passes. (Maybe there is more to do..)

32.10. Executing OPT_MUXTREE pass (detect dead branches in mux trees).
Running muxtree optimizer on module \top_module..
  Creating internal representation of mux trees.
  Evaluating internal representation of mux trees.
  Analyzing evaluation results.
Removed 0 multiplexer ports.
<suppressed ~7 debug messages>

32.11. Executing OPT_REDUCE pass (consolidate $*mux and $reduce_* inputs).
  Optimizing cells in module \top_module.
Performed a total of 0 changes.

32.12. Executing OPT_MERGE pass (detect identical cells).
Finding identical cells in module `\top_module'.
Removed a total of 0 cells.

32.13. Executing OPT_DFF pass (perform DFF optimizations).

32.14. Executing OPT_CLEAN pass (remove unused cells and wires).
Finding unused cells or wires in module \top_module..

32.15. Executing OPT_EXPR pass (perform const folding).
Optimizing module top_module.

32.16. Finished OPT passes. (There is nothing left to do.)

33. Executing WREDUCE pass (reducing word size of cells).
Removed top 28 address bits (of 32) from memory init port top_module.$flatten\disp.$auto$mem.cc:328:emit$149 ($flatten\disp.$auto$proc_rom.cc:150:do_switch$147).
Removed top 29 address bits (of 32) from memory init port top_module.$flatten\imem.$meminit$\mem$/openlane/designs/lab5_v1/src/instruction_memory.v:14$131 (imem.mem).
Removed top 29 address bits (of 32) from memory init port top_module.$flatten\imem.$meminit$\mem$/openlane/designs/lab5_v1/src/instruction_memory.v:16$132 (imem.mem).
Removed top 29 address bits (of 32) from memory init port top_module.$flatten\imem.$meminit$\mem$/openlane/designs/lab5_v1/src/instruction_memory.v:18$133 (imem.mem).
Removed top 29 address bits (of 32) from memory init port top_module.$flatten\imem.$meminit$\mem$/openlane/designs/lab5_v1/src/instruction_memory.v:20$134 (imem.mem).
Removed top 29 address bits (of 32) from memory init port top_module.$flatten\imem.$meminit$\mem$/openlane/designs/lab5_v1/src/instruction_memory.v:22$135 (imem.mem).
Removed top 29 address bits (of 32) from memory init port top_module.$flatten\imem.$meminit$\mem$/openlane/designs/lab5_v1/src/instruction_memory.v:24$136 (imem.mem).
Removed top 27 address bits (of 32) from memory init port top_module.$flatten\rf.$meminit$\regs$/openlane/designs/lab5_v1/src/register_file.v:15$53 (rf.regs).
Removed top 27 address bits (of 32) from memory init port top_module.$flatten\rf.$meminit$\regs$/openlane/designs/lab5_v1/src/register_file.v:15$54 (rf.regs).
Removed top 27 address bits (of 32) from memory init port top_module.$flatten\rf.$meminit$\regs$/openlane/designs/lab5_v1/src/register_file.v:15$55 (rf.regs).
Removed top 27 address bits (of 32) from memory init port top_module.$flatten\rf.$meminit$\regs$/openlane/designs/lab5_v1/src/register_file.v:15$56 (rf.regs).
Removed top 27 address bits (of 32) from memory init port top_module.$flatten\rf.$meminit$\regs$/openlane/designs/lab5_v1/src/register_file.v:15$57 (rf.regs).
Removed top 27 address bits (of 32) from memory init port top_module.$flatten\rf.$meminit$\regs$/openlane/designs/lab5_v1/src/register_file.v:15$58 (rf.regs).
Removed top 27 address bits (of 32) from memory init port top_module.$flatten\rf.$meminit$\regs$/openlane/designs/lab5_v1/src/register_file.v:15$59 (rf.regs).
Removed top 27 address bits (of 32) from memory init port top_module.$flatten\rf.$meminit$\regs$/openlane/designs/lab5_v1/src/register_file.v:15$60 (rf.regs).
Removed top 27 address bits (of 32) from memory init port top_module.$flatten\rf.$meminit$\regs$/openlane/designs/lab5_v1/src/register_file.v:15$61 (rf.regs).
Removed top 27 address bits (of 32) from memory init port top_module.$flatten\rf.$meminit$\regs$/openlane/designs/lab5_v1/src/register_file.v:15$62 (rf.regs).
Removed top 27 address bits (of 32) from memory init port top_module.$flatten\rf.$meminit$\regs$/openlane/designs/lab5_v1/src/register_file.v:15$63 (rf.regs).
Removed top 27 address bits (of 32) from memory init port top_module.$flatten\rf.$meminit$\regs$/openlane/designs/lab5_v1/src/register_file.v:15$64 (rf.regs).
Removed top 27 address bits (of 32) from memory init port top_module.$flatten\rf.$meminit$\regs$/openlane/designs/lab5_v1/src/register_file.v:15$65 (rf.regs).
Removed top 27 address bits (of 32) from memory init port top_module.$flatten\rf.$meminit$\regs$/openlane/designs/lab5_v1/src/register_file.v:15$66 (rf.regs).
Removed top 27 address bits (of 32) from memory init port top_module.$flatten\rf.$meminit$\regs$/openlane/designs/lab5_v1/src/register_file.v:15$67 (rf.regs).
Removed top 27 address bits (of 32) from memory init port top_module.$flatten\rf.$meminit$\regs$/openlane/designs/lab5_v1/src/register_file.v:15$68 (rf.regs).
Removed top 27 address bits (of 32) from memory init port top_module.$flatten\rf.$meminit$\regs$/openlane/designs/lab5_v1/src/register_file.v:15$69 (rf.regs).
Removed top 27 address bits (of 32) from memory init port top_module.$flatten\rf.$meminit$\regs$/openlane/designs/lab5_v1/src/register_file.v:15$70 (rf.regs).
Removed top 27 address bits (of 32) from memory init port top_module.$flatten\rf.$meminit$\regs$/openlane/designs/lab5_v1/src/register_file.v:15$71 (rf.regs).
Removed top 27 address bits (of 32) from memory init port top_module.$flatten\rf.$meminit$\regs$/openlane/designs/lab5_v1/src/register_file.v:15$72 (rf.regs).
Removed top 27 address bits (of 32) from memory init port top_module.$flatten\rf.$meminit$\regs$/openlane/designs/lab5_v1/src/register_file.v:15$73 (rf.regs).
Removed top 27 address bits (of 32) from memory init port top_module.$flatten\rf.$meminit$\regs$/openlane/designs/lab5_v1/src/register_file.v:15$74 (rf.regs).
Removed top 27 address bits (of 32) from memory init port top_module.$flatten\rf.$meminit$\regs$/openlane/designs/lab5_v1/src/register_file.v:15$75 (rf.regs).
Removed top 27 address bits (of 32) from memory init port top_module.$flatten\rf.$meminit$\regs$/openlane/designs/lab5_v1/src/register_file.v:15$76 (rf.regs).
Removed top 27 address bits (of 32) from memory init port top_module.$flatten\rf.$meminit$\regs$/openlane/designs/lab5_v1/src/register_file.v:15$77 (rf.regs).
Removed top 27 address bits (of 32) from memory init port top_module.$flatten\rf.$meminit$\regs$/openlane/designs/lab5_v1/src/register_file.v:15$78 (rf.regs).
Removed top 27 address bits (of 32) from memory init port top_module.$flatten\rf.$meminit$\regs$/openlane/designs/lab5_v1/src/register_file.v:15$79 (rf.regs).
Removed top 27 address bits (of 32) from memory init port top_module.$flatten\rf.$meminit$\regs$/openlane/designs/lab5_v1/src/register_file.v:15$80 (rf.regs).
Removed top 27 address bits (of 32) from memory init port top_module.$flatten\rf.$meminit$\regs$/openlane/designs/lab5_v1/src/register_file.v:15$81 (rf.regs).
Removed top 27 address bits (of 32) from memory init port top_module.$flatten\rf.$meminit$\regs$/openlane/designs/lab5_v1/src/register_file.v:15$82 (rf.regs).
Removed top 27 address bits (of 32) from memory init port top_module.$flatten\rf.$meminit$\regs$/openlane/designs/lab5_v1/src/register_file.v:15$83 (rf.regs).
Removed top 27 address bits (of 32) from memory init port top_module.$flatten\rf.$meminit$\regs$/openlane/designs/lab5_v1/src/register_file.v:15$84 (rf.regs).
Removed top 31 bits (of 32) from port B of cell top_module.$flatten\pc_unit.$add$/openlane/designs/lab5_v1/src/program_counter.v:15$145 ($add).
Removed top 29 bits (of 32) from port Y of cell top_module.$flatten\pc_unit.$add$/openlane/designs/lab5_v1/src/program_counter.v:15$145 ($add).
Removed top 29 bits (of 32) from port B of cell top_module.$flatten\imem.$lt$/openlane/designs/lab5_v1/src/instruction_memory.v:28$129 ($lt).
Removed top 2 bits (of 3) from port B of cell top_module.$flatten\alu_unit.$procmux$175_CMP1 ($eq).
Removed top 1 bits (of 3) from port B of cell top_module.$flatten\alu_unit.$procmux$174_CMP0 ($eq).
Removed top 1 bits (of 3) from port B of cell top_module.$flatten\alu_unit.$procmux$173_CMP0 ($eq).
Removed top 29 bits (of 32) from wire top_module.$flatten\pc_unit.$add$/openlane/designs/lab5_v1/src/program_counter.v:15$145_Y.

34. Executing PEEPOPT pass (run peephole optimizers).

35. Executing OPT_CLEAN pass (remove unused cells and wires).
Finding unused cells or wires in module \top_module..
Removed 0 unused cells and 1 unused wires.
<suppressed ~1 debug messages>

36. Executing ALUMACC pass (create $alu and $macc cells).
Extracting $alu and $macc cells in module top_module:
  creating $macc model for $flatten\alu_unit.$add$/openlane/designs/lab5_v1/src/alu.v:11$5 ($add).
  creating $macc model for $flatten\alu_unit.$sub$/openlane/designs/lab5_v1/src/alu.v:12$6 ($sub).
  creating $macc model for $flatten\pc_unit.$add$/openlane/designs/lab5_v1/src/program_counter.v:15$145 ($add).
  creating $alu model for $macc $flatten\pc_unit.$add$/openlane/designs/lab5_v1/src/program_counter.v:15$145.
  creating $alu model for $macc $flatten\alu_unit.$sub$/openlane/designs/lab5_v1/src/alu.v:12$6.
  creating $alu model for $macc $flatten\alu_unit.$add$/openlane/designs/lab5_v1/src/alu.v:11$5.
  creating $alu model for $flatten\imem.$lt$/openlane/designs/lab5_v1/src/instruction_memory.v:28$129 ($lt): new $alu
  creating $alu cell for $flatten\imem.$lt$/openlane/designs/lab5_v1/src/instruction_memory.v:28$129: $auto$alumacc.cc:485:replace_alu$191
  creating $alu cell for $flatten\alu_unit.$add$/openlane/designs/lab5_v1/src/alu.v:11$5: $auto$alumacc.cc:485:replace_alu$196
  creating $alu cell for $flatten\alu_unit.$sub$/openlane/designs/lab5_v1/src/alu.v:12$6: $auto$alumacc.cc:485:replace_alu$199
  creating $alu cell for $flatten\pc_unit.$add$/openlane/designs/lab5_v1/src/program_counter.v:15$145: $auto$alumacc.cc:485:replace_alu$202
  created 4 $alu and 0 $macc cells.

37. Executing SHARE pass (SAT-based resource sharing).
Found 5 cells in module top_module that may be considered for resource sharing.
  Analyzing resource sharing options for $flatten\rf.$memrd$\regs$/openlane/designs/lab5_v1/src/register_file.v:17$45 ($memrd):
    Found 4 activation_patterns using ctrl signal { $auto$opt_reduce.cc:134:opt_pmux$187 $flatten\alu_unit.$procmux$172_CMP $flatten\alu_unit.$procmux$171_CMP $auto$opt_reduce.cc:134:opt_pmux$185 \imm_en }.
    Found 1 candidates: $flatten\rf.$memrd$\regs$/openlane/designs/lab5_v1/src/register_file.v:16$44
    Analyzing resource sharing with $flatten\rf.$memrd$\regs$/openlane/designs/lab5_v1/src/register_file.v:16$44 ($memrd):
      Found 4 activation_patterns using ctrl signal { $auto$opt_reduce.cc:134:opt_pmux$187 $flatten\alu_unit.$procmux$172_CMP $flatten\alu_unit.$procmux$171_CMP $auto$opt_reduce.cc:134:opt_pmux$185 }.
      Activation pattern for cell $flatten\rf.$memrd$\regs$/openlane/designs/lab5_v1/src/register_file.v:17$45: { $auto$opt_reduce.cc:134:opt_pmux$185 \imm_en } = 2'10
      Activation pattern for cell $flatten\rf.$memrd$\regs$/openlane/designs/lab5_v1/src/register_file.v:17$45: { $auto$opt_reduce.cc:134:opt_pmux$187 \imm_en } = 2'10
      Activation pattern for cell $flatten\rf.$memrd$\regs$/openlane/designs/lab5_v1/src/register_file.v:17$45: { $flatten\alu_unit.$procmux$171_CMP \imm_en } = 2'10
      Activation pattern for cell $flatten\rf.$memrd$\regs$/openlane/designs/lab5_v1/src/register_file.v:17$45: { $flatten\alu_unit.$procmux$172_CMP \imm_en } = 2'10
      Activation pattern for cell $flatten\rf.$memrd$\regs$/openlane/designs/lab5_v1/src/register_file.v:16$44: $auto$opt_reduce.cc:134:opt_pmux$187 = 1'1
      Activation pattern for cell $flatten\rf.$memrd$\regs$/openlane/designs/lab5_v1/src/register_file.v:16$44: $flatten\alu_unit.$procmux$172_CMP = 1'1
      Activation pattern for cell $flatten\rf.$memrd$\regs$/openlane/designs/lab5_v1/src/register_file.v:16$44: $flatten\alu_unit.$procmux$171_CMP = 1'1
      Activation pattern for cell $flatten\rf.$memrd$\regs$/openlane/designs/lab5_v1/src/register_file.v:16$44: $auto$opt_reduce.cc:134:opt_pmux$185 = 1'1
      Size of SAT problem: 0 cells, 378 variables, 937 clauses
      According to the SAT solver this pair of cells can not be shared.
      Model from SAT solver: { $auto$opt_reduce.cc:134:opt_pmux$187 $flatten\alu_unit.$procmux$172_CMP $flatten\alu_unit.$procmux$171_CMP $auto$opt_reduce.cc:134:opt_pmux$185 \imm_en } = 5'10000
  Analyzing resource sharing options for $flatten\rf.$memrd$\regs$/openlane/designs/lab5_v1/src/register_file.v:16$44 ($memrd):
    Found 4 activation_patterns using ctrl signal { $auto$opt_reduce.cc:134:opt_pmux$187 $flatten\alu_unit.$procmux$172_CMP $flatten\alu_unit.$procmux$171_CMP $auto$opt_reduce.cc:134:opt_pmux$185 }.
    No candidates found.
  Analyzing resource sharing options for $flatten\imem.$memrd$\mem$/openlane/designs/lab5_v1/src/instruction_memory.v:29$130 ($memrd):
    Found 1 activation_patterns using ctrl signal $auto$rtlil.cc:2476:Not$195.
    No candidates found.
  Analyzing resource sharing options for $flatten\alu_unit.$shr$/openlane/designs/lab5_v1/src/alu.v:14$8 ($shr):
    Found 1 activation_patterns using ctrl signal $flatten\alu_unit.$procmux$171_CMP.
    No candidates found.
  Analyzing resource sharing options for $flatten\alu_unit.$shl$/openlane/designs/lab5_v1/src/alu.v:13$7 ($shl):
    Found 1 activation_patterns using ctrl signal $flatten\alu_unit.$procmux$172_CMP.
    No candidates found.

38. Executing OPT pass (performing simple optimizations).

38.1. Executing OPT_EXPR pass (perform const folding).
Optimizing module top_module.
<suppressed ~1 debug messages>

38.2. Executing OPT_MERGE pass (detect identical cells).
Finding identical cells in module `\top_module'.
Removed a total of 0 cells.

38.3. Executing OPT_MUXTREE pass (detect dead branches in mux trees).
Running muxtree optimizer on module \top_module..
  Creating internal representation of mux trees.
  Evaluating internal representation of mux trees.
  Analyzing evaluation results.
Removed 0 multiplexer ports.
<suppressed ~7 debug messages>

38.4. Executing OPT_REDUCE pass (consolidate $*mux and $reduce_* inputs).
  Optimizing cells in module \top_module.
Performed a total of 0 changes.

38.5. Executing OPT_MERGE pass (detect identical cells).
Finding identical cells in module `\top_module'.
Removed a total of 0 cells.

38.6. Executing OPT_DFF pass (perform DFF optimizations).

38.7. Executing OPT_CLEAN pass (remove unused cells and wires).
Finding unused cells or wires in module \top_module..
Removed 1 unused cells and 2 unused wires.
<suppressed ~2 debug messages>

38.8. Executing OPT_EXPR pass (perform const folding).
Optimizing module top_module.

38.9. Rerunning OPT passes. (Maybe there is more to do..)

38.10. Executing OPT_MUXTREE pass (detect dead branches in mux trees).
Running muxtree optimizer on module \top_module..
  Creating internal representation of mux trees.
  Evaluating internal representation of mux trees.
  Analyzing evaluation results.
Removed 0 multiplexer ports.
<suppressed ~7 debug messages>

38.11. Executing OPT_REDUCE pass (consolidate $*mux and $reduce_* inputs).
  Optimizing cells in module \top_module.
Performed a total of 0 changes.

38.12. Executing OPT_MERGE pass (detect identical cells).
Finding identical cells in module `\top_module'.
Removed a total of 0 cells.

38.13. Executing OPT_DFF pass (perform DFF optimizations).

38.14. Executing OPT_CLEAN pass (remove unused cells and wires).
Finding unused cells or wires in module \top_module..

38.15. Executing OPT_EXPR pass (perform const folding).
Optimizing module top_module.

38.16. Finished OPT passes. (There is nothing left to do.)

39. Executing MEMORY pass.

39.1. Executing OPT_MEM pass (optimize memories).
top_module.imem.mem: removing const-0 lane 4
top_module.imem.mem: removing const-0 lane 5
top_module.imem.mem: removing const-0 lane 6
top_module.imem.mem: removing const-0 lane 7
top_module.imem.mem: removing const-0 lane 8
top_module.imem.mem: removing const-0 lane 9
top_module.imem.mem: removing const-0 lane 10
top_module.imem.mem: removing const-0 lane 11
top_module.imem.mem: removing const-0 lane 12
top_module.imem.mem: removing const-0 lane 13
top_module.imem.mem: removing const-0 lane 18
top_module.imem.mem: removing const-0 lane 21
Performed a total of 1 transformations.

39.2. Executing OPT_MEM_PRIORITY pass (removing unnecessary memory write priority relations).
Performed a total of 0 transformations.

39.3. Executing OPT_MEM_FEEDBACK pass (finding memory read-to-write feedback paths).
  Analyzing top_module.rf.regs write port 0.

39.4. Executing MEMORY_BMUX2ROM pass (converting muxes to ROMs).

39.5. Executing MEMORY_DFF pass (merging $dff cells to $memrd).
Checking read port `$flatten\disp.$auto$proc_rom.cc:150:do_switch$147'[0] in module `\top_module': no output FF found.
Checking read port `\imem.mem'[0] in module `\top_module': no output FF found.
Checking read port `\rf.regs'[0] in module `\top_module': no output FF found.
Checking read port `\rf.regs'[1] in module `\top_module': no output FF found.
Checking read port address `$flatten\disp.$auto$proc_rom.cc:150:do_switch$147'[0] in module `\top_module': no address FF found.
Checking read port address `\imem.mem'[0] in module `\top_module': address FF has async set and/or reset, not supported.
Checking read port address `\rf.regs'[0] in module `\top_module': no address FF found.
Checking read port address `\rf.regs'[1] in module `\top_module': no address FF found.

39.6. Executing OPT_CLEAN pass (remove unused cells and wires).
Finding unused cells or wires in module \top_module..

39.7. Executing MEMORY_SHARE pass (consolidating $memrd/$memwr cells).
Consolidating read ports of memory top_module.rf.regs by address:

39.8. Executing OPT_MEM_WIDEN pass (optimize memories where all ports are wide).
Performed a total of 0 transformations.

39.9. Executing OPT_CLEAN pass (remove unused cells and wires).
Finding unused cells or wires in module \top_module..

39.10. Executing MEMORY_COLLECT pass (generating $mem cells).

40. Executing OPT_CLEAN pass (remove unused cells and wires).
Finding unused cells or wires in module \top_module..

41. Executing OPT pass (performing simple optimizations).

41.1. Executing OPT_EXPR pass (perform const folding).
Optimizing module top_module.
<suppressed ~6 debug messages>

41.2. Executing OPT_MERGE pass (detect identical cells).
Finding identical cells in module `\top_module'.
Removed a total of 0 cells.

41.3. Executing OPT_DFF pass (perform DFF optimizations).

41.4. Executing OPT_CLEAN pass (remove unused cells and wires).
Finding unused cells or wires in module \top_module..
Removed 4 unused cells and 7 unused wires.
<suppressed ~5 debug messages>

41.5. Finished fast OPT passes.

42. Executing MEMORY_MAP pass (converting memories to logic and flip-flops).
Mapping memory $flatten\disp.$auto$proc_rom.cc:150:do_switch$147 in module \top_module:
  created 16 $dff cells and 0 static cells of width 7.
  read interface: 0 $dff and 15 $mux cells.
  write interface: 0 write mux blocks.
Mapping memory \imem.mem in module \top_module:
  created 6 $dff cells and 0 static cells of width 20.
  read interface: 0 $dff and 7 $mux cells.
  write interface: 0 write mux blocks.
Mapping memory \rf.regs in module \top_module:
  created 32 $dff cells and 0 static cells of width 32.
  read interface: 0 $dff and 62 $mux cells.
  write interface: 32 write mux blocks.

43. Executing OPT pass (performing simple optimizations).

43.1. Executing OPT_EXPR pass (perform const folding).
Optimizing module top_module.
<suppressed ~20 debug messages>

43.2. Executing OPT_MERGE pass (detect identical cells).
Finding identical cells in module `\top_module'.
Removed a total of 0 cells.

43.3. Executing OPT_MUXTREE pass (detect dead branches in mux trees).
Running muxtree optimizer on module \top_module..
  Creating internal representation of mux trees.
  Evaluating internal representation of mux trees.
  Analyzing evaluation results.
    dead port 2/2 on $mux $flatten\idec.$procmux$154.
Removed 1 multiplexer ports.
<suppressed ~37 debug messages>

43.4. Executing OPT_REDUCE pass (consolidate $*mux and $reduce_* inputs).
  Optimizing cells in module \top_module.
    Consolidated identical input bits for $mux cell $memory\imem.mem$rdmux[0][2][2]$275:
      Old ports: A=20'11000101000000000010, B=20'10011110110101010000, Y=$memory\imem.mem$rdmux[0][1][1]$a$267
      New ports: A=2'01, B=2'10, Y={ $memory\imem.mem$rdmux[0][1][1]$a$267 [4] $memory\imem.mem$rdmux[0][1][1]$a$267 [1] }
      New connections: { $memory\imem.mem$rdmux[0][1][1]$a$267 [19:5] $memory\imem.mem$rdmux[0][1][1]$a$267 [3:2] $memory\imem.mem$rdmux[0][1][1]$a$267 [0] } = { 1'1 $memory\imem.mem$rdmux[0][1][1]$a$267 [1] 1'0 $memory\imem.mem$rdmux[0][1][1]$a$267 [4] $memory\imem.mem$rdmux[0][1][1]$a$267 [4] 1'1 $memory\imem.mem$rdmux[0][1][1]$a$267 [4] $memory\imem.mem$rdmux[0][1][1]$a$267 [1] $memory\imem.mem$rdmux[0][1][1]$a$267 [4] $memory\imem.mem$rdmux[0][1][1]$a$267 [4] 1'0 $memory\imem.mem$rdmux[0][1][1]$a$267 [4] 1'0 $memory\imem.mem$rdmux[0][1][1]$a$267 [4] 4'0000 }
    Consolidated identical input bits for $mux cell $memory\imem.mem$rdmux[0][2][1]$272:
      Old ports: A=20'01011001011011110000, B=20'11110100110100000101, Y=$memory\imem.mem$rdmux[0][1][0]$b$265
      New ports: A=2'10, B=2'01, Y={ $memory\imem.mem$rdmux[0][1][0]$b$265 [4] $memory\imem.mem$rdmux[0][1][0]$b$265 [0] }
      New connections: { $memory\imem.mem$rdmux[0][1][0]$b$265 [19:5] $memory\imem.mem$rdmux[0][1][0]$b$265 [3:1] } = { $memory\imem.mem$rdmux[0][1][0]$b$265 [0] 1'1 $memory\imem.mem$rdmux[0][1][0]$b$265 [0] 1'1 $memory\imem.mem$rdmux[0][1][0]$b$265 [4] $memory\imem.mem$rdmux[0][1][0]$b$265 [0] 1'0 $memory\imem.mem$rdmux[0][1][0]$b$265 [4] $memory\imem.mem$rdmux[0][1][0]$b$265 [0] 1'1 $memory\imem.mem$rdmux[0][1][0]$b$265 [4] $memory\imem.mem$rdmux[0][1][0]$b$265 [0] $memory\imem.mem$rdmux[0][1][0]$b$265 [4] $memory\imem.mem$rdmux[0][1][0]$b$265 [4] $memory\imem.mem$rdmux[0][1][0]$b$265 [4] 1'0 $memory\imem.mem$rdmux[0][1][0]$b$265 [0] 1'0 }
    Consolidated identical input bits for $mux cell $memory\imem.mem$rdmux[0][2][0]$269:
      Old ports: A=20'11001010000000001010, B=20'11001111000000001111, Y=$memory\imem.mem$rdmux[0][1][0]$a$264
      New ports: A=1'0, B=1'1, Y=$memory\imem.mem$rdmux[0][1][0]$a$264 [0]
      New connections: $memory\imem.mem$rdmux[0][1][0]$a$264 [19:1] = { 5'11001 $memory\imem.mem$rdmux[0][1][0]$a$264 [0] 1'1 $memory\imem.mem$rdmux[0][1][0]$a$264 [0] 9'000000001 $memory\imem.mem$rdmux[0][1][0]$a$264 [0] 1'1 }
    Consolidated identical input bits for $mux cell $memory$flatten\disp.$auto$proc_rom.cc:150:do_switch$147$rdmux[0][3][4]$248:
      Old ports: A=7'0000000, B=7'0010000, Y=$memory$flatten\disp.$auto$proc_rom.cc:150:do_switch$147$rdmux[0][2][2]$a$231
      New ports: A=1'0, B=1'1, Y=$memory$flatten\disp.$auto$proc_rom.cc:150:do_switch$147$rdmux[0][2][2]$a$231 [4]
      New connections: { $memory$flatten\disp.$auto$proc_rom.cc:150:do_switch$147$rdmux[0][2][2]$a$231 [6:5] $memory$flatten\disp.$auto$proc_rom.cc:150:do_switch$147$rdmux[0][2][2]$a$231 [3:0] } = 6'000000
    Consolidated identical input bits for $mux cell $memory$flatten\disp.$auto$proc_rom.cc:150:do_switch$147$rdmux[0][3][3]$245:
      Old ports: A=7'0000010, B=7'1111000, Y=$memory$flatten\disp.$auto$proc_rom.cc:150:do_switch$147$rdmux[0][2][1]$b$229
      New ports: A=2'01, B=2'10, Y={ $memory$flatten\disp.$auto$proc_rom.cc:150:do_switch$147$rdmux[0][2][1]$b$229 [3] $memory$flatten\disp.$auto$proc_rom.cc:150:do_switch$147$rdmux[0][2][1]$b$229 [1] }
      New connections: { $memory$flatten\disp.$auto$proc_rom.cc:150:do_switch$147$rdmux[0][2][1]$b$229 [6:4] $memory$flatten\disp.$auto$proc_rom.cc:150:do_switch$147$rdmux[0][2][1]$b$229 [2] $memory$flatten\disp.$auto$proc_rom.cc:150:do_switch$147$rdmux[0][2][1]$b$229 [0] } = { $memory$flatten\disp.$auto$proc_rom.cc:150:do_switch$147$rdmux[0][2][1]$b$229 [3] $memory$flatten\disp.$auto$proc_rom.cc:150:do_switch$147$rdmux[0][2][1]$b$229 [3] $memory$flatten\disp.$auto$proc_rom.cc:150:do_switch$147$rdmux[0][2][1]$b$229 [3] 2'00 }
    Consolidated identical input bits for $mux cell $memory$flatten\disp.$auto$proc_rom.cc:150:do_switch$147$rdmux[0][3][2]$242:
      Old ports: A=7'0011001, B=7'0010010, Y=$memory$flatten\disp.$auto$proc_rom.cc:150:do_switch$147$rdmux[0][2][1]$a$228
      New ports: A=2'01, B=2'10, Y=$memory$flatten\disp.$auto$proc_rom.cc:150:do_switch$147$rdmux[0][2][1]$a$228 [1:0]
      New connections: $memory$flatten\disp.$auto$proc_rom.cc:150:do_switch$147$rdmux[0][2][1]$a$228 [6:2] = { 3'001 $memory$flatten\disp.$auto$proc_rom.cc:150:do_switch$147$rdmux[0][2][1]$a$228 [0] 1'0 }
    Consolidated identical input bits for $mux cell $memory$flatten\disp.$auto$proc_rom.cc:150:do_switch$147$rdmux[0][3][1]$239:
      Old ports: A=7'0100100, B=7'0110000, Y=$memory$flatten\disp.$auto$proc_rom.cc:150:do_switch$147$rdmux[0][2][0]$b$226
      New ports: A=2'01, B=2'10, Y={ $memory$flatten\disp.$auto$proc_rom.cc:150:do_switch$147$rdmux[0][2][0]$b$226 [4] $memory$flatten\disp.$auto$proc_rom.cc:150:do_switch$147$rdmux[0][2][0]$b$226 [2] }
      New connections: { $memory$flatten\disp.$auto$proc_rom.cc:150:do_switch$147$rdmux[0][2][0]$b$226 [6:5] $memory$flatten\disp.$auto$proc_rom.cc:150:do_switch$147$rdmux[0][2][0]$b$226 [3] $memory$flatten\disp.$auto$proc_rom.cc:150:do_switch$147$rdmux[0][2][0]$b$226 [1:0] } = 5'01000
    Consolidated identical input bits for $mux cell $memory$flatten\disp.$auto$proc_rom.cc:150:do_switch$147$rdmux[0][3][0]$236:
      Old ports: A=7'1000000, B=7'1111001, Y=$memory$flatten\disp.$auto$proc_rom.cc:150:do_switch$147$rdmux[0][2][0]$a$225
      New ports: A=1'0, B=1'1, Y=$memory$flatten\disp.$auto$proc_rom.cc:150:do_switch$147$rdmux[0][2][0]$a$225 [0]
      New connections: $memory$flatten\disp.$auto$proc_rom.cc:150:do_switch$147$rdmux[0][2][0]$a$225 [6:1] = { 1'1 $memory$flatten\disp.$auto$proc_rom.cc:150:do_switch$147$rdmux[0][2][0]$a$225 [0] $memory$flatten\disp.$auto$proc_rom.cc:150:do_switch$147$rdmux[0][2][0]$a$225 [0] $memory$flatten\disp.$auto$proc_rom.cc:150:do_switch$147$rdmux[0][2][0]$a$225 [0] 2'00 }
    Consolidated identical input bits for $mux cell $flatten\imem.$procmux$151:
      Old ports: A={ $flatten\imem.$memrd$\mem$/openlane/designs/lab5_v1/src/instruction_memory.v:29$130_DATA [31:22] 1'0 $flatten\imem.$memrd$\mem$/openlane/designs/lab5_v1/src/instruction_memory.v:29$130_DATA [20:19] 1'0 $flatten\imem.$memrd$\mem$/openlane/designs/lab5_v1/src/instruction_memory.v:29$130_DATA [17:14] 10'0000000000 $flatten\imem.$memrd$\mem$/openlane/designs/lab5_v1/src/instruction_memory.v:29$130_DATA [3:0] }, B=0, Y=\idec.instr
      New ports: A={ $flatten\imem.$memrd$\mem$/openlane/designs/lab5_v1/src/instruction_memory.v:29$130_DATA [31:22] $flatten\imem.$memrd$\mem$/openlane/designs/lab5_v1/src/instruction_memory.v:29$130_DATA [20:19] $flatten\imem.$memrd$\mem$/openlane/designs/lab5_v1/src/instruction_memory.v:29$130_DATA [17:14] $flatten\imem.$memrd$\mem$/openlane/designs/lab5_v1/src/instruction_memory.v:29$130_DATA [3:0] }, B=20'00000000000000000000, Y={ \idec.instr [31:22] \idec.instr [20:19] \idec.instr [17:14] \idec.instr [3:0] }
      New connections: { \idec.instr [21] \idec.instr [18] \idec.instr [13:4] } = 12'000000000000
  Optimizing cells in module \top_module.
    Consolidated identical input bits for $mux cell $memory\imem.mem$rdmux[0][1][1]$266:
      Old ports: A=$memory\imem.mem$rdmux[0][1][1]$a$267, B=20'x, Y=$memory\imem.mem$rdmux[0][0][0]$b$262
      New ports: A={ 1'1 $memory\imem.mem$rdmux[0][1][1]$a$267 [4] $memory\imem.mem$rdmux[0][1][1]$a$267 [1] 1'0 }, B=4'x, Y={ $memory\imem.mem$rdmux[0][0][0]$b$262 [14] $memory\imem.mem$rdmux[0][0][0]$b$262 [4] $memory\imem.mem$rdmux[0][0][0]$b$262 [1:0] }
      New connections: { $memory\imem.mem$rdmux[0][0][0]$b$262 [19:15] $memory\imem.mem$rdmux[0][0][0]$b$262 [13:5] $memory\imem.mem$rdmux[0][0][0]$b$262 [3:2] } = { $memory\imem.mem$rdmux[0][0][0]$b$262 [14] $memory\imem.mem$rdmux[0][0][0]$b$262 [1:0] $memory\imem.mem$rdmux[0][0][0]$b$262 [4] $memory\imem.mem$rdmux[0][0][0]$b$262 [4] $memory\imem.mem$rdmux[0][0][0]$b$262 [4] $memory\imem.mem$rdmux[0][0][0]$b$262 [1] $memory\imem.mem$rdmux[0][0][0]$b$262 [4] $memory\imem.mem$rdmux[0][0][0]$b$262 [4] $memory\imem.mem$rdmux[0][0][0]$b$262 [0] $memory\imem.mem$rdmux[0][0][0]$b$262 [4] $memory\imem.mem$rdmux[0][0][0]$b$262 [0] $memory\imem.mem$rdmux[0][0][0]$b$262 [4] $memory\imem.mem$rdmux[0][0][0]$b$262 [0] $memory\imem.mem$rdmux[0][0][0]$b$262 [0] $memory\imem.mem$rdmux[0][0][0]$b$262 [0] }
    Consolidated identical input bits for $mux cell $memory\imem.mem$rdmux[0][1][0]$263:
      Old ports: A=$memory\imem.mem$rdmux[0][1][0]$a$264, B=$memory\imem.mem$rdmux[0][1][0]$b$265, Y=$memory\imem.mem$rdmux[0][0][0]$a$261
      New ports: A={ 2'11 $memory\imem.mem$rdmux[0][1][0]$a$264 [0] 4'0001 $memory\imem.mem$rdmux[0][1][0]$a$264 [0] }, B={ $memory\imem.mem$rdmux[0][1][0]$b$265 [0] $memory\imem.mem$rdmux[0][1][0]$b$265 [4] $memory\imem.mem$rdmux[0][1][0]$b$265 [4] 1'1 $memory\imem.mem$rdmux[0][1][0]$b$265 [0] $memory\imem.mem$rdmux[0][1][0]$b$265 [4] 1'0 $memory\imem.mem$rdmux[0][1][0]$b$265 [0] }, Y={ $memory\imem.mem$rdmux[0][0][0]$a$261 [19] $memory\imem.mem$rdmux[0][0][0]$a$261 [15] $memory\imem.mem$rdmux[0][0][0]$a$261 [12] $memory\imem.mem$rdmux[0][0][0]$a$261 [10] $memory\imem.mem$rdmux[0][0][0]$a$261 [8] $memory\imem.mem$rdmux[0][0][0]$a$261 [4] $memory\imem.mem$rdmux[0][0][0]$a$261 [1:0] }
      New connections: { $memory\imem.mem$rdmux[0][0][0]$a$261 [18:16] $memory\imem.mem$rdmux[0][0][0]$a$261 [14:13] $memory\imem.mem$rdmux[0][0][0]$a$261 [11] $memory\imem.mem$rdmux[0][0][0]$a$261 [9] $memory\imem.mem$rdmux[0][0][0]$a$261 [7:5] $memory\imem.mem$rdmux[0][0][0]$a$261 [3:2] } = { 1'1 $memory\imem.mem$rdmux[0][0][0]$a$261 [8] $memory\imem.mem$rdmux[0][0][0]$a$261 [10] $memory\imem.mem$rdmux[0][0][0]$a$261 [0] $memory\imem.mem$rdmux[0][0][0]$a$261 [1] $memory\imem.mem$rdmux[0][0][0]$a$261 [8] $memory\imem.mem$rdmux[0][0][0]$a$261 [4] $memory\imem.mem$rdmux[0][0][0]$a$261 [4] $memory\imem.mem$rdmux[0][0][0]$a$261 [4] $memory\imem.mem$rdmux[0][0][0]$a$261 [4] $memory\imem.mem$rdmux[0][0][0]$a$261 [1:0] }
    Consolidated identical input bits for $mux cell $memory$flatten\disp.$auto$proc_rom.cc:150:do_switch$147$rdmux[0][2][2]$230:
      Old ports: A=$memory$flatten\disp.$auto$proc_rom.cc:150:do_switch$147$rdmux[0][2][2]$a$231, B=7'1111111, Y=$memory$flatten\disp.$auto$proc_rom.cc:150:do_switch$147$rdmux[0][1][1]$a$222
      New ports: A={ $memory$flatten\disp.$auto$proc_rom.cc:150:do_switch$147$rdmux[0][2][2]$a$231 [4] 1'0 }, B=2'11, Y={ $memory$flatten\disp.$auto$proc_rom.cc:150:do_switch$147$rdmux[0][1][1]$a$222 [4] $memory$flatten\disp.$auto$proc_rom.cc:150:do_switch$147$rdmux[0][1][1]$a$222 [0] }
      New connections: { $memory$flatten\disp.$auto$proc_rom.cc:150:do_switch$147$rdmux[0][1][1]$a$222 [6:5] $memory$flatten\disp.$auto$proc_rom.cc:150:do_switch$147$rdmux[0][1][1]$a$222 [3:1] } = { $memory$flatten\disp.$auto$proc_rom.cc:150:do_switch$147$rdmux[0][1][1]$a$222 [0] $memory$flatten\disp.$auto$proc_rom.cc:150:do_switch$147$rdmux[0][1][1]$a$222 [0] $memory$flatten\disp.$auto$proc_rom.cc:150:do_switch$147$rdmux[0][1][1]$a$222 [0] $memory$flatten\disp.$auto$proc_rom.cc:150:do_switch$147$rdmux[0][1][1]$a$222 [0] $memory$flatten\disp.$auto$proc_rom.cc:150:do_switch$147$rdmux[0][1][1]$a$222 [0] }
    Consolidated identical input bits for $mux cell $memory$flatten\disp.$auto$proc_rom.cc:150:do_switch$147$rdmux[0][2][1]$227:
      Old ports: A=$memory$flatten\disp.$auto$proc_rom.cc:150:do_switch$147$rdmux[0][2][1]$a$228, B=$memory$flatten\disp.$auto$proc_rom.cc:150:do_switch$147$rdmux[0][2][1]$b$229, Y=$memory$flatten\disp.$auto$proc_rom.cc:150:do_switch$147$rdmux[0][1][0]$b$220
      New ports: A={ 2'01 $memory$flatten\disp.$auto$proc_rom.cc:150:do_switch$147$rdmux[0][2][1]$a$228 [0] $memory$flatten\disp.$auto$proc_rom.cc:150:do_switch$147$rdmux[0][2][1]$a$228 [1:0] }, B={ $memory$flatten\disp.$auto$proc_rom.cc:150:do_switch$147$rdmux[0][2][1]$b$229 [3] $memory$flatten\disp.$auto$proc_rom.cc:150:do_switch$147$rdmux[0][2][1]$b$229 [3] $memory$flatten\disp.$auto$proc_rom.cc:150:do_switch$147$rdmux[0][2][1]$b$229 [3] $memory$flatten\disp.$auto$proc_rom.cc:150:do_switch$147$rdmux[0][2][1]$b$229 [1] 1'0 }, Y={ $memory$flatten\disp.$auto$proc_rom.cc:150:do_switch$147$rdmux[0][1][0]$b$220 [5:3] $memory$flatten\disp.$auto$proc_rom.cc:150:do_switch$147$rdmux[0][1][0]$b$220 [1:0] }
      New connections: { $memory$flatten\disp.$auto$proc_rom.cc:150:do_switch$147$rdmux[0][1][0]$b$220 [6] $memory$flatten\disp.$auto$proc_rom.cc:150:do_switch$147$rdmux[0][1][0]$b$220 [2] } = { $memory$flatten\disp.$auto$proc_rom.cc:150:do_switch$147$rdmux[0][1][0]$b$220 [5] 1'0 }
    Consolidated identical input bits for $mux cell $memory$flatten\disp.$auto$proc_rom.cc:150:do_switch$147$rdmux[0][2][0]$224:
      Old ports: A=$memory$flatten\disp.$auto$proc_rom.cc:150:do_switch$147$rdmux[0][2][0]$a$225, B=$memory$flatten\disp.$auto$proc_rom.cc:150:do_switch$147$rdmux[0][2][0]$b$226, Y=$memory$flatten\disp.$auto$proc_rom.cc:150:do_switch$147$rdmux[0][1][0]$a$219
      New ports: A={ 1'1 $memory$flatten\disp.$auto$proc_rom.cc:150:do_switch$147$rdmux[0][2][0]$a$225 [0] $memory$flatten\disp.$auto$proc_rom.cc:150:do_switch$147$rdmux[0][2][0]$a$225 [0] 1'0 $memory$flatten\disp.$auto$proc_rom.cc:150:do_switch$147$rdmux[0][2][0]$a$225 [0] }, B={ 2'01 $memory$flatten\disp.$auto$proc_rom.cc:150:do_switch$147$rdmux[0][2][0]$b$226 [4] $memory$flatten\disp.$auto$proc_rom.cc:150:do_switch$147$rdmux[0][2][0]$b$226 [2] 1'0 }, Y={ $memory$flatten\disp.$auto$proc_rom.cc:150:do_switch$147$rdmux[0][1][0]$a$219 [6:4] $memory$flatten\disp.$auto$proc_rom.cc:150:do_switch$147$rdmux[0][1][0]$a$219 [2] $memory$flatten\disp.$auto$proc_rom.cc:150:do_switch$147$rdmux[0][1][0]$a$219 [0] }
      New connections: { $memory$flatten\disp.$auto$proc_rom.cc:150:do_switch$147$rdmux[0][1][0]$a$219 [3] $memory$flatten\disp.$auto$proc_rom.cc:150:do_switch$147$rdmux[0][1][0]$a$219 [1] } = { $memory$flatten\disp.$auto$proc_rom.cc:150:do_switch$147$rdmux[0][1][0]$a$219 [0] 1'0 }
  Optimizing cells in module \top_module.
    Consolidated identical input bits for $mux cell $memory\imem.mem$rdmux[0][0][0]$260:
      Old ports: A=$memory\imem.mem$rdmux[0][0][0]$a$261, B=$memory\imem.mem$rdmux[0][0][0]$b$262, Y={ $flatten\imem.$memrd$\mem$/openlane/designs/lab5_v1/src/instruction_memory.v:29$130_DATA [31:22] $flatten\imem.$memrd$\mem$/openlane/designs/lab5_v1/src/instruction_memory.v:29$130_DATA [20:19] $flatten\imem.$memrd$\mem$/openlane/designs/lab5_v1/src/instruction_memory.v:29$130_DATA [17:14] $flatten\imem.$memrd$\mem$/openlane/designs/lab5_v1/src/instruction_memory.v:29$130_DATA [3:0] }
      New ports: A={ $memory\imem.mem$rdmux[0][0][0]$a$261 [19] 1'1 $memory\imem.mem$rdmux[0][0][0]$a$261 [8] $memory\imem.mem$rdmux[0][0][0]$a$261 [15] $memory\imem.mem$rdmux[0][0][0]$a$261 [0] $memory\imem.mem$rdmux[0][0][0]$a$261 [1] $memory\imem.mem$rdmux[0][0][0]$a$261 [12] $memory\imem.mem$rdmux[0][0][0]$a$261 [10] $memory\imem.mem$rdmux[0][0][0]$a$261 [8] $memory\imem.mem$rdmux[0][0][0]$a$261 [4] $memory\imem.mem$rdmux[0][0][0]$a$261 [4] $memory\imem.mem$rdmux[0][0][0]$a$261 [1] $memory\imem.mem$rdmux[0][0][0]$a$261 [1:0] }, B={ $memory\imem.mem$rdmux[0][0][0]$b$262 [14] $memory\imem.mem$rdmux[0][0][0]$b$262 [1:0] $memory\imem.mem$rdmux[0][0][0]$b$262 [4] $memory\imem.mem$rdmux[0][0][0]$b$262 [14] $memory\imem.mem$rdmux[0][0][0]$b$262 [4] $memory\imem.mem$rdmux[0][0][0]$b$262 [1] $memory\imem.mem$rdmux[0][0][0]$b$262 [4] $memory\imem.mem$rdmux[0][0][0]$b$262 [4] $memory\imem.mem$rdmux[0][0][0]$b$262 [0] $memory\imem.mem$rdmux[0][0][0]$b$262 [4] $memory\imem.mem$rdmux[0][0][0]$b$262 [0] $memory\imem.mem$rdmux[0][0][0]$b$262 [1:0] }, Y={ $flatten\imem.$memrd$\mem$/openlane/designs/lab5_v1/src/instruction_memory.v:29$130_DATA [31:29] $flatten\imem.$memrd$\mem$/openlane/designs/lab5_v1/src/instruction_memory.v:29$130_DATA [27:24] $flatten\imem.$memrd$\mem$/openlane/designs/lab5_v1/src/instruction_memory.v:29$130_DATA [22] $flatten\imem.$memrd$\mem$/openlane/designs/lab5_v1/src/instruction_memory.v:29$130_DATA [19] $flatten\imem.$memrd$\mem$/openlane/designs/lab5_v1/src/instruction_memory.v:29$130_DATA [15:14] $flatten\imem.$memrd$\mem$/openlane/designs/lab5_v1/src/instruction_memory.v:29$130_DATA [3] $flatten\imem.$memrd$\mem$/openlane/designs/lab5_v1/src/instruction_memory.v:29$130_DATA [1:0] }
      New connections: { $flatten\imem.$memrd$\mem$/openlane/designs/lab5_v1/src/instruction_memory.v:29$130_DATA [28] $flatten\imem.$memrd$\mem$/openlane/designs/lab5_v1/src/instruction_memory.v:29$130_DATA [23] $flatten\imem.$memrd$\mem$/openlane/designs/lab5_v1/src/instruction_memory.v:29$130_DATA [20] $flatten\imem.$memrd$\mem$/openlane/designs/lab5_v1/src/instruction_memory.v:29$130_DATA [17:16] $flatten\imem.$memrd$\mem$/openlane/designs/lab5_v1/src/instruction_memory.v:29$130_DATA [2] } = { $flatten\imem.$memrd$\mem$/openlane/designs/lab5_v1/src/instruction_memory.v:29$130_DATA [22] $flatten\imem.$memrd$\mem$/openlane/designs/lab5_v1/src/instruction_memory.v:29$130_DATA [19] $flatten\imem.$memrd$\mem$/openlane/designs/lab5_v1/src/instruction_memory.v:29$130_DATA [15] $flatten\imem.$memrd$\mem$/openlane/designs/lab5_v1/src/instruction_memory.v:29$130_DATA [15:14] $flatten\imem.$memrd$\mem$/openlane/designs/lab5_v1/src/instruction_memory.v:29$130_DATA [0] }
    Consolidated identical input bits for $mux cell $memory$flatten\disp.$auto$proc_rom.cc:150:do_switch$147$rdmux[0][1][1]$221:
      Old ports: A=$memory$flatten\disp.$auto$proc_rom.cc:150:do_switch$147$rdmux[0][1][1]$a$222, B=7'1111111, Y=$memory$flatten\disp.$auto$proc_rom.cc:150:do_switch$147$rdmux[0][0][0]$b$217
      New ports: A={ $memory$flatten\disp.$auto$proc_rom.cc:150:do_switch$147$rdmux[0][1][1]$a$222 [4] $memory$flatten\disp.$auto$proc_rom.cc:150:do_switch$147$rdmux[0][1][1]$a$222 [0] }, B=2'11, Y={ $memory$flatten\disp.$auto$proc_rom.cc:150:do_switch$147$rdmux[0][0][0]$b$217 [4] $memory$flatten\disp.$auto$proc_rom.cc:150:do_switch$147$rdmux[0][0][0]$b$217 [0] }
      New connections: { $memory$flatten\disp.$auto$proc_rom.cc:150:do_switch$147$rdmux[0][0][0]$b$217 [6:5] $memory$flatten\disp.$auto$proc_rom.cc:150:do_switch$147$rdmux[0][0][0]$b$217 [3:1] } = { $memory$flatten\disp.$auto$proc_rom.cc:150:do_switch$147$rdmux[0][0][0]$b$217 [0] $memory$flatten\disp.$auto$proc_rom.cc:150:do_switch$147$rdmux[0][0][0]$b$217 [0] $memory$flatten\disp.$auto$proc_rom.cc:150:do_switch$147$rdmux[0][0][0]$b$217 [0] $memory$flatten\disp.$auto$proc_rom.cc:150:do_switch$147$rdmux[0][0][0]$b$217 [0] $memory$flatten\disp.$auto$proc_rom.cc:150:do_switch$147$rdmux[0][0][0]$b$217 [0] }
  Optimizing cells in module \top_module.
    Consolidated identical input bits for $mux cell $flatten\imem.$procmux$151:
      Old ports: A={ $flatten\imem.$memrd$\mem$/openlane/designs/lab5_v1/src/instruction_memory.v:29$130_DATA [31:22] $flatten\imem.$memrd$\mem$/openlane/designs/lab5_v1/src/instruction_memory.v:29$130_DATA [20:19] $flatten\imem.$memrd$\mem$/openlane/designs/lab5_v1/src/instruction_memory.v:29$130_DATA [17:14] $flatten\imem.$memrd$\mem$/openlane/designs/lab5_v1/src/instruction_memory.v:29$130_DATA [3:0] }, B=20'00000000000000000000, Y={ \idec.instr [31:22] \idec.instr [20:19] \idec.instr [17:14] \idec.instr [3:0] }
      New ports: A={ $flatten\imem.$memrd$\mem$/openlane/designs/lab5_v1/src/instruction_memory.v:29$130_DATA [31:29] $flatten\imem.$memrd$\mem$/openlane/designs/lab5_v1/src/instruction_memory.v:29$130_DATA [27:24] $flatten\imem.$memrd$\mem$/openlane/designs/lab5_v1/src/instruction_memory.v:29$130_DATA [22] $flatten\imem.$memrd$\mem$/openlane/designs/lab5_v1/src/instruction_memory.v:29$130_DATA [19] $flatten\imem.$memrd$\mem$/openlane/designs/lab5_v1/src/instruction_memory.v:29$130_DATA [15:14] $flatten\imem.$memrd$\mem$/openlane/designs/lab5_v1/src/instruction_memory.v:29$130_DATA [3] $flatten\imem.$memrd$\mem$/openlane/designs/lab5_v1/src/instruction_memory.v:29$130_DATA [1:0] }, B=14'00000000000000, Y={ \idec.instr [31:29] \idec.instr [27:24] \idec.instr [22] \idec.instr [19] \idec.instr [15:14] \idec.instr [3] \idec.instr [1:0] }
      New connections: { \idec.instr [28] \idec.instr [23] \idec.instr [20] \idec.instr [17:16] \idec.instr [2] } = { \idec.instr [22] \idec.instr [19] \idec.instr [15] \idec.instr [15:14] \idec.instr [0] }
  Optimizing cells in module \top_module.
Performed a total of 17 changes.

43.5. Executing OPT_MERGE pass (detect identical cells).
Finding identical cells in module `\top_module'.
<suppressed ~9 debug messages>
Removed a total of 3 cells.

43.6. Executing OPT_SHARE pass.
    Found cells that share an operand and can be merged by moving the $pmux $flatten\alu_unit.$procmux$168 in front of them:
        $auto$alumacc.cc:485:replace_alu$199
        $auto$alumacc.cc:485:replace_alu$196

43.7. Executing OPT_DFF pass (perform DFF optimizations).

43.8. Executing OPT_CLEAN pass (remove unused cells and wires).
Finding unused cells or wires in module \top_module..
Removed 0 unused cells and 139 unused wires.
<suppressed ~1 debug messages>

43.9. Executing OPT_EXPR pass (perform const folding).
Optimizing module top_module.
<suppressed ~9 debug messages>

43.10. Rerunning OPT passes. (Maybe there is more to do..)

43.11. Executing OPT_MUXTREE pass (detect dead branches in mux trees).
Running muxtree optimizer on module \top_module..
  Creating internal representation of mux trees.
  Evaluating internal representation of mux trees.
  Analyzing evaluation results.
    dead port 1/2 on $mux $memory\rf.regs$rdmux[0][1][1]$351.
    dead port 2/2 on $mux $memory\rf.regs$rdmux[0][1][1]$351.
    dead port 1/2 on $mux $memory\rf.regs$rdmux[0][2][2]$360.
    dead port 2/2 on $mux $memory\rf.regs$rdmux[0][2][2]$360.
    dead port 1/2 on $mux $memory\rf.regs$rdmux[0][2][3]$363.
    dead port 2/2 on $mux $memory\rf.regs$rdmux[0][2][3]$363.
    dead port 1/2 on $mux $memory\rf.regs$rdmux[0][3][0]$366.
    dead port 1/2 on $mux $memory\rf.regs$rdmux[0][3][1]$369.
    dead port 2/2 on $mux $memory\rf.regs$rdmux[0][3][2]$372.
    dead port 2/2 on $mux $memory\rf.regs$rdmux[0][3][3]$375.
    dead port 1/2 on $mux $memory\rf.regs$rdmux[0][3][4]$378.
    dead port 2/2 on $mux $memory\rf.regs$rdmux[0][3][4]$378.
    dead port 1/2 on $mux $memory\rf.regs$rdmux[0][3][5]$381.
    dead port 2/2 on $mux $memory\rf.regs$rdmux[0][3][5]$381.
    dead port 1/2 on $mux $memory\rf.regs$rdmux[0][3][6]$384.
    dead port 2/2 on $mux $memory\rf.regs$rdmux[0][3][6]$384.
    dead port 1/2 on $mux $memory\rf.regs$rdmux[0][3][7]$387.
    dead port 2/2 on $mux $memory\rf.regs$rdmux[0][3][7]$387.
    dead port 1/2 on $mux $memory\rf.regs$rdmux[0][4][0]$390.
    dead port 1/2 on $mux $memory\rf.regs$rdmux[0][4][10]$420.
    dead port 2/2 on $mux $memory\rf.regs$rdmux[0][4][10]$420.
    dead port 1/2 on $mux $memory\rf.regs$rdmux[0][4][11]$423.
    dead port 2/2 on $mux $memory\rf.regs$rdmux[0][4][11]$423.
    dead port 1/2 on $mux $memory\rf.regs$rdmux[0][4][12]$426.
    dead port 2/2 on $mux $memory\rf.regs$rdmux[0][4][12]$426.
    dead port 1/2 on $mux $memory\rf.regs$rdmux[0][4][13]$429.
    dead port 2/2 on $mux $memory\rf.regs$rdmux[0][4][13]$429.
    dead port 1/2 on $mux $memory\rf.regs$rdmux[0][4][14]$432.
    dead port 2/2 on $mux $memory\rf.regs$rdmux[0][4][14]$432.
    dead port 1/2 on $mux $memory\rf.regs$rdmux[0][4][15]$435.
    dead port 2/2 on $mux $memory\rf.regs$rdmux[0][4][15]$435.
    dead port 1/2 on $mux $memory\rf.regs$rdmux[0][4][1]$393.
    dead port 2/2 on $mux $memory\rf.regs$rdmux[0][4][1]$393.
    dead port 2/2 on $mux $memory\rf.regs$rdmux[0][4][2]$396.
    dead port 1/2 on $mux $memory\rf.regs$rdmux[0][4][3]$399.
    dead port 2/2 on $mux $memory\rf.regs$rdmux[0][4][3]$399.
    dead port 1/2 on $mux $memory\rf.regs$rdmux[0][4][4]$402.
    dead port 2/2 on $mux $memory\rf.regs$rdmux[0][4][4]$402.
    dead port 1/2 on $mux $memory\rf.regs$rdmux[0][4][5]$405.
    dead port 1/2 on $mux $memory\rf.regs$rdmux[0][4][6]$408.
    dead port 2/2 on $mux $memory\rf.regs$rdmux[0][4][6]$408.
    dead port 2/2 on $mux $memory\rf.regs$rdmux[0][4][7]$411.
    dead port 1/2 on $mux $memory\rf.regs$rdmux[0][4][8]$414.
    dead port 2/2 on $mux $memory\rf.regs$rdmux[0][4][8]$414.
    dead port 1/2 on $mux $memory\rf.regs$rdmux[0][4][9]$417.
    dead port 2/2 on $mux $memory\rf.regs$rdmux[0][4][9]$417.
    dead port 1/2 on $mux $memory\rf.regs$rdmux[1][3][1]$462.
    dead port 2/2 on $mux $memory\rf.regs$rdmux[1][3][1]$462.
    dead port 1/2 on $mux $memory\rf.regs$rdmux[1][3][3]$468.
    dead port 2/2 on $mux $memory\rf.regs$rdmux[1][3][3]$468.
    dead port 1/2 on $mux $memory\rf.regs$rdmux[1][3][5]$474.
    dead port 2/2 on $mux $memory\rf.regs$rdmux[1][3][5]$474.
    dead port 1/2 on $mux $memory\rf.regs$rdmux[1][3][7]$480.
    dead port 2/2 on $mux $memory\rf.regs$rdmux[1][3][7]$480.
    dead port 1/2 on $mux $memory\rf.regs$rdmux[1][4][0]$483.
    dead port 1/2 on $mux $memory\rf.regs$rdmux[1][4][10]$513.
    dead port 2/2 on $mux $memory\rf.regs$rdmux[1][4][10]$513.
    dead port 1/2 on $mux $memory\rf.regs$rdmux[1][4][11]$516.
    dead port 2/2 on $mux $memory\rf.regs$rdmux[1][4][11]$516.
    dead port 2/2 on $mux $memory\rf.regs$rdmux[1][4][12]$519.
    dead port 2/2 on $mux $memory\rf.regs$rdmux[1][4][13]$522.
    dead port 1/2 on $mux $memory\rf.regs$rdmux[1][4][14]$525.
    dead port 2/2 on $mux $memory\rf.regs$rdmux[1][4][14]$525.
    dead port 1/2 on $mux $memory\rf.regs$rdmux[1][4][15]$528.
    dead port 2/2 on $mux $memory\rf.regs$rdmux[1][4][15]$528.
    dead port 1/2 on $mux $memory\rf.regs$rdmux[1][4][1]$486.
    dead port 1/2 on $mux $memory\rf.regs$rdmux[1][4][2]$489.
    dead port 2/2 on $mux $memory\rf.regs$rdmux[1][4][2]$489.
    dead port 1/2 on $mux $memory\rf.regs$rdmux[1][4][3]$492.
    dead port 2/2 on $mux $memory\rf.regs$rdmux[1][4][3]$492.
    dead port 1/2 on $mux $memory\rf.regs$rdmux[1][4][4]$495.
    dead port 1/2 on $mux $memory\rf.regs$rdmux[1][4][5]$498.
    dead port 1/2 on $mux $memory\rf.regs$rdmux[1][4][6]$501.
    dead port 2/2 on $mux $memory\rf.regs$rdmux[1][4][6]$501.
    dead port 1/2 on $mux $memory\rf.regs$rdmux[1][4][7]$504.
    dead port 2/2 on $mux $memory\rf.regs$rdmux[1][4][7]$504.
    dead port 2/2 on $mux $memory\rf.regs$rdmux[1][4][8]$507.
    dead port 2/2 on $mux $memory\rf.regs$rdmux[1][4][9]$510.
Removed 78 multiplexer ports.
<suppressed ~39 debug messages>

43.12. Executing OPT_REDUCE pass (consolidate $*mux and $reduce_* inputs).
  Optimizing cells in module \top_module.
    New ctrl vector for $pmux cell $flatten\alu_unit.$procmux$168: { $flatten\alu_unit.$procmux$172_CMP $flatten\alu_unit.$procmux$171_CMP $auto$opt_reduce.cc:134:opt_pmux$783 }
    New input vector for $reduce_or cell $auto$opt_reduce.cc:128:opt_pmux$782: { $flatten\alu_unit.$procmux$174_CMP $flatten\alu_unit.$procmux$173_CMP $flatten\alu_unit.$procmux$170_CMP $flatten\alu_unit.$procmux$169_CMP }
  Optimizing cells in module \top_module.
Performed a total of 2 changes.

43.13. Executing OPT_MERGE pass (detect identical cells).
Finding identical cells in module `\top_module'.
Removed a total of 0 cells.

43.14. Executing OPT_SHARE pass.

43.15. Executing OPT_DFF pass (perform DFF optimizations).
Adding EN signal on $memory\rf.regs[9]$299 ($dff) from module top_module (D = \rf.wd, Q = \rf.regs[9]).
Adding EN signal on $memory\rf.regs[8]$297 ($dff) from module top_module (D = \rf.wd, Q = \rf.regs[8]).
Adding EN signal on $memory\rf.regs[7]$295 ($dff) from module top_module (D = \rf.wd, Q = \rf.regs[7]).
Adding EN signal on $memory\rf.regs[6]$293 ($dff) from module top_module (D = \rf.wd, Q = \rf.regs[6]).
Adding EN signal on $memory\rf.regs[5]$291 ($dff) from module top_module (D = \rf.wd, Q = \rf.regs[5]).
Adding EN signal on $memory\rf.regs[4]$289 ($dff) from module top_module (D = \rf.wd, Q = \rf.regs[4]).
Adding EN signal on $memory\rf.regs[3]$287 ($dff) from module top_module (D = \rf.wd, Q = \rf.regs[3]).
Adding EN signal on $memory\rf.regs[31]$343 ($dff) from module top_module (D = \rf.wd, Q = \rf.regs[31]).
Adding EN signal on $memory\rf.regs[30]$341 ($dff) from module top_module (D = \rf.wd, Q = \rf.regs[30]).
Adding EN signal on $memory\rf.regs[2]$285 ($dff) from module top_module (D = \rf.wd, Q = \rf.regs[2]).
Adding EN signal on $memory\rf.regs[29]$339 ($dff) from module top_module (D = \rf.wd, Q = \rf.regs[29]).
Adding EN signal on $memory\rf.regs[28]$337 ($dff) from module top_module (D = \rf.wd, Q = \rf.regs[28]).
Adding EN signal on $memory\rf.regs[27]$335 ($dff) from module top_module (D = \rf.wd, Q = \rf.regs[27]).
Adding EN signal on $memory\rf.regs[26]$333 ($dff) from module top_module (D = \rf.wd, Q = \rf.regs[26]).
Adding EN signal on $memory\rf.regs[25]$331 ($dff) from module top_module (D = \rf.wd, Q = \rf.regs[25]).
Adding EN signal on $memory\rf.regs[24]$329 ($dff) from module top_module (D = \rf.wd, Q = \rf.regs[24]).
Adding EN signal on $memory\rf.regs[23]$327 ($dff) from module top_module (D = \rf.wd, Q = \rf.regs[23]).
Adding EN signal on $memory\rf.regs[22]$325 ($dff) from module top_module (D = \rf.wd, Q = \rf.regs[22]).
Adding EN signal on $memory\rf.regs[21]$323 ($dff) from module top_module (D = \rf.wd, Q = \rf.regs[21]).
Adding EN signal on $memory\rf.regs[20]$321 ($dff) from module top_module (D = \rf.wd, Q = \rf.regs[20]).
Adding EN signal on $memory\rf.regs[1]$283 ($dff) from module top_module (D = \rf.wd, Q = \rf.regs[1]).
Adding EN signal on $memory\rf.regs[19]$319 ($dff) from module top_module (D = \rf.wd, Q = \rf.regs[19]).
Adding EN signal on $memory\rf.regs[18]$317 ($dff) from module top_module (D = \rf.wd, Q = \rf.regs[18]).
Adding EN signal on $memory\rf.regs[17]$315 ($dff) from module top_module (D = \rf.wd, Q = \rf.regs[17]).
Adding EN signal on $memory\rf.regs[16]$313 ($dff) from module top_module (D = \rf.wd, Q = \rf.regs[16]).
Adding EN signal on $memory\rf.regs[15]$311 ($dff) from module top_module (D = \rf.wd, Q = \rf.regs[15]).
Adding EN signal on $memory\rf.regs[14]$309 ($dff) from module top_module (D = \rf.wd, Q = \rf.regs[14]).
Adding EN signal on $memory\rf.regs[13]$307 ($dff) from module top_module (D = \rf.wd, Q = \rf.regs[13]).
Adding EN signal on $memory\rf.regs[12]$305 ($dff) from module top_module (D = \rf.wd, Q = \rf.regs[12]).
Adding EN signal on $memory\rf.regs[11]$303 ($dff) from module top_module (D = \rf.wd, Q = \rf.regs[11]).
Adding EN signal on $memory\rf.regs[10]$301 ($dff) from module top_module (D = \rf.wd, Q = \rf.regs[10]).
Adding EN signal on $memory\rf.regs[0]$281 ($dff) from module top_module (D = \rf.wd, Q = \rf.regs[0]).

43.16. Executing OPT_CLEAN pass (remove unused cells and wires).
Finding unused cells or wires in module \top_module..
Removed 101 unused cells and 156 unused wires.
<suppressed ~124 debug messages>

43.17. Executing OPT_EXPR pass (perform const folding).
Optimizing module top_module.

43.18. Rerunning OPT passes. (Maybe there is more to do..)

43.19. Executing OPT_MUXTREE pass (detect dead branches in mux trees).
Running muxtree optimizer on module \top_module..
  Creating internal representation of mux trees.
  Evaluating internal representation of mux trees.
  Analyzing evaluation results.
Removed 0 multiplexer ports.
<suppressed ~7 debug messages>

43.20. Executing OPT_REDUCE pass (consolidate $*mux and $reduce_* inputs).
  Optimizing cells in module \top_module.
Performed a total of 0 changes.

43.21. Executing OPT_MERGE pass (detect identical cells).
Finding identical cells in module `\top_module'.
Removed a total of 0 cells.

43.22. Executing OPT_SHARE pass.

43.23. Executing OPT_DFF pass (perform DFF optimizations).

43.24. Executing OPT_CLEAN pass (remove unused cells and wires).
Finding unused cells or wires in module \top_module..

43.25. Executing OPT_EXPR pass (perform const folding).
Optimizing module top_module.

43.26. Finished OPT passes. (There is nothing left to do.)

44. Executing TECHMAP pass (map to technology primitives).

44.1. Executing Verilog-2005 frontend: /nix/store/sx2v0i73mn1ih2z1nk61pm9n5gjgpidy-yosys/bin/../share/yosys/techmap.v
Parsing Verilog input from `/nix/store/sx2v0i73mn1ih2z1nk61pm9n5gjgpidy-yosys/bin/../share/yosys/techmap.v' to AST representation.
Generating RTLIL representation for module `\_90_simplemap_bool_ops'.
Generating RTLIL representation for module `\_90_simplemap_reduce_ops'.
Generating RTLIL representation for module `\_90_simplemap_logic_ops'.
Generating RTLIL representation for module `\_90_simplemap_compare_ops'.
Generating RTLIL representation for module `\_90_simplemap_various'.
Generating RTLIL representation for module `\_90_simplemap_registers'.
Generating RTLIL representation for module `\_90_shift_ops_shr_shl_sshl_sshr'.
Generating RTLIL representation for module `\_90_shift_shiftx'.
Generating RTLIL representation for module `\_90_fa'.
Generating RTLIL representation for module `\_90_lcu'.
Generating RTLIL representation for module `\_90_alu'.
Generating RTLIL representation for module `\_90_macc'.
Generating RTLIL representation for module `\_90_alumacc'.
Generating RTLIL representation for module `\$__div_mod_u'.
Generating RTLIL representation for module `\$__div_mod_trunc'.
Generating RTLIL representation for module `\_90_div'.
Generating RTLIL representation for module `\_90_mod'.
Generating RTLIL representation for module `\$__div_mod_floor'.
Generating RTLIL representation for module `\_90_divfloor'.
Generating RTLIL representation for module `\_90_modfloor'.
Generating RTLIL representation for module `\_90_pow'.
Generating RTLIL representation for module `\_90_pmux'.
Generating RTLIL representation for module `\_90_demux'.
Generating RTLIL representation for module `\_90_lut'.
Successfully finished Verilog frontend.

44.2. Continuing TECHMAP pass.
Using extmapper simplemap for cells of type $and.
Using extmapper simplemap for cells of type $mux.
Using extmapper simplemap for cells of type $dffe.
Using extmapper simplemap for cells of type $not.
Using extmapper simplemap for cells of type $reduce_or.
Using template $paramod$7e708ae28ab761f11d0fb59d3ffc72f6a4baf5d9\_90_alu for cells of type $alu.
Using extmapper simplemap for cells of type $logic_or.
Running "alumacc" on wrapper $extern:wrap:$neg:A_SIGNED=0:A_WIDTH=32:Y_WIDTH=32:394426c56d1a028ba8fdd5469b163e04011def47.
Using template $extern:wrap:$neg:A_SIGNED=0:A_WIDTH=32:Y_WIDTH=32:394426c56d1a028ba8fdd5469b163e04011def47 for cells of type $extern:wrap:$neg:A_SIGNED=0:A_WIDTH=32:Y_WIDTH=32:394426c56d1a028ba8fdd5469b163e04011def47.
Using extmapper simplemap for cells of type $adffe.
Using extmapper simplemap for cells of type $eq.
Using template $paramod$constmap:4621fcf06a436d1e2a4080e2ed9866a7d07a6e07$paramod$feecc7a0dbd012970970f2858f15e786e251f677\_90_shift_ops_shr_shl_sshl_sshr for cells of type $shr.
Using template $paramod$constmap:4621fcf06a436d1e2a4080e2ed9866a7d07a6e07$paramod$335cfd09f1afa8139c4aafcbbe5f361887b79c5e\_90_shift_ops_shr_shl_sshl_sshr for cells of type $shl.
Using template $paramod$fbc7873bff55778c0b3173955b7e4bce1d9d6834\_90_alu for cells of type $alu.
Using template $paramod$54d740639e1393b22262823179ff783ea9f17a35\_90_pmux for cells of type $pmux.
Using template $paramod$3ef7d3dd227da7627a99c5e5a6a4deb817573e39\_90_alu for cells of type $alu.
Using extmapper simplemap for cells of type $xor.
Using template $paramod\_90_lcu\WIDTH=32'00000000000000000000000000000010 for cells of type $lcu.
Using extmapper simplemap for cells of type $pos.
Using template $paramod$c6baa65225090ac0a120feab1b920965244aa496\_90_alu for cells of type $alu.
Using template $paramod\_90_lcu\WIDTH=32'00000000000000000000000000100000 for cells of type $lcu.
Using template $paramod\_90_lcu\WIDTH=32'00000000000000000000000000000011 for cells of type $lcu.
Using extmapper simplemap for cells of type $or.
No more expansions possible.
<suppressed ~1733 debug messages>

45. Executing OPT pass (performing simple optimizations).

45.1. Executing OPT_EXPR pass (perform const folding).
Optimizing module top_module.
<suppressed ~273 debug messages>

45.2. Executing OPT_MERGE pass (detect identical cells).
Finding identical cells in module `\top_module'.
<suppressed ~54 debug messages>
Removed a total of 18 cells.

45.3. Executing OPT_DFF pass (perform DFF optimizations).

45.4. Executing OPT_CLEAN pass (remove unused cells and wires).
Finding unused cells or wires in module \top_module..
Removed 23 unused cells and 357 unused wires.
<suppressed ~24 debug messages>

45.5. Finished fast OPT passes.

46. Executing ABC pass (technology mapping using ABC).

46.1. Extracting gate netlist of module `\top_module' to `<abc-temp-dir>/input.blif'..
Extracted 1392 gates and 1718 wires to a netlist network with 324 inputs and 52 outputs.

46.1.1. Executing ABC.
Running ABC command: "/nix/store/wq2q0njg3sx8wvj2akz7x1qxwyrv9xlr-yosys-abc/bin/abc" -s -f <abc-temp-dir>/abc.script 2>&1
ABC: ABC command line: "source <abc-temp-dir>/abc.script".
ABC: 
ABC: + read_blif <abc-temp-dir>/input.blif 
ABC: + read_library <abc-temp-dir>/stdcells.genlib 
ABC: Entered genlib library with 13 gates from file "<abc-temp-dir>/stdcells.genlib".
ABC: + strash 
ABC: + dretime 
ABC: + map 
ABC: + write_blif <abc-temp-dir>/output.blif 

46.1.2. Re-integrating ABC results.
ABC RESULTS:               AND cells:       13
ABC RESULTS:              XNOR cells:        7
ABC RESULTS:               NOR cells:       17
ABC RESULTS:               MUX cells:      635
ABC RESULTS:             ORNOT cells:       18
ABC RESULTS:              NAND cells:       33
ABC RESULTS:                OR cells:      172
ABC RESULTS:            ANDNOT cells:      315
ABC RESULTS:               NOT cells:      199
ABC RESULTS:               XOR cells:       89
ABC RESULTS:        internal signals:     1342
ABC RESULTS:           input signals:      324
ABC RESULTS:          output signals:       52
Removing temp directory.

47. Executing OPT pass (performing simple optimizations).

47.1. Executing OPT_EXPR pass (perform const folding).
Optimizing module top_module.
<suppressed ~161 debug messages>

47.2. Executing OPT_MERGE pass (detect identical cells).
Finding identical cells in module `\top_module'.
<suppressed ~9 debug messages>
Removed a total of 3 cells.

47.3. Executing OPT_DFF pass (perform DFF optimizations).

47.4. Executing OPT_CLEAN pass (remove unused cells and wires).
Finding unused cells or wires in module \top_module..
Removed 2 unused cells and 627 unused wires.
<suppressed ~8 debug messages>

47.5. Finished fast OPT passes.

48. Executing HIERARCHY pass (managing design hierarchy).

48.1. Analyzing design hierarchy..
Top module:  \top_module

48.2. Analyzing design hierarchy..
Top module:  \top_module
Removed 0 unused modules.

49. Printing statistics.

=== top_module ===

   Number of wires:               1504
   Number of wire bits:           2290
   Number of public wires:          51
   Number of public wire bits:     833
   Number of memories:               0
   Number of memory bits:            0
   Number of processes:              0
   Number of cells:               1816
     $_ANDNOT_                     314
     $_AND_                         12
     $_DFFE_PP0P_                    3
     $_DFFE_PP_                    320
     $_MUX_                        635
     $_NAND_                        33
     $_NOR_                         17
     $_NOT_                        197
     $_ORNOT_                       17
     $_OR_                         172
     $_XNOR_                         7
     $_XOR_                         89

50. Executing CHECK pass (checking for obvious problems).
Checking module top_module...
Found and reported 0 problems.

51. Generating Graphviz representation of design.
Writing dot description to `/openlane/designs/lab5_v1/runs/RUN_2025.05.25_12.28.52/tmp/synthesis/post_techmap.dot'.
Dumping module top_module to page 1.

52. Executing SHARE pass (SAT-based resource sharing).

53. Executing OPT pass (performing simple optimizations).

53.1. Executing OPT_EXPR pass (perform const folding).
Optimizing module top_module.

53.2. Executing OPT_MERGE pass (detect identical cells).
Finding identical cells in module `\top_module'.
Removed a total of 0 cells.

53.3. Executing OPT_MUXTREE pass (detect dead branches in mux trees).
Running muxtree optimizer on module \top_module..
  Creating internal representation of mux trees.
  No muxes found in this module.
Removed 0 multiplexer ports.

53.4. Executing OPT_REDUCE pass (consolidate $*mux and $reduce_* inputs).
  Optimizing cells in module \top_module.
Performed a total of 0 changes.

53.5. Executing OPT_MERGE pass (detect identical cells).
Finding identical cells in module `\top_module'.
Removed a total of 0 cells.

53.6. Executing OPT_DFF pass (perform DFF optimizations).

53.7. Executing OPT_CLEAN pass (remove unused cells and wires).
Finding unused cells or wires in module \top_module..

53.8. Executing OPT_EXPR pass (perform const folding).
Optimizing module top_module.

53.9. Finished OPT passes. (There is nothing left to do.)

54. Executing OPT_CLEAN pass (remove unused cells and wires).
Finding unused cells or wires in module \top_module..
Removed 0 unused cells and 34 unused wires.
<suppressed ~34 debug messages>

55. Printing statistics.

=== top_module ===

   Number of wires:               1470
   Number of wire bits:           1826
   Number of public wires:          17
   Number of public wire bits:     369
   Number of memories:               0
   Number of memory bits:            0
   Number of processes:              0
   Number of cells:               1816
     $_ANDNOT_                     314
     $_AND_                         12
     $_DFFE_PP0P_                    3
     $_DFFE_PP_                    320
     $_MUX_                        635
     $_NAND_                        33
     $_NOR_                         17
     $_NOT_                        197
     $_ORNOT_                       17
     $_OR_                         172
     $_XNOR_                         7
     $_XOR_                         89

mapping tbuf

56. Executing TECHMAP pass (map to technology primitives).

56.1. Executing Verilog-2005 frontend: /home/pikachu/.volare/sky130A/libs.tech/openlane/sky130_fd_sc_hd/tribuff_map.v
Parsing Verilog input from `/home/pikachu/.volare/sky130A/libs.tech/openlane/sky130_fd_sc_hd/tribuff_map.v' to AST representation.
Generating RTLIL representation for module `\$_TBUF_'.
Successfully finished Verilog frontend.

56.2. Continuing TECHMAP pass.
No more expansions possible.
<suppressed ~3 debug messages>

57. Executing SIMPLEMAP pass (map simple cells to gate primitives).

58. Executing TECHMAP pass (map to technology primitives).

58.1. Executing Verilog-2005 frontend: /home/pikachu/.volare/sky130A/libs.tech/openlane/sky130_fd_sc_hd/latch_map.v
Parsing Verilog input from `/home/pikachu/.volare/sky130A/libs.tech/openlane/sky130_fd_sc_hd/latch_map.v' to AST representation.
Generating RTLIL representation for module `\$_DLATCH_P_'.
Generating RTLIL representation for module `\$_DLATCH_N_'.
Successfully finished Verilog frontend.

58.2. Continuing TECHMAP pass.
No more expansions possible.
<suppressed ~4 debug messages>

59. Executing SIMPLEMAP pass (map simple cells to gate primitives).

60. Executing DFFLIBMAP pass (mapping DFF cells to sequential cells from liberty file).
  cell sky130_fd_sc_hd__dfxtp_2 (noninv, pins=3, area=21.27) is a direct match for cell type $_DFF_P_.
  cell sky130_fd_sc_hd__dfrtp_2 (noninv, pins=4, area=26.28) is a direct match for cell type $_DFF_PN0_.
  cell sky130_fd_sc_hd__dfstp_2 (noninv, pins=4, area=26.28) is a direct match for cell type $_DFF_PN1_.
  cell sky130_fd_sc_hd__dfbbn_2 (noninv, pins=6, area=35.03) is a direct match for cell type $_DFFSR_NNN_.
  final dff cell mappings:
    unmapped dff cell: $_DFF_N_
    \sky130_fd_sc_hd__dfxtp_2 _DFF_P_ (.CLK( C), .D( D), .Q( Q));
    unmapped dff cell: $_DFF_NN0_
    unmapped dff cell: $_DFF_NN1_
    unmapped dff cell: $_DFF_NP0_
    unmapped dff cell: $_DFF_NP1_
    \sky130_fd_sc_hd__dfrtp_2 _DFF_PN0_ (.CLK( C), .D( D), .Q( Q), .RESET_B( R));
    \sky130_fd_sc_hd__dfstp_2 _DFF_PN1_ (.CLK( C), .D( D), .Q( Q), .SET_B( R));
    unmapped dff cell: $_DFF_PP0_
    unmapped dff cell: $_DFF_PP1_
    \sky130_fd_sc_hd__dfbbn_2 _DFFSR_NNN_ (.CLK_N( C), .D( D), .Q( Q), .Q_N(~Q), .RESET_B( R), .SET_B( S));
    unmapped dff cell: $_DFFSR_NNP_
    unmapped dff cell: $_DFFSR_NPN_
    unmapped dff cell: $_DFFSR_NPP_
    unmapped dff cell: $_DFFSR_PNN_
    unmapped dff cell: $_DFFSR_PNP_
    unmapped dff cell: $_DFFSR_PPN_
    unmapped dff cell: $_DFFSR_PPP_

60.1. Executing DFFLEGALIZE pass (convert FFs to types supported by the target).
Mapping DFF cells in module `\top_module':
  mapped 3 $_DFF_PN0_ cells to \sky130_fd_sc_hd__dfrtp_2 cells.
  mapped 320 $_DFF_P_ cells to \sky130_fd_sc_hd__dfxtp_2 cells.

61. Printing statistics.

=== top_module ===

   Number of wires:               1796
   Number of wire bits:           2152
   Number of public wires:          17
   Number of public wire bits:     369
   Number of memories:               0
   Number of memory bits:            0
   Number of processes:              0
   Number of cells:               2142
     $_ANDNOT_                     314
     $_AND_                         12
     $_MUX_                        958
     $_NAND_                        33
     $_NOR_                         17
     $_NOT_                        200
     $_ORNOT_                       17
     $_OR_                         172
     $_XNOR_                         7
     $_XOR_                         89
     sky130_fd_sc_hd__dfrtp_2        3
     sky130_fd_sc_hd__dfxtp_2      320

[INFO]: USING STRATEGY AREA 0

62. Executing ABC pass (technology mapping using ABC).

62.1. Extracting gate netlist of module `\top_module' to `/tmp/yosys-abc-jLyE3i/input.blif'..
Extracted 1819 gates and 2144 wires to a netlist network with 325 inputs and 333 outputs.

62.1.1. Executing ABC.
Running ABC command: "/nix/store/wq2q0njg3sx8wvj2akz7x1qxwyrv9xlr-yosys-abc/bin/abc" -s -f /tmp/yosys-abc-jLyE3i/abc.script 2>&1
ABC: ABC command line: "source /tmp/yosys-abc-jLyE3i/abc.script".
ABC: 
ABC: + read_blif /tmp/yosys-abc-jLyE3i/input.blif 
ABC: + read_lib -w /openlane/designs/lab5_v1/runs/RUN_2025.05.25_12.28.52/tmp/synthesis/trimmed.lib 
ABC: Parsing finished successfully.  Parsing time =     0.03 sec
ABC: Scl_LibertyReadGenlib() skipped sequential cell "sky130_fd_sc_hd__dfbbn_2".
ABC: Scl_LibertyReadGenlib() skipped sequential cell "sky130_fd_sc_hd__dfrbp_2".
ABC: Scl_LibertyReadGenlib() skipped sequential cell "sky130_fd_sc_hd__dfrtp_2".
ABC: Scl_LibertyReadGenlib() skipped sequential cell "sky130_fd_sc_hd__dfrtp_4".
ABC: Scl_LibertyReadGenlib() skipped sequential cell "sky130_fd_sc_hd__dfsbp_2".
ABC: Scl_LibertyReadGenlib() skipped sequential cell "sky130_fd_sc_hd__dfstp_2".
ABC: Scl_LibertyReadGenlib() skipped sequential cell "sky130_fd_sc_hd__dfstp_4".
ABC: Scl_LibertyReadGenlib() skipped sequential cell "sky130_fd_sc_hd__dfxbp_2".
ABC: Scl_LibertyReadGenlib() skipped sequential cell "sky130_fd_sc_hd__dfxtp_2".
ABC: Scl_LibertyReadGenlib() skipped sequential cell "sky130_fd_sc_hd__dfxtp_4".
ABC: Scl_LibertyReadGenlib() skipped sequential cell "sky130_fd_sc_hd__dlxtn_1".
ABC: Scl_LibertyReadGenlib() skipped sequential cell "sky130_fd_sc_hd__dlxtn_2".
ABC: Scl_LibertyReadGenlib() skipped sequential cell "sky130_fd_sc_hd__dlxtn_4".
ABC: Scl_LibertyReadGenlib() skipped sequential cell "sky130_fd_sc_hd__dlxtp_1".
ABC: Scl_LibertyReadGenlib() skipped three-state cell "sky130_fd_sc_hd__ebufn_2".
ABC: Scl_LibertyReadGenlib() skipped three-state cell "sky130_fd_sc_hd__ebufn_4".
ABC: Scl_LibertyReadGenlib() skipped three-state cell "sky130_fd_sc_hd__ebufn_8".
ABC: Library "sky130A_merged" from "/openlane/designs/lab5_v1/runs/RUN_2025.05.25_12.28.52/tmp/synthesis/trimmed.lib" has 175 cells (17 skipped: 14 seq; 3 tri-state; 0 no func; 0 dont_use).  Time =     0.05 sec
ABC: Memory =    9.54 MB. Time =     0.05 sec
ABC: Warning: Detected 2 multi-output gates (for example, "sky130_fd_sc_hd__fa_1").
ABC: + read_constr -v /openlane/designs/lab5_v1/runs/RUN_2025.05.25_12.28.52/tmp/synthesis/synthesis.sdc 
ABC: Setting driving cell to be "sky130_fd_sc_hd__inv_2".
ABC: Setting output load to be 33.442001.
ABC: + read_constr /openlane/designs/lab5_v1/runs/RUN_2025.05.25_12.28.52/tmp/synthesis/synthesis.sdc 
ABC: + fx 
ABC: + mfs 
ABC: + strash 
ABC: + drf -l 
ABC: + balance 
ABC: + drw -l 
ABC: + drf -l 
ABC: + balance 
ABC: + drw -l 
ABC: + drw -l -z 
ABC: + balance 
ABC: + drf -l -z 
ABC: + drw -l -z 
ABC: + balance 
ABC: + retime -D -D 10000 -M 5 
ABC: + scleanup 
ABC: Error: The network is combinational.
ABC: + fraig_store 
ABC: + balance 
ABC: + fraig_store 
ABC: + balance 
ABC: + drw -l 
ABC: + drf -l 
ABC: + balance 
ABC: + drw -l 
ABC: + drw -l -z 
ABC: + balance 
ABC: + drf -l -z 
ABC: + drw -l -z 
ABC: + balance 
ABC: + fraig_store 
ABC: + balance 
ABC: + drw -l 
ABC: + drf -l 
ABC: + balance 
ABC: + drw -l 
ABC: + drw -l -z 
ABC: + balance 
ABC: + drf -l -z 
ABC: + drw -l -z 
ABC: + balance 
ABC: + fraig_store 
ABC: + balance 
ABC: + drw -l 
ABC: + drf -l 
ABC: + balance 
ABC: + drw -l 
ABC: + drw -l -z 
ABC: + balance 
ABC: + drf -l -z 
ABC: + drw -l -z 
ABC: + balance 
ABC: + fraig_store 
ABC: + fraig_restore 
ABC: + amap -m -Q 0.1 -F 20 -A 20 -C 5000 
ABC: + retime -D -D 10000 
ABC: + &get -n 
ABC: + &st 
ABC: + &dch 
ABC: + &nf 
ABC: + &put 
ABC: + buffer -N 10 -S 750.0 
ABC: + upsize -D 10000 
ABC: Current delay (6097.18 ps) does not exceed the target delay (10000.00 ps). Upsizing is not performed.
ABC: + dnsize -D 10000 
ABC: + stime -p 
ABC: WireLoad = "none"  Gates =   1407 ( 40.6 %)   Cap = 11.3 ff ( 10.0 %)   Area =    10327.41 ( 59.3 %)   Delay =  6778.85 ps  (  5.3 %)               
ABC: Path  0 --       4 : 0    4 pi                        A =   0.00  Df =  34.5  -19.5 ps  S =  53.4 ps  Cin =  0.0 ff  Cout =  10.2 ff  Cmax =   0.0 ff  G =    0  
ABC: Path  1 --     665 : 1   10 sky130_fd_sc_hd__buf_1    A =   3.75  Df = 290.0 -111.8 ps  S = 293.4 ps  Cin =  2.1 ff  Cout =  24.4 ff  Cmax = 130.0 ff  G = 1113  
ABC: Path  2 --     673 : 3    5 sky130_fd_sc_hd__nand3b_2 A =  11.26  Df = 444.4 -126.6 ps  S = 112.9 ps  Cin =  3.5 ff  Cout =  12.3 ff  Cmax = 263.7 ff  G =  334  
ABC: Path  3 --     728 : 4    2 sky130_fd_sc_hd__a211o_2  A =  10.01  Df = 807.9 -182.1 ps  S =  59.0 ps  Cin =  2.4 ff  Cout =   7.0 ff  Cmax = 325.0 ff  G =  284  
ABC: Path  4 --     730 : 4    9 sky130_fd_sc_hd__a31oi_2  A =  12.51  Df =1179.6 -363.4 ps  S = 406.1 ps  Cin =  4.4 ff  Cout =  27.4 ff  Cmax = 118.1 ff  G =  597  
ABC: Path  5 --     782 : 4    1 sky130_fd_sc_hd__and4_2   A =  10.01  Df =1454.3 -215.1 ps  S =  50.1 ps  Cin =  1.5 ff  Cout =   2.2 ff  Cmax = 300.3 ff  G =  138  
ABC: Path  6 --     783 : 1    7 sky130_fd_sc_hd__buf_1    A =   3.75  Df =1681.5 -286.0 ps  S = 254.1 ps  Cin =  2.1 ff  Cout =  21.0 ff  Cmax = 130.0 ff  G =  957  
ABC: Path  7 --     913 : 3    1 sky130_fd_sc_hd__and3_2   A =   7.51  Df =1897.8 -204.9 ps  S =  42.0 ps  Cin =  1.5 ff  Cout =   2.2 ff  Cmax = 309.5 ff  G =  141  
ABC: Path  8 --     914 : 1    8 sky130_fd_sc_hd__buf_1    A =   3.75  Df =2130.2 -275.7 ps  S = 266.2 ps  Cin =  2.1 ff  Cout =  22.1 ff  Cmax = 130.0 ff  G = 1018  
ABC: Path  9 --    1068 : 3    1 sky130_fd_sc_hd__and3_2   A =   7.51  Df =2350.3 -298.1 ps  S =  42.9 ps  Cin =  1.5 ff  Cout =   2.2 ff  Cmax = 309.5 ff  G =  141  
ABC: Path 10 --    1069 : 1   10 sky130_fd_sc_hd__buf_1    A =   3.75  Df =2655.6 -406.7 ps  S = 371.6 ps  Cin =  2.1 ff  Cout =  31.2 ff  Cmax = 130.0 ff  G = 1437  
ABC: Path 11 --    1116 : 4    2 sky130_fd_sc_hd__a31o_2   A =   8.76  Df =2884.0 -379.7 ps  S =  58.6 ps  Cin =  2.4 ff  Cout =   6.1 ff  Cmax = 271.9 ff  G =  248  
ABC: Path 12 --    1119 : 4    4 sky130_fd_sc_hd__a31oi_2  A =  12.51  Df =2986.6   -2.2 ps  S = 196.0 ps  Cin =  4.4 ff  Cout =   9.4 ff  Cmax = 118.1 ff  G =  204  
ABC: Path 13 --    1152 : 4    3 sky130_fd_sc_hd__or4_2    A =   8.76  Df =3687.7 -470.7 ps  S = 113.4 ps  Cin =  1.5 ff  Cout =   6.6 ff  Cmax = 310.4 ff  G =  408  
ABC: Path 14 --    1153 : 3    1 sky130_fd_sc_hd__or3_2    A =   7.51  Df =4096.8 -685.6 ps  S =  68.3 ps  Cin =  1.5 ff  Cout =   1.4 ff  Cmax = 310.4 ff  G =   88  
ABC: Path 15 --    1154 : 4    4 sky130_fd_sc_hd__or4_2    A =   8.76  Df =4693.0-1156.0 ps  S = 137.1 ps  Cin =  1.5 ff  Cout =  11.9 ff  Cmax = 310.4 ff  G =  768  
ABC: Path 16 --    1200 : 3    4 sky130_fd_sc_hd__a21o_2   A =   8.76  Df =4935.6-1190.1 ps  S =  67.4 ps  Cin =  2.4 ff  Cout =  10.9 ff  Cmax = 309.5 ff  G =  445  
ABC: Path 17 --    1267 : 3    3 sky130_fd_sc_hd__o21a_2   A =   8.76  Df =5159.3-1262.3 ps  S =  61.5 ps  Cin =  2.4 ff  Cout =   8.9 ff  Cmax = 294.8 ff  G =  351  
ABC: Path 18 --    1297 : 3    3 sky130_fd_sc_hd__or3_2    A =   7.51  Df =5636.2-1438.5 ps  S =  99.2 ps  Cin =  1.5 ff  Cout =   9.3 ff  Cmax = 310.4 ff  G =  594  
ABC: Path 19 --    1319 : 3    3 sky130_fd_sc_hd__a21o_2   A =   8.76  Df =5859.6-1524.6 ps  S =  61.5 ps  Cin =  2.4 ff  Cout =   9.5 ff  Cmax = 309.5 ff  G =  389  
ABC: Path 20 --    1340 : 3    1 sky130_fd_sc_hd__a21o_2   A =   8.76  Df =6061.3-1612.4 ps  S =  32.4 ps  Cin =  2.4 ff  Cout =   2.5 ff  Cmax = 309.5 ff  G =  100  
ABC: Path 21 --    1346 : 4    4 sky130_fd_sc_hd__a31o_2   A =   8.76  Df =6307.1 -225.0 ps  S =  63.8 ps  Cin =  2.4 ff  Cout =   7.3 ff  Cmax = 271.9 ff  G =  296  
ABC: Path 22 --    1347 : 3    1 sky130_fd_sc_hd__mux2_2   A =  11.26  Df =6560.0 -342.0 ps  S =  45.5 ps  Cin =  2.3 ff  Cout =   2.2 ff  Cmax = 297.6 ff  G =   92  
ABC: Path 23 --    1348 : 1    1 sky130_fd_sc_hd__buf_1    A =   3.75  Df =6778.9 -240.0 ps  S = 396.5 ps  Cin =  2.1 ff  Cout =  33.4 ff  Cmax = 130.0 ff  G = 1590  
ABC: Start-point = pi3 (\imem.address [0]).  End-point = po65 ($auto$rtlil.cc:2684:MuxGate$5469).
ABC: + print_stats -m 
ABC: netlist                       : i/o =  325/  333  lat =    0  nd =  1407  edge =   3086  area =10326.21  delay =25.00  lev = 25
ABC: + write_blif /tmp/yosys-abc-jLyE3i/output.blif 

62.1.2. Re-integrating ABC results.
ABC RESULTS:   sky130_fd_sc_hd__nor3b_2 cells:        1
ABC RESULTS:   sky130_fd_sc_hd__and4bb_2 cells:        1
ABC RESULTS:   sky130_fd_sc_hd__nand2b_2 cells:        1
ABC RESULTS:   sky130_fd_sc_hd__o211ai_2 cells:        2
ABC RESULTS:   sky130_fd_sc_hd__a21boi_2 cells:        2
ABC RESULTS:   sky130_fd_sc_hd__a32o_2 cells:        2
ABC RESULTS:   sky130_fd_sc_hd__o32a_2 cells:        1
ABC RESULTS:   sky130_fd_sc_hd__o221ai_2 cells:        9
ABC RESULTS:   sky130_fd_sc_hd__o21bai_2 cells:        1
ABC RESULTS:   sky130_fd_sc_hd__and4b_2 cells:        4
ABC RESULTS:   sky130_fd_sc_hd__o311a_2 cells:        1
ABC RESULTS:   sky130_fd_sc_hd__a311o_2 cells:        1
ABC RESULTS:   sky130_fd_sc_hd__o22ai_2 cells:        2
ABC RESULTS:   sky130_fd_sc_hd__or3b_2 cells:        3
ABC RESULTS:   sky130_fd_sc_hd__a22oi_2 cells:        1
ABC RESULTS:   sky130_fd_sc_hd__a2111o_2 cells:        3
ABC RESULTS:   sky130_fd_sc_hd__a21bo_2 cells:        2
ABC RESULTS:   sky130_fd_sc_hd__o31ai_2 cells:        4
ABC RESULTS:   sky130_fd_sc_hd__a2bb2o_2 cells:       13
ABC RESULTS:   sky130_fd_sc_hd__or2b_2 cells:       10
ABC RESULTS:   sky130_fd_sc_hd__a211oi_2 cells:        3
ABC RESULTS:   sky130_fd_sc_hd__o21ba_2 cells:        4
ABC RESULTS:   sky130_fd_sc_hd__nor3_2 cells:        3
ABC RESULTS:   sky130_fd_sc_hd__and4_2 cells:        8
ABC RESULTS:   sky130_fd_sc_hd__o31a_2 cells:        7
ABC RESULTS:   sky130_fd_sc_hd__or4_2 cells:        8
ABC RESULTS:   sky130_fd_sc_hd__nand3b_2 cells:        2
ABC RESULTS:   sky130_fd_sc_hd__a211o_2 cells:       18
ABC RESULTS:   sky130_fd_sc_hd__o22a_2 cells:       15
ABC RESULTS:   sky130_fd_sc_hd__o21a_2 cells:       15
ABC RESULTS:   sky130_fd_sc_hd__xnor2_2 cells:       23
ABC RESULTS:   sky130_fd_sc_hd__a31oi_2 cells:        7
ABC RESULTS:   sky130_fd_sc_hd__a41o_2 cells:        4
ABC RESULTS:   sky130_fd_sc_hd__nor2_2 cells:       43
ABC RESULTS:   sky130_fd_sc_hd__and3b_2 cells:        3
ABC RESULTS:   sky130_fd_sc_hd__a21o_2 cells:       24
ABC RESULTS:   sky130_fd_sc_hd__o2bb2a_2 cells:        2
ABC RESULTS:   sky130_fd_sc_hd__o221a_2 cells:       18
ABC RESULTS:   sky130_fd_sc_hd__or2_2 cells:       29
ABC RESULTS:   sky130_fd_sc_hd__nand2_2 cells:       49
ABC RESULTS:   sky130_fd_sc_hd__o211a_2 cells:        9
ABC RESULTS:   sky130_fd_sc_hd__xor2_2 cells:       12
ABC RESULTS:   sky130_fd_sc_hd__o21ai_2 cells:       29
ABC RESULTS:   sky130_fd_sc_hd__or3_2 cells:       12
ABC RESULTS:   sky130_fd_sc_hd__and2b_2 cells:       10
ABC RESULTS:   sky130_fd_sc_hd__a221o_2 cells:        8
ABC RESULTS:   sky130_fd_sc_hd__a21oi_2 cells:       54
ABC RESULTS:   sky130_fd_sc_hd__a22o_2 cells:       19
ABC RESULTS:   sky130_fd_sc_hd__a31o_2 cells:       20
ABC RESULTS:   sky130_fd_sc_hd__or4b_2 cells:        2
ABC RESULTS:   sky130_fd_sc_hd__nand3_2 cells:        9
ABC RESULTS:   sky130_fd_sc_hd__and2_2 cells:       55
ABC RESULTS:   sky130_fd_sc_hd__and3_2 cells:       14
ABC RESULTS:   sky130_fd_sc_hd__mux2_2 cells:      234
ABC RESULTS:   sky130_fd_sc_hd__inv_2 cells:       19
ABC RESULTS:   sky130_fd_sc_hd__buf_1 cells:      552
ABC RESULTS:        internal signals:     1486
ABC RESULTS:           input signals:      325
ABC RESULTS:          output signals:      333
Removing temp directory.

63. Executing SETUNDEF pass (replace undef values with defined constants).

64. Executing HILOMAP pass (mapping to constant drivers).

65. Executing SPLITNETS pass (splitting up multi-bit signals).

66. Executing OPT_CLEAN pass (remove unused cells and wires).
Finding unused cells or wires in module \top_module..
Removed 1480 unused cells and 3336 unused wires.
<suppressed ~1513 debug messages>

67. Executing INSBUF pass (insert buffer cells for connected wires).

68. Executing CHECK pass (checking for obvious problems).
Checking module top_module...
Found and reported 0 problems.

69. Printing statistics.

=== top_module ===

   Number of wires:                543
   Number of wire bits:            552
   Number of public wires:         328
   Number of public wire bits:     337
   Number of memories:               0
   Number of memory bits:            0
   Number of processes:              0
   Number of cells:                254
     sky130_fd_sc_hd__a211o_2        7
     sky130_fd_sc_hd__a21boi_2       1
     sky130_fd_sc_hd__a21o_2         3
     sky130_fd_sc_hd__a21oi_2       12
     sky130_fd_sc_hd__a221o_2        1
     sky130_fd_sc_hd__a22o_2         1
     sky130_fd_sc_hd__a2bb2o_2       2
     sky130_fd_sc_hd__a31o_2         5
     sky130_fd_sc_hd__a31oi_2        2
     sky130_fd_sc_hd__a32o_2         1
     sky130_fd_sc_hd__and2_2        10
     sky130_fd_sc_hd__and2b_2        4
     sky130_fd_sc_hd__and3_2         4
     sky130_fd_sc_hd__and3b_2        2
     sky130_fd_sc_hd__and4_2         1
     sky130_fd_sc_hd__and4b_2        3
     sky130_fd_sc_hd__and4bb_2       1
     sky130_fd_sc_hd__buf_1         64
     sky130_fd_sc_hd__conb_1         4
     sky130_fd_sc_hd__dfrtp_2        3
     sky130_fd_sc_hd__dfxtp_2       25
     sky130_fd_sc_hd__inv_2          9
     sky130_fd_sc_hd__mux2_2        27
     sky130_fd_sc_hd__nand2_2        8
     sky130_fd_sc_hd__nand2b_2       1
     sky130_fd_sc_hd__nand3_2        1
     sky130_fd_sc_hd__nand3b_2       1
     sky130_fd_sc_hd__nor2_2        14
     sky130_fd_sc_hd__nor3b_2        1
     sky130_fd_sc_hd__o211ai_2       1
     sky130_fd_sc_hd__o21a_2         4
     sky130_fd_sc_hd__o21ai_2        3
     sky130_fd_sc_hd__o221a_2        2
     sky130_fd_sc_hd__o31a_2         1
     sky130_fd_sc_hd__o31ai_2        2
     sky130_fd_sc_hd__or2_2         10
     sky130_fd_sc_hd__or2b_2         3
     sky130_fd_sc_hd__or3_2          2
     sky130_fd_sc_hd__or4b_2         1
     sky130_fd_sc_hd__xnor2_2        4
     sky130_fd_sc_hd__xor2_2         3

   Chip area for module '\top_module': 2295.952000

70. Executing Verilog backend.
Dumping module `\top_module'.

71. Executing JSON backend.

End of script. Logfile hash: 3e3ed66e23, CPU: user 0.60s system 0.06s, MEM: 42.64 MB peak
Yosys 0.38 (git sha1 543faed9c8c, clang++ 17.0.6 -fPIC -Os)
Time spent: 71% 2x abc (1 sec), 5% 2x read_liberty (0 sec), ...
