OpenSTA 2.5.0 GITDIR-NOT Copyright (c) 2024, Parallax Software, Inc.
License GPLv3: GNU GPL version 3 <http://gnu.org/licenses/gpl.html>

This is free software, and you are free to change and redistribute it
under certain conditions; type `show_copying' for details. 
This program comes with ABSOLUTELY NO WARRANTY; for details type `show_warranty'.
define_corners Typical
read_liberty -corner Typical /home/pikachu/.volare/sky130A/libs.ref/sky130_fd_sc_hd/lib/sky130_fd_sc_hd__tt_025C_1v80.lib
Using 1e-12 for capacitance...
Using 1e+03 for resistance...
Using 1e-09 for time...
Using 1e+00 for voltage...
Using 1e-03 for current...
Using 1e-09 for power...
Using 1e-06 for distance...
Reading netlist '/openlane/designs/lab5_v1/runs/RUN_2025.05.25_12.28.52/results/synthesis/top_module.v'…
Reading design constraints file at '/openlane/designs/lab5_v1/constraints/top_pnr.sdc'…
min_report

===========================================================================
report_checks -path_delay min (Hold)
============================================================================
======================= Typical Corner ===================================

Startpoint: _457_ (rising edge-triggered flip-flop clocked by CLK100MHZ)
Endpoint: _457_ (rising edge-triggered flip-flop clocked by CLK100MHZ)
Path Group: CLK100MHZ
Path Type: min

Fanout     Cap    Slew   Delay    Time   Description
-----------------------------------------------------------------------------
                  0.00    0.00    0.00   clock CLK100MHZ (rise edge)
                          0.00    0.00   clock network delay (ideal)
                  0.00    0.00    0.00 ^ _457_/CLK (sky130_fd_sc_hd__dfxtp_2)
     2    0.00    0.03    0.29    0.29 ^ _457_/Q (sky130_fd_sc_hd__dfxtp_2)
                                         rf.regs[5][0] (net)
                  0.03    0.00    0.29 ^ _424_/A0 (sky130_fd_sc_hd__mux2_2)
     1    0.00    0.03    0.13    0.42 ^ _424_/X (sky130_fd_sc_hd__mux2_2)
                                         _055_ (net)
                  0.03    0.00    0.42 ^ _425_/A (sky130_fd_sc_hd__buf_1)
     1    0.00    0.03    0.07    0.48 ^ _425_/X (sky130_fd_sc_hd__buf_1)
                                         _023_ (net)
                  0.03    0.00    0.48 ^ _457_/D (sky130_fd_sc_hd__dfxtp_2)
                                  0.48   data arrival time

                  0.00    0.00    0.00   clock CLK100MHZ (rise edge)
                          0.00    0.00   clock network delay (ideal)
                          0.20    0.20   clock uncertainty
                          0.00    0.20   clock reconvergence pessimism
                                  0.20 ^ _457_/CLK (sky130_fd_sc_hd__dfxtp_2)
                         -0.03    0.17   library hold time
                                  0.17   data required time
-----------------------------------------------------------------------------
                                  0.17   data required time
                                 -0.48   data arrival time
-----------------------------------------------------------------------------
                                  0.32   slack (MET)


Startpoint: _443_ (rising edge-triggered flip-flop clocked by CLK100MHZ)
Endpoint: _443_ (rising edge-triggered flip-flop clocked by CLK100MHZ)
Path Group: CLK100MHZ
Path Type: min

Fanout     Cap    Slew   Delay    Time   Description
-----------------------------------------------------------------------------
                  0.00    0.00    0.00   clock CLK100MHZ (rise edge)
                          0.00    0.00   clock network delay (ideal)
                  0.00    0.00    0.00 ^ _443_/CLK (sky130_fd_sc_hd__dfxtp_2)
     2    0.00    0.03    0.29    0.29 ^ _443_/Q (sky130_fd_sc_hd__dfxtp_2)
                                         rf.regs[15][1] (net)
                  0.03    0.00    0.29 ^ _389_/A0 (sky130_fd_sc_hd__mux2_2)
     1    0.00    0.03    0.13    0.42 ^ _389_/X (sky130_fd_sc_hd__mux2_2)
                                         _034_ (net)
                  0.03    0.00    0.42 ^ _390_/A (sky130_fd_sc_hd__buf_1)
     1    0.00    0.03    0.07    0.48 ^ _390_/X (sky130_fd_sc_hd__buf_1)
                                         _009_ (net)
                  0.03    0.00    0.48 ^ _443_/D (sky130_fd_sc_hd__dfxtp_2)
                                  0.48   data arrival time

                  0.00    0.00    0.00   clock CLK100MHZ (rise edge)
                          0.00    0.00   clock network delay (ideal)
                          0.20    0.20   clock uncertainty
                          0.00    0.20   clock reconvergence pessimism
                                  0.20 ^ _443_/CLK (sky130_fd_sc_hd__dfxtp_2)
                         -0.03    0.17   library hold time
                                  0.17   data required time
-----------------------------------------------------------------------------
                                  0.17   data required time
                                 -0.48   data arrival time
-----------------------------------------------------------------------------
                                  0.32   slack (MET)


Startpoint: _458_ (rising edge-triggered flip-flop clocked by CLK100MHZ)
Endpoint: _458_ (rising edge-triggered flip-flop clocked by CLK100MHZ)
Path Group: CLK100MHZ
Path Type: min

Fanout     Cap    Slew   Delay    Time   Description
-----------------------------------------------------------------------------
                  0.00    0.00    0.00   clock CLK100MHZ (rise edge)
                          0.00    0.00   clock network delay (ideal)
                  0.00    0.00    0.00 ^ _458_/CLK (sky130_fd_sc_hd__dfxtp_2)
     2    0.00    0.03    0.29    0.29 ^ _458_/Q (sky130_fd_sc_hd__dfxtp_2)
                                         rf.regs[5][1] (net)
                  0.03    0.00    0.29 ^ _426_/A0 (sky130_fd_sc_hd__mux2_2)
     1    0.00    0.03    0.13    0.42 ^ _426_/X (sky130_fd_sc_hd__mux2_2)
                                         _056_ (net)
                  0.03    0.00    0.42 ^ _427_/A (sky130_fd_sc_hd__buf_1)
     1    0.00    0.03    0.07    0.48 ^ _427_/X (sky130_fd_sc_hd__buf_1)
                                         _024_ (net)
                  0.03    0.00    0.48 ^ _458_/D (sky130_fd_sc_hd__dfxtp_2)
                                  0.48   data arrival time

                  0.00    0.00    0.00   clock CLK100MHZ (rise edge)
                          0.00    0.00   clock network delay (ideal)
                          0.20    0.20   clock uncertainty
                          0.00    0.20   clock reconvergence pessimism
                                  0.20 ^ _458_/CLK (sky130_fd_sc_hd__dfxtp_2)
                         -0.03    0.17   library hold time
                                  0.17   data required time
-----------------------------------------------------------------------------
                                  0.17   data required time
                                 -0.48   data arrival time
-----------------------------------------------------------------------------
                                  0.32   slack (MET)


Startpoint: _459_ (rising edge-triggered flip-flop clocked by CLK100MHZ)
Endpoint: _459_ (rising edge-triggered flip-flop clocked by CLK100MHZ)
Path Group: CLK100MHZ
Path Type: min

Fanout     Cap    Slew   Delay    Time   Description
-----------------------------------------------------------------------------
                  0.00    0.00    0.00   clock CLK100MHZ (rise edge)
                          0.00    0.00   clock network delay (ideal)
                  0.00    0.00    0.00 ^ _459_/CLK (sky130_fd_sc_hd__dfxtp_2)
     2    0.00    0.03    0.29    0.29 ^ _459_/Q (sky130_fd_sc_hd__dfxtp_2)
                                         rf.regs[5][2] (net)
                  0.03    0.00    0.29 ^ _428_/A0 (sky130_fd_sc_hd__mux2_2)
     1    0.00    0.03    0.13    0.42 ^ _428_/X (sky130_fd_sc_hd__mux2_2)
                                         _057_ (net)
                  0.03    0.00    0.42 ^ _429_/A (sky130_fd_sc_hd__buf_1)
     1    0.00    0.03    0.07    0.48 ^ _429_/X (sky130_fd_sc_hd__buf_1)
                                         _025_ (net)
                  0.03    0.00    0.48 ^ _459_/D (sky130_fd_sc_hd__dfxtp_2)
                                  0.48   data arrival time

                  0.00    0.00    0.00   clock CLK100MHZ (rise edge)
                          0.00    0.00   clock network delay (ideal)
                          0.20    0.20   clock uncertainty
                          0.00    0.20   clock reconvergence pessimism
                                  0.20 ^ _459_/CLK (sky130_fd_sc_hd__dfxtp_2)
                         -0.03    0.17   library hold time
                                  0.17   data required time
-----------------------------------------------------------------------------
                                  0.17   data required time
                                 -0.48   data arrival time
-----------------------------------------------------------------------------
                                  0.32   slack (MET)


Startpoint: _460_ (rising edge-triggered flip-flop clocked by CLK100MHZ)
Endpoint: _460_ (rising edge-triggered flip-flop clocked by CLK100MHZ)
Path Group: CLK100MHZ
Path Type: min

Fanout     Cap    Slew   Delay    Time   Description
-----------------------------------------------------------------------------
                  0.00    0.00    0.00   clock CLK100MHZ (rise edge)
                          0.00    0.00   clock network delay (ideal)
                  0.00    0.00    0.00 ^ _460_/CLK (sky130_fd_sc_hd__dfxtp_2)
     2    0.00    0.03    0.29    0.29 ^ _460_/Q (sky130_fd_sc_hd__dfxtp_2)
                                         rf.regs[5][3] (net)
                  0.03    0.00    0.29 ^ _430_/A0 (sky130_fd_sc_hd__mux2_2)
     1    0.00    0.03    0.13    0.42 ^ _430_/X (sky130_fd_sc_hd__mux2_2)
                                         _058_ (net)
                  0.03    0.00    0.42 ^ _431_/A (sky130_fd_sc_hd__buf_1)
     1    0.00    0.03    0.07    0.48 ^ _431_/X (sky130_fd_sc_hd__buf_1)
                                         _026_ (net)
                  0.03    0.00    0.48 ^ _460_/D (sky130_fd_sc_hd__dfxtp_2)
                                  0.48   data arrival time

                  0.00    0.00    0.00   clock CLK100MHZ (rise edge)
                          0.00    0.00   clock network delay (ideal)
                          0.20    0.20   clock uncertainty
                          0.00    0.20   clock reconvergence pessimism
                                  0.20 ^ _460_/CLK (sky130_fd_sc_hd__dfxtp_2)
                         -0.03    0.17   library hold time
                                  0.17   data required time
-----------------------------------------------------------------------------
                                  0.17   data required time
                                 -0.48   data arrival time
-----------------------------------------------------------------------------
                                  0.32   slack (MET)


Startpoint: _445_ (rising edge-triggered flip-flop clocked by CLK100MHZ)
Endpoint: _445_ (rising edge-triggered flip-flop clocked by CLK100MHZ)
Path Group: CLK100MHZ
Path Type: min

Fanout     Cap    Slew   Delay    Time   Description
-----------------------------------------------------------------------------
                  0.00    0.00    0.00   clock CLK100MHZ (rise edge)
                          0.00    0.00   clock network delay (ideal)
                  0.00    0.00    0.00 ^ _445_/CLK (sky130_fd_sc_hd__dfxtp_2)
     2    0.00    0.03    0.29    0.29 ^ _445_/Q (sky130_fd_sc_hd__dfxtp_2)
                                         rf.regs[15][3] (net)
                  0.03    0.00    0.29 ^ _393_/A0 (sky130_fd_sc_hd__mux2_2)
     1    0.00    0.03    0.13    0.42 ^ _393_/X (sky130_fd_sc_hd__mux2_2)
                                         _036_ (net)
                  0.03    0.00    0.42 ^ _394_/A (sky130_fd_sc_hd__buf_1)
     1    0.00    0.03    0.07    0.48 ^ _394_/X (sky130_fd_sc_hd__buf_1)
                                         _011_ (net)
                  0.03    0.00    0.48 ^ _445_/D (sky130_fd_sc_hd__dfxtp_2)
                                  0.48   data arrival time

                  0.00    0.00    0.00   clock CLK100MHZ (rise edge)
                          0.00    0.00   clock network delay (ideal)
                          0.20    0.20   clock uncertainty
                          0.00    0.20   clock reconvergence pessimism
                                  0.20 ^ _445_/CLK (sky130_fd_sc_hd__dfxtp_2)
                         -0.03    0.17   library hold time
                                  0.17   data required time
-----------------------------------------------------------------------------
                                  0.17   data required time
                                 -0.48   data arrival time
-----------------------------------------------------------------------------
                                  0.32   slack (MET)


Startpoint: _450_ (rising edge-triggered flip-flop clocked by CLK100MHZ)
Endpoint: _450_ (rising edge-triggered flip-flop clocked by CLK100MHZ)
Path Group: CLK100MHZ
Path Type: min

Fanout     Cap    Slew   Delay    Time   Description
-----------------------------------------------------------------------------
                  0.00    0.00    0.00   clock CLK100MHZ (rise edge)
                          0.00    0.00   clock network delay (ideal)
                  0.00    0.00    0.00 ^ _450_/CLK (sky130_fd_sc_hd__dfxtp_2)
     2    0.00    0.03    0.29    0.29 ^ _450_/Q (sky130_fd_sc_hd__dfxtp_2)
                                         rf.regs[10][3] (net)
                  0.03    0.00    0.29 ^ _406_/A1 (sky130_fd_sc_hd__mux2_2)
     1    0.00    0.03    0.13    0.42 ^ _406_/X (sky130_fd_sc_hd__mux2_2)
                                         _044_ (net)
                  0.03    0.00    0.42 ^ _407_/A (sky130_fd_sc_hd__buf_1)
     1    0.00    0.03    0.07    0.48 ^ _407_/X (sky130_fd_sc_hd__buf_1)
                                         _016_ (net)
                  0.03    0.00    0.48 ^ _450_/D (sky130_fd_sc_hd__dfxtp_2)
                                  0.48   data arrival time

                  0.00    0.00    0.00   clock CLK100MHZ (rise edge)
                          0.00    0.00   clock network delay (ideal)
                          0.20    0.20   clock uncertainty
                          0.00    0.20   clock reconvergence pessimism
                                  0.20 ^ _450_/CLK (sky130_fd_sc_hd__dfxtp_2)
                         -0.03    0.17   library hold time
                                  0.17   data required time
-----------------------------------------------------------------------------
                                  0.17   data required time
                                 -0.48   data arrival time
-----------------------------------------------------------------------------
                                  0.32   slack (MET)


Startpoint: _439_ (rising edge-triggered flip-flop clocked by CLK100MHZ)
Endpoint: _439_ (rising edge-triggered flip-flop clocked by CLK100MHZ)
Path Group: CLK100MHZ
Path Type: min

Fanout     Cap    Slew   Delay    Time   Description
-----------------------------------------------------------------------------
                  0.00    0.00    0.00   clock CLK100MHZ (rise edge)
                          0.00    0.00   clock network delay (ideal)
                  0.00    0.00    0.00 ^ _439_/CLK (sky130_fd_sc_hd__dfxtp_2)
     2    0.00    0.03    0.29    0.29 ^ _439_/Q (sky130_fd_sc_hd__dfxtp_2)
                                         rf.regs[25][2] (net)
                  0.03    0.00    0.29 ^ _369_/A0 (sky130_fd_sc_hd__mux2_2)
     1    0.00    0.03    0.13    0.42 ^ _369_/X (sky130_fd_sc_hd__mux2_2)
                                         _202_ (net)
                  0.03    0.00    0.42 ^ _370_/A (sky130_fd_sc_hd__buf_1)
     1    0.00    0.03    0.07    0.48 ^ _370_/X (sky130_fd_sc_hd__buf_1)
                                         _005_ (net)
                  0.03    0.00    0.48 ^ _439_/D (sky130_fd_sc_hd__dfxtp_2)
                                  0.48   data arrival time

                  0.00    0.00    0.00   clock CLK100MHZ (rise edge)
                          0.00    0.00   clock network delay (ideal)
                          0.20    0.20   clock uncertainty
                          0.00    0.20   clock reconvergence pessimism
                                  0.20 ^ _439_/CLK (sky130_fd_sc_hd__dfxtp_2)
                         -0.03    0.17   library hold time
                                  0.17   data required time
-----------------------------------------------------------------------------
                                  0.17   data required time
                                 -0.48   data arrival time
-----------------------------------------------------------------------------
                                  0.32   slack (MET)


Startpoint: _440_ (rising edge-triggered flip-flop clocked by CLK100MHZ)
Endpoint: _440_ (rising edge-triggered flip-flop clocked by CLK100MHZ)
Path Group: CLK100MHZ
Path Type: min

Fanout     Cap    Slew   Delay    Time   Description
-----------------------------------------------------------------------------
                  0.00    0.00    0.00   clock CLK100MHZ (rise edge)
                          0.00    0.00   clock network delay (ideal)
                  0.00    0.00    0.00 ^ _440_/CLK (sky130_fd_sc_hd__dfxtp_2)
     2    0.00    0.04    0.29    0.29 ^ _440_/Q (sky130_fd_sc_hd__dfxtp_2)
                                         rf.regs[25][3] (net)
                  0.04    0.00    0.29 ^ _371_/A0 (sky130_fd_sc_hd__mux2_2)
     1    0.00    0.03    0.13    0.42 ^ _371_/X (sky130_fd_sc_hd__mux2_2)
                                         _203_ (net)
                  0.03    0.00    0.42 ^ _372_/A (sky130_fd_sc_hd__buf_1)
     1    0.00    0.03    0.07    0.49 ^ _372_/X (sky130_fd_sc_hd__buf_1)
                                         _006_ (net)
                  0.03    0.00    0.49 ^ _440_/D (sky130_fd_sc_hd__dfxtp_2)
                                  0.49   data arrival time

                  0.00    0.00    0.00   clock CLK100MHZ (rise edge)
                          0.00    0.00   clock network delay (ideal)
                          0.20    0.20   clock uncertainty
                          0.00    0.20   clock reconvergence pessimism
                                  0.20 ^ _440_/CLK (sky130_fd_sc_hd__dfxtp_2)
                         -0.03    0.17   library hold time
                                  0.17   data required time
-----------------------------------------------------------------------------
                                  0.17   data required time
                                 -0.49   data arrival time
-----------------------------------------------------------------------------
                                  0.32   slack (MET)


Startpoint: _455_ (rising edge-triggered flip-flop clocked by CLK100MHZ)
Endpoint: _455_ (rising edge-triggered flip-flop clocked by CLK100MHZ)
Path Group: CLK100MHZ
Path Type: min

Fanout     Cap    Slew   Delay    Time   Description
-----------------------------------------------------------------------------
                  0.00    0.00    0.00   clock CLK100MHZ (rise edge)
                          0.00    0.00   clock network delay (ideal)
                  0.00    0.00    0.00 ^ _455_/CLK (sky130_fd_sc_hd__dfxtp_2)
     3    0.01    0.04    0.30    0.30 ^ _455_/Q (sky130_fd_sc_hd__dfxtp_2)
                                         rf.regs[0][3] (net)
                  0.04    0.00    0.30 ^ _418_/A (sky130_fd_sc_hd__and2_2)
     1    0.00    0.03    0.12    0.42 ^ _418_/X (sky130_fd_sc_hd__and2_2)
                                         _051_ (net)
                  0.03    0.00    0.42 ^ _419_/A (sky130_fd_sc_hd__buf_1)
     1    0.00    0.03    0.07    0.49 ^ _419_/X (sky130_fd_sc_hd__buf_1)
                                         _021_ (net)
                  0.03    0.00    0.49 ^ _455_/D (sky130_fd_sc_hd__dfxtp_2)
                                  0.49   data arrival time

                  0.00    0.00    0.00   clock CLK100MHZ (rise edge)
                          0.00    0.00   clock network delay (ideal)
                          0.20    0.20   clock uncertainty
                          0.00    0.20   clock reconvergence pessimism
                                  0.20 ^ _455_/CLK (sky130_fd_sc_hd__dfxtp_2)
                         -0.03    0.17   library hold time
                                  0.17   data required time
-----------------------------------------------------------------------------
                                  0.17   data required time
                                 -0.49   data arrival time
-----------------------------------------------------------------------------
                                  0.32   slack (MET)


Startpoint: _451_ (rising edge-triggered flip-flop clocked by CLK100MHZ)
Endpoint: _451_ (rising edge-triggered flip-flop clocked by CLK100MHZ)
Path Group: CLK100MHZ
Path Type: min

Fanout     Cap    Slew   Delay    Time   Description
-----------------------------------------------------------------------------
                  0.00    0.00    0.00   clock CLK100MHZ (rise edge)
                          0.00    0.00   clock network delay (ideal)
                  0.00    0.00    0.00 ^ _451_/CLK (sky130_fd_sc_hd__dfxtp_2)
     2    0.00    0.04    0.29    0.29 ^ _451_/Q (sky130_fd_sc_hd__dfxtp_2)
                                         rf.regs[10][4] (net)
                  0.04    0.00    0.29 ^ _408_/A1 (sky130_fd_sc_hd__mux2_2)
     1    0.00    0.03    0.13    0.42 ^ _408_/X (sky130_fd_sc_hd__mux2_2)
                                         _045_ (net)
                  0.03    0.00    0.42 ^ _409_/A (sky130_fd_sc_hd__buf_1)
     1    0.00    0.03    0.07    0.49 ^ _409_/X (sky130_fd_sc_hd__buf_1)
                                         _017_ (net)
                  0.03    0.00    0.49 ^ _451_/D (sky130_fd_sc_hd__dfxtp_2)
                                  0.49   data arrival time

                  0.00    0.00    0.00   clock CLK100MHZ (rise edge)
                          0.00    0.00   clock network delay (ideal)
                          0.20    0.20   clock uncertainty
                          0.00    0.20   clock reconvergence pessimism
                                  0.20 ^ _451_/CLK (sky130_fd_sc_hd__dfxtp_2)
                         -0.03    0.17   library hold time
                                  0.17   data required time
-----------------------------------------------------------------------------
                                  0.17   data required time
                                 -0.49   data arrival time
-----------------------------------------------------------------------------
                                  0.32   slack (MET)


Startpoint: _447_ (rising edge-triggered flip-flop clocked by CLK100MHZ)
Endpoint: _447_ (rising edge-triggered flip-flop clocked by CLK100MHZ)
Path Group: CLK100MHZ
Path Type: min

Fanout     Cap    Slew   Delay    Time   Description
-----------------------------------------------------------------------------
                  0.00    0.00    0.00   clock CLK100MHZ (rise edge)
                          0.00    0.00   clock network delay (ideal)
                  0.00    0.00    0.00 ^ _447_/CLK (sky130_fd_sc_hd__dfxtp_2)
     2    0.00    0.04    0.29    0.29 ^ _447_/Q (sky130_fd_sc_hd__dfxtp_2)
                                         rf.regs[10][0] (net)
                  0.04    0.00    0.29 ^ _400_/A1 (sky130_fd_sc_hd__mux2_2)
     1    0.00    0.03    0.13    0.42 ^ _400_/X (sky130_fd_sc_hd__mux2_2)
                                         _041_ (net)
                  0.03    0.00    0.42 ^ _401_/A (sky130_fd_sc_hd__buf_1)
     1    0.00    0.03    0.07    0.49 ^ _401_/X (sky130_fd_sc_hd__buf_1)
                                         _013_ (net)
                  0.03    0.00    0.49 ^ _447_/D (sky130_fd_sc_hd__dfxtp_2)
                                  0.49   data arrival time

                  0.00    0.00    0.00   clock CLK100MHZ (rise edge)
                          0.00    0.00   clock network delay (ideal)
                          0.20    0.20   clock uncertainty
                          0.00    0.20   clock reconvergence pessimism
                                  0.20 ^ _447_/CLK (sky130_fd_sc_hd__dfxtp_2)
                         -0.03    0.17   library hold time
                                  0.17   data required time
-----------------------------------------------------------------------------
                                  0.17   data required time
                                 -0.49   data arrival time
-----------------------------------------------------------------------------
                                  0.32   slack (MET)


Startpoint: _448_ (rising edge-triggered flip-flop clocked by CLK100MHZ)
Endpoint: _448_ (rising edge-triggered flip-flop clocked by CLK100MHZ)
Path Group: CLK100MHZ
Path Type: min

Fanout     Cap    Slew   Delay    Time   Description
-----------------------------------------------------------------------------
                  0.00    0.00    0.00   clock CLK100MHZ (rise edge)
                          0.00    0.00   clock network delay (ideal)
                  0.00    0.00    0.00 ^ _448_/CLK (sky130_fd_sc_hd__dfxtp_2)
     2    0.00    0.04    0.29    0.29 ^ _448_/Q (sky130_fd_sc_hd__dfxtp_2)
                                         rf.regs[10][1] (net)
                  0.04    0.00    0.29 ^ _402_/A1 (sky130_fd_sc_hd__mux2_2)
     1    0.00    0.03    0.13    0.42 ^ _402_/X (sky130_fd_sc_hd__mux2_2)
                                         _042_ (net)
                  0.03    0.00    0.42 ^ _403_/A (sky130_fd_sc_hd__buf_1)
     1    0.00    0.03    0.07    0.49 ^ _403_/X (sky130_fd_sc_hd__buf_1)
                                         _014_ (net)
                  0.03    0.00    0.49 ^ _448_/D (sky130_fd_sc_hd__dfxtp_2)
                                  0.49   data arrival time

                  0.00    0.00    0.00   clock CLK100MHZ (rise edge)
                          0.00    0.00   clock network delay (ideal)
                          0.20    0.20   clock uncertainty
                          0.00    0.20   clock reconvergence pessimism
                                  0.20 ^ _448_/CLK (sky130_fd_sc_hd__dfxtp_2)
                         -0.03    0.17   library hold time
                                  0.17   data required time
-----------------------------------------------------------------------------
                                  0.17   data required time
                                 -0.49   data arrival time
-----------------------------------------------------------------------------
                                  0.32   slack (MET)


Startpoint: _437_ (rising edge-triggered flip-flop clocked by CLK100MHZ)
Endpoint: _437_ (rising edge-triggered flip-flop clocked by CLK100MHZ)
Path Group: CLK100MHZ
Path Type: min

Fanout     Cap    Slew   Delay    Time   Description
-----------------------------------------------------------------------------
                  0.00    0.00    0.00   clock CLK100MHZ (rise edge)
                          0.00    0.00   clock network delay (ideal)
                  0.00    0.00    0.00 ^ _437_/CLK (sky130_fd_sc_hd__dfxtp_2)
     2    0.00    0.04    0.29    0.29 ^ _437_/Q (sky130_fd_sc_hd__dfxtp_2)
                                         rf.regs[25][0] (net)
                  0.04    0.00    0.29 ^ _365_/A0 (sky130_fd_sc_hd__mux2_2)
     1    0.00    0.03    0.13    0.42 ^ _365_/X (sky130_fd_sc_hd__mux2_2)
                                         _200_ (net)
                  0.03    0.00    0.42 ^ _366_/A (sky130_fd_sc_hd__buf_1)
     1    0.00    0.03    0.07    0.49 ^ _366_/X (sky130_fd_sc_hd__buf_1)
                                         _003_ (net)
                  0.03    0.00    0.49 ^ _437_/D (sky130_fd_sc_hd__dfxtp_2)
                                  0.49   data arrival time

                  0.00    0.00    0.00   clock CLK100MHZ (rise edge)
                          0.00    0.00   clock network delay (ideal)
                          0.20    0.20   clock uncertainty
                          0.00    0.20   clock reconvergence pessimism
                                  0.20 ^ _437_/CLK (sky130_fd_sc_hd__dfxtp_2)
                         -0.03    0.17   library hold time
                                  0.17   data required time
-----------------------------------------------------------------------------
                                  0.17   data required time
                                 -0.49   data arrival time
-----------------------------------------------------------------------------
                                  0.32   slack (MET)


Startpoint: _446_ (rising edge-triggered flip-flop clocked by CLK100MHZ)
Endpoint: _446_ (rising edge-triggered flip-flop clocked by CLK100MHZ)
Path Group: CLK100MHZ
Path Type: min

Fanout     Cap    Slew   Delay    Time   Description
-----------------------------------------------------------------------------
                  0.00    0.00    0.00   clock CLK100MHZ (rise edge)
                          0.00    0.00   clock network delay (ideal)
                  0.00    0.00    0.00 ^ _446_/CLK (sky130_fd_sc_hd__dfxtp_2)
     2    0.00    0.04    0.29    0.29 ^ _446_/Q (sky130_fd_sc_hd__dfxtp_2)
                                         rf.regs[15][4] (net)
                  0.04    0.00    0.29 ^ _395_/A0 (sky130_fd_sc_hd__mux2_2)
     1    0.00    0.03    0.13    0.42 ^ _395_/X (sky130_fd_sc_hd__mux2_2)
                                         _037_ (net)
                  0.03    0.00    0.42 ^ _396_/A (sky130_fd_sc_hd__buf_1)
     1    0.00    0.03    0.07    0.49 ^ _396_/X (sky130_fd_sc_hd__buf_1)
                                         _012_ (net)
                  0.03    0.00    0.49 ^ _446_/D (sky130_fd_sc_hd__dfxtp_2)
                                  0.49   data arrival time

                  0.00    0.00    0.00   clock CLK100MHZ (rise edge)
                          0.00    0.00   clock network delay (ideal)
                          0.20    0.20   clock uncertainty
                          0.00    0.20   clock reconvergence pessimism
                                  0.20 ^ _446_/CLK (sky130_fd_sc_hd__dfxtp_2)
                         -0.03    0.17   library hold time
                                  0.17   data required time
-----------------------------------------------------------------------------
                                  0.17   data required time
                                 -0.49   data arrival time
-----------------------------------------------------------------------------
                                  0.32   slack (MET)


Startpoint: _444_ (rising edge-triggered flip-flop clocked by CLK100MHZ)
Endpoint: _444_ (rising edge-triggered flip-flop clocked by CLK100MHZ)
Path Group: CLK100MHZ
Path Type: min

Fanout     Cap    Slew   Delay    Time   Description
-----------------------------------------------------------------------------
                  0.00    0.00    0.00   clock CLK100MHZ (rise edge)
                          0.00    0.00   clock network delay (ideal)
                  0.00    0.00    0.00 ^ _444_/CLK (sky130_fd_sc_hd__dfxtp_2)
     2    0.00    0.04    0.30    0.30 ^ _444_/Q (sky130_fd_sc_hd__dfxtp_2)
                                         rf.regs[15][2] (net)
                  0.04    0.00    0.30 ^ _391_/A0 (sky130_fd_sc_hd__mux2_2)
     1    0.00    0.03    0.13    0.42 ^ _391_/X (sky130_fd_sc_hd__mux2_2)
                                         _035_ (net)
                  0.03    0.00    0.42 ^ _392_/A (sky130_fd_sc_hd__buf_1)
     1    0.00    0.03    0.07    0.49 ^ _392_/X (sky130_fd_sc_hd__buf_1)
                                         _010_ (net)
                  0.03    0.00    0.49 ^ _444_/D (sky130_fd_sc_hd__dfxtp_2)
                                  0.49   data arrival time

                  0.00    0.00    0.00   clock CLK100MHZ (rise edge)
                          0.00    0.00   clock network delay (ideal)
                          0.20    0.20   clock uncertainty
                          0.00    0.20   clock reconvergence pessimism
                                  0.20 ^ _444_/CLK (sky130_fd_sc_hd__dfxtp_2)
                         -0.03    0.17   library hold time
                                  0.17   data required time
-----------------------------------------------------------------------------
                                  0.17   data required time
                                 -0.49   data arrival time
-----------------------------------------------------------------------------
                                  0.32   slack (MET)


Startpoint: _453_ (rising edge-triggered flip-flop clocked by CLK100MHZ)
Endpoint: _453_ (rising edge-triggered flip-flop clocked by CLK100MHZ)
Path Group: CLK100MHZ
Path Type: min

Fanout     Cap    Slew   Delay    Time   Description
-----------------------------------------------------------------------------
                  0.00    0.00    0.00   clock CLK100MHZ (rise edge)
                          0.00    0.00   clock network delay (ideal)
                  0.00    0.00    0.00 ^ _453_/CLK (sky130_fd_sc_hd__dfxtp_2)
     3    0.01    0.05    0.30    0.30 ^ _453_/Q (sky130_fd_sc_hd__dfxtp_2)
                                         rf.regs[0][1] (net)
                  0.05    0.00    0.30 ^ _414_/A (sky130_fd_sc_hd__and2_2)
     1    0.00    0.03    0.12    0.42 ^ _414_/X (sky130_fd_sc_hd__and2_2)
                                         _049_ (net)
                  0.03    0.00    0.42 ^ _415_/A (sky130_fd_sc_hd__buf_1)
     1    0.00    0.03    0.07    0.49 ^ _415_/X (sky130_fd_sc_hd__buf_1)
                                         _019_ (net)
                  0.03    0.00    0.49 ^ _453_/D (sky130_fd_sc_hd__dfxtp_2)
                                  0.49   data arrival time

                  0.00    0.00    0.00   clock CLK100MHZ (rise edge)
                          0.00    0.00   clock network delay (ideal)
                          0.20    0.20   clock uncertainty
                          0.00    0.20   clock reconvergence pessimism
                                  0.20 ^ _453_/CLK (sky130_fd_sc_hd__dfxtp_2)
                         -0.03    0.17   library hold time
                                  0.17   data required time
-----------------------------------------------------------------------------
                                  0.17   data required time
                                 -0.49   data arrival time
-----------------------------------------------------------------------------
                                  0.33   slack (MET)


Startpoint: _449_ (rising edge-triggered flip-flop clocked by CLK100MHZ)
Endpoint: _449_ (rising edge-triggered flip-flop clocked by CLK100MHZ)
Path Group: CLK100MHZ
Path Type: min

Fanout     Cap    Slew   Delay    Time   Description
-----------------------------------------------------------------------------
                  0.00    0.00    0.00   clock CLK100MHZ (rise edge)
                          0.00    0.00   clock network delay (ideal)
                  0.00    0.00    0.00 ^ _449_/CLK (sky130_fd_sc_hd__dfxtp_2)
     2    0.01    0.05    0.30    0.30 ^ _449_/Q (sky130_fd_sc_hd__dfxtp_2)
                                         rf.regs[10][2] (net)
                  0.05    0.00    0.30 ^ _404_/A1 (sky130_fd_sc_hd__mux2_2)
     1    0.00    0.03    0.13    0.43 ^ _404_/X (sky130_fd_sc_hd__mux2_2)
                                         _043_ (net)
                  0.03    0.00    0.43 ^ _405_/A (sky130_fd_sc_hd__buf_1)
     1    0.00    0.03    0.07    0.50 ^ _405_/X (sky130_fd_sc_hd__buf_1)
                                         _015_ (net)
                  0.03    0.00    0.50 ^ _449_/D (sky130_fd_sc_hd__dfxtp_2)
                                  0.50   data arrival time

                  0.00    0.00    0.00   clock CLK100MHZ (rise edge)
                          0.00    0.00   clock network delay (ideal)
                          0.20    0.20   clock uncertainty
                          0.00    0.20   clock reconvergence pessimism
                                  0.20 ^ _449_/CLK (sky130_fd_sc_hd__dfxtp_2)
                         -0.03    0.17   library hold time
                                  0.17   data required time
-----------------------------------------------------------------------------
                                  0.17   data required time
                                 -0.50   data arrival time
-----------------------------------------------------------------------------
                                  0.33   slack (MET)


Startpoint: _442_ (rising edge-triggered flip-flop clocked by CLK100MHZ)
Endpoint: _442_ (rising edge-triggered flip-flop clocked by CLK100MHZ)
Path Group: CLK100MHZ
Path Type: min

Fanout     Cap    Slew   Delay    Time   Description
-----------------------------------------------------------------------------
                  0.00    0.00    0.00   clock CLK100MHZ (rise edge)
                          0.00    0.00   clock network delay (ideal)
                  0.00    0.00    0.00 ^ _442_/CLK (sky130_fd_sc_hd__dfxtp_2)
     2    0.01    0.05    0.30    0.30 ^ _442_/Q (sky130_fd_sc_hd__dfxtp_2)
                                         rf.regs[15][0] (net)
                  0.05    0.00    0.30 ^ _387_/A0 (sky130_fd_sc_hd__mux2_2)
     1    0.00    0.03    0.13    0.43 ^ _387_/X (sky130_fd_sc_hd__mux2_2)
                                         _033_ (net)
                  0.03    0.00    0.43 ^ _388_/A (sky130_fd_sc_hd__buf_1)
     1    0.00    0.03    0.07    0.50 ^ _388_/X (sky130_fd_sc_hd__buf_1)
                                         _008_ (net)
                  0.03    0.00    0.50 ^ _442_/D (sky130_fd_sc_hd__dfxtp_2)
                                  0.50   data arrival time

                  0.00    0.00    0.00   clock CLK100MHZ (rise edge)
                          0.00    0.00   clock network delay (ideal)
                          0.20    0.20   clock uncertainty
                          0.00    0.20   clock reconvergence pessimism
                                  0.20 ^ _442_/CLK (sky130_fd_sc_hd__dfxtp_2)
                         -0.03    0.17   library hold time
                                  0.17   data required time
-----------------------------------------------------------------------------
                                  0.17   data required time
                                 -0.50   data arrival time
-----------------------------------------------------------------------------
                                  0.33   slack (MET)


Startpoint: _454_ (rising edge-triggered flip-flop clocked by CLK100MHZ)
Endpoint: _454_ (rising edge-triggered flip-flop clocked by CLK100MHZ)
Path Group: CLK100MHZ
Path Type: min

Fanout     Cap    Slew   Delay    Time   Description
-----------------------------------------------------------------------------
                  0.00    0.00    0.00   clock CLK100MHZ (rise edge)
                          0.00    0.00   clock network delay (ideal)
                  0.00    0.00    0.00 ^ _454_/CLK (sky130_fd_sc_hd__dfxtp_2)
     3    0.01    0.06    0.31    0.31 ^ _454_/Q (sky130_fd_sc_hd__dfxtp_2)
                                         rf.regs[0][2] (net)
                  0.06    0.00    0.31 ^ _416_/A (sky130_fd_sc_hd__and2_2)
     1    0.00    0.03    0.12    0.43 ^ _416_/X (sky130_fd_sc_hd__and2_2)
                                         _050_ (net)
                  0.03    0.00    0.43 ^ _417_/A (sky130_fd_sc_hd__buf_1)
     1    0.00    0.03    0.07    0.50 ^ _417_/X (sky130_fd_sc_hd__buf_1)
                                         _020_ (net)
                  0.03    0.00    0.50 ^ _454_/D (sky130_fd_sc_hd__dfxtp_2)
                                  0.50   data arrival time

                  0.00    0.00    0.00   clock CLK100MHZ (rise edge)
                          0.00    0.00   clock network delay (ideal)
                          0.20    0.20   clock uncertainty
                          0.00    0.20   clock reconvergence pessimism
                                  0.20 ^ _454_/CLK (sky130_fd_sc_hd__dfxtp_2)
                         -0.03    0.17   library hold time
                                  0.17   data required time
-----------------------------------------------------------------------------
                                  0.17   data required time
                                 -0.50   data arrival time
-----------------------------------------------------------------------------
                                  0.34   slack (MET)


Startpoint: _456_ (rising edge-triggered flip-flop clocked by CLK100MHZ)
Endpoint: _456_ (rising edge-triggered flip-flop clocked by CLK100MHZ)
Path Group: CLK100MHZ
Path Type: min

Fanout     Cap    Slew   Delay    Time   Description
-----------------------------------------------------------------------------
                  0.00    0.00    0.00   clock CLK100MHZ (rise edge)
                          0.00    0.00   clock network delay (ideal)
                  0.00    0.00    0.00 ^ _456_/CLK (sky130_fd_sc_hd__dfxtp_2)
     3    0.01    0.06    0.31    0.31 ^ _456_/Q (sky130_fd_sc_hd__dfxtp_2)
                                         rf.regs[0][4] (net)
                  0.06    0.00    0.31 ^ _420_/A (sky130_fd_sc_hd__and2_2)
     1    0.00    0.03    0.12    0.43 ^ _420_/X (sky130_fd_sc_hd__and2_2)
                                         _052_ (net)
                  0.03    0.00    0.43 ^ _421_/A (sky130_fd_sc_hd__buf_1)
     1    0.00    0.03    0.07    0.50 ^ _421_/X (sky130_fd_sc_hd__buf_1)
                                         _022_ (net)
                  0.03    0.00    0.50 ^ _456_/D (sky130_fd_sc_hd__dfxtp_2)
                                  0.50   data arrival time

                  0.00    0.00    0.00   clock CLK100MHZ (rise edge)
                          0.00    0.00   clock network delay (ideal)
                          0.20    0.20   clock uncertainty
                          0.00    0.20   clock reconvergence pessimism
                                  0.20 ^ _456_/CLK (sky130_fd_sc_hd__dfxtp_2)
                         -0.03    0.17   library hold time
                                  0.17   data required time
-----------------------------------------------------------------------------
                                  0.17   data required time
                                 -0.50   data arrival time
-----------------------------------------------------------------------------
                                  0.34   slack (MET)


Startpoint: _452_ (rising edge-triggered flip-flop clocked by CLK100MHZ)
Endpoint: _452_ (rising edge-triggered flip-flop clocked by CLK100MHZ)
Path Group: CLK100MHZ
Path Type: min

Fanout     Cap    Slew   Delay    Time   Description
-----------------------------------------------------------------------------
                  0.00    0.00    0.00   clock CLK100MHZ (rise edge)
                          0.00    0.00   clock network delay (ideal)
                  0.00    0.00    0.00 ^ _452_/CLK (sky130_fd_sc_hd__dfxtp_2)
     3    0.01    0.06    0.31    0.31 ^ _452_/Q (sky130_fd_sc_hd__dfxtp_2)
                                         rf.regs[0][0] (net)
                  0.06    0.00    0.31 ^ _412_/A (sky130_fd_sc_hd__and2_2)
     1    0.00    0.03    0.12    0.43 ^ _412_/X (sky130_fd_sc_hd__and2_2)
                                         _048_ (net)
                  0.03    0.00    0.43 ^ _413_/A (sky130_fd_sc_hd__buf_1)
     1    0.00    0.03    0.07    0.50 ^ _413_/X (sky130_fd_sc_hd__buf_1)
                                         _018_ (net)
                  0.03    0.00    0.50 ^ _452_/D (sky130_fd_sc_hd__dfxtp_2)
                                  0.50   data arrival time

                  0.00    0.00    0.00   clock CLK100MHZ (rise edge)
                          0.00    0.00   clock network delay (ideal)
                          0.20    0.20   clock uncertainty
                          0.00    0.20   clock reconvergence pessimism
                                  0.20 ^ _452_/CLK (sky130_fd_sc_hd__dfxtp_2)
                         -0.03    0.17   library hold time
                                  0.17   data required time
-----------------------------------------------------------------------------
                                  0.17   data required time
                                 -0.50   data arrival time
-----------------------------------------------------------------------------
                                  0.34   slack (MET)


Startpoint: _441_ (rising edge-triggered flip-flop clocked by CLK100MHZ)
Endpoint: _441_ (rising edge-triggered flip-flop clocked by CLK100MHZ)
Path Group: CLK100MHZ
Path Type: min

Fanout     Cap    Slew   Delay    Time   Description
-----------------------------------------------------------------------------
                  0.00    0.00    0.00   clock CLK100MHZ (rise edge)
                          0.00    0.00   clock network delay (ideal)
                  0.00    0.00    0.00 ^ _441_/CLK (sky130_fd_sc_hd__dfxtp_2)
     2    0.01    0.05    0.30    0.30 ^ _441_/Q (sky130_fd_sc_hd__dfxtp_2)
                                         rf.regs[25][4] (net)
                  0.05    0.00    0.30 ^ _383_/A0 (sky130_fd_sc_hd__mux2_2)
     1    0.00    0.03    0.13    0.44 ^ _383_/X (sky130_fd_sc_hd__mux2_2)
                                         _214_ (net)
                  0.03    0.00    0.44 ^ _384_/A (sky130_fd_sc_hd__buf_1)
     1    0.00    0.03    0.07    0.50 ^ _384_/X (sky130_fd_sc_hd__buf_1)
                                         _007_ (net)
                  0.03    0.00    0.50 ^ _441_/D (sky130_fd_sc_hd__dfxtp_2)
                                  0.50   data arrival time

                  0.00    0.00    0.00   clock CLK100MHZ (rise edge)
                          0.00    0.00   clock network delay (ideal)
                          0.20    0.20   clock uncertainty
                          0.00    0.20   clock reconvergence pessimism
                                  0.20 ^ _441_/CLK (sky130_fd_sc_hd__dfxtp_2)
                         -0.03    0.17   library hold time
                                  0.17   data required time
-----------------------------------------------------------------------------
                                  0.17   data required time
                                 -0.50   data arrival time
-----------------------------------------------------------------------------
                                  0.34   slack (MET)


Startpoint: _461_ (rising edge-triggered flip-flop clocked by CLK100MHZ)
Endpoint: _461_ (rising edge-triggered flip-flop clocked by CLK100MHZ)
Path Group: CLK100MHZ
Path Type: min

Fanout     Cap    Slew   Delay    Time   Description
-----------------------------------------------------------------------------
                  0.00    0.00    0.00   clock CLK100MHZ (rise edge)
                          0.00    0.00   clock network delay (ideal)
                  0.00    0.00    0.00 ^ _461_/CLK (sky130_fd_sc_hd__dfxtp_2)
     3    0.01    0.05    0.31    0.31 ^ _461_/Q (sky130_fd_sc_hd__dfxtp_2)
                                         rf.regs[5][4] (net)
                  0.05    0.00    0.31 ^ _432_/A0 (sky130_fd_sc_hd__mux2_2)
     1    0.00    0.03    0.13    0.44 ^ _432_/X (sky130_fd_sc_hd__mux2_2)
                                         _059_ (net)
                  0.03    0.00    0.44 ^ _433_/A (sky130_fd_sc_hd__buf_1)
     1    0.00    0.03    0.07    0.51 ^ _433_/X (sky130_fd_sc_hd__buf_1)
                                         _027_ (net)
                  0.03    0.00    0.51 ^ _461_/D (sky130_fd_sc_hd__dfxtp_2)
                                  0.51   data arrival time

                  0.00    0.00    0.00   clock CLK100MHZ (rise edge)
                          0.00    0.00   clock network delay (ideal)
                          0.20    0.20   clock uncertainty
                          0.00    0.20   clock reconvergence pessimism
                                  0.20 ^ _461_/CLK (sky130_fd_sc_hd__dfxtp_2)
                         -0.03    0.17   library hold time
                                  0.17   data required time
-----------------------------------------------------------------------------
                                  0.17   data required time
                                 -0.51   data arrival time
-----------------------------------------------------------------------------
                                  0.34   slack (MET)


Startpoint: _438_ (rising edge-triggered flip-flop clocked by CLK100MHZ)
Endpoint: _438_ (rising edge-triggered flip-flop clocked by CLK100MHZ)
Path Group: CLK100MHZ
Path Type: min

Fanout     Cap    Slew   Delay    Time   Description
-----------------------------------------------------------------------------
                  0.00    0.00    0.00   clock CLK100MHZ (rise edge)
                          0.00    0.00   clock network delay (ideal)
                  0.00    0.00    0.00 ^ _438_/CLK (sky130_fd_sc_hd__dfxtp_2)
     3    0.01    0.06    0.31    0.31 ^ _438_/Q (sky130_fd_sc_hd__dfxtp_2)
                                         rf.regs[25][1] (net)
                  0.06    0.00    0.31 ^ _367_/A0 (sky130_fd_sc_hd__mux2_2)
     1    0.00    0.03    0.13    0.45 ^ _367_/X (sky130_fd_sc_hd__mux2_2)
                                         _201_ (net)
                  0.03    0.00    0.45 ^ _368_/A (sky130_fd_sc_hd__buf_1)
     1    0.00    0.03    0.07    0.51 ^ _368_/X (sky130_fd_sc_hd__buf_1)
                                         _004_ (net)
                  0.03    0.00    0.51 ^ _438_/D (sky130_fd_sc_hd__dfxtp_2)
                                  0.51   data arrival time

                  0.00    0.00    0.00   clock CLK100MHZ (rise edge)
                          0.00    0.00   clock network delay (ideal)
                          0.20    0.20   clock uncertainty
                          0.00    0.20   clock reconvergence pessimism
                                  0.20 ^ _438_/CLK (sky130_fd_sc_hd__dfxtp_2)
                         -0.03    0.17   library hold time
                                  0.17   data required time
-----------------------------------------------------------------------------
                                  0.17   data required time
                                 -0.51   data arrival time
-----------------------------------------------------------------------------
                                  0.35   slack (MET)


Startpoint: _463_ (rising edge-triggered flip-flop clocked by CLK100MHZ)
Endpoint: _463_ (rising edge-triggered flip-flop clocked by CLK100MHZ)
Path Group: CLK100MHZ
Path Type: min

Fanout     Cap    Slew   Delay    Time   Description
-----------------------------------------------------------------------------
                  0.00    0.00    0.00   clock CLK100MHZ (rise edge)
                          0.00    0.00   clock network delay (ideal)
                  0.00    0.00    0.00 ^ _463_/CLK (sky130_fd_sc_hd__dfrtp_2)
    10    0.02    0.08    0.41    0.41 v _463_/Q (sky130_fd_sc_hd__dfrtp_2)
                                         imem.address[1] (net)
                  0.08    0.00    0.41 v _220_/A (sky130_fd_sc_hd__buf_1)
    10    0.03    0.17    0.22    0.63 v _220_/X (sky130_fd_sc_hd__buf_1)
                                         _065_ (net)
                  0.17    0.00    0.63 v _225_/B1 (sky130_fd_sc_hd__a21oi_2)
     1    0.00    0.09    0.16    0.79 ^ _225_/Y (sky130_fd_sc_hd__a21oi_2)
                                         _069_ (net)
                  0.09    0.00    0.79 ^ _226_/B (sky130_fd_sc_hd__nor2_2)
     1    0.00    0.02    0.03    0.82 v _226_/Y (sky130_fd_sc_hd__nor2_2)
                                         _029_ (net)
                  0.02    0.00    0.82 v _463_/D (sky130_fd_sc_hd__dfrtp_2)
                                  0.82   data arrival time

                  0.00    0.00    0.00   clock CLK100MHZ (rise edge)
                          0.00    0.00   clock network delay (ideal)
                          0.20    0.20   clock uncertainty
                          0.00    0.20   clock reconvergence pessimism
                                  0.20 ^ _463_/CLK (sky130_fd_sc_hd__dfrtp_2)
                         -0.04    0.16   library hold time
                                  0.16   data required time
-----------------------------------------------------------------------------
                                  0.16   data required time
                                 -0.82   data arrival time
-----------------------------------------------------------------------------
                                  0.67   slack (MET)


Startpoint: _462_ (rising edge-triggered flip-flop clocked by CLK100MHZ)
Endpoint: _462_ (rising edge-triggered flip-flop clocked by CLK100MHZ)
Path Group: CLK100MHZ
Path Type: min

Fanout     Cap    Slew   Delay    Time   Description
-----------------------------------------------------------------------------
                  0.00    0.00    0.00   clock CLK100MHZ (rise edge)
                          0.00    0.00   clock network delay (ideal)
                  0.00    0.00    0.00 ^ _462_/CLK (sky130_fd_sc_hd__dfrtp_2)
     4    0.01    0.06    0.39    0.39 v _462_/Q (sky130_fd_sc_hd__dfrtp_2)
                                         imem.address[0] (net)
                  0.06    0.00    0.39 v _221_/A (sky130_fd_sc_hd__buf_1)
    10    0.02    0.13    0.18    0.57 v _221_/X (sky130_fd_sc_hd__buf_1)
                                         _066_ (net)
                  0.13    0.00    0.57 v _222_/A (sky130_fd_sc_hd__buf_1)
     9    0.03    0.16    0.23    0.80 v _222_/X (sky130_fd_sc_hd__buf_1)
                                         _067_ (net)
                  0.16    0.00    0.80 v _227_/B (sky130_fd_sc_hd__xor2_2)
     1    0.00    0.06    0.14    0.94 ^ _227_/X (sky130_fd_sc_hd__xor2_2)
                                         _028_ (net)
                  0.06    0.00    0.94 ^ _462_/D (sky130_fd_sc_hd__dfrtp_2)
                                  0.94   data arrival time

                  0.00    0.00    0.00   clock CLK100MHZ (rise edge)
                          0.00    0.00   clock network delay (ideal)
                          0.20    0.20   clock uncertainty
                          0.00    0.20   clock reconvergence pessimism
                                  0.20 ^ _462_/CLK (sky130_fd_sc_hd__dfrtp_2)
                         -0.04    0.16   library hold time
                                  0.16   data required time
-----------------------------------------------------------------------------
                                  0.16   data required time
                                 -0.94   data arrival time
-----------------------------------------------------------------------------
                                  0.78   slack (MET)


Startpoint: _463_ (rising edge-triggered flip-flop clocked by CLK100MHZ)
Endpoint: _464_ (rising edge-triggered flip-flop clocked by CLK100MHZ)
Path Group: CLK100MHZ
Path Type: min

Fanout     Cap    Slew   Delay    Time   Description
-----------------------------------------------------------------------------
                  0.00    0.00    0.00   clock CLK100MHZ (rise edge)
                          0.00    0.00   clock network delay (ideal)
                  0.00    0.00    0.00 ^ _463_/CLK (sky130_fd_sc_hd__dfrtp_2)
    10    0.02    0.08    0.41    0.41 v _463_/Q (sky130_fd_sc_hd__dfrtp_2)
                                         imem.address[1] (net)
                  0.08    0.00    0.41 v _220_/A (sky130_fd_sc_hd__buf_1)
    10    0.03    0.17    0.22    0.63 v _220_/X (sky130_fd_sc_hd__buf_1)
                                         _065_ (net)
                  0.17    0.00    0.63 v _223_/B (sky130_fd_sc_hd__and3_2)
     2    0.01    0.06    0.28    0.91 v _223_/X (sky130_fd_sc_hd__and3_2)
                                         _068_ (net)
                  0.06    0.00    0.91 v _224_/B (sky130_fd_sc_hd__xor2_2)
     1    0.00    0.06    0.11    1.01 ^ _224_/X (sky130_fd_sc_hd__xor2_2)
                                         _030_ (net)
                  0.06    0.00    1.01 ^ _464_/D (sky130_fd_sc_hd__dfrtp_2)
                                  1.01   data arrival time

                  0.00    0.00    0.00   clock CLK100MHZ (rise edge)
                          0.00    0.00   clock network delay (ideal)
                          0.20    0.20   clock uncertainty
                          0.00    0.20   clock reconvergence pessimism
                                  0.20 ^ _464_/CLK (sky130_fd_sc_hd__dfrtp_2)
                         -0.04    0.16   library hold time
                                  0.16   data required time
-----------------------------------------------------------------------------
                                  0.16   data required time
                                 -1.01   data arrival time
-----------------------------------------------------------------------------
                                  0.86   slack (MET)



worst slack corner Typical: 0.3183
min_report_end
max_report

===========================================================================
report_checks -path_delay max (Setup)
============================================================================
======================= Typical Corner ===================================

Startpoint: _462_ (rising edge-triggered flip-flop clocked by CLK100MHZ)
Endpoint: _440_ (rising edge-triggered flip-flop clocked by CLK100MHZ)
Path Group: CLK100MHZ
Path Type: max

Fanout     Cap    Slew   Delay    Time   Description
-----------------------------------------------------------------------------
                  0.00    0.00    0.00   clock CLK100MHZ (rise edge)
                          0.00    0.00   clock network delay (ideal)
                  0.00    0.00    0.00 ^ _462_/CLK (sky130_fd_sc_hd__dfrtp_2)
     4    0.01    0.06    0.39    0.39 v _462_/Q (sky130_fd_sc_hd__dfrtp_2)
                                         imem.address[0] (net)
                  0.06    0.00    0.39 v _221_/A (sky130_fd_sc_hd__buf_1)
    10    0.02    0.13    0.18    0.57 v _221_/X (sky130_fd_sc_hd__buf_1)
                                         _066_ (net)
                  0.13    0.00    0.57 v _222_/A (sky130_fd_sc_hd__buf_1)
     9    0.03    0.16    0.23    0.80 v _222_/X (sky130_fd_sc_hd__buf_1)
                                         _067_ (net)
                  0.16    0.00    0.80 v _246_/C (sky130_fd_sc_hd__and3b_2)
     1    0.00    0.04    0.25    1.04 v _246_/X (sky130_fd_sc_hd__and3b_2)
                                         _088_ (net)
                  0.04    0.00    1.04 v _247_/A (sky130_fd_sc_hd__buf_1)
     7    0.02    0.11    0.15    1.19 v _247_/X (sky130_fd_sc_hd__buf_1)
                                         _089_ (net)
                  0.11    0.00    1.19 v _248_/B (sky130_fd_sc_hd__or2_2)
     1    0.00    0.05    0.28    1.48 v _248_/X (sky130_fd_sc_hd__or2_2)
                                         _090_ (net)
                  0.05    0.00    1.48 v _249_/A (sky130_fd_sc_hd__buf_1)
     5    0.01    0.08    0.13    1.61 v _249_/X (sky130_fd_sc_hd__buf_1)
                                         _091_ (net)
                  0.08    0.00    1.61 v _266_/A2 (sky130_fd_sc_hd__a21o_2)
     2    0.00    0.04    0.22    1.83 v _266_/X (sky130_fd_sc_hd__a21o_2)
                                         _108_ (net)
                  0.04    0.00    1.83 v _268_/B (sky130_fd_sc_hd__or3_2)
     2    0.01    0.09    0.46    2.29 v _268_/X (sky130_fd_sc_hd__or3_2)
                                         _110_ (net)
                  0.09    0.00    2.29 v _312_/A2 (sky130_fd_sc_hd__a21oi_2)
     3    0.01    0.17    0.21    2.50 ^ _312_/Y (sky130_fd_sc_hd__a21oi_2)
                                         _154_ (net)
                  0.17    0.00    2.50 ^ _319_/A2 (sky130_fd_sc_hd__o21ai_2)
     3    0.01    0.07    0.09    2.59 v _319_/Y (sky130_fd_sc_hd__o21ai_2)
                                         _161_ (net)
                  0.07    0.00    2.59 v _327_/A (sky130_fd_sc_hd__or2_2)
     1    0.00    0.05    0.29    2.88 v _327_/X (sky130_fd_sc_hd__or2_2)
                                         _169_ (net)
                  0.05    0.00    2.88 v _332_/A2 (sky130_fd_sc_hd__a32o_2)
     8    0.02    0.08    0.32    3.20 v _332_/X (sky130_fd_sc_hd__a32o_2)
                                         _174_ (net)
                  0.08    0.00    3.20 v _371_/A1 (sky130_fd_sc_hd__mux2_2)
     1    0.00    0.05    0.27    3.46 v _371_/X (sky130_fd_sc_hd__mux2_2)
                                         _203_ (net)
                  0.05    0.00    3.46 v _372_/A (sky130_fd_sc_hd__buf_1)
     1    0.00    0.02    0.08    3.54 v _372_/X (sky130_fd_sc_hd__buf_1)
                                         _006_ (net)
                  0.02    0.00    3.54 v _440_/D (sky130_fd_sc_hd__dfxtp_2)
                                  3.54   data arrival time

                  0.00   10.00   10.00   clock CLK100MHZ (rise edge)
                          0.00   10.00   clock network delay (ideal)
                         -0.20    9.80   clock uncertainty
                          0.00    9.80   clock reconvergence pessimism
                                  9.80 ^ _440_/CLK (sky130_fd_sc_hd__dfxtp_2)
                         -0.11    9.69   library setup time
                                  9.69   data required time
-----------------------------------------------------------------------------
                                  9.69   data required time
                                 -3.54   data arrival time
-----------------------------------------------------------------------------
                                  6.14   slack (MET)


Startpoint: _462_ (rising edge-triggered flip-flop clocked by CLK100MHZ)
Endpoint: _445_ (rising edge-triggered flip-flop clocked by CLK100MHZ)
Path Group: CLK100MHZ
Path Type: max

Fanout     Cap    Slew   Delay    Time   Description
-----------------------------------------------------------------------------
                  0.00    0.00    0.00   clock CLK100MHZ (rise edge)
                          0.00    0.00   clock network delay (ideal)
                  0.00    0.00    0.00 ^ _462_/CLK (sky130_fd_sc_hd__dfrtp_2)
     4    0.01    0.06    0.39    0.39 v _462_/Q (sky130_fd_sc_hd__dfrtp_2)
                                         imem.address[0] (net)
                  0.06    0.00    0.39 v _221_/A (sky130_fd_sc_hd__buf_1)
    10    0.02    0.13    0.18    0.57 v _221_/X (sky130_fd_sc_hd__buf_1)
                                         _066_ (net)
                  0.13    0.00    0.57 v _222_/A (sky130_fd_sc_hd__buf_1)
     9    0.03    0.16    0.23    0.80 v _222_/X (sky130_fd_sc_hd__buf_1)
                                         _067_ (net)
                  0.16    0.00    0.80 v _246_/C (sky130_fd_sc_hd__and3b_2)
     1    0.00    0.04    0.25    1.04 v _246_/X (sky130_fd_sc_hd__and3b_2)
                                         _088_ (net)
                  0.04    0.00    1.04 v _247_/A (sky130_fd_sc_hd__buf_1)
     7    0.02    0.11    0.15    1.19 v _247_/X (sky130_fd_sc_hd__buf_1)
                                         _089_ (net)
                  0.11    0.00    1.19 v _248_/B (sky130_fd_sc_hd__or2_2)
     1    0.00    0.05    0.28    1.48 v _248_/X (sky130_fd_sc_hd__or2_2)
                                         _090_ (net)
                  0.05    0.00    1.48 v _249_/A (sky130_fd_sc_hd__buf_1)
     5    0.01    0.08    0.13    1.61 v _249_/X (sky130_fd_sc_hd__buf_1)
                                         _091_ (net)
                  0.08    0.00    1.61 v _266_/A2 (sky130_fd_sc_hd__a21o_2)
     2    0.00    0.04    0.22    1.83 v _266_/X (sky130_fd_sc_hd__a21o_2)
                                         _108_ (net)
                  0.04    0.00    1.83 v _268_/B (sky130_fd_sc_hd__or3_2)
     2    0.01    0.09    0.46    2.29 v _268_/X (sky130_fd_sc_hd__or3_2)
                                         _110_ (net)
                  0.09    0.00    2.29 v _312_/A2 (sky130_fd_sc_hd__a21oi_2)
     3    0.01    0.17    0.21    2.50 ^ _312_/Y (sky130_fd_sc_hd__a21oi_2)
                                         _154_ (net)
                  0.17    0.00    2.50 ^ _319_/A2 (sky130_fd_sc_hd__o21ai_2)
     3    0.01    0.07    0.09    2.59 v _319_/Y (sky130_fd_sc_hd__o21ai_2)
                                         _161_ (net)
                  0.07    0.00    2.59 v _327_/A (sky130_fd_sc_hd__or2_2)
     1    0.00    0.05    0.29    2.88 v _327_/X (sky130_fd_sc_hd__or2_2)
                                         _169_ (net)
                  0.05    0.00    2.88 v _332_/A2 (sky130_fd_sc_hd__a32o_2)
     8    0.02    0.08    0.32    3.20 v _332_/X (sky130_fd_sc_hd__a32o_2)
                                         _174_ (net)
                  0.08    0.00    3.20 v _393_/A1 (sky130_fd_sc_hd__mux2_2)
     1    0.00    0.05    0.27    3.46 v _393_/X (sky130_fd_sc_hd__mux2_2)
                                         _036_ (net)
                  0.05    0.00    3.46 v _394_/A (sky130_fd_sc_hd__buf_1)
     1    0.00    0.02    0.08    3.54 v _394_/X (sky130_fd_sc_hd__buf_1)
                                         _011_ (net)
                  0.02    0.00    3.54 v _445_/D (sky130_fd_sc_hd__dfxtp_2)
                                  3.54   data arrival time

                  0.00   10.00   10.00   clock CLK100MHZ (rise edge)
                          0.00   10.00   clock network delay (ideal)
                         -0.20    9.80   clock uncertainty
                          0.00    9.80   clock reconvergence pessimism
                                  9.80 ^ _445_/CLK (sky130_fd_sc_hd__dfxtp_2)
                         -0.11    9.69   library setup time
                                  9.69   data required time
-----------------------------------------------------------------------------
                                  9.69   data required time
                                 -3.54   data arrival time
-----------------------------------------------------------------------------
                                  6.14   slack (MET)


Startpoint: _462_ (rising edge-triggered flip-flop clocked by CLK100MHZ)
Endpoint: _460_ (rising edge-triggered flip-flop clocked by CLK100MHZ)
Path Group: CLK100MHZ
Path Type: max

Fanout     Cap    Slew   Delay    Time   Description
-----------------------------------------------------------------------------
                  0.00    0.00    0.00   clock CLK100MHZ (rise edge)
                          0.00    0.00   clock network delay (ideal)
                  0.00    0.00    0.00 ^ _462_/CLK (sky130_fd_sc_hd__dfrtp_2)
     4    0.01    0.06    0.39    0.39 v _462_/Q (sky130_fd_sc_hd__dfrtp_2)
                                         imem.address[0] (net)
                  0.06    0.00    0.39 v _221_/A (sky130_fd_sc_hd__buf_1)
    10    0.02    0.13    0.18    0.57 v _221_/X (sky130_fd_sc_hd__buf_1)
                                         _066_ (net)
                  0.13    0.00    0.57 v _222_/A (sky130_fd_sc_hd__buf_1)
     9    0.03    0.16    0.23    0.80 v _222_/X (sky130_fd_sc_hd__buf_1)
                                         _067_ (net)
                  0.16    0.00    0.80 v _246_/C (sky130_fd_sc_hd__and3b_2)
     1    0.00    0.04    0.25    1.04 v _246_/X (sky130_fd_sc_hd__and3b_2)
                                         _088_ (net)
                  0.04    0.00    1.04 v _247_/A (sky130_fd_sc_hd__buf_1)
     7    0.02    0.11    0.15    1.19 v _247_/X (sky130_fd_sc_hd__buf_1)
                                         _089_ (net)
                  0.11    0.00    1.19 v _248_/B (sky130_fd_sc_hd__or2_2)
     1    0.00    0.05    0.28    1.48 v _248_/X (sky130_fd_sc_hd__or2_2)
                                         _090_ (net)
                  0.05    0.00    1.48 v _249_/A (sky130_fd_sc_hd__buf_1)
     5    0.01    0.08    0.13    1.61 v _249_/X (sky130_fd_sc_hd__buf_1)
                                         _091_ (net)
                  0.08    0.00    1.61 v _266_/A2 (sky130_fd_sc_hd__a21o_2)
     2    0.00    0.04    0.22    1.83 v _266_/X (sky130_fd_sc_hd__a21o_2)
                                         _108_ (net)
                  0.04    0.00    1.83 v _268_/B (sky130_fd_sc_hd__or3_2)
     2    0.01    0.09    0.46    2.29 v _268_/X (sky130_fd_sc_hd__or3_2)
                                         _110_ (net)
                  0.09    0.00    2.29 v _312_/A2 (sky130_fd_sc_hd__a21oi_2)
     3    0.01    0.17    0.21    2.50 ^ _312_/Y (sky130_fd_sc_hd__a21oi_2)
                                         _154_ (net)
                  0.17    0.00    2.50 ^ _319_/A2 (sky130_fd_sc_hd__o21ai_2)
     3    0.01    0.07    0.09    2.59 v _319_/Y (sky130_fd_sc_hd__o21ai_2)
                                         _161_ (net)
                  0.07    0.00    2.59 v _327_/A (sky130_fd_sc_hd__or2_2)
     1    0.00    0.05    0.29    2.88 v _327_/X (sky130_fd_sc_hd__or2_2)
                                         _169_ (net)
                  0.05    0.00    2.88 v _332_/A2 (sky130_fd_sc_hd__a32o_2)
     8    0.02    0.08    0.32    3.20 v _332_/X (sky130_fd_sc_hd__a32o_2)
                                         _174_ (net)
                  0.08    0.00    3.20 v _430_/A1 (sky130_fd_sc_hd__mux2_2)
     1    0.00    0.05    0.27    3.46 v _430_/X (sky130_fd_sc_hd__mux2_2)
                                         _058_ (net)
                  0.05    0.00    3.46 v _431_/A (sky130_fd_sc_hd__buf_1)
     1    0.00    0.02    0.08    3.54 v _431_/X (sky130_fd_sc_hd__buf_1)
                                         _026_ (net)
                  0.02    0.00    3.54 v _460_/D (sky130_fd_sc_hd__dfxtp_2)
                                  3.54   data arrival time

                  0.00   10.00   10.00   clock CLK100MHZ (rise edge)
                          0.00   10.00   clock network delay (ideal)
                         -0.20    9.80   clock uncertainty
                          0.00    9.80   clock reconvergence pessimism
                                  9.80 ^ _460_/CLK (sky130_fd_sc_hd__dfxtp_2)
                         -0.11    9.69   library setup time
                                  9.69   data required time
-----------------------------------------------------------------------------
                                  9.69   data required time
                                 -3.54   data arrival time
-----------------------------------------------------------------------------
                                  6.14   slack (MET)


Startpoint: _462_ (rising edge-triggered flip-flop clocked by CLK100MHZ)
Endpoint: _450_ (rising edge-triggered flip-flop clocked by CLK100MHZ)
Path Group: CLK100MHZ
Path Type: max

Fanout     Cap    Slew   Delay    Time   Description
-----------------------------------------------------------------------------
                  0.00    0.00    0.00   clock CLK100MHZ (rise edge)
                          0.00    0.00   clock network delay (ideal)
                  0.00    0.00    0.00 ^ _462_/CLK (sky130_fd_sc_hd__dfrtp_2)
     4    0.01    0.06    0.39    0.39 v _462_/Q (sky130_fd_sc_hd__dfrtp_2)
                                         imem.address[0] (net)
                  0.06    0.00    0.39 v _221_/A (sky130_fd_sc_hd__buf_1)
    10    0.02    0.13    0.18    0.57 v _221_/X (sky130_fd_sc_hd__buf_1)
                                         _066_ (net)
                  0.13    0.00    0.57 v _222_/A (sky130_fd_sc_hd__buf_1)
     9    0.03    0.16    0.23    0.80 v _222_/X (sky130_fd_sc_hd__buf_1)
                                         _067_ (net)
                  0.16    0.00    0.80 v _246_/C (sky130_fd_sc_hd__and3b_2)
     1    0.00    0.04    0.25    1.04 v _246_/X (sky130_fd_sc_hd__and3b_2)
                                         _088_ (net)
                  0.04    0.00    1.04 v _247_/A (sky130_fd_sc_hd__buf_1)
     7    0.02    0.11    0.15    1.19 v _247_/X (sky130_fd_sc_hd__buf_1)
                                         _089_ (net)
                  0.11    0.00    1.19 v _248_/B (sky130_fd_sc_hd__or2_2)
     1    0.00    0.05    0.28    1.48 v _248_/X (sky130_fd_sc_hd__or2_2)
                                         _090_ (net)
                  0.05    0.00    1.48 v _249_/A (sky130_fd_sc_hd__buf_1)
     5    0.01    0.08    0.13    1.61 v _249_/X (sky130_fd_sc_hd__buf_1)
                                         _091_ (net)
                  0.08    0.00    1.61 v _266_/A2 (sky130_fd_sc_hd__a21o_2)
     2    0.00    0.04    0.22    1.83 v _266_/X (sky130_fd_sc_hd__a21o_2)
                                         _108_ (net)
                  0.04    0.00    1.83 v _268_/B (sky130_fd_sc_hd__or3_2)
     2    0.01    0.09    0.46    2.29 v _268_/X (sky130_fd_sc_hd__or3_2)
                                         _110_ (net)
                  0.09    0.00    2.29 v _312_/A2 (sky130_fd_sc_hd__a21oi_2)
     3    0.01    0.17    0.21    2.50 ^ _312_/Y (sky130_fd_sc_hd__a21oi_2)
                                         _154_ (net)
                  0.17    0.00    2.50 ^ _319_/A2 (sky130_fd_sc_hd__o21ai_2)
     3    0.01    0.07    0.09    2.59 v _319_/Y (sky130_fd_sc_hd__o21ai_2)
                                         _161_ (net)
                  0.07    0.00    2.59 v _327_/A (sky130_fd_sc_hd__or2_2)
     1    0.00    0.05    0.29    2.88 v _327_/X (sky130_fd_sc_hd__or2_2)
                                         _169_ (net)
                  0.05    0.00    2.88 v _332_/A2 (sky130_fd_sc_hd__a32o_2)
     8    0.02    0.08    0.32    3.20 v _332_/X (sky130_fd_sc_hd__a32o_2)
                                         _174_ (net)
                  0.08    0.00    3.20 v _406_/A0 (sky130_fd_sc_hd__mux2_2)
     1    0.00    0.05    0.26    3.46 v _406_/X (sky130_fd_sc_hd__mux2_2)
                                         _044_ (net)
                  0.05    0.00    3.46 v _407_/A (sky130_fd_sc_hd__buf_1)
     1    0.00    0.02    0.08    3.54 v _407_/X (sky130_fd_sc_hd__buf_1)
                                         _016_ (net)
                  0.02    0.00    3.54 v _450_/D (sky130_fd_sc_hd__dfxtp_2)
                                  3.54   data arrival time

                  0.00   10.00   10.00   clock CLK100MHZ (rise edge)
                          0.00   10.00   clock network delay (ideal)
                         -0.20    9.80   clock uncertainty
                          0.00    9.80   clock reconvergence pessimism
                                  9.80 ^ _450_/CLK (sky130_fd_sc_hd__dfxtp_2)
                         -0.11    9.69   library setup time
                                  9.69   data required time
-----------------------------------------------------------------------------
                                  9.69   data required time
                                 -3.54   data arrival time
-----------------------------------------------------------------------------
                                  6.15   slack (MET)


Startpoint: _462_ (rising edge-triggered flip-flop clocked by CLK100MHZ)
Endpoint: _441_ (rising edge-triggered flip-flop clocked by CLK100MHZ)
Path Group: CLK100MHZ
Path Type: max

Fanout     Cap    Slew   Delay    Time   Description
-----------------------------------------------------------------------------
                  0.00    0.00    0.00   clock CLK100MHZ (rise edge)
                          0.00    0.00   clock network delay (ideal)
                  0.00    0.00    0.00 ^ _462_/CLK (sky130_fd_sc_hd__dfrtp_2)
     4    0.01    0.06    0.39    0.39 v _462_/Q (sky130_fd_sc_hd__dfrtp_2)
                                         imem.address[0] (net)
                  0.06    0.00    0.39 v _221_/A (sky130_fd_sc_hd__buf_1)
    10    0.02    0.13    0.18    0.57 v _221_/X (sky130_fd_sc_hd__buf_1)
                                         _066_ (net)
                  0.13    0.00    0.57 v _222_/A (sky130_fd_sc_hd__buf_1)
     9    0.03    0.16    0.23    0.80 v _222_/X (sky130_fd_sc_hd__buf_1)
                                         _067_ (net)
                  0.16    0.00    0.80 v _246_/C (sky130_fd_sc_hd__and3b_2)
     1    0.00    0.04    0.25    1.04 v _246_/X (sky130_fd_sc_hd__and3b_2)
                                         _088_ (net)
                  0.04    0.00    1.04 v _247_/A (sky130_fd_sc_hd__buf_1)
     7    0.02    0.11    0.15    1.19 v _247_/X (sky130_fd_sc_hd__buf_1)
                                         _089_ (net)
                  0.11    0.00    1.19 v _248_/B (sky130_fd_sc_hd__or2_2)
     1    0.00    0.05    0.28    1.48 v _248_/X (sky130_fd_sc_hd__or2_2)
                                         _090_ (net)
                  0.05    0.00    1.48 v _249_/A (sky130_fd_sc_hd__buf_1)
     5    0.01    0.08    0.13    1.61 v _249_/X (sky130_fd_sc_hd__buf_1)
                                         _091_ (net)
                  0.08    0.00    1.61 v _266_/A2 (sky130_fd_sc_hd__a21o_2)
     2    0.00    0.04    0.22    1.83 v _266_/X (sky130_fd_sc_hd__a21o_2)
                                         _108_ (net)
                  0.04    0.00    1.83 v _268_/B (sky130_fd_sc_hd__or3_2)
     2    0.01    0.09    0.46    2.29 v _268_/X (sky130_fd_sc_hd__or3_2)
                                         _110_ (net)
                  0.09    0.00    2.29 v _312_/A2 (sky130_fd_sc_hd__a21oi_2)
     3    0.01    0.17    0.21    2.50 ^ _312_/Y (sky130_fd_sc_hd__a21oi_2)
                                         _154_ (net)
                  0.17    0.00    2.50 ^ _319_/A2 (sky130_fd_sc_hd__o21ai_2)
     3    0.01    0.07    0.09    2.59 v _319_/Y (sky130_fd_sc_hd__o21ai_2)
                                         _161_ (net)
                  0.07    0.00    2.59 v _373_/A1 (sky130_fd_sc_hd__a21oi_2)
     2    0.00    0.09    0.12    2.71 ^ _373_/Y (sky130_fd_sc_hd__a21oi_2)
                                         _204_ (net)
                  0.09    0.00    2.71 ^ _380_/A_N (sky130_fd_sc_hd__and2b_2)
     1    0.00    0.04    0.22    2.93 v _380_/X (sky130_fd_sc_hd__and2b_2)
                                         _211_ (net)
                  0.04    0.00    2.93 v _382_/A (sky130_fd_sc_hd__nor2_2)
     4    0.01    0.11    0.12    3.05 ^ _382_/Y (sky130_fd_sc_hd__nor2_2)
                                         _213_ (net)
                  0.11    0.00    3.05 ^ _383_/A1 (sky130_fd_sc_hd__mux2_2)
     1    0.00    0.04    0.15    3.20 ^ _383_/X (sky130_fd_sc_hd__mux2_2)
                                         _214_ (net)
                  0.04    0.00    3.20 ^ _384_/A (sky130_fd_sc_hd__buf_1)
     1    0.00    0.03    0.07    3.27 ^ _384_/X (sky130_fd_sc_hd__buf_1)
                                         _007_ (net)
                  0.03    0.00    3.27 ^ _441_/D (sky130_fd_sc_hd__dfxtp_2)
                                  3.27   data arrival time

                  0.00   10.00   10.00   clock CLK100MHZ (rise edge)
                          0.00   10.00   clock network delay (ideal)
                         -0.20    9.80   clock uncertainty
                          0.00    9.80   clock reconvergence pessimism
                                  9.80 ^ _441_/CLK (sky130_fd_sc_hd__dfxtp_2)
                         -0.06    9.74   library setup time
                                  9.74   data required time
-----------------------------------------------------------------------------
                                  9.74   data required time
                                 -3.27   data arrival time
-----------------------------------------------------------------------------
                                  6.47   slack (MET)


Startpoint: _462_ (rising edge-triggered flip-flop clocked by CLK100MHZ)
Endpoint: _461_ (rising edge-triggered flip-flop clocked by CLK100MHZ)
Path Group: CLK100MHZ
Path Type: max

Fanout     Cap    Slew   Delay    Time   Description
-----------------------------------------------------------------------------
                  0.00    0.00    0.00   clock CLK100MHZ (rise edge)
                          0.00    0.00   clock network delay (ideal)
                  0.00    0.00    0.00 ^ _462_/CLK (sky130_fd_sc_hd__dfrtp_2)
     4    0.01    0.06    0.39    0.39 v _462_/Q (sky130_fd_sc_hd__dfrtp_2)
                                         imem.address[0] (net)
                  0.06    0.00    0.39 v _221_/A (sky130_fd_sc_hd__buf_1)
    10    0.02    0.13    0.18    0.57 v _221_/X (sky130_fd_sc_hd__buf_1)
                                         _066_ (net)
                  0.13    0.00    0.57 v _222_/A (sky130_fd_sc_hd__buf_1)
     9    0.03    0.16    0.23    0.80 v _222_/X (sky130_fd_sc_hd__buf_1)
                                         _067_ (net)
                  0.16    0.00    0.80 v _246_/C (sky130_fd_sc_hd__and3b_2)
     1    0.00    0.04    0.25    1.04 v _246_/X (sky130_fd_sc_hd__and3b_2)
                                         _088_ (net)
                  0.04    0.00    1.04 v _247_/A (sky130_fd_sc_hd__buf_1)
     7    0.02    0.11    0.15    1.19 v _247_/X (sky130_fd_sc_hd__buf_1)
                                         _089_ (net)
                  0.11    0.00    1.19 v _248_/B (sky130_fd_sc_hd__or2_2)
     1    0.00    0.05    0.28    1.48 v _248_/X (sky130_fd_sc_hd__or2_2)
                                         _090_ (net)
                  0.05    0.00    1.48 v _249_/A (sky130_fd_sc_hd__buf_1)
     5    0.01    0.08    0.13    1.61 v _249_/X (sky130_fd_sc_hd__buf_1)
                                         _091_ (net)
                  0.08    0.00    1.61 v _266_/A2 (sky130_fd_sc_hd__a21o_2)
     2    0.00    0.04    0.22    1.83 v _266_/X (sky130_fd_sc_hd__a21o_2)
                                         _108_ (net)
                  0.04    0.00    1.83 v _268_/B (sky130_fd_sc_hd__or3_2)
     2    0.01    0.09    0.46    2.29 v _268_/X (sky130_fd_sc_hd__or3_2)
                                         _110_ (net)
                  0.09    0.00    2.29 v _312_/A2 (sky130_fd_sc_hd__a21oi_2)
     3    0.01    0.17    0.21    2.50 ^ _312_/Y (sky130_fd_sc_hd__a21oi_2)
                                         _154_ (net)
                  0.17    0.00    2.50 ^ _319_/A2 (sky130_fd_sc_hd__o21ai_2)
     3    0.01    0.07    0.09    2.59 v _319_/Y (sky130_fd_sc_hd__o21ai_2)
                                         _161_ (net)
                  0.07    0.00    2.59 v _373_/A1 (sky130_fd_sc_hd__a21oi_2)
     2    0.00    0.09    0.12    2.71 ^ _373_/Y (sky130_fd_sc_hd__a21oi_2)
                                         _204_ (net)
                  0.09    0.00    2.71 ^ _380_/A_N (sky130_fd_sc_hd__and2b_2)
     1    0.00    0.04    0.22    2.93 v _380_/X (sky130_fd_sc_hd__and2b_2)
                                         _211_ (net)
                  0.04    0.00    2.93 v _382_/A (sky130_fd_sc_hd__nor2_2)
     4    0.01    0.11    0.12    3.05 ^ _382_/Y (sky130_fd_sc_hd__nor2_2)
                                         _213_ (net)
                  0.11    0.00    3.05 ^ _432_/A1 (sky130_fd_sc_hd__mux2_2)
     1    0.00    0.04    0.15    3.20 ^ _432_/X (sky130_fd_sc_hd__mux2_2)
                                         _059_ (net)
                  0.04    0.00    3.20 ^ _433_/A (sky130_fd_sc_hd__buf_1)
     1    0.00    0.03    0.07    3.27 ^ _433_/X (sky130_fd_sc_hd__buf_1)
                                         _027_ (net)
                  0.03    0.00    3.27 ^ _461_/D (sky130_fd_sc_hd__dfxtp_2)
                                  3.27   data arrival time

                  0.00   10.00   10.00   clock CLK100MHZ (rise edge)
                          0.00   10.00   clock network delay (ideal)
                         -0.20    9.80   clock uncertainty
                          0.00    9.80   clock reconvergence pessimism
                                  9.80 ^ _461_/CLK (sky130_fd_sc_hd__dfxtp_2)
                         -0.06    9.74   library setup time
                                  9.74   data required time
-----------------------------------------------------------------------------
                                  9.74   data required time
                                 -3.27   data arrival time
-----------------------------------------------------------------------------
                                  6.47   slack (MET)


Startpoint: _462_ (rising edge-triggered flip-flop clocked by CLK100MHZ)
Endpoint: _446_ (rising edge-triggered flip-flop clocked by CLK100MHZ)
Path Group: CLK100MHZ
Path Type: max

Fanout     Cap    Slew   Delay    Time   Description
-----------------------------------------------------------------------------
                  0.00    0.00    0.00   clock CLK100MHZ (rise edge)
                          0.00    0.00   clock network delay (ideal)
                  0.00    0.00    0.00 ^ _462_/CLK (sky130_fd_sc_hd__dfrtp_2)
     4    0.01    0.06    0.39    0.39 v _462_/Q (sky130_fd_sc_hd__dfrtp_2)
                                         imem.address[0] (net)
                  0.06    0.00    0.39 v _221_/A (sky130_fd_sc_hd__buf_1)
    10    0.02    0.13    0.18    0.57 v _221_/X (sky130_fd_sc_hd__buf_1)
                                         _066_ (net)
                  0.13    0.00    0.57 v _222_/A (sky130_fd_sc_hd__buf_1)
     9    0.03    0.16    0.23    0.80 v _222_/X (sky130_fd_sc_hd__buf_1)
                                         _067_ (net)
                  0.16    0.00    0.80 v _246_/C (sky130_fd_sc_hd__and3b_2)
     1    0.00    0.04    0.25    1.04 v _246_/X (sky130_fd_sc_hd__and3b_2)
                                         _088_ (net)
                  0.04    0.00    1.04 v _247_/A (sky130_fd_sc_hd__buf_1)
     7    0.02    0.11    0.15    1.19 v _247_/X (sky130_fd_sc_hd__buf_1)
                                         _089_ (net)
                  0.11    0.00    1.19 v _248_/B (sky130_fd_sc_hd__or2_2)
     1    0.00    0.05    0.28    1.48 v _248_/X (sky130_fd_sc_hd__or2_2)
                                         _090_ (net)
                  0.05    0.00    1.48 v _249_/A (sky130_fd_sc_hd__buf_1)
     5    0.01    0.08    0.13    1.61 v _249_/X (sky130_fd_sc_hd__buf_1)
                                         _091_ (net)
                  0.08    0.00    1.61 v _266_/A2 (sky130_fd_sc_hd__a21o_2)
     2    0.00    0.04    0.22    1.83 v _266_/X (sky130_fd_sc_hd__a21o_2)
                                         _108_ (net)
                  0.04    0.00    1.83 v _268_/B (sky130_fd_sc_hd__or3_2)
     2    0.01    0.09    0.46    2.29 v _268_/X (sky130_fd_sc_hd__or3_2)
                                         _110_ (net)
                  0.09    0.00    2.29 v _312_/A2 (sky130_fd_sc_hd__a21oi_2)
     3    0.01    0.17    0.21    2.50 ^ _312_/Y (sky130_fd_sc_hd__a21oi_2)
                                         _154_ (net)
                  0.17    0.00    2.50 ^ _319_/A2 (sky130_fd_sc_hd__o21ai_2)
     3    0.01    0.07    0.09    2.59 v _319_/Y (sky130_fd_sc_hd__o21ai_2)
                                         _161_ (net)
                  0.07    0.00    2.59 v _373_/A1 (sky130_fd_sc_hd__a21oi_2)
     2    0.00    0.09    0.12    2.71 ^ _373_/Y (sky130_fd_sc_hd__a21oi_2)
                                         _204_ (net)
                  0.09    0.00    2.71 ^ _380_/A_N (sky130_fd_sc_hd__and2b_2)
     1    0.00    0.04    0.22    2.93 v _380_/X (sky130_fd_sc_hd__and2b_2)
                                         _211_ (net)
                  0.04    0.00    2.93 v _382_/A (sky130_fd_sc_hd__nor2_2)
     4    0.01    0.11    0.12    3.05 ^ _382_/Y (sky130_fd_sc_hd__nor2_2)
                                         _213_ (net)
                  0.11    0.00    3.05 ^ _395_/A1 (sky130_fd_sc_hd__mux2_2)
     1    0.00    0.04    0.15    3.20 ^ _395_/X (sky130_fd_sc_hd__mux2_2)
                                         _037_ (net)
                  0.04    0.00    3.20 ^ _396_/A (sky130_fd_sc_hd__buf_1)
     1    0.00    0.03    0.07    3.27 ^ _396_/X (sky130_fd_sc_hd__buf_1)
                                         _012_ (net)
                  0.03    0.00    3.27 ^ _446_/D (sky130_fd_sc_hd__dfxtp_2)
                                  3.27   data arrival time

                  0.00   10.00   10.00   clock CLK100MHZ (rise edge)
                          0.00   10.00   clock network delay (ideal)
                         -0.20    9.80   clock uncertainty
                          0.00    9.80   clock reconvergence pessimism
                                  9.80 ^ _446_/CLK (sky130_fd_sc_hd__dfxtp_2)
                         -0.06    9.74   library setup time
                                  9.74   data required time
-----------------------------------------------------------------------------
                                  9.74   data required time
                                 -3.27   data arrival time
-----------------------------------------------------------------------------
                                  6.47   slack (MET)


Startpoint: _462_ (rising edge-triggered flip-flop clocked by CLK100MHZ)
Endpoint: _451_ (rising edge-triggered flip-flop clocked by CLK100MHZ)
Path Group: CLK100MHZ
Path Type: max

Fanout     Cap    Slew   Delay    Time   Description
-----------------------------------------------------------------------------
                  0.00    0.00    0.00   clock CLK100MHZ (rise edge)
                          0.00    0.00   clock network delay (ideal)
                  0.00    0.00    0.00 ^ _462_/CLK (sky130_fd_sc_hd__dfrtp_2)
     4    0.01    0.06    0.39    0.39 v _462_/Q (sky130_fd_sc_hd__dfrtp_2)
                                         imem.address[0] (net)
                  0.06    0.00    0.39 v _221_/A (sky130_fd_sc_hd__buf_1)
    10    0.02    0.13    0.18    0.57 v _221_/X (sky130_fd_sc_hd__buf_1)
                                         _066_ (net)
                  0.13    0.00    0.57 v _222_/A (sky130_fd_sc_hd__buf_1)
     9    0.03    0.16    0.23    0.80 v _222_/X (sky130_fd_sc_hd__buf_1)
                                         _067_ (net)
                  0.16    0.00    0.80 v _246_/C (sky130_fd_sc_hd__and3b_2)
     1    0.00    0.04    0.25    1.04 v _246_/X (sky130_fd_sc_hd__and3b_2)
                                         _088_ (net)
                  0.04    0.00    1.04 v _247_/A (sky130_fd_sc_hd__buf_1)
     7    0.02    0.11    0.15    1.19 v _247_/X (sky130_fd_sc_hd__buf_1)
                                         _089_ (net)
                  0.11    0.00    1.19 v _248_/B (sky130_fd_sc_hd__or2_2)
     1    0.00    0.05    0.28    1.48 v _248_/X (sky130_fd_sc_hd__or2_2)
                                         _090_ (net)
                  0.05    0.00    1.48 v _249_/A (sky130_fd_sc_hd__buf_1)
     5    0.01    0.08    0.13    1.61 v _249_/X (sky130_fd_sc_hd__buf_1)
                                         _091_ (net)
                  0.08    0.00    1.61 v _266_/A2 (sky130_fd_sc_hd__a21o_2)
     2    0.00    0.04    0.22    1.83 v _266_/X (sky130_fd_sc_hd__a21o_2)
                                         _108_ (net)
                  0.04    0.00    1.83 v _268_/B (sky130_fd_sc_hd__or3_2)
     2    0.01    0.09    0.46    2.29 v _268_/X (sky130_fd_sc_hd__or3_2)
                                         _110_ (net)
                  0.09    0.00    2.29 v _312_/A2 (sky130_fd_sc_hd__a21oi_2)
     3    0.01    0.17    0.21    2.50 ^ _312_/Y (sky130_fd_sc_hd__a21oi_2)
                                         _154_ (net)
                  0.17    0.00    2.50 ^ _319_/A2 (sky130_fd_sc_hd__o21ai_2)
     3    0.01    0.07    0.09    2.59 v _319_/Y (sky130_fd_sc_hd__o21ai_2)
                                         _161_ (net)
                  0.07    0.00    2.59 v _373_/A1 (sky130_fd_sc_hd__a21oi_2)
     2    0.00    0.09    0.12    2.71 ^ _373_/Y (sky130_fd_sc_hd__a21oi_2)
                                         _204_ (net)
                  0.09    0.00    2.71 ^ _380_/A_N (sky130_fd_sc_hd__and2b_2)
     1    0.00    0.04    0.22    2.93 v _380_/X (sky130_fd_sc_hd__and2b_2)
                                         _211_ (net)
                  0.04    0.00    2.93 v _382_/A (sky130_fd_sc_hd__nor2_2)
     4    0.01    0.11    0.12    3.05 ^ _382_/Y (sky130_fd_sc_hd__nor2_2)
                                         _213_ (net)
                  0.11    0.00    3.05 ^ _408_/A0 (sky130_fd_sc_hd__mux2_2)
     1    0.00    0.04    0.15    3.20 ^ _408_/X (sky130_fd_sc_hd__mux2_2)
                                         _045_ (net)
                  0.04    0.00    3.20 ^ _409_/A (sky130_fd_sc_hd__buf_1)
     1    0.00    0.03    0.07    3.27 ^ _409_/X (sky130_fd_sc_hd__buf_1)
                                         _017_ (net)
                  0.03    0.00    3.27 ^ _451_/D (sky130_fd_sc_hd__dfxtp_2)
                                  3.27   data arrival time

                  0.00   10.00   10.00   clock CLK100MHZ (rise edge)
                          0.00   10.00   clock network delay (ideal)
                         -0.20    9.80   clock uncertainty
                          0.00    9.80   clock reconvergence pessimism
                                  9.80 ^ _451_/CLK (sky130_fd_sc_hd__dfxtp_2)
                         -0.06    9.74   library setup time
                                  9.74   data required time
-----------------------------------------------------------------------------
                                  9.74   data required time
                                 -3.27   data arrival time
-----------------------------------------------------------------------------
                                  6.47   slack (MET)


Startpoint: _462_ (rising edge-triggered flip-flop clocked by CLK100MHZ)
Endpoint: _439_ (rising edge-triggered flip-flop clocked by CLK100MHZ)
Path Group: CLK100MHZ
Path Type: max

Fanout     Cap    Slew   Delay    Time   Description
-----------------------------------------------------------------------------
                  0.00    0.00    0.00   clock CLK100MHZ (rise edge)
                          0.00    0.00   clock network delay (ideal)
                  0.00    0.00    0.00 ^ _462_/CLK (sky130_fd_sc_hd__dfrtp_2)
     4    0.01    0.06    0.39    0.39 v _462_/Q (sky130_fd_sc_hd__dfrtp_2)
                                         imem.address[0] (net)
                  0.06    0.00    0.39 v _221_/A (sky130_fd_sc_hd__buf_1)
    10    0.02    0.13    0.18    0.57 v _221_/X (sky130_fd_sc_hd__buf_1)
                                         _066_ (net)
                  0.13    0.00    0.57 v _222_/A (sky130_fd_sc_hd__buf_1)
     9    0.03    0.16    0.23    0.80 v _222_/X (sky130_fd_sc_hd__buf_1)
                                         _067_ (net)
                  0.16    0.00    0.80 v _246_/C (sky130_fd_sc_hd__and3b_2)
     1    0.00    0.04    0.25    1.04 v _246_/X (sky130_fd_sc_hd__and3b_2)
                                         _088_ (net)
                  0.04    0.00    1.04 v _247_/A (sky130_fd_sc_hd__buf_1)
     7    0.02    0.11    0.15    1.19 v _247_/X (sky130_fd_sc_hd__buf_1)
                                         _089_ (net)
                  0.11    0.00    1.19 v _248_/B (sky130_fd_sc_hd__or2_2)
     1    0.00    0.05    0.28    1.48 v _248_/X (sky130_fd_sc_hd__or2_2)
                                         _090_ (net)
                  0.05    0.00    1.48 v _249_/A (sky130_fd_sc_hd__buf_1)
     5    0.01    0.08    0.13    1.61 v _249_/X (sky130_fd_sc_hd__buf_1)
                                         _091_ (net)
                  0.08    0.00    1.61 v _266_/A2 (sky130_fd_sc_hd__a21o_2)
     2    0.00    0.04    0.22    1.83 v _266_/X (sky130_fd_sc_hd__a21o_2)
                                         _108_ (net)
                  0.04    0.00    1.83 v _268_/B (sky130_fd_sc_hd__or3_2)
     2    0.01    0.09    0.46    2.29 v _268_/X (sky130_fd_sc_hd__or3_2)
                                         _110_ (net)
                  0.09    0.00    2.29 v _312_/A2 (sky130_fd_sc_hd__a21oi_2)
     3    0.01    0.17    0.21    2.50 ^ _312_/Y (sky130_fd_sc_hd__a21oi_2)
                                         _154_ (net)
                  0.17    0.00    2.50 ^ _314_/A2 (sky130_fd_sc_hd__a21oi_2)
     1    0.00    0.05    0.07    2.57 v _314_/Y (sky130_fd_sc_hd__a21oi_2)
                                         _156_ (net)
                  0.05    0.00    2.57 v _315_/B2 (sky130_fd_sc_hd__a2bb2o_2)
     9    0.02    0.09    0.29    2.86 v _315_/X (sky130_fd_sc_hd__a2bb2o_2)
                                         _157_ (net)
                  0.09    0.00    2.86 v _369_/A1 (sky130_fd_sc_hd__mux2_2)
     1    0.00    0.05    0.27    3.13 v _369_/X (sky130_fd_sc_hd__mux2_2)
                                         _202_ (net)
                  0.05    0.00    3.13 v _370_/A (sky130_fd_sc_hd__buf_1)
     1    0.00    0.02    0.08    3.21 v _370_/X (sky130_fd_sc_hd__buf_1)
                                         _005_ (net)
                  0.02    0.00    3.21 v _439_/D (sky130_fd_sc_hd__dfxtp_2)
                                  3.21   data arrival time

                  0.00   10.00   10.00   clock CLK100MHZ (rise edge)
                          0.00   10.00   clock network delay (ideal)
                         -0.20    9.80   clock uncertainty
                          0.00    9.80   clock reconvergence pessimism
                                  9.80 ^ _439_/CLK (sky130_fd_sc_hd__dfxtp_2)
                         -0.11    9.69   library setup time
                                  9.69   data required time
-----------------------------------------------------------------------------
                                  9.69   data required time
                                 -3.21   data arrival time
-----------------------------------------------------------------------------
                                  6.48   slack (MET)


Startpoint: _462_ (rising edge-triggered flip-flop clocked by CLK100MHZ)
Endpoint: _444_ (rising edge-triggered flip-flop clocked by CLK100MHZ)
Path Group: CLK100MHZ
Path Type: max

Fanout     Cap    Slew   Delay    Time   Description
-----------------------------------------------------------------------------
                  0.00    0.00    0.00   clock CLK100MHZ (rise edge)
                          0.00    0.00   clock network delay (ideal)
                  0.00    0.00    0.00 ^ _462_/CLK (sky130_fd_sc_hd__dfrtp_2)
     4    0.01    0.06    0.39    0.39 v _462_/Q (sky130_fd_sc_hd__dfrtp_2)
                                         imem.address[0] (net)
                  0.06    0.00    0.39 v _221_/A (sky130_fd_sc_hd__buf_1)
    10    0.02    0.13    0.18    0.57 v _221_/X (sky130_fd_sc_hd__buf_1)
                                         _066_ (net)
                  0.13    0.00    0.57 v _222_/A (sky130_fd_sc_hd__buf_1)
     9    0.03    0.16    0.23    0.80 v _222_/X (sky130_fd_sc_hd__buf_1)
                                         _067_ (net)
                  0.16    0.00    0.80 v _246_/C (sky130_fd_sc_hd__and3b_2)
     1    0.00    0.04    0.25    1.04 v _246_/X (sky130_fd_sc_hd__and3b_2)
                                         _088_ (net)
                  0.04    0.00    1.04 v _247_/A (sky130_fd_sc_hd__buf_1)
     7    0.02    0.11    0.15    1.19 v _247_/X (sky130_fd_sc_hd__buf_1)
                                         _089_ (net)
                  0.11    0.00    1.19 v _248_/B (sky130_fd_sc_hd__or2_2)
     1    0.00    0.05    0.28    1.48 v _248_/X (sky130_fd_sc_hd__or2_2)
                                         _090_ (net)
                  0.05    0.00    1.48 v _249_/A (sky130_fd_sc_hd__buf_1)
     5    0.01    0.08    0.13    1.61 v _249_/X (sky130_fd_sc_hd__buf_1)
                                         _091_ (net)
                  0.08    0.00    1.61 v _266_/A2 (sky130_fd_sc_hd__a21o_2)
     2    0.00    0.04    0.22    1.83 v _266_/X (sky130_fd_sc_hd__a21o_2)
                                         _108_ (net)
                  0.04    0.00    1.83 v _268_/B (sky130_fd_sc_hd__or3_2)
     2    0.01    0.09    0.46    2.29 v _268_/X (sky130_fd_sc_hd__or3_2)
                                         _110_ (net)
                  0.09    0.00    2.29 v _312_/A2 (sky130_fd_sc_hd__a21oi_2)
     3    0.01    0.17    0.21    2.50 ^ _312_/Y (sky130_fd_sc_hd__a21oi_2)
                                         _154_ (net)
                  0.17    0.00    2.50 ^ _314_/A2 (sky130_fd_sc_hd__a21oi_2)
     1    0.00    0.05    0.07    2.57 v _314_/Y (sky130_fd_sc_hd__a21oi_2)
                                         _156_ (net)
                  0.05    0.00    2.57 v _315_/B2 (sky130_fd_sc_hd__a2bb2o_2)
     9    0.02    0.09    0.29    2.86 v _315_/X (sky130_fd_sc_hd__a2bb2o_2)
                                         _157_ (net)
                  0.09    0.00    2.86 v _391_/A1 (sky130_fd_sc_hd__mux2_2)
     1    0.00    0.05    0.27    3.13 v _391_/X (sky130_fd_sc_hd__mux2_2)
                                         _035_ (net)
                  0.05    0.00    3.13 v _392_/A (sky130_fd_sc_hd__buf_1)
     1    0.00    0.02    0.08    3.21 v _392_/X (sky130_fd_sc_hd__buf_1)
                                         _010_ (net)
                  0.02    0.00    3.21 v _444_/D (sky130_fd_sc_hd__dfxtp_2)
                                  3.21   data arrival time

                  0.00   10.00   10.00   clock CLK100MHZ (rise edge)
                          0.00   10.00   clock network delay (ideal)
                         -0.20    9.80   clock uncertainty
                          0.00    9.80   clock reconvergence pessimism
                                  9.80 ^ _444_/CLK (sky130_fd_sc_hd__dfxtp_2)
                         -0.11    9.69   library setup time
                                  9.69   data required time
-----------------------------------------------------------------------------
                                  9.69   data required time
                                 -3.21   data arrival time
-----------------------------------------------------------------------------
                                  6.48   slack (MET)


Startpoint: _462_ (rising edge-triggered flip-flop clocked by CLK100MHZ)
Endpoint: _459_ (rising edge-triggered flip-flop clocked by CLK100MHZ)
Path Group: CLK100MHZ
Path Type: max

Fanout     Cap    Slew   Delay    Time   Description
-----------------------------------------------------------------------------
                  0.00    0.00    0.00   clock CLK100MHZ (rise edge)
                          0.00    0.00   clock network delay (ideal)
                  0.00    0.00    0.00 ^ _462_/CLK (sky130_fd_sc_hd__dfrtp_2)
     4    0.01    0.06    0.39    0.39 v _462_/Q (sky130_fd_sc_hd__dfrtp_2)
                                         imem.address[0] (net)
                  0.06    0.00    0.39 v _221_/A (sky130_fd_sc_hd__buf_1)
    10    0.02    0.13    0.18    0.57 v _221_/X (sky130_fd_sc_hd__buf_1)
                                         _066_ (net)
                  0.13    0.00    0.57 v _222_/A (sky130_fd_sc_hd__buf_1)
     9    0.03    0.16    0.23    0.80 v _222_/X (sky130_fd_sc_hd__buf_1)
                                         _067_ (net)
                  0.16    0.00    0.80 v _246_/C (sky130_fd_sc_hd__and3b_2)
     1    0.00    0.04    0.25    1.04 v _246_/X (sky130_fd_sc_hd__and3b_2)
                                         _088_ (net)
                  0.04    0.00    1.04 v _247_/A (sky130_fd_sc_hd__buf_1)
     7    0.02    0.11    0.15    1.19 v _247_/X (sky130_fd_sc_hd__buf_1)
                                         _089_ (net)
                  0.11    0.00    1.19 v _248_/B (sky130_fd_sc_hd__or2_2)
     1    0.00    0.05    0.28    1.48 v _248_/X (sky130_fd_sc_hd__or2_2)
                                         _090_ (net)
                  0.05    0.00    1.48 v _249_/A (sky130_fd_sc_hd__buf_1)
     5    0.01    0.08    0.13    1.61 v _249_/X (sky130_fd_sc_hd__buf_1)
                                         _091_ (net)
                  0.08    0.00    1.61 v _266_/A2 (sky130_fd_sc_hd__a21o_2)
     2    0.00    0.04    0.22    1.83 v _266_/X (sky130_fd_sc_hd__a21o_2)
                                         _108_ (net)
                  0.04    0.00    1.83 v _268_/B (sky130_fd_sc_hd__or3_2)
     2    0.01    0.09    0.46    2.29 v _268_/X (sky130_fd_sc_hd__or3_2)
                                         _110_ (net)
                  0.09    0.00    2.29 v _312_/A2 (sky130_fd_sc_hd__a21oi_2)
     3    0.01    0.17    0.21    2.50 ^ _312_/Y (sky130_fd_sc_hd__a21oi_2)
                                         _154_ (net)
                  0.17    0.00    2.50 ^ _314_/A2 (sky130_fd_sc_hd__a21oi_2)
     1    0.00    0.05    0.07    2.57 v _314_/Y (sky130_fd_sc_hd__a21oi_2)
                                         _156_ (net)
                  0.05    0.00    2.57 v _315_/B2 (sky130_fd_sc_hd__a2bb2o_2)
     9    0.02    0.09    0.29    2.86 v _315_/X (sky130_fd_sc_hd__a2bb2o_2)
                                         _157_ (net)
                  0.09    0.00    2.86 v _428_/A1 (sky130_fd_sc_hd__mux2_2)
     1    0.00    0.05    0.27    3.13 v _428_/X (sky130_fd_sc_hd__mux2_2)
                                         _057_ (net)
                  0.05    0.00    3.13 v _429_/A (sky130_fd_sc_hd__buf_1)
     1    0.00    0.02    0.08    3.21 v _429_/X (sky130_fd_sc_hd__buf_1)
                                         _025_ (net)
                  0.02    0.00    3.21 v _459_/D (sky130_fd_sc_hd__dfxtp_2)
                                  3.21   data arrival time

                  0.00   10.00   10.00   clock CLK100MHZ (rise edge)
                          0.00   10.00   clock network delay (ideal)
                         -0.20    9.80   clock uncertainty
                          0.00    9.80   clock reconvergence pessimism
                                  9.80 ^ _459_/CLK (sky130_fd_sc_hd__dfxtp_2)
                         -0.11    9.69   library setup time
                                  9.69   data required time
-----------------------------------------------------------------------------
                                  9.69   data required time
                                 -3.21   data arrival time
-----------------------------------------------------------------------------
                                  6.48   slack (MET)


Startpoint: _462_ (rising edge-triggered flip-flop clocked by CLK100MHZ)
Endpoint: _449_ (rising edge-triggered flip-flop clocked by CLK100MHZ)
Path Group: CLK100MHZ
Path Type: max

Fanout     Cap    Slew   Delay    Time   Description
-----------------------------------------------------------------------------
                  0.00    0.00    0.00   clock CLK100MHZ (rise edge)
                          0.00    0.00   clock network delay (ideal)
                  0.00    0.00    0.00 ^ _462_/CLK (sky130_fd_sc_hd__dfrtp_2)
     4    0.01    0.06    0.39    0.39 v _462_/Q (sky130_fd_sc_hd__dfrtp_2)
                                         imem.address[0] (net)
                  0.06    0.00    0.39 v _221_/A (sky130_fd_sc_hd__buf_1)
    10    0.02    0.13    0.18    0.57 v _221_/X (sky130_fd_sc_hd__buf_1)
                                         _066_ (net)
                  0.13    0.00    0.57 v _222_/A (sky130_fd_sc_hd__buf_1)
     9    0.03    0.16    0.23    0.80 v _222_/X (sky130_fd_sc_hd__buf_1)
                                         _067_ (net)
                  0.16    0.00    0.80 v _246_/C (sky130_fd_sc_hd__and3b_2)
     1    0.00    0.04    0.25    1.04 v _246_/X (sky130_fd_sc_hd__and3b_2)
                                         _088_ (net)
                  0.04    0.00    1.04 v _247_/A (sky130_fd_sc_hd__buf_1)
     7    0.02    0.11    0.15    1.19 v _247_/X (sky130_fd_sc_hd__buf_1)
                                         _089_ (net)
                  0.11    0.00    1.19 v _248_/B (sky130_fd_sc_hd__or2_2)
     1    0.00    0.05    0.28    1.48 v _248_/X (sky130_fd_sc_hd__or2_2)
                                         _090_ (net)
                  0.05    0.00    1.48 v _249_/A (sky130_fd_sc_hd__buf_1)
     5    0.01    0.08    0.13    1.61 v _249_/X (sky130_fd_sc_hd__buf_1)
                                         _091_ (net)
                  0.08    0.00    1.61 v _266_/A2 (sky130_fd_sc_hd__a21o_2)
     2    0.00    0.04    0.22    1.83 v _266_/X (sky130_fd_sc_hd__a21o_2)
                                         _108_ (net)
                  0.04    0.00    1.83 v _268_/B (sky130_fd_sc_hd__or3_2)
     2    0.01    0.09    0.46    2.29 v _268_/X (sky130_fd_sc_hd__or3_2)
                                         _110_ (net)
                  0.09    0.00    2.29 v _312_/A2 (sky130_fd_sc_hd__a21oi_2)
     3    0.01    0.17    0.21    2.50 ^ _312_/Y (sky130_fd_sc_hd__a21oi_2)
                                         _154_ (net)
                  0.17    0.00    2.50 ^ _314_/A2 (sky130_fd_sc_hd__a21oi_2)
     1    0.00    0.05    0.07    2.57 v _314_/Y (sky130_fd_sc_hd__a21oi_2)
                                         _156_ (net)
                  0.05    0.00    2.57 v _315_/B2 (sky130_fd_sc_hd__a2bb2o_2)
     9    0.02    0.09    0.29    2.86 v _315_/X (sky130_fd_sc_hd__a2bb2o_2)
                                         _157_ (net)
                  0.09    0.00    2.86 v _404_/A0 (sky130_fd_sc_hd__mux2_2)
     1    0.00    0.05    0.27    3.13 v _404_/X (sky130_fd_sc_hd__mux2_2)
                                         _043_ (net)
                  0.05    0.00    3.13 v _405_/A (sky130_fd_sc_hd__buf_1)
     1    0.00    0.02    0.08    3.21 v _405_/X (sky130_fd_sc_hd__buf_1)
                                         _015_ (net)
                  0.02    0.00    3.21 v _449_/D (sky130_fd_sc_hd__dfxtp_2)
                                  3.21   data arrival time

                  0.00   10.00   10.00   clock CLK100MHZ (rise edge)
                          0.00   10.00   clock network delay (ideal)
                         -0.20    9.80   clock uncertainty
                          0.00    9.80   clock reconvergence pessimism
                                  9.80 ^ _449_/CLK (sky130_fd_sc_hd__dfxtp_2)
                         -0.11    9.69   library setup time
                                  9.69   data required time
-----------------------------------------------------------------------------
                                  9.69   data required time
                                 -3.21   data arrival time
-----------------------------------------------------------------------------
                                  6.48   slack (MET)


Startpoint: _462_ (rising edge-triggered flip-flop clocked by CLK100MHZ)
Endpoint: _438_ (rising edge-triggered flip-flop clocked by CLK100MHZ)
Path Group: CLK100MHZ
Path Type: max

Fanout     Cap    Slew   Delay    Time   Description
-----------------------------------------------------------------------------
                  0.00    0.00    0.00   clock CLK100MHZ (rise edge)
                          0.00    0.00   clock network delay (ideal)
                  0.00    0.00    0.00 ^ _462_/CLK (sky130_fd_sc_hd__dfrtp_2)
     4    0.01    0.07    0.35    0.35 ^ _462_/Q (sky130_fd_sc_hd__dfrtp_2)
                                         imem.address[0] (net)
                  0.07    0.00    0.35 ^ _221_/A (sky130_fd_sc_hd__buf_1)
    10    0.02    0.29    0.26    0.61 ^ _221_/X (sky130_fd_sc_hd__buf_1)
                                         _066_ (net)
                  0.29    0.00    0.61 ^ _222_/A (sky130_fd_sc_hd__buf_1)
     9    0.03    0.35    0.34    0.95 ^ _222_/X (sky130_fd_sc_hd__buf_1)
                                         _067_ (net)
                  0.35    0.00    0.95 ^ _246_/C (sky130_fd_sc_hd__and3b_2)
     1    0.00    0.04    0.23    1.17 ^ _246_/X (sky130_fd_sc_hd__and3b_2)
                                         _088_ (net)
                  0.04    0.00    1.17 ^ _247_/A (sky130_fd_sc_hd__buf_1)
     7    0.02    0.24    0.22    1.39 ^ _247_/X (sky130_fd_sc_hd__buf_1)
                                         _089_ (net)
                  0.24    0.00    1.39 ^ _248_/B (sky130_fd_sc_hd__or2_2)
     1    0.00    0.03    0.15    1.54 ^ _248_/X (sky130_fd_sc_hd__or2_2)
                                         _090_ (net)
                  0.03    0.00    1.54 ^ _249_/A (sky130_fd_sc_hd__buf_1)
     5    0.01    0.18    0.17    1.71 ^ _249_/X (sky130_fd_sc_hd__buf_1)
                                         _091_ (net)
                  0.18    0.00    1.71 ^ _266_/A2 (sky130_fd_sc_hd__a21o_2)
     2    0.00    0.04    0.15    1.86 ^ _266_/X (sky130_fd_sc_hd__a21o_2)
                                         _108_ (net)
                  0.04    0.00    1.86 ^ _268_/B (sky130_fd_sc_hd__or3_2)
     2    0.01    0.05    0.11    1.97 ^ _268_/X (sky130_fd_sc_hd__or3_2)
                                         _110_ (net)
                  0.05    0.00    1.97 ^ _269_/B_N (sky130_fd_sc_hd__or2b_2)
     2    0.01    0.06    0.30    2.27 v _269_/X (sky130_fd_sc_hd__or2b_2)
                                         _111_ (net)
                  0.06    0.00    2.27 v _270_/B (sky130_fd_sc_hd__or2_2)
     1    0.00    0.05    0.27    2.54 v _270_/X (sky130_fd_sc_hd__or2_2)
                                         _112_ (net)
                  0.05    0.00    2.54 v _296_/A1 (sky130_fd_sc_hd__a22o_2)
     9    0.03    0.09    0.30    2.84 v _296_/X (sky130_fd_sc_hd__a22o_2)
                                         _138_ (net)
                  0.09    0.00    2.84 v _367_/A1 (sky130_fd_sc_hd__mux2_2)
     1    0.00    0.05    0.27    3.11 v _367_/X (sky130_fd_sc_hd__mux2_2)
                                         _201_ (net)
                  0.05    0.00    3.11 v _368_/A (sky130_fd_sc_hd__buf_1)
     1    0.00    0.02    0.08    3.19 v _368_/X (sky130_fd_sc_hd__buf_1)
                                         _004_ (net)
                  0.02    0.00    3.19 v _438_/D (sky130_fd_sc_hd__dfxtp_2)
                                  3.19   data arrival time

                  0.00   10.00   10.00   clock CLK100MHZ (rise edge)
                          0.00   10.00   clock network delay (ideal)
                         -0.20    9.80   clock uncertainty
                          0.00    9.80   clock reconvergence pessimism
                                  9.80 ^ _438_/CLK (sky130_fd_sc_hd__dfxtp_2)
                         -0.11    9.69   library setup time
                                  9.69   data required time
-----------------------------------------------------------------------------
                                  9.69   data required time
                                 -3.19   data arrival time
-----------------------------------------------------------------------------
                                  6.49   slack (MET)


Startpoint: _462_ (rising edge-triggered flip-flop clocked by CLK100MHZ)
Endpoint: _443_ (rising edge-triggered flip-flop clocked by CLK100MHZ)
Path Group: CLK100MHZ
Path Type: max

Fanout     Cap    Slew   Delay    Time   Description
-----------------------------------------------------------------------------
                  0.00    0.00    0.00   clock CLK100MHZ (rise edge)
                          0.00    0.00   clock network delay (ideal)
                  0.00    0.00    0.00 ^ _462_/CLK (sky130_fd_sc_hd__dfrtp_2)
     4    0.01    0.07    0.35    0.35 ^ _462_/Q (sky130_fd_sc_hd__dfrtp_2)
                                         imem.address[0] (net)
                  0.07    0.00    0.35 ^ _221_/A (sky130_fd_sc_hd__buf_1)
    10    0.02    0.29    0.26    0.61 ^ _221_/X (sky130_fd_sc_hd__buf_1)
                                         _066_ (net)
                  0.29    0.00    0.61 ^ _222_/A (sky130_fd_sc_hd__buf_1)
     9    0.03    0.35    0.34    0.95 ^ _222_/X (sky130_fd_sc_hd__buf_1)
                                         _067_ (net)
                  0.35    0.00    0.95 ^ _246_/C (sky130_fd_sc_hd__and3b_2)
     1    0.00    0.04    0.23    1.17 ^ _246_/X (sky130_fd_sc_hd__and3b_2)
                                         _088_ (net)
                  0.04    0.00    1.17 ^ _247_/A (sky130_fd_sc_hd__buf_1)
     7    0.02    0.24    0.22    1.39 ^ _247_/X (sky130_fd_sc_hd__buf_1)
                                         _089_ (net)
                  0.24    0.00    1.39 ^ _248_/B (sky130_fd_sc_hd__or2_2)
     1    0.00    0.03    0.15    1.54 ^ _248_/X (sky130_fd_sc_hd__or2_2)
                                         _090_ (net)
                  0.03    0.00    1.54 ^ _249_/A (sky130_fd_sc_hd__buf_1)
     5    0.01    0.18    0.17    1.71 ^ _249_/X (sky130_fd_sc_hd__buf_1)
                                         _091_ (net)
                  0.18    0.00    1.71 ^ _266_/A2 (sky130_fd_sc_hd__a21o_2)
     2    0.00    0.04    0.15    1.86 ^ _266_/X (sky130_fd_sc_hd__a21o_2)
                                         _108_ (net)
                  0.04    0.00    1.86 ^ _268_/B (sky130_fd_sc_hd__or3_2)
     2    0.01    0.05    0.11    1.97 ^ _268_/X (sky130_fd_sc_hd__or3_2)
                                         _110_ (net)
                  0.05    0.00    1.97 ^ _269_/B_N (sky130_fd_sc_hd__or2b_2)
     2    0.01    0.06    0.30    2.27 v _269_/X (sky130_fd_sc_hd__or2b_2)
                                         _111_ (net)
                  0.06    0.00    2.27 v _270_/B (sky130_fd_sc_hd__or2_2)
     1    0.00    0.05    0.27    2.54 v _270_/X (sky130_fd_sc_hd__or2_2)
                                         _112_ (net)
                  0.05    0.00    2.54 v _296_/A1 (sky130_fd_sc_hd__a22o_2)
     9    0.03    0.09    0.30    2.84 v _296_/X (sky130_fd_sc_hd__a22o_2)
                                         _138_ (net)
                  0.09    0.00    2.84 v _389_/A1 (sky130_fd_sc_hd__mux2_2)
     1    0.00    0.05    0.27    3.11 v _389_/X (sky130_fd_sc_hd__mux2_2)
                                         _034_ (net)
                  0.05    0.00    3.11 v _390_/A (sky130_fd_sc_hd__buf_1)
     1    0.00    0.02    0.08    3.19 v _390_/X (sky130_fd_sc_hd__buf_1)
                                         _009_ (net)
                  0.02    0.00    3.19 v _443_/D (sky130_fd_sc_hd__dfxtp_2)
                                  3.19   data arrival time

                  0.00   10.00   10.00   clock CLK100MHZ (rise edge)
                          0.00   10.00   clock network delay (ideal)
                         -0.20    9.80   clock uncertainty
                          0.00    9.80   clock reconvergence pessimism
                                  9.80 ^ _443_/CLK (sky130_fd_sc_hd__dfxtp_2)
                         -0.11    9.69   library setup time
                                  9.69   data required time
-----------------------------------------------------------------------------
                                  9.69   data required time
                                 -3.19   data arrival time
-----------------------------------------------------------------------------
                                  6.49   slack (MET)


Startpoint: _462_ (rising edge-triggered flip-flop clocked by CLK100MHZ)
Endpoint: _458_ (rising edge-triggered flip-flop clocked by CLK100MHZ)
Path Group: CLK100MHZ
Path Type: max

Fanout     Cap    Slew   Delay    Time   Description
-----------------------------------------------------------------------------
                  0.00    0.00    0.00   clock CLK100MHZ (rise edge)
                          0.00    0.00   clock network delay (ideal)
                  0.00    0.00    0.00 ^ _462_/CLK (sky130_fd_sc_hd__dfrtp_2)
     4    0.01    0.07    0.35    0.35 ^ _462_/Q (sky130_fd_sc_hd__dfrtp_2)
                                         imem.address[0] (net)
                  0.07    0.00    0.35 ^ _221_/A (sky130_fd_sc_hd__buf_1)
    10    0.02    0.29    0.26    0.61 ^ _221_/X (sky130_fd_sc_hd__buf_1)
                                         _066_ (net)
                  0.29    0.00    0.61 ^ _222_/A (sky130_fd_sc_hd__buf_1)
     9    0.03    0.35    0.34    0.95 ^ _222_/X (sky130_fd_sc_hd__buf_1)
                                         _067_ (net)
                  0.35    0.00    0.95 ^ _246_/C (sky130_fd_sc_hd__and3b_2)
     1    0.00    0.04    0.23    1.17 ^ _246_/X (sky130_fd_sc_hd__and3b_2)
                                         _088_ (net)
                  0.04    0.00    1.17 ^ _247_/A (sky130_fd_sc_hd__buf_1)
     7    0.02    0.24    0.22    1.39 ^ _247_/X (sky130_fd_sc_hd__buf_1)
                                         _089_ (net)
                  0.24    0.00    1.39 ^ _248_/B (sky130_fd_sc_hd__or2_2)
     1    0.00    0.03    0.15    1.54 ^ _248_/X (sky130_fd_sc_hd__or2_2)
                                         _090_ (net)
                  0.03    0.00    1.54 ^ _249_/A (sky130_fd_sc_hd__buf_1)
     5    0.01    0.18    0.17    1.71 ^ _249_/X (sky130_fd_sc_hd__buf_1)
                                         _091_ (net)
                  0.18    0.00    1.71 ^ _266_/A2 (sky130_fd_sc_hd__a21o_2)
     2    0.00    0.04    0.15    1.86 ^ _266_/X (sky130_fd_sc_hd__a21o_2)
                                         _108_ (net)
                  0.04    0.00    1.86 ^ _268_/B (sky130_fd_sc_hd__or3_2)
     2    0.01    0.05    0.11    1.97 ^ _268_/X (sky130_fd_sc_hd__or3_2)
                                         _110_ (net)
                  0.05    0.00    1.97 ^ _269_/B_N (sky130_fd_sc_hd__or2b_2)
     2    0.01    0.06    0.30    2.27 v _269_/X (sky130_fd_sc_hd__or2b_2)
                                         _111_ (net)
                  0.06    0.00    2.27 v _270_/B (sky130_fd_sc_hd__or2_2)
     1    0.00    0.05    0.27    2.54 v _270_/X (sky130_fd_sc_hd__or2_2)
                                         _112_ (net)
                  0.05    0.00    2.54 v _296_/A1 (sky130_fd_sc_hd__a22o_2)
     9    0.03    0.09    0.30    2.84 v _296_/X (sky130_fd_sc_hd__a22o_2)
                                         _138_ (net)
                  0.09    0.00    2.84 v _426_/A1 (sky130_fd_sc_hd__mux2_2)
     1    0.00    0.05    0.27    3.11 v _426_/X (sky130_fd_sc_hd__mux2_2)
                                         _056_ (net)
                  0.05    0.00    3.11 v _427_/A (sky130_fd_sc_hd__buf_1)
     1    0.00    0.02    0.08    3.19 v _427_/X (sky130_fd_sc_hd__buf_1)
                                         _024_ (net)
                  0.02    0.00    3.19 v _458_/D (sky130_fd_sc_hd__dfxtp_2)
                                  3.19   data arrival time

                  0.00   10.00   10.00   clock CLK100MHZ (rise edge)
                          0.00   10.00   clock network delay (ideal)
                         -0.20    9.80   clock uncertainty
                          0.00    9.80   clock reconvergence pessimism
                                  9.80 ^ _458_/CLK (sky130_fd_sc_hd__dfxtp_2)
                         -0.11    9.69   library setup time
                                  9.69   data required time
-----------------------------------------------------------------------------
                                  9.69   data required time
                                 -3.19   data arrival time
-----------------------------------------------------------------------------
                                  6.49   slack (MET)


Startpoint: _462_ (rising edge-triggered flip-flop clocked by CLK100MHZ)
Endpoint: _448_ (rising edge-triggered flip-flop clocked by CLK100MHZ)
Path Group: CLK100MHZ
Path Type: max

Fanout     Cap    Slew   Delay    Time   Description
-----------------------------------------------------------------------------
                  0.00    0.00    0.00   clock CLK100MHZ (rise edge)
                          0.00    0.00   clock network delay (ideal)
                  0.00    0.00    0.00 ^ _462_/CLK (sky130_fd_sc_hd__dfrtp_2)
     4    0.01    0.07    0.35    0.35 ^ _462_/Q (sky130_fd_sc_hd__dfrtp_2)
                                         imem.address[0] (net)
                  0.07    0.00    0.35 ^ _221_/A (sky130_fd_sc_hd__buf_1)
    10    0.02    0.29    0.26    0.61 ^ _221_/X (sky130_fd_sc_hd__buf_1)
                                         _066_ (net)
                  0.29    0.00    0.61 ^ _222_/A (sky130_fd_sc_hd__buf_1)
     9    0.03    0.35    0.34    0.95 ^ _222_/X (sky130_fd_sc_hd__buf_1)
                                         _067_ (net)
                  0.35    0.00    0.95 ^ _246_/C (sky130_fd_sc_hd__and3b_2)
     1    0.00    0.04    0.23    1.17 ^ _246_/X (sky130_fd_sc_hd__and3b_2)
                                         _088_ (net)
                  0.04    0.00    1.17 ^ _247_/A (sky130_fd_sc_hd__buf_1)
     7    0.02    0.24    0.22    1.39 ^ _247_/X (sky130_fd_sc_hd__buf_1)
                                         _089_ (net)
                  0.24    0.00    1.39 ^ _248_/B (sky130_fd_sc_hd__or2_2)
     1    0.00    0.03    0.15    1.54 ^ _248_/X (sky130_fd_sc_hd__or2_2)
                                         _090_ (net)
                  0.03    0.00    1.54 ^ _249_/A (sky130_fd_sc_hd__buf_1)
     5    0.01    0.18    0.17    1.71 ^ _249_/X (sky130_fd_sc_hd__buf_1)
                                         _091_ (net)
                  0.18    0.00    1.71 ^ _266_/A2 (sky130_fd_sc_hd__a21o_2)
     2    0.00    0.04    0.15    1.86 ^ _266_/X (sky130_fd_sc_hd__a21o_2)
                                         _108_ (net)
                  0.04    0.00    1.86 ^ _268_/B (sky130_fd_sc_hd__or3_2)
     2    0.01    0.05    0.11    1.97 ^ _268_/X (sky130_fd_sc_hd__or3_2)
                                         _110_ (net)
                  0.05    0.00    1.97 ^ _269_/B_N (sky130_fd_sc_hd__or2b_2)
     2    0.01    0.06    0.30    2.27 v _269_/X (sky130_fd_sc_hd__or2b_2)
                                         _111_ (net)
                  0.06    0.00    2.27 v _270_/B (sky130_fd_sc_hd__or2_2)
     1    0.00    0.05    0.27    2.54 v _270_/X (sky130_fd_sc_hd__or2_2)
                                         _112_ (net)
                  0.05    0.00    2.54 v _296_/A1 (sky130_fd_sc_hd__a22o_2)
     9    0.03    0.09    0.30    2.84 v _296_/X (sky130_fd_sc_hd__a22o_2)
                                         _138_ (net)
                  0.09    0.00    2.84 v _402_/A0 (sky130_fd_sc_hd__mux2_2)
     1    0.00    0.05    0.27    3.11 v _402_/X (sky130_fd_sc_hd__mux2_2)
                                         _042_ (net)
                  0.05    0.00    3.11 v _403_/A (sky130_fd_sc_hd__buf_1)
     1    0.00    0.02    0.08    3.19 v _403_/X (sky130_fd_sc_hd__buf_1)
                                         _014_ (net)
                  0.02    0.00    3.19 v _448_/D (sky130_fd_sc_hd__dfxtp_2)
                                  3.19   data arrival time

                  0.00   10.00   10.00   clock CLK100MHZ (rise edge)
                          0.00   10.00   clock network delay (ideal)
                         -0.20    9.80   clock uncertainty
                          0.00    9.80   clock reconvergence pessimism
                                  9.80 ^ _448_/CLK (sky130_fd_sc_hd__dfxtp_2)
                         -0.11    9.69   library setup time
                                  9.69   data required time
-----------------------------------------------------------------------------
                                  9.69   data required time
                                 -3.19   data arrival time
-----------------------------------------------------------------------------
                                  6.50   slack (MET)


Startpoint: _462_ (rising edge-triggered flip-flop clocked by CLK100MHZ)
Endpoint: _437_ (rising edge-triggered flip-flop clocked by CLK100MHZ)
Path Group: CLK100MHZ
Path Type: max

Fanout     Cap    Slew   Delay    Time   Description
-----------------------------------------------------------------------------
                  0.00    0.00    0.00   clock CLK100MHZ (rise edge)
                          0.00    0.00   clock network delay (ideal)
                  0.00    0.00    0.00 ^ _462_/CLK (sky130_fd_sc_hd__dfrtp_2)
     4    0.01    0.07    0.35    0.35 ^ _462_/Q (sky130_fd_sc_hd__dfrtp_2)
                                         imem.address[0] (net)
                  0.07    0.00    0.35 ^ _221_/A (sky130_fd_sc_hd__buf_1)
    10    0.02    0.29    0.26    0.61 ^ _221_/X (sky130_fd_sc_hd__buf_1)
                                         _066_ (net)
                  0.29    0.00    0.61 ^ _222_/A (sky130_fd_sc_hd__buf_1)
     9    0.03    0.35    0.34    0.95 ^ _222_/X (sky130_fd_sc_hd__buf_1)
                                         _067_ (net)
                  0.35    0.00    0.95 ^ _246_/C (sky130_fd_sc_hd__and3b_2)
     1    0.00    0.04    0.23    1.17 ^ _246_/X (sky130_fd_sc_hd__and3b_2)
                                         _088_ (net)
                  0.04    0.00    1.17 ^ _247_/A (sky130_fd_sc_hd__buf_1)
     7    0.02    0.24    0.22    1.39 ^ _247_/X (sky130_fd_sc_hd__buf_1)
                                         _089_ (net)
                  0.24    0.00    1.39 ^ _248_/B (sky130_fd_sc_hd__or2_2)
     1    0.00    0.03    0.15    1.54 ^ _248_/X (sky130_fd_sc_hd__or2_2)
                                         _090_ (net)
                  0.03    0.00    1.54 ^ _249_/A (sky130_fd_sc_hd__buf_1)
     5    0.01    0.18    0.17    1.71 ^ _249_/X (sky130_fd_sc_hd__buf_1)
                                         _091_ (net)
                  0.18    0.00    1.71 ^ _253_/A2 (sky130_fd_sc_hd__a21o_2)
     4    0.01    0.08    0.19    1.90 ^ _253_/X (sky130_fd_sc_hd__a21o_2)
                                         _095_ (net)
                  0.08    0.00    1.90 ^ _311_/B (sky130_fd_sc_hd__or2_2)
     2    0.01    0.06    0.13    2.03 ^ _311_/X (sky130_fd_sc_hd__or2_2)
                                         _153_ (net)
                  0.06    0.00    2.03 ^ _341_/A1 (sky130_fd_sc_hd__a21oi_2)
     1    0.00    0.03    0.04    2.07 v _341_/Y (sky130_fd_sc_hd__a21oi_2)
                                         _183_ (net)
                  0.03    0.00    2.07 v _342_/B1 (sky130_fd_sc_hd__a31o_2)
     9    0.02    0.09    0.26    2.34 v _342_/X (sky130_fd_sc_hd__a31o_2)
                                         _184_ (net)
                  0.09    0.00    2.34 v _365_/A1 (sky130_fd_sc_hd__mux2_2)
     1    0.00    0.05    0.27    2.60 v _365_/X (sky130_fd_sc_hd__mux2_2)
                                         _200_ (net)
                  0.05    0.00    2.60 v _366_/A (sky130_fd_sc_hd__buf_1)
     1    0.00    0.02    0.08    2.68 v _366_/X (sky130_fd_sc_hd__buf_1)
                                         _003_ (net)
                  0.02    0.00    2.68 v _437_/D (sky130_fd_sc_hd__dfxtp_2)
                                  2.68   data arrival time

                  0.00   10.00   10.00   clock CLK100MHZ (rise edge)
                          0.00   10.00   clock network delay (ideal)
                         -0.20    9.80   clock uncertainty
                          0.00    9.80   clock reconvergence pessimism
                                  9.80 ^ _437_/CLK (sky130_fd_sc_hd__dfxtp_2)
                         -0.11    9.69   library setup time
                                  9.69   data required time
-----------------------------------------------------------------------------
                                  9.69   data required time
                                 -2.68   data arrival time
-----------------------------------------------------------------------------
                                  7.00   slack (MET)


Startpoint: _462_ (rising edge-triggered flip-flop clocked by CLK100MHZ)
Endpoint: _442_ (rising edge-triggered flip-flop clocked by CLK100MHZ)
Path Group: CLK100MHZ
Path Type: max

Fanout     Cap    Slew   Delay    Time   Description
-----------------------------------------------------------------------------
                  0.00    0.00    0.00   clock CLK100MHZ (rise edge)
                          0.00    0.00   clock network delay (ideal)
                  0.00    0.00    0.00 ^ _462_/CLK (sky130_fd_sc_hd__dfrtp_2)
     4    0.01    0.07    0.35    0.35 ^ _462_/Q (sky130_fd_sc_hd__dfrtp_2)
                                         imem.address[0] (net)
                  0.07    0.00    0.35 ^ _221_/A (sky130_fd_sc_hd__buf_1)
    10    0.02    0.29    0.26    0.61 ^ _221_/X (sky130_fd_sc_hd__buf_1)
                                         _066_ (net)
                  0.29    0.00    0.61 ^ _222_/A (sky130_fd_sc_hd__buf_1)
     9    0.03    0.35    0.34    0.95 ^ _222_/X (sky130_fd_sc_hd__buf_1)
                                         _067_ (net)
                  0.35    0.00    0.95 ^ _246_/C (sky130_fd_sc_hd__and3b_2)
     1    0.00    0.04    0.23    1.17 ^ _246_/X (sky130_fd_sc_hd__and3b_2)
                                         _088_ (net)
                  0.04    0.00    1.17 ^ _247_/A (sky130_fd_sc_hd__buf_1)
     7    0.02    0.24    0.22    1.39 ^ _247_/X (sky130_fd_sc_hd__buf_1)
                                         _089_ (net)
                  0.24    0.00    1.39 ^ _248_/B (sky130_fd_sc_hd__or2_2)
     1    0.00    0.03    0.15    1.54 ^ _248_/X (sky130_fd_sc_hd__or2_2)
                                         _090_ (net)
                  0.03    0.00    1.54 ^ _249_/A (sky130_fd_sc_hd__buf_1)
     5    0.01    0.18    0.17    1.71 ^ _249_/X (sky130_fd_sc_hd__buf_1)
                                         _091_ (net)
                  0.18    0.00    1.71 ^ _253_/A2 (sky130_fd_sc_hd__a21o_2)
     4    0.01    0.08    0.19    1.90 ^ _253_/X (sky130_fd_sc_hd__a21o_2)
                                         _095_ (net)
                  0.08    0.00    1.90 ^ _311_/B (sky130_fd_sc_hd__or2_2)
     2    0.01    0.06    0.13    2.03 ^ _311_/X (sky130_fd_sc_hd__or2_2)
                                         _153_ (net)
                  0.06    0.00    2.03 ^ _341_/A1 (sky130_fd_sc_hd__a21oi_2)
     1    0.00    0.03    0.04    2.07 v _341_/Y (sky130_fd_sc_hd__a21oi_2)
                                         _183_ (net)
                  0.03    0.00    2.07 v _342_/B1 (sky130_fd_sc_hd__a31o_2)
     9    0.02    0.09    0.26    2.34 v _342_/X (sky130_fd_sc_hd__a31o_2)
                                         _184_ (net)
                  0.09    0.00    2.34 v _387_/A1 (sky130_fd_sc_hd__mux2_2)
     1    0.00    0.05    0.27    2.60 v _387_/X (sky130_fd_sc_hd__mux2_2)
                                         _033_ (net)
                  0.05    0.00    2.60 v _388_/A (sky130_fd_sc_hd__buf_1)
     1    0.00    0.02    0.08    2.68 v _388_/X (sky130_fd_sc_hd__buf_1)
                                         _008_ (net)
                  0.02    0.00    2.68 v _442_/D (sky130_fd_sc_hd__dfxtp_2)
                                  2.68   data arrival time

                  0.00   10.00   10.00   clock CLK100MHZ (rise edge)
                          0.00   10.00   clock network delay (ideal)
                         -0.20    9.80   clock uncertainty
                          0.00    9.80   clock reconvergence pessimism
                                  9.80 ^ _442_/CLK (sky130_fd_sc_hd__dfxtp_2)
                         -0.11    9.69   library setup time
                                  9.69   data required time
-----------------------------------------------------------------------------
                                  9.69   data required time
                                 -2.68   data arrival time
-----------------------------------------------------------------------------
                                  7.00   slack (MET)


Startpoint: _462_ (rising edge-triggered flip-flop clocked by CLK100MHZ)
Endpoint: _457_ (rising edge-triggered flip-flop clocked by CLK100MHZ)
Path Group: CLK100MHZ
Path Type: max

Fanout     Cap    Slew   Delay    Time   Description
-----------------------------------------------------------------------------
                  0.00    0.00    0.00   clock CLK100MHZ (rise edge)
                          0.00    0.00   clock network delay (ideal)
                  0.00    0.00    0.00 ^ _462_/CLK (sky130_fd_sc_hd__dfrtp_2)
     4    0.01    0.07    0.35    0.35 ^ _462_/Q (sky130_fd_sc_hd__dfrtp_2)
                                         imem.address[0] (net)
                  0.07    0.00    0.35 ^ _221_/A (sky130_fd_sc_hd__buf_1)
    10    0.02    0.29    0.26    0.61 ^ _221_/X (sky130_fd_sc_hd__buf_1)
                                         _066_ (net)
                  0.29    0.00    0.61 ^ _222_/A (sky130_fd_sc_hd__buf_1)
     9    0.03    0.35    0.34    0.95 ^ _222_/X (sky130_fd_sc_hd__buf_1)
                                         _067_ (net)
                  0.35    0.00    0.95 ^ _246_/C (sky130_fd_sc_hd__and3b_2)
     1    0.00    0.04    0.23    1.17 ^ _246_/X (sky130_fd_sc_hd__and3b_2)
                                         _088_ (net)
                  0.04    0.00    1.17 ^ _247_/A (sky130_fd_sc_hd__buf_1)
     7    0.02    0.24    0.22    1.39 ^ _247_/X (sky130_fd_sc_hd__buf_1)
                                         _089_ (net)
                  0.24    0.00    1.39 ^ _248_/B (sky130_fd_sc_hd__or2_2)
     1    0.00    0.03    0.15    1.54 ^ _248_/X (sky130_fd_sc_hd__or2_2)
                                         _090_ (net)
                  0.03    0.00    1.54 ^ _249_/A (sky130_fd_sc_hd__buf_1)
     5    0.01    0.18    0.17    1.71 ^ _249_/X (sky130_fd_sc_hd__buf_1)
                                         _091_ (net)
                  0.18    0.00    1.71 ^ _253_/A2 (sky130_fd_sc_hd__a21o_2)
     4    0.01    0.08    0.19    1.90 ^ _253_/X (sky130_fd_sc_hd__a21o_2)
                                         _095_ (net)
                  0.08    0.00    1.90 ^ _311_/B (sky130_fd_sc_hd__or2_2)
     2    0.01    0.06    0.13    2.03 ^ _311_/X (sky130_fd_sc_hd__or2_2)
                                         _153_ (net)
                  0.06    0.00    2.03 ^ _341_/A1 (sky130_fd_sc_hd__a21oi_2)
     1    0.00    0.03    0.04    2.07 v _341_/Y (sky130_fd_sc_hd__a21oi_2)
                                         _183_ (net)
                  0.03    0.00    2.07 v _342_/B1 (sky130_fd_sc_hd__a31o_2)
     9    0.02    0.09    0.26    2.34 v _342_/X (sky130_fd_sc_hd__a31o_2)
                                         _184_ (net)
                  0.09    0.00    2.34 v _424_/A1 (sky130_fd_sc_hd__mux2_2)
     1    0.00    0.05    0.27    2.60 v _424_/X (sky130_fd_sc_hd__mux2_2)
                                         _055_ (net)
                  0.05    0.00    2.60 v _425_/A (sky130_fd_sc_hd__buf_1)
     1    0.00    0.02    0.08    2.68 v _425_/X (sky130_fd_sc_hd__buf_1)
                                         _023_ (net)
                  0.02    0.00    2.68 v _457_/D (sky130_fd_sc_hd__dfxtp_2)
                                  2.68   data arrival time

                  0.00   10.00   10.00   clock CLK100MHZ (rise edge)
                          0.00   10.00   clock network delay (ideal)
                         -0.20    9.80   clock uncertainty
                          0.00    9.80   clock reconvergence pessimism
                                  9.80 ^ _457_/CLK (sky130_fd_sc_hd__dfxtp_2)
                         -0.11    9.69   library setup time
                                  9.69   data required time
-----------------------------------------------------------------------------
                                  9.69   data required time
                                 -2.68   data arrival time
-----------------------------------------------------------------------------
                                  7.00   slack (MET)


Startpoint: _462_ (rising edge-triggered flip-flop clocked by CLK100MHZ)
Endpoint: _447_ (rising edge-triggered flip-flop clocked by CLK100MHZ)
Path Group: CLK100MHZ
Path Type: max

Fanout     Cap    Slew   Delay    Time   Description
-----------------------------------------------------------------------------
                  0.00    0.00    0.00   clock CLK100MHZ (rise edge)
                          0.00    0.00   clock network delay (ideal)
                  0.00    0.00    0.00 ^ _462_/CLK (sky130_fd_sc_hd__dfrtp_2)
     4    0.01    0.07    0.35    0.35 ^ _462_/Q (sky130_fd_sc_hd__dfrtp_2)
                                         imem.address[0] (net)
                  0.07    0.00    0.35 ^ _221_/A (sky130_fd_sc_hd__buf_1)
    10    0.02    0.29    0.26    0.61 ^ _221_/X (sky130_fd_sc_hd__buf_1)
                                         _066_ (net)
                  0.29    0.00    0.61 ^ _222_/A (sky130_fd_sc_hd__buf_1)
     9    0.03    0.35    0.34    0.95 ^ _222_/X (sky130_fd_sc_hd__buf_1)
                                         _067_ (net)
                  0.35    0.00    0.95 ^ _246_/C (sky130_fd_sc_hd__and3b_2)
     1    0.00    0.04    0.23    1.17 ^ _246_/X (sky130_fd_sc_hd__and3b_2)
                                         _088_ (net)
                  0.04    0.00    1.17 ^ _247_/A (sky130_fd_sc_hd__buf_1)
     7    0.02    0.24    0.22    1.39 ^ _247_/X (sky130_fd_sc_hd__buf_1)
                                         _089_ (net)
                  0.24    0.00    1.39 ^ _248_/B (sky130_fd_sc_hd__or2_2)
     1    0.00    0.03    0.15    1.54 ^ _248_/X (sky130_fd_sc_hd__or2_2)
                                         _090_ (net)
                  0.03    0.00    1.54 ^ _249_/A (sky130_fd_sc_hd__buf_1)
     5    0.01    0.18    0.17    1.71 ^ _249_/X (sky130_fd_sc_hd__buf_1)
                                         _091_ (net)
                  0.18    0.00    1.71 ^ _253_/A2 (sky130_fd_sc_hd__a21o_2)
     4    0.01    0.08    0.19    1.90 ^ _253_/X (sky130_fd_sc_hd__a21o_2)
                                         _095_ (net)
                  0.08    0.00    1.90 ^ _311_/B (sky130_fd_sc_hd__or2_2)
     2    0.01    0.06    0.13    2.03 ^ _311_/X (sky130_fd_sc_hd__or2_2)
                                         _153_ (net)
                  0.06    0.00    2.03 ^ _341_/A1 (sky130_fd_sc_hd__a21oi_2)
     1    0.00    0.03    0.04    2.07 v _341_/Y (sky130_fd_sc_hd__a21oi_2)
                                         _183_ (net)
                  0.03    0.00    2.07 v _342_/B1 (sky130_fd_sc_hd__a31o_2)
     9    0.02    0.09    0.26    2.34 v _342_/X (sky130_fd_sc_hd__a31o_2)
                                         _184_ (net)
                  0.09    0.00    2.34 v _400_/A0 (sky130_fd_sc_hd__mux2_2)
     1    0.00    0.05    0.26    2.60 v _400_/X (sky130_fd_sc_hd__mux2_2)
                                         _041_ (net)
                  0.05    0.00    2.60 v _401_/A (sky130_fd_sc_hd__buf_1)
     1    0.00    0.02    0.08    2.68 v _401_/X (sky130_fd_sc_hd__buf_1)
                                         _013_ (net)
                  0.02    0.00    2.68 v _447_/D (sky130_fd_sc_hd__dfxtp_2)
                                  2.68   data arrival time

                  0.00   10.00   10.00   clock CLK100MHZ (rise edge)
                          0.00   10.00   clock network delay (ideal)
                         -0.20    9.80   clock uncertainty
                          0.00    9.80   clock reconvergence pessimism
                                  9.80 ^ _447_/CLK (sky130_fd_sc_hd__dfxtp_2)
                         -0.11    9.69   library setup time
                                  9.69   data required time
-----------------------------------------------------------------------------
                                  9.69   data required time
                                 -2.68   data arrival time
-----------------------------------------------------------------------------
                                  7.01   slack (MET)


Startpoint: _464_ (rising edge-triggered flip-flop clocked by CLK100MHZ)
Endpoint: _452_ (rising edge-triggered flip-flop clocked by CLK100MHZ)
Path Group: CLK100MHZ
Path Type: max

Fanout     Cap    Slew   Delay    Time   Description
-----------------------------------------------------------------------------
                  0.00    0.00    0.00   clock CLK100MHZ (rise edge)
                          0.00    0.00   clock network delay (ideal)
                  0.00    0.00    0.00 ^ _464_/CLK (sky130_fd_sc_hd__dfrtp_2)
     3    0.01    0.06    0.34    0.34 ^ _464_/Q (sky130_fd_sc_hd__dfrtp_2)
                                         imem.address[2] (net)
                  0.06    0.00    0.34 ^ _215_/A (sky130_fd_sc_hd__buf_1)
    10    0.02    0.28    0.25    0.59 ^ _215_/X (sky130_fd_sc_hd__buf_1)
                                         _060_ (net)
                  0.28    0.00    0.59 ^ _216_/A (sky130_fd_sc_hd__buf_1)
     5    0.01    0.12    0.18    0.76 ^ _216_/X (sky130_fd_sc_hd__buf_1)
                                         _061_ (net)
                  0.12    0.00    0.76 ^ _217_/A (sky130_fd_sc_hd__buf_1)
     1    0.00    0.04    0.10    0.86 ^ _217_/X (sky130_fd_sc_hd__buf_1)
                                         _062_ (net)
                  0.04    0.00    0.86 ^ _218_/A (sky130_fd_sc_hd__buf_1)
     1    0.00    0.04    0.07    0.93 ^ _218_/X (sky130_fd_sc_hd__buf_1)
                                         _063_ (net)
                  0.04    0.00    0.93 ^ _219_/A (sky130_fd_sc_hd__buf_1)
     6    0.02    0.29    0.24    1.18 ^ _219_/X (sky130_fd_sc_hd__buf_1)
                                         _064_ (net)
                  0.29    0.00    1.18 ^ _410_/A (sky130_fd_sc_hd__nand3_2)
     1    0.00    0.07    0.08    1.26 v _410_/Y (sky130_fd_sc_hd__nand3_2)
                                         _046_ (net)
                  0.07    0.00    1.26 v _411_/A (sky130_fd_sc_hd__buf_1)
     5    0.01    0.05    0.12    1.38 v _411_/X (sky130_fd_sc_hd__buf_1)
                                         _047_ (net)
                  0.05    0.00    1.38 v _412_/B (sky130_fd_sc_hd__and2_2)
     1    0.00    0.03    0.18    1.56 v _412_/X (sky130_fd_sc_hd__and2_2)
                                         _048_ (net)
                  0.03    0.00    1.56 v _413_/A (sky130_fd_sc_hd__buf_1)
     1    0.00    0.02    0.08    1.64 v _413_/X (sky130_fd_sc_hd__buf_1)
                                         _018_ (net)
                  0.02    0.00    1.64 v _452_/D (sky130_fd_sc_hd__dfxtp_2)
                                  1.64   data arrival time

                  0.00   10.00   10.00   clock CLK100MHZ (rise edge)
                          0.00   10.00   clock network delay (ideal)
                         -0.20    9.80   clock uncertainty
                          0.00    9.80   clock reconvergence pessimism
                                  9.80 ^ _452_/CLK (sky130_fd_sc_hd__dfxtp_2)
                         -0.11    9.69   library setup time
                                  9.69   data required time
-----------------------------------------------------------------------------
                                  9.69   data required time
                                 -1.64   data arrival time
-----------------------------------------------------------------------------
                                  8.05   slack (MET)


Startpoint: _464_ (rising edge-triggered flip-flop clocked by CLK100MHZ)
Endpoint: _453_ (rising edge-triggered flip-flop clocked by CLK100MHZ)
Path Group: CLK100MHZ
Path Type: max

Fanout     Cap    Slew   Delay    Time   Description
-----------------------------------------------------------------------------
                  0.00    0.00    0.00   clock CLK100MHZ (rise edge)
                          0.00    0.00   clock network delay (ideal)
                  0.00    0.00    0.00 ^ _464_/CLK (sky130_fd_sc_hd__dfrtp_2)
     3    0.01    0.06    0.34    0.34 ^ _464_/Q (sky130_fd_sc_hd__dfrtp_2)
                                         imem.address[2] (net)
                  0.06    0.00    0.34 ^ _215_/A (sky130_fd_sc_hd__buf_1)
    10    0.02    0.28    0.25    0.59 ^ _215_/X (sky130_fd_sc_hd__buf_1)
                                         _060_ (net)
                  0.28    0.00    0.59 ^ _216_/A (sky130_fd_sc_hd__buf_1)
     5    0.01    0.12    0.18    0.76 ^ _216_/X (sky130_fd_sc_hd__buf_1)
                                         _061_ (net)
                  0.12    0.00    0.76 ^ _217_/A (sky130_fd_sc_hd__buf_1)
     1    0.00    0.04    0.10    0.86 ^ _217_/X (sky130_fd_sc_hd__buf_1)
                                         _062_ (net)
                  0.04    0.00    0.86 ^ _218_/A (sky130_fd_sc_hd__buf_1)
     1    0.00    0.04    0.07    0.93 ^ _218_/X (sky130_fd_sc_hd__buf_1)
                                         _063_ (net)
                  0.04    0.00    0.93 ^ _219_/A (sky130_fd_sc_hd__buf_1)
     6    0.02    0.29    0.24    1.18 ^ _219_/X (sky130_fd_sc_hd__buf_1)
                                         _064_ (net)
                  0.29    0.00    1.18 ^ _410_/A (sky130_fd_sc_hd__nand3_2)
     1    0.00    0.07    0.08    1.26 v _410_/Y (sky130_fd_sc_hd__nand3_2)
                                         _046_ (net)
                  0.07    0.00    1.26 v _411_/A (sky130_fd_sc_hd__buf_1)
     5    0.01    0.05    0.12    1.38 v _411_/X (sky130_fd_sc_hd__buf_1)
                                         _047_ (net)
                  0.05    0.00    1.38 v _414_/B (sky130_fd_sc_hd__and2_2)
     1    0.00    0.03    0.18    1.56 v _414_/X (sky130_fd_sc_hd__and2_2)
                                         _049_ (net)
                  0.03    0.00    1.56 v _415_/A (sky130_fd_sc_hd__buf_1)
     1    0.00    0.02    0.08    1.64 v _415_/X (sky130_fd_sc_hd__buf_1)
                                         _019_ (net)
                  0.02    0.00    1.64 v _453_/D (sky130_fd_sc_hd__dfxtp_2)
                                  1.64   data arrival time

                  0.00   10.00   10.00   clock CLK100MHZ (rise edge)
                          0.00   10.00   clock network delay (ideal)
                         -0.20    9.80   clock uncertainty
                          0.00    9.80   clock reconvergence pessimism
                                  9.80 ^ _453_/CLK (sky130_fd_sc_hd__dfxtp_2)
                         -0.11    9.69   library setup time
                                  9.69   data required time
-----------------------------------------------------------------------------
                                  9.69   data required time
                                 -1.64   data arrival time
-----------------------------------------------------------------------------
                                  8.05   slack (MET)


Startpoint: _464_ (rising edge-triggered flip-flop clocked by CLK100MHZ)
Endpoint: _454_ (rising edge-triggered flip-flop clocked by CLK100MHZ)
Path Group: CLK100MHZ
Path Type: max

Fanout     Cap    Slew   Delay    Time   Description
-----------------------------------------------------------------------------
                  0.00    0.00    0.00   clock CLK100MHZ (rise edge)
                          0.00    0.00   clock network delay (ideal)
                  0.00    0.00    0.00 ^ _464_/CLK (sky130_fd_sc_hd__dfrtp_2)
     3    0.01    0.06    0.34    0.34 ^ _464_/Q (sky130_fd_sc_hd__dfrtp_2)
                                         imem.address[2] (net)
                  0.06    0.00    0.34 ^ _215_/A (sky130_fd_sc_hd__buf_1)
    10    0.02    0.28    0.25    0.59 ^ _215_/X (sky130_fd_sc_hd__buf_1)
                                         _060_ (net)
                  0.28    0.00    0.59 ^ _216_/A (sky130_fd_sc_hd__buf_1)
     5    0.01    0.12    0.18    0.76 ^ _216_/X (sky130_fd_sc_hd__buf_1)
                                         _061_ (net)
                  0.12    0.00    0.76 ^ _217_/A (sky130_fd_sc_hd__buf_1)
     1    0.00    0.04    0.10    0.86 ^ _217_/X (sky130_fd_sc_hd__buf_1)
                                         _062_ (net)
                  0.04    0.00    0.86 ^ _218_/A (sky130_fd_sc_hd__buf_1)
     1    0.00    0.04    0.07    0.93 ^ _218_/X (sky130_fd_sc_hd__buf_1)
                                         _063_ (net)
                  0.04    0.00    0.93 ^ _219_/A (sky130_fd_sc_hd__buf_1)
     6    0.02    0.29    0.24    1.18 ^ _219_/X (sky130_fd_sc_hd__buf_1)
                                         _064_ (net)
                  0.29    0.00    1.18 ^ _410_/A (sky130_fd_sc_hd__nand3_2)
     1    0.00    0.07    0.08    1.26 v _410_/Y (sky130_fd_sc_hd__nand3_2)
                                         _046_ (net)
                  0.07    0.00    1.26 v _411_/A (sky130_fd_sc_hd__buf_1)
     5    0.01    0.05    0.12    1.38 v _411_/X (sky130_fd_sc_hd__buf_1)
                                         _047_ (net)
                  0.05    0.00    1.38 v _416_/B (sky130_fd_sc_hd__and2_2)
     1    0.00    0.03    0.18    1.56 v _416_/X (sky130_fd_sc_hd__and2_2)
                                         _050_ (net)
                  0.03    0.00    1.56 v _417_/A (sky130_fd_sc_hd__buf_1)
     1    0.00    0.02    0.08    1.64 v _417_/X (sky130_fd_sc_hd__buf_1)
                                         _020_ (net)
                  0.02    0.00    1.64 v _454_/D (sky130_fd_sc_hd__dfxtp_2)
                                  1.64   data arrival time

                  0.00   10.00   10.00   clock CLK100MHZ (rise edge)
                          0.00   10.00   clock network delay (ideal)
                         -0.20    9.80   clock uncertainty
                          0.00    9.80   clock reconvergence pessimism
                                  9.80 ^ _454_/CLK (sky130_fd_sc_hd__dfxtp_2)
                         -0.11    9.69   library setup time
                                  9.69   data required time
-----------------------------------------------------------------------------
                                  9.69   data required time
                                 -1.64   data arrival time
-----------------------------------------------------------------------------
                                  8.05   slack (MET)


Startpoint: _464_ (rising edge-triggered flip-flop clocked by CLK100MHZ)
Endpoint: _455_ (rising edge-triggered flip-flop clocked by CLK100MHZ)
Path Group: CLK100MHZ
Path Type: max

Fanout     Cap    Slew   Delay    Time   Description
-----------------------------------------------------------------------------
                  0.00    0.00    0.00   clock CLK100MHZ (rise edge)
                          0.00    0.00   clock network delay (ideal)
                  0.00    0.00    0.00 ^ _464_/CLK (sky130_fd_sc_hd__dfrtp_2)
     3    0.01    0.06    0.34    0.34 ^ _464_/Q (sky130_fd_sc_hd__dfrtp_2)
                                         imem.address[2] (net)
                  0.06    0.00    0.34 ^ _215_/A (sky130_fd_sc_hd__buf_1)
    10    0.02    0.28    0.25    0.59 ^ _215_/X (sky130_fd_sc_hd__buf_1)
                                         _060_ (net)
                  0.28    0.00    0.59 ^ _216_/A (sky130_fd_sc_hd__buf_1)
     5    0.01    0.12    0.18    0.76 ^ _216_/X (sky130_fd_sc_hd__buf_1)
                                         _061_ (net)
                  0.12    0.00    0.76 ^ _217_/A (sky130_fd_sc_hd__buf_1)
     1    0.00    0.04    0.10    0.86 ^ _217_/X (sky130_fd_sc_hd__buf_1)
                                         _062_ (net)
                  0.04    0.00    0.86 ^ _218_/A (sky130_fd_sc_hd__buf_1)
     1    0.00    0.04    0.07    0.93 ^ _218_/X (sky130_fd_sc_hd__buf_1)
                                         _063_ (net)
                  0.04    0.00    0.93 ^ _219_/A (sky130_fd_sc_hd__buf_1)
     6    0.02    0.29    0.24    1.18 ^ _219_/X (sky130_fd_sc_hd__buf_1)
                                         _064_ (net)
                  0.29    0.00    1.18 ^ _410_/A (sky130_fd_sc_hd__nand3_2)
     1    0.00    0.07    0.08    1.26 v _410_/Y (sky130_fd_sc_hd__nand3_2)
                                         _046_ (net)
                  0.07    0.00    1.26 v _411_/A (sky130_fd_sc_hd__buf_1)
     5    0.01    0.05    0.12    1.38 v _411_/X (sky130_fd_sc_hd__buf_1)
                                         _047_ (net)
                  0.05    0.00    1.38 v _418_/B (sky130_fd_sc_hd__and2_2)
     1    0.00    0.03    0.18    1.56 v _418_/X (sky130_fd_sc_hd__and2_2)
                                         _051_ (net)
                  0.03    0.00    1.56 v _419_/A (sky130_fd_sc_hd__buf_1)
     1    0.00    0.02    0.08    1.64 v _419_/X (sky130_fd_sc_hd__buf_1)
                                         _021_ (net)
                  0.02    0.00    1.64 v _455_/D (sky130_fd_sc_hd__dfxtp_2)
                                  1.64   data arrival time

                  0.00   10.00   10.00   clock CLK100MHZ (rise edge)
                          0.00   10.00   clock network delay (ideal)
                         -0.20    9.80   clock uncertainty
                          0.00    9.80   clock reconvergence pessimism
                                  9.80 ^ _455_/CLK (sky130_fd_sc_hd__dfxtp_2)
                         -0.11    9.69   library setup time
                                  9.69   data required time
-----------------------------------------------------------------------------
                                  9.69   data required time
                                 -1.64   data arrival time
-----------------------------------------------------------------------------
                                  8.05   slack (MET)


Startpoint: _464_ (rising edge-triggered flip-flop clocked by CLK100MHZ)
Endpoint: _456_ (rising edge-triggered flip-flop clocked by CLK100MHZ)
Path Group: CLK100MHZ
Path Type: max

Fanout     Cap    Slew   Delay    Time   Description
-----------------------------------------------------------------------------
                  0.00    0.00    0.00   clock CLK100MHZ (rise edge)
                          0.00    0.00   clock network delay (ideal)
                  0.00    0.00    0.00 ^ _464_/CLK (sky130_fd_sc_hd__dfrtp_2)
     3    0.01    0.06    0.34    0.34 ^ _464_/Q (sky130_fd_sc_hd__dfrtp_2)
                                         imem.address[2] (net)
                  0.06    0.00    0.34 ^ _215_/A (sky130_fd_sc_hd__buf_1)
    10    0.02    0.28    0.25    0.59 ^ _215_/X (sky130_fd_sc_hd__buf_1)
                                         _060_ (net)
                  0.28    0.00    0.59 ^ _216_/A (sky130_fd_sc_hd__buf_1)
     5    0.01    0.12    0.18    0.76 ^ _216_/X (sky130_fd_sc_hd__buf_1)
                                         _061_ (net)
                  0.12    0.00    0.76 ^ _217_/A (sky130_fd_sc_hd__buf_1)
     1    0.00    0.04    0.10    0.86 ^ _217_/X (sky130_fd_sc_hd__buf_1)
                                         _062_ (net)
                  0.04    0.00    0.86 ^ _218_/A (sky130_fd_sc_hd__buf_1)
     1    0.00    0.04    0.07    0.93 ^ _218_/X (sky130_fd_sc_hd__buf_1)
                                         _063_ (net)
                  0.04    0.00    0.93 ^ _219_/A (sky130_fd_sc_hd__buf_1)
     6    0.02    0.29    0.24    1.18 ^ _219_/X (sky130_fd_sc_hd__buf_1)
                                         _064_ (net)
                  0.29    0.00    1.18 ^ _410_/A (sky130_fd_sc_hd__nand3_2)
     1    0.00    0.07    0.08    1.26 v _410_/Y (sky130_fd_sc_hd__nand3_2)
                                         _046_ (net)
                  0.07    0.00    1.26 v _411_/A (sky130_fd_sc_hd__buf_1)
     5    0.01    0.05    0.12    1.38 v _411_/X (sky130_fd_sc_hd__buf_1)
                                         _047_ (net)
                  0.05    0.00    1.38 v _420_/B (sky130_fd_sc_hd__and2_2)
     1    0.00    0.03    0.18    1.56 v _420_/X (sky130_fd_sc_hd__and2_2)
                                         _052_ (net)
                  0.03    0.00    1.56 v _421_/A (sky130_fd_sc_hd__buf_1)
     1    0.00    0.02    0.08    1.64 v _421_/X (sky130_fd_sc_hd__buf_1)
                                         _022_ (net)
                  0.02    0.00    1.64 v _456_/D (sky130_fd_sc_hd__dfxtp_2)
                                  1.64   data arrival time

                  0.00   10.00   10.00   clock CLK100MHZ (rise edge)
                          0.00   10.00   clock network delay (ideal)
                         -0.20    9.80   clock uncertainty
                          0.00    9.80   clock reconvergence pessimism
                                  9.80 ^ _456_/CLK (sky130_fd_sc_hd__dfxtp_2)
                         -0.11    9.69   library setup time
                                  9.69   data required time
-----------------------------------------------------------------------------
                                  9.69   data required time
                                 -1.64   data arrival time
-----------------------------------------------------------------------------
                                  8.05   slack (MET)


Startpoint: _462_ (rising edge-triggered flip-flop clocked by CLK100MHZ)
Endpoint: _464_ (rising edge-triggered flip-flop clocked by CLK100MHZ)
Path Group: CLK100MHZ
Path Type: max

Fanout     Cap    Slew   Delay    Time   Description
-----------------------------------------------------------------------------
                  0.00    0.00    0.00   clock CLK100MHZ (rise edge)
                          0.00    0.00   clock network delay (ideal)
                  0.00    0.00    0.00 ^ _462_/CLK (sky130_fd_sc_hd__dfrtp_2)
     4    0.01    0.07    0.35    0.35 ^ _462_/Q (sky130_fd_sc_hd__dfrtp_2)
                                         imem.address[0] (net)
                  0.07    0.00    0.35 ^ _221_/A (sky130_fd_sc_hd__buf_1)
    10    0.02    0.29    0.26    0.61 ^ _221_/X (sky130_fd_sc_hd__buf_1)
                                         _066_ (net)
                  0.29    0.00    0.61 ^ _222_/A (sky130_fd_sc_hd__buf_1)
     9    0.03    0.35    0.34    0.95 ^ _222_/X (sky130_fd_sc_hd__buf_1)
                                         _067_ (net)
                  0.35    0.00    0.95 ^ _223_/C (sky130_fd_sc_hd__and3_2)
     2    0.01    0.09    0.28    1.23 ^ _223_/X (sky130_fd_sc_hd__and3_2)
                                         _068_ (net)
                  0.09    0.00    1.23 ^ _224_/B (sky130_fd_sc_hd__xor2_2)
     1    0.00    0.08    0.12    1.35 ^ _224_/X (sky130_fd_sc_hd__xor2_2)
                                         _030_ (net)
                  0.08    0.00    1.35 ^ _464_/D (sky130_fd_sc_hd__dfrtp_2)
                                  1.35   data arrival time

                  0.00   10.00   10.00   clock CLK100MHZ (rise edge)
                          0.00   10.00   clock network delay (ideal)
                         -0.20    9.80   clock uncertainty
                          0.00    9.80   clock reconvergence pessimism
                                  9.80 ^ _464_/CLK (sky130_fd_sc_hd__dfrtp_2)
                         -0.08    9.72   library setup time
                                  9.72   data required time
-----------------------------------------------------------------------------
                                  9.72   data required time
                                 -1.35   data arrival time
-----------------------------------------------------------------------------
                                  8.37   slack (MET)


Startpoint: _462_ (rising edge-triggered flip-flop clocked by CLK100MHZ)
Endpoint: _463_ (rising edge-triggered flip-flop clocked by CLK100MHZ)
Path Group: CLK100MHZ
Path Type: max

Fanout     Cap    Slew   Delay    Time   Description
-----------------------------------------------------------------------------
                  0.00    0.00    0.00   clock CLK100MHZ (rise edge)
                          0.00    0.00   clock network delay (ideal)
                  0.00    0.00    0.00 ^ _462_/CLK (sky130_fd_sc_hd__dfrtp_2)
     4    0.01    0.07    0.35    0.35 ^ _462_/Q (sky130_fd_sc_hd__dfrtp_2)
                                         imem.address[0] (net)
                  0.07    0.00    0.35 ^ _221_/A (sky130_fd_sc_hd__buf_1)
    10    0.02    0.29    0.26    0.61 ^ _221_/X (sky130_fd_sc_hd__buf_1)
                                         _066_ (net)
                  0.29    0.00    0.61 ^ _222_/A (sky130_fd_sc_hd__buf_1)
     9    0.03    0.35    0.34    0.95 ^ _222_/X (sky130_fd_sc_hd__buf_1)
                                         _067_ (net)
                  0.35    0.00    0.95 ^ _223_/C (sky130_fd_sc_hd__and3_2)
     2    0.01    0.09    0.28    1.23 ^ _223_/X (sky130_fd_sc_hd__and3_2)
                                         _068_ (net)
                  0.09    0.00    1.23 ^ _226_/A (sky130_fd_sc_hd__nor2_2)
     1    0.00    0.03    0.04    1.27 v _226_/Y (sky130_fd_sc_hd__nor2_2)
                                         _029_ (net)
                  0.03    0.00    1.27 v _463_/D (sky130_fd_sc_hd__dfrtp_2)
                                  1.27   data arrival time

                  0.00   10.00   10.00   clock CLK100MHZ (rise edge)
                          0.00   10.00   clock network delay (ideal)
                         -0.20    9.80   clock uncertainty
                          0.00    9.80   clock reconvergence pessimism
                                  9.80 ^ _463_/CLK (sky130_fd_sc_hd__dfrtp_2)
                         -0.12    9.68   library setup time
                                  9.68   data required time
-----------------------------------------------------------------------------
                                  9.68   data required time
                                 -1.27   data arrival time
-----------------------------------------------------------------------------
                                  8.41   slack (MET)


Startpoint: _462_ (rising edge-triggered flip-flop clocked by CLK100MHZ)
Endpoint: _462_ (rising edge-triggered flip-flop clocked by CLK100MHZ)
Path Group: CLK100MHZ
Path Type: max

Fanout     Cap    Slew   Delay    Time   Description
-----------------------------------------------------------------------------
                  0.00    0.00    0.00   clock CLK100MHZ (rise edge)
                          0.00    0.00   clock network delay (ideal)
                  0.00    0.00    0.00 ^ _462_/CLK (sky130_fd_sc_hd__dfrtp_2)
     4    0.01    0.07    0.35    0.35 ^ _462_/Q (sky130_fd_sc_hd__dfrtp_2)
                                         imem.address[0] (net)
                  0.07    0.00    0.35 ^ _221_/A (sky130_fd_sc_hd__buf_1)
    10    0.02    0.29    0.26    0.61 ^ _221_/X (sky130_fd_sc_hd__buf_1)
                                         _066_ (net)
                  0.29    0.00    0.61 ^ _222_/A (sky130_fd_sc_hd__buf_1)
     9    0.03    0.35    0.34    0.95 ^ _222_/X (sky130_fd_sc_hd__buf_1)
                                         _067_ (net)
                  0.35    0.00    0.95 ^ _227_/B (sky130_fd_sc_hd__xor2_2)
     1    0.00    0.08    0.10    1.04 v _227_/X (sky130_fd_sc_hd__xor2_2)
                                         _028_ (net)
                  0.08    0.00    1.04 v _462_/D (sky130_fd_sc_hd__dfrtp_2)
                                  1.04   data arrival time

                  0.00   10.00   10.00   clock CLK100MHZ (rise edge)
                          0.00   10.00   clock network delay (ideal)
                         -0.20    9.80   clock uncertainty
                          0.00    9.80   clock reconvergence pessimism
                                  9.80 ^ _462_/CLK (sky130_fd_sc_hd__dfrtp_2)
                         -0.14    9.66   library setup time
                                  9.66   data required time
-----------------------------------------------------------------------------
                                  9.66   data required time
                                 -1.04   data arrival time
-----------------------------------------------------------------------------
                                  8.62   slack (MET)



worst slack corner Typical: 6.1428
max_report_end
checks_report

===========================================================================
report_checks -unconstrained
===========================================================================
======================= Typical Corner ===================================

Startpoint: _462_ (rising edge-triggered flip-flop clocked by CLK100MHZ)
Endpoint: _440_ (rising edge-triggered flip-flop clocked by CLK100MHZ)
Path Group: CLK100MHZ
Path Type: max

Fanout     Cap    Slew   Delay    Time   Description
-----------------------------------------------------------------------------
                  0.00    0.00    0.00   clock CLK100MHZ (rise edge)
                          0.00    0.00   clock network delay (ideal)
                  0.00    0.00    0.00 ^ _462_/CLK (sky130_fd_sc_hd__dfrtp_2)
     4    0.01    0.06    0.39    0.39 v _462_/Q (sky130_fd_sc_hd__dfrtp_2)
                                         imem.address[0] (net)
                  0.06    0.00    0.39 v _221_/A (sky130_fd_sc_hd__buf_1)
    10    0.02    0.13    0.18    0.57 v _221_/X (sky130_fd_sc_hd__buf_1)
                                         _066_ (net)
                  0.13    0.00    0.57 v _222_/A (sky130_fd_sc_hd__buf_1)
     9    0.03    0.16    0.23    0.80 v _222_/X (sky130_fd_sc_hd__buf_1)
                                         _067_ (net)
                  0.16    0.00    0.80 v _246_/C (sky130_fd_sc_hd__and3b_2)
     1    0.00    0.04    0.25    1.04 v _246_/X (sky130_fd_sc_hd__and3b_2)
                                         _088_ (net)
                  0.04    0.00    1.04 v _247_/A (sky130_fd_sc_hd__buf_1)
     7    0.02    0.11    0.15    1.19 v _247_/X (sky130_fd_sc_hd__buf_1)
                                         _089_ (net)
                  0.11    0.00    1.19 v _248_/B (sky130_fd_sc_hd__or2_2)
     1    0.00    0.05    0.28    1.48 v _248_/X (sky130_fd_sc_hd__or2_2)
                                         _090_ (net)
                  0.05    0.00    1.48 v _249_/A (sky130_fd_sc_hd__buf_1)
     5    0.01    0.08    0.13    1.61 v _249_/X (sky130_fd_sc_hd__buf_1)
                                         _091_ (net)
                  0.08    0.00    1.61 v _266_/A2 (sky130_fd_sc_hd__a21o_2)
     2    0.00    0.04    0.22    1.83 v _266_/X (sky130_fd_sc_hd__a21o_2)
                                         _108_ (net)
                  0.04    0.00    1.83 v _268_/B (sky130_fd_sc_hd__or3_2)
     2    0.01    0.09    0.46    2.29 v _268_/X (sky130_fd_sc_hd__or3_2)
                                         _110_ (net)
                  0.09    0.00    2.29 v _312_/A2 (sky130_fd_sc_hd__a21oi_2)
     3    0.01    0.17    0.21    2.50 ^ _312_/Y (sky130_fd_sc_hd__a21oi_2)
                                         _154_ (net)
                  0.17    0.00    2.50 ^ _319_/A2 (sky130_fd_sc_hd__o21ai_2)
     3    0.01    0.07    0.09    2.59 v _319_/Y (sky130_fd_sc_hd__o21ai_2)
                                         _161_ (net)
                  0.07    0.00    2.59 v _327_/A (sky130_fd_sc_hd__or2_2)
     1    0.00    0.05    0.29    2.88 v _327_/X (sky130_fd_sc_hd__or2_2)
                                         _169_ (net)
                  0.05    0.00    2.88 v _332_/A2 (sky130_fd_sc_hd__a32o_2)
     8    0.02    0.08    0.32    3.20 v _332_/X (sky130_fd_sc_hd__a32o_2)
                                         _174_ (net)
                  0.08    0.00    3.20 v _371_/A1 (sky130_fd_sc_hd__mux2_2)
     1    0.00    0.05    0.27    3.46 v _371_/X (sky130_fd_sc_hd__mux2_2)
                                         _203_ (net)
                  0.05    0.00    3.46 v _372_/A (sky130_fd_sc_hd__buf_1)
     1    0.00    0.02    0.08    3.54 v _372_/X (sky130_fd_sc_hd__buf_1)
                                         _006_ (net)
                  0.02    0.00    3.54 v _440_/D (sky130_fd_sc_hd__dfxtp_2)
                                  3.54   data arrival time

                  0.00   10.00   10.00   clock CLK100MHZ (rise edge)
                          0.00   10.00   clock network delay (ideal)
                         -0.20    9.80   clock uncertainty
                          0.00    9.80   clock reconvergence pessimism
                                  9.80 ^ _440_/CLK (sky130_fd_sc_hd__dfxtp_2)
                         -0.11    9.69   library setup time
                                  9.69   data required time
-----------------------------------------------------------------------------
                                  9.69   data required time
                                 -3.54   data arrival time
-----------------------------------------------------------------------------
                                  6.14   slack (MET)




===========================================================================
report_checks --slack_max -0.01
============================================================================
======================= Typical Corner ===================================

No paths found.


===========================================================================
 report_check_types -max_slew -max_cap -max_fanout -violators
============================================================================
======================= Typical Corner ===================================


max slew violations count Typical: 0
max fanout violations count Typical: 0
max cap violations count Typical: 0

===========================================================================
report_parasitic_annotation -report_unannotated
============================================================================
Found 261 unannotated drivers.
 BTNR
 BTNU
 CLK100MHZ
 _215_/X
 _216_/X
 _217_/X
 _218_/X
 _219_/X
 _220_/X
 _221_/X
 _222_/X
 _223_/X
 _224_/X
 _225_/Y
 _226_/Y
 _227_/X
 _228_/Y
 _229_/Y
 _230_/Y
 _231_/X
 _232_/X
 _233_/X
 _234_/X
 _235_/X
 _236_/X
 _237_/Y
 _238_/Y
 _239_/X
 _240_/X
 _241_/X
 _242_/X
 _243_/X
 _244_/X
 _245_/X
 _246_/X
 _247_/X
 _248_/X
 _249_/X
 _250_/Y
 _251_/Y
 _252_/X
 _253_/X
 _254_/Y
 _255_/X
 _256_/X
 _257_/Y
 _258_/X
 _259_/Y
 _260_/X
 _261_/Y
 _262_/Y
 _263_/X
 _264_/Y
 _265_/X
 _266_/X
 _267_/X
 _268_/X
 _269_/X
 _270_/X
 _271_/X
 _272_/Y
 _273_/X
 _274_/X
 _275_/X
 _276_/X
 _277_/X
 _278_/X
 _279_/Y
 _280_/Y
 _281_/X
 _282_/X
 _283_/X
 _284_/X
 _285_/X
 _286_/Y
 _287_/X
 _288_/X
 _289_/X
 _290_/X
 _291_/Y
 _292_/X
 _293_/X
 _294_/Y
 _295_/X
 _296_/X
 _297_/X
 _298_/X
 _299_/Y
 _300_/Y
 _301_/Y
 _302_/X
 _303_/X
 _304_/Y
 _305_/X
 _306_/X
 _307_/X
 _308_/X
 _309_/Y
 _310_/Y
 _311_/X
 _312_/Y
 _313_/X
 _314_/Y
 _315_/X
 _316_/Y
 _317_/Y
 _318_/X
 _319_/Y
 _320_/X
 _321_/X
 _322_/X
 _323_/Y
 _324_/X
 _325_/Y
 _326_/Y
 _327_/X
 _328_/Y
 _329_/Y
 _330_/X
 _331_/X
 _332_/X
 _333_/X
 _334_/X
 _335_/X
 _336_/Y
 _337_/X
 _338_/X
 _339_/X
 _340_/X
 _341_/Y
 _342_/X
 _343_/Y
 _344_/Y
 _345_/Y
 _346_/Y
 _347_/Y
 _348_/Y
 _349_/Y
 _350_/Y
 _351_/X
 _352_/Y
 _353_/Y
 _354_/Y
 _355_/X
 _356_/X
 _357_/X
 _358_/Y
 _359_/X
 _360_/Y
 _361_/X
 _362_/X
 _363_/X
 _364_/X
 _365_/X
 _366_/X
 _367_/X
 _368_/X
 _369_/X
 _370_/X
 _371_/X
 _372_/X
 _373_/Y
 _374_/Y
 _375_/X
 _376_/X
 _377_/X
 _378_/Y
 _379_/X
 _380_/X
 _381_/X
 _382_/Y
 _383_/X
 _384_/X
 _385_/X
 _386_/X
 _387_/X
 _388_/X
 _389_/X
 _390_/X
 _391_/X
 _392_/X
 _393_/X
 _394_/X
 _395_/X
 _396_/X
 _397_/X
 _398_/X
 _399_/X
 _400_/X
 _401_/X
 _402_/X
 _403_/X
 _404_/X
 _405_/X
 _406_/X
 _407_/X
 _408_/X
 _409_/X
 _410_/Y
 _411_/X
 _412_/X
 _413_/X
 _414_/X
 _415_/X
 _416_/X
 _417_/X
 _418_/X
 _419_/X
 _420_/X
 _421_/X
 _422_/X
 _423_/X
 _424_/X
 _425_/X
 _426_/X
 _427_/X
 _428_/X
 _429_/X
 _430_/X
 _431_/X
 _432_/X
 _433_/X
 _434_/Y
 _435_/Y
 _436_/Y
 _437_/Q
 _438_/Q
 _439_/Q
 _440_/Q
 _441_/Q
 _442_/Q
 _443_/Q
 _444_/Q
 _445_/Q
 _446_/Q
 _447_/Q
 _448_/Q
 _449_/Q
 _450_/Q
 _451_/Q
 _452_/Q
 _453_/Q
 _454_/Q
 _455_/Q
 _456_/Q
 _457_/Q
 _458_/Q
 _459_/Q
 _460_/Q
 _461_/Q
 _462_/Q
 _463_/Q
 _464_/Q
 _465_/HI
 _465_/LO
 _466_/HI
 _466_/LO
 _467_/HI
 _467_/LO
 _468_/HI
 _468_/LO
Found 0 partially unannotated drivers.

===========================================================================
max slew violation count 0
max fanout violation count 0
max cap violation count 0
============================================================================

===========================================================================
check_setup -verbose -unconstrained_endpoints -multiple_clock -no_clock -no_input_delay -loops -generated_clocks
===========================================================================
Warning: There are 2 input ports missing set_input_delay.
  BTNR
  BTNU
Warning: There are 11 unconstrained endpoints.
  an[0]
  an[1]
  an[2]
  an[3]
  seg[0]
  seg[1]
  seg[2]
  seg[3]
  seg[4]
  seg[5]
  seg[6]
checks_report_end
power_report

===========================================================================
 report_power
============================================================================
======================= Typical Corner ===================================

Group                  Internal  Switching    Leakage      Total
                          Power      Power      Power      Power (Watts)
----------------------------------------------------------------
Sequential             1.74e-04   2.01e-05   2.47e-10   1.94e-04  18.6%
Combinational          4.87e-04   3.63e-04   6.81e-10   8.50e-04  81.4%
Clock                  0.00e+00   0.00e+00   0.00e+00   0.00e+00   0.0%
Macro                  0.00e+00   0.00e+00   0.00e+00   0.00e+00   0.0%
Pad                    0.00e+00   0.00e+00   0.00e+00   0.00e+00   0.0%
----------------------------------------------------------------
Total                  6.61e-04   3.83e-04   9.29e-10   1.04e-03 100.0%
                          63.3%      36.7%       0.0%

power_report_end
skew_report

===========================================================================
report_clock_skew
============================================================================
Clock CLK100MHZ
Latency      CRPR       Skew
_437_/CLK ^
   0.00
_437_/CLK ^
   0.00      0.00       0.00

skew_report_end
summary_report

===========================================================================
report_tns
============================================================================
tns 0.00

===========================================================================
report_wns
============================================================================
wns 0.00

===========================================================================
report_worst_slack -max (Setup)
============================================================================
worst slack 6.14

===========================================================================
report_worst_slack -min (Hold)
============================================================================
worst slack 0.32
summary_report_end
check_nonpropagated_clocks
CLK100MHZ
check_nonpropagated_clocks_end
[WARNING] Did not save OpenROAD database!
Writing SDF to '/openlane/designs/lab5_v1/runs/RUN_2025.05.25_12.28.52/results/synthesis/top_module.sdf'…
