
===========================================================================
report_checks -path_delay max (Setup)
============================================================================
======================= Fastest Corner ===================================

Startpoint: _464_ (rising edge-triggered flip-flop clocked by CLK100MHZ)
Endpoint: _461_ (rising edge-triggered flip-flop clocked by CLK100MHZ)
Path Group: CLK100MHZ
Path Type: max
Corner: Fastest

Fanout     Cap    Slew   Delay    Time   Description
-----------------------------------------------------------------------------
                          0.00    0.00   clock CLK100MHZ (rise edge)
                          0.00    0.00   clock source latency
     1    0.03    0.00    0.00    0.00 ^ CLK100MHZ (in)
                                         CLK100MHZ (net)
                  0.00    0.00    0.00 ^ clkbuf_0_CLK100MHZ/A (sky130_fd_sc_hd__clkbuf_16)
     2    0.02    0.03    0.08    0.08 ^ clkbuf_0_CLK100MHZ/X (sky130_fd_sc_hd__clkbuf_16)
                                         clknet_0_CLK100MHZ (net)
                  0.03    0.00    0.08 ^ clkbuf_1_0__f_CLK100MHZ/A (sky130_fd_sc_hd__clkbuf_16)
    16    0.07    0.07    0.11    0.19 ^ clkbuf_1_0__f_CLK100MHZ/X (sky130_fd_sc_hd__clkbuf_16)
                                         clknet_1_0__leaf_CLK100MHZ (net)
                  0.07    0.00    0.19 ^ _464_/CLK (sky130_fd_sc_hd__dfrtp_1)
     3    0.03    0.19    0.32    0.52 ^ _464_/Q (sky130_fd_sc_hd__dfrtp_1)
                                         imem.address[2] (net)
                  0.19    0.00    0.52 ^ _215_/A (sky130_fd_sc_hd__clkbuf_4)
    10    0.06    0.15    0.21    0.73 ^ _215_/X (sky130_fd_sc_hd__clkbuf_4)
                                         _060_ (net)
                  0.15    0.00    0.73 ^ _216_/A (sky130_fd_sc_hd__clkbuf_2)
     5    0.05    0.19    0.20    0.93 ^ _216_/X (sky130_fd_sc_hd__clkbuf_2)
                                         _061_ (net)
                  0.19    0.00    0.93 ^ _246_/A_N (sky130_fd_sc_hd__and3b_1)
     1    0.01    0.05    0.15    1.08 v _246_/X (sky130_fd_sc_hd__and3b_1)
                                         _088_ (net)
                  0.05    0.00    1.08 v _247_/A (sky130_fd_sc_hd__buf_2)
     7    0.06    0.10    0.15    1.23 v _247_/X (sky130_fd_sc_hd__buf_2)
                                         _089_ (net)
                  0.11    0.01    1.24 v _248_/B (sky130_fd_sc_hd__or2_1)
     1    0.01    0.05    0.17    1.41 v _248_/X (sky130_fd_sc_hd__or2_1)
                                         _090_ (net)
                  0.05    0.00    1.41 v _249_/A (sky130_fd_sc_hd__clkbuf_2)
     5    0.04    0.12    0.15    1.56 v _249_/X (sky130_fd_sc_hd__clkbuf_2)
                                         _091_ (net)
                  0.12    0.00    1.57 v _266_/A2 (sky130_fd_sc_hd__a21o_1)
     2    0.02    0.07    0.19    1.76 v _266_/X (sky130_fd_sc_hd__a21o_1)
                                         _108_ (net)
                  0.07    0.00    1.76 v _268_/B (sky130_fd_sc_hd__or3_2)
     2    0.02    0.09    0.32    2.08 v _268_/X (sky130_fd_sc_hd__or3_2)
                                         _110_ (net)
                  0.09    0.00    2.08 v _312_/A2 (sky130_fd_sc_hd__a21oi_2)
     3    0.02    0.22    0.22    2.30 ^ _312_/Y (sky130_fd_sc_hd__a21oi_2)
                                         _154_ (net)
                  0.22    0.00    2.30 ^ _319_/A2 (sky130_fd_sc_hd__o21ai_2)
     3    0.03    0.11    0.10    2.40 v _319_/Y (sky130_fd_sc_hd__o21ai_2)
                                         _161_ (net)
                  0.11    0.00    2.41 v _373_/A1 (sky130_fd_sc_hd__a21oi_2)
     3    0.04    0.36    0.32    2.73 ^ _373_/Y (sky130_fd_sc_hd__a21oi_2)
                                         _204_ (net)
                  0.36    0.00    2.73 ^ _380_/A_N (sky130_fd_sc_hd__and2b_1)
     1    0.02    0.06    0.16    2.89 v _380_/X (sky130_fd_sc_hd__and2b_1)
                                         _211_ (net)
                  0.06    0.00    2.89 v _382_/A (sky130_fd_sc_hd__nor2_1)
     4    0.04    0.45    0.36    3.25 ^ _382_/Y (sky130_fd_sc_hd__nor2_1)
                                         _213_ (net)
                  0.45    0.00    3.25 ^ _432_/A1 (sky130_fd_sc_hd__mux2_1)
     1    0.02    0.15    0.19    3.44 ^ _432_/X (sky130_fd_sc_hd__mux2_1)
                                         _059_ (net)
                  0.15    0.00    3.45 ^ _433_/A (sky130_fd_sc_hd__buf_1)
     1    0.02    0.17    0.16    3.60 ^ _433_/X (sky130_fd_sc_hd__buf_1)
                                         _027_ (net)
                  0.17    0.00    3.61 ^ _461_/D (sky130_fd_sc_hd__dfxtp_1)
                                  3.61   data arrival time

                         10.00   10.00   clock CLK100MHZ (rise edge)
                          0.00   10.00   clock source latency
     1    0.03    0.00    0.00   10.00 ^ CLK100MHZ (in)
                                         CLK100MHZ (net)
                  0.00    0.00   10.00 ^ clkbuf_0_CLK100MHZ/A (sky130_fd_sc_hd__clkbuf_16)
     2    0.02    0.03    0.08   10.08 ^ clkbuf_0_CLK100MHZ/X (sky130_fd_sc_hd__clkbuf_16)
                                         clknet_0_CLK100MHZ (net)
                  0.03    0.00   10.08 ^ clkbuf_1_0__f_CLK100MHZ/A (sky130_fd_sc_hd__clkbuf_16)
    16    0.07    0.07    0.11   10.19 ^ clkbuf_1_0__f_CLK100MHZ/X (sky130_fd_sc_hd__clkbuf_16)
                                         clknet_1_0__leaf_CLK100MHZ (net)
                  0.07    0.01   10.20 ^ _461_/CLK (sky130_fd_sc_hd__dfxtp_1)
                         -0.20   10.00   clock uncertainty
                          0.00   10.00   clock reconvergence pessimism
                         -0.04    9.95   library setup time
                                  9.95   data required time
-----------------------------------------------------------------------------
                                  9.95   data required time
                                 -3.61   data arrival time
-----------------------------------------------------------------------------
                                  6.35   slack (MET)


Startpoint: _464_ (rising edge-triggered flip-flop clocked by CLK100MHZ)
Endpoint: _441_ (rising edge-triggered flip-flop clocked by CLK100MHZ)
Path Group: CLK100MHZ
Path Type: max
Corner: Fastest

Fanout     Cap    Slew   Delay    Time   Description
-----------------------------------------------------------------------------
                          0.00    0.00   clock CLK100MHZ (rise edge)
                          0.00    0.00   clock source latency
     1    0.03    0.00    0.00    0.00 ^ CLK100MHZ (in)
                                         CLK100MHZ (net)
                  0.00    0.00    0.00 ^ clkbuf_0_CLK100MHZ/A (sky130_fd_sc_hd__clkbuf_16)
     2    0.02    0.03    0.08    0.08 ^ clkbuf_0_CLK100MHZ/X (sky130_fd_sc_hd__clkbuf_16)
                                         clknet_0_CLK100MHZ (net)
                  0.03    0.00    0.08 ^ clkbuf_1_0__f_CLK100MHZ/A (sky130_fd_sc_hd__clkbuf_16)
    16    0.07    0.07    0.11    0.19 ^ clkbuf_1_0__f_CLK100MHZ/X (sky130_fd_sc_hd__clkbuf_16)
                                         clknet_1_0__leaf_CLK100MHZ (net)
                  0.07    0.00    0.19 ^ _464_/CLK (sky130_fd_sc_hd__dfrtp_1)
     3    0.03    0.19    0.32    0.52 ^ _464_/Q (sky130_fd_sc_hd__dfrtp_1)
                                         imem.address[2] (net)
                  0.19    0.00    0.52 ^ _215_/A (sky130_fd_sc_hd__clkbuf_4)
    10    0.06    0.15    0.21    0.73 ^ _215_/X (sky130_fd_sc_hd__clkbuf_4)
                                         _060_ (net)
                  0.15    0.00    0.73 ^ _216_/A (sky130_fd_sc_hd__clkbuf_2)
     5    0.05    0.19    0.20    0.93 ^ _216_/X (sky130_fd_sc_hd__clkbuf_2)
                                         _061_ (net)
                  0.19    0.00    0.93 ^ _246_/A_N (sky130_fd_sc_hd__and3b_1)
     1    0.01    0.05    0.15    1.08 v _246_/X (sky130_fd_sc_hd__and3b_1)
                                         _088_ (net)
                  0.05    0.00    1.08 v _247_/A (sky130_fd_sc_hd__buf_2)
     7    0.06    0.10    0.15    1.23 v _247_/X (sky130_fd_sc_hd__buf_2)
                                         _089_ (net)
                  0.11    0.01    1.24 v _248_/B (sky130_fd_sc_hd__or2_1)
     1    0.01    0.05    0.17    1.41 v _248_/X (sky130_fd_sc_hd__or2_1)
                                         _090_ (net)
                  0.05    0.00    1.41 v _249_/A (sky130_fd_sc_hd__clkbuf_2)
     5    0.04    0.12    0.15    1.56 v _249_/X (sky130_fd_sc_hd__clkbuf_2)
                                         _091_ (net)
                  0.12    0.00    1.57 v _266_/A2 (sky130_fd_sc_hd__a21o_1)
     2    0.02    0.07    0.19    1.76 v _266_/X (sky130_fd_sc_hd__a21o_1)
                                         _108_ (net)
                  0.07    0.00    1.76 v _268_/B (sky130_fd_sc_hd__or3_2)
     2    0.02    0.09    0.32    2.08 v _268_/X (sky130_fd_sc_hd__or3_2)
                                         _110_ (net)
                  0.09    0.00    2.08 v _312_/A2 (sky130_fd_sc_hd__a21oi_2)
     3    0.02    0.22    0.22    2.30 ^ _312_/Y (sky130_fd_sc_hd__a21oi_2)
                                         _154_ (net)
                  0.22    0.00    2.30 ^ _319_/A2 (sky130_fd_sc_hd__o21ai_2)
     3    0.03    0.11    0.10    2.40 v _319_/Y (sky130_fd_sc_hd__o21ai_2)
                                         _161_ (net)
                  0.11    0.00    2.41 v _373_/A1 (sky130_fd_sc_hd__a21oi_2)
     3    0.04    0.36    0.32    2.73 ^ _373_/Y (sky130_fd_sc_hd__a21oi_2)
                                         _204_ (net)
                  0.36    0.00    2.73 ^ _380_/A_N (sky130_fd_sc_hd__and2b_1)
     1    0.02    0.06    0.16    2.89 v _380_/X (sky130_fd_sc_hd__and2b_1)
                                         _211_ (net)
                  0.06    0.00    2.89 v _382_/A (sky130_fd_sc_hd__nor2_1)
     4    0.04    0.45    0.36    3.25 ^ _382_/Y (sky130_fd_sc_hd__nor2_1)
                                         _213_ (net)
                  0.45    0.00    3.25 ^ _383_/A1 (sky130_fd_sc_hd__mux2_1)
     1    0.01    0.11    0.16    3.41 ^ _383_/X (sky130_fd_sc_hd__mux2_1)
                                         _214_ (net)
                  0.11    0.00    3.41 ^ _384_/A (sky130_fd_sc_hd__buf_1)
     1    0.02    0.17    0.16    3.57 ^ _384_/X (sky130_fd_sc_hd__buf_1)
                                         _007_ (net)
                  0.17    0.00    3.57 ^ _441_/D (sky130_fd_sc_hd__dfxtp_1)
                                  3.57   data arrival time

                         10.00   10.00   clock CLK100MHZ (rise edge)
                          0.00   10.00   clock source latency
     1    0.03    0.00    0.00   10.00 ^ CLK100MHZ (in)
                                         CLK100MHZ (net)
                  0.00    0.00   10.00 ^ clkbuf_0_CLK100MHZ/A (sky130_fd_sc_hd__clkbuf_16)
     2    0.02    0.03    0.08   10.08 ^ clkbuf_0_CLK100MHZ/X (sky130_fd_sc_hd__clkbuf_16)
                                         clknet_0_CLK100MHZ (net)
                  0.03    0.00   10.08 ^ clkbuf_1_0__f_CLK100MHZ/A (sky130_fd_sc_hd__clkbuf_16)
    16    0.07    0.07    0.11   10.19 ^ clkbuf_1_0__f_CLK100MHZ/X (sky130_fd_sc_hd__clkbuf_16)
                                         clknet_1_0__leaf_CLK100MHZ (net)
                  0.07    0.00   10.19 ^ _441_/CLK (sky130_fd_sc_hd__dfxtp_1)
                         -0.20    9.99   clock uncertainty
                          0.00    9.99   clock reconvergence pessimism
                         -0.04    9.95   library setup time
                                  9.95   data required time
-----------------------------------------------------------------------------
                                  9.95   data required time
                                 -3.57   data arrival time
-----------------------------------------------------------------------------
                                  6.38   slack (MET)


Startpoint: _464_ (rising edge-triggered flip-flop clocked by CLK100MHZ)
Endpoint: _446_ (rising edge-triggered flip-flop clocked by CLK100MHZ)
Path Group: CLK100MHZ
Path Type: max
Corner: Fastest

Fanout     Cap    Slew   Delay    Time   Description
-----------------------------------------------------------------------------
                          0.00    0.00   clock CLK100MHZ (rise edge)
                          0.00    0.00   clock source latency
     1    0.03    0.00    0.00    0.00 ^ CLK100MHZ (in)
                                         CLK100MHZ (net)
                  0.00    0.00    0.00 ^ clkbuf_0_CLK100MHZ/A (sky130_fd_sc_hd__clkbuf_16)
     2    0.02    0.03    0.08    0.08 ^ clkbuf_0_CLK100MHZ/X (sky130_fd_sc_hd__clkbuf_16)
                                         clknet_0_CLK100MHZ (net)
                  0.03    0.00    0.08 ^ clkbuf_1_0__f_CLK100MHZ/A (sky130_fd_sc_hd__clkbuf_16)
    16    0.07    0.07    0.11    0.19 ^ clkbuf_1_0__f_CLK100MHZ/X (sky130_fd_sc_hd__clkbuf_16)
                                         clknet_1_0__leaf_CLK100MHZ (net)
                  0.07    0.00    0.19 ^ _464_/CLK (sky130_fd_sc_hd__dfrtp_1)
     3    0.03    0.19    0.32    0.52 ^ _464_/Q (sky130_fd_sc_hd__dfrtp_1)
                                         imem.address[2] (net)
                  0.19    0.00    0.52 ^ _215_/A (sky130_fd_sc_hd__clkbuf_4)
    10    0.06    0.15    0.21    0.73 ^ _215_/X (sky130_fd_sc_hd__clkbuf_4)
                                         _060_ (net)
                  0.15    0.00    0.73 ^ _216_/A (sky130_fd_sc_hd__clkbuf_2)
     5    0.05    0.19    0.20    0.93 ^ _216_/X (sky130_fd_sc_hd__clkbuf_2)
                                         _061_ (net)
                  0.19    0.00    0.93 ^ _246_/A_N (sky130_fd_sc_hd__and3b_1)
     1    0.01    0.05    0.15    1.08 v _246_/X (sky130_fd_sc_hd__and3b_1)
                                         _088_ (net)
                  0.05    0.00    1.08 v _247_/A (sky130_fd_sc_hd__buf_2)
     7    0.06    0.10    0.15    1.23 v _247_/X (sky130_fd_sc_hd__buf_2)
                                         _089_ (net)
                  0.11    0.01    1.24 v _248_/B (sky130_fd_sc_hd__or2_1)
     1    0.01    0.05    0.17    1.41 v _248_/X (sky130_fd_sc_hd__or2_1)
                                         _090_ (net)
                  0.05    0.00    1.41 v _249_/A (sky130_fd_sc_hd__clkbuf_2)
     5    0.04    0.12    0.15    1.56 v _249_/X (sky130_fd_sc_hd__clkbuf_2)
                                         _091_ (net)
                  0.12    0.00    1.57 v _266_/A2 (sky130_fd_sc_hd__a21o_1)
     2    0.02    0.07    0.19    1.76 v _266_/X (sky130_fd_sc_hd__a21o_1)
                                         _108_ (net)
                  0.07    0.00    1.76 v _268_/B (sky130_fd_sc_hd__or3_2)
     2    0.02    0.09    0.32    2.08 v _268_/X (sky130_fd_sc_hd__or3_2)
                                         _110_ (net)
                  0.09    0.00    2.08 v _312_/A2 (sky130_fd_sc_hd__a21oi_2)
     3    0.02    0.22    0.22    2.30 ^ _312_/Y (sky130_fd_sc_hd__a21oi_2)
                                         _154_ (net)
                  0.22    0.00    2.30 ^ _319_/A2 (sky130_fd_sc_hd__o21ai_2)
     3    0.03    0.11    0.10    2.40 v _319_/Y (sky130_fd_sc_hd__o21ai_2)
                                         _161_ (net)
                  0.11    0.00    2.41 v _373_/A1 (sky130_fd_sc_hd__a21oi_2)
     3    0.04    0.36    0.32    2.73 ^ _373_/Y (sky130_fd_sc_hd__a21oi_2)
                                         _204_ (net)
                  0.36    0.00    2.73 ^ _380_/A_N (sky130_fd_sc_hd__and2b_1)
     1    0.02    0.06    0.16    2.89 v _380_/X (sky130_fd_sc_hd__and2b_1)
                                         _211_ (net)
                  0.06    0.00    2.89 v _382_/A (sky130_fd_sc_hd__nor2_1)
     4    0.04    0.45    0.36    3.25 ^ _382_/Y (sky130_fd_sc_hd__nor2_1)
                                         _213_ (net)
                  0.45    0.00    3.25 ^ _395_/A1 (sky130_fd_sc_hd__mux2_1)
     1    0.01    0.10    0.16    3.41 ^ _395_/X (sky130_fd_sc_hd__mux2_1)
                                         _037_ (net)
                  0.10    0.00    3.41 ^ _396_/A (sky130_fd_sc_hd__clkbuf_1)
     1    0.01    0.11    0.11    3.52 ^ _396_/X (sky130_fd_sc_hd__clkbuf_1)
                                         _012_ (net)
                  0.11    0.00    3.52 ^ _446_/D (sky130_fd_sc_hd__dfxtp_1)
                                  3.52   data arrival time

                         10.00   10.00   clock CLK100MHZ (rise edge)
                          0.00   10.00   clock source latency
     1    0.03    0.00    0.00   10.00 ^ CLK100MHZ (in)
                                         CLK100MHZ (net)
                  0.00    0.00   10.00 ^ clkbuf_0_CLK100MHZ/A (sky130_fd_sc_hd__clkbuf_16)
     2    0.02    0.03    0.08   10.08 ^ clkbuf_0_CLK100MHZ/X (sky130_fd_sc_hd__clkbuf_16)
                                         clknet_0_CLK100MHZ (net)
                  0.03    0.00   10.08 ^ clkbuf_1_1__f_CLK100MHZ/A (sky130_fd_sc_hd__clkbuf_16)
    13    0.06    0.06    0.11   10.19 ^ clkbuf_1_1__f_CLK100MHZ/X (sky130_fd_sc_hd__clkbuf_16)
                                         clknet_1_1__leaf_CLK100MHZ (net)
                  0.06    0.00   10.19 ^ _446_/CLK (sky130_fd_sc_hd__dfxtp_1)
                         -0.20    9.99   clock uncertainty
                          0.00    9.99   clock reconvergence pessimism
                         -0.03    9.96   library setup time
                                  9.96   data required time
-----------------------------------------------------------------------------
                                  9.96   data required time
                                 -3.52   data arrival time
-----------------------------------------------------------------------------
                                  6.43   slack (MET)


Startpoint: _464_ (rising edge-triggered flip-flop clocked by CLK100MHZ)
Endpoint: _451_ (rising edge-triggered flip-flop clocked by CLK100MHZ)
Path Group: CLK100MHZ
Path Type: max
Corner: Fastest

Fanout     Cap    Slew   Delay    Time   Description
-----------------------------------------------------------------------------
                          0.00    0.00   clock CLK100MHZ (rise edge)
                          0.00    0.00   clock source latency
     1    0.03    0.00    0.00    0.00 ^ CLK100MHZ (in)
                                         CLK100MHZ (net)
                  0.00    0.00    0.00 ^ clkbuf_0_CLK100MHZ/A (sky130_fd_sc_hd__clkbuf_16)
     2    0.02    0.03    0.08    0.08 ^ clkbuf_0_CLK100MHZ/X (sky130_fd_sc_hd__clkbuf_16)
                                         clknet_0_CLK100MHZ (net)
                  0.03    0.00    0.08 ^ clkbuf_1_0__f_CLK100MHZ/A (sky130_fd_sc_hd__clkbuf_16)
    16    0.07    0.07    0.11    0.19 ^ clkbuf_1_0__f_CLK100MHZ/X (sky130_fd_sc_hd__clkbuf_16)
                                         clknet_1_0__leaf_CLK100MHZ (net)
                  0.07    0.00    0.19 ^ _464_/CLK (sky130_fd_sc_hd__dfrtp_1)
     3    0.03    0.19    0.32    0.52 ^ _464_/Q (sky130_fd_sc_hd__dfrtp_1)
                                         imem.address[2] (net)
                  0.19    0.00    0.52 ^ _215_/A (sky130_fd_sc_hd__clkbuf_4)
    10    0.06    0.15    0.21    0.73 ^ _215_/X (sky130_fd_sc_hd__clkbuf_4)
                                         _060_ (net)
                  0.15    0.00    0.73 ^ _216_/A (sky130_fd_sc_hd__clkbuf_2)
     5    0.05    0.19    0.20    0.93 ^ _216_/X (sky130_fd_sc_hd__clkbuf_2)
                                         _061_ (net)
                  0.19    0.00    0.93 ^ _246_/A_N (sky130_fd_sc_hd__and3b_1)
     1    0.01    0.05    0.15    1.08 v _246_/X (sky130_fd_sc_hd__and3b_1)
                                         _088_ (net)
                  0.05    0.00    1.08 v _247_/A (sky130_fd_sc_hd__buf_2)
     7    0.06    0.10    0.15    1.23 v _247_/X (sky130_fd_sc_hd__buf_2)
                                         _089_ (net)
                  0.11    0.01    1.24 v _248_/B (sky130_fd_sc_hd__or2_1)
     1    0.01    0.05    0.17    1.41 v _248_/X (sky130_fd_sc_hd__or2_1)
                                         _090_ (net)
                  0.05    0.00    1.41 v _249_/A (sky130_fd_sc_hd__clkbuf_2)
     5    0.04    0.12    0.15    1.56 v _249_/X (sky130_fd_sc_hd__clkbuf_2)
                                         _091_ (net)
                  0.12    0.00    1.57 v _266_/A2 (sky130_fd_sc_hd__a21o_1)
     2    0.02    0.07    0.19    1.76 v _266_/X (sky130_fd_sc_hd__a21o_1)
                                         _108_ (net)
                  0.07    0.00    1.76 v _268_/B (sky130_fd_sc_hd__or3_2)
     2    0.02    0.09    0.32    2.08 v _268_/X (sky130_fd_sc_hd__or3_2)
                                         _110_ (net)
                  0.09    0.00    2.08 v _312_/A2 (sky130_fd_sc_hd__a21oi_2)
     3    0.02    0.22    0.22    2.30 ^ _312_/Y (sky130_fd_sc_hd__a21oi_2)
                                         _154_ (net)
                  0.22    0.00    2.30 ^ _319_/A2 (sky130_fd_sc_hd__o21ai_2)
     3    0.03    0.11    0.10    2.40 v _319_/Y (sky130_fd_sc_hd__o21ai_2)
                                         _161_ (net)
                  0.11    0.00    2.41 v _373_/A1 (sky130_fd_sc_hd__a21oi_2)
     3    0.04    0.36    0.32    2.73 ^ _373_/Y (sky130_fd_sc_hd__a21oi_2)
                                         _204_ (net)
                  0.36    0.00    2.73 ^ _380_/A_N (sky130_fd_sc_hd__and2b_1)
     1    0.02    0.06    0.16    2.89 v _380_/X (sky130_fd_sc_hd__and2b_1)
                                         _211_ (net)
                  0.06    0.00    2.89 v _382_/A (sky130_fd_sc_hd__nor2_1)
     4    0.04    0.45    0.36    3.25 ^ _382_/Y (sky130_fd_sc_hd__nor2_1)
                                         _213_ (net)
                  0.45    0.00    3.25 ^ _408_/A0 (sky130_fd_sc_hd__mux2_1)
     1    0.01    0.07    0.13    3.38 ^ _408_/X (sky130_fd_sc_hd__mux2_1)
                                         _045_ (net)
                  0.07    0.00    3.38 ^ _409_/A (sky130_fd_sc_hd__clkbuf_1)
     1    0.01    0.09    0.10    3.48 ^ _409_/X (sky130_fd_sc_hd__clkbuf_1)
                                         _017_ (net)
                  0.09    0.00    3.48 ^ _451_/D (sky130_fd_sc_hd__dfxtp_1)
                                  3.48   data arrival time

                         10.00   10.00   clock CLK100MHZ (rise edge)
                          0.00   10.00   clock source latency
     1    0.03    0.00    0.00   10.00 ^ CLK100MHZ (in)
                                         CLK100MHZ (net)
                  0.00    0.00   10.00 ^ clkbuf_0_CLK100MHZ/A (sky130_fd_sc_hd__clkbuf_16)
     2    0.02    0.03    0.08   10.08 ^ clkbuf_0_CLK100MHZ/X (sky130_fd_sc_hd__clkbuf_16)
                                         clknet_0_CLK100MHZ (net)
                  0.03    0.00   10.08 ^ clkbuf_1_0__f_CLK100MHZ/A (sky130_fd_sc_hd__clkbuf_16)
    16    0.07    0.07    0.11   10.19 ^ clkbuf_1_0__f_CLK100MHZ/X (sky130_fd_sc_hd__clkbuf_16)
                                         clknet_1_0__leaf_CLK100MHZ (net)
                  0.07    0.00   10.19 ^ _451_/CLK (sky130_fd_sc_hd__dfxtp_1)
                         -0.20    9.99   clock uncertainty
                          0.00    9.99   clock reconvergence pessimism
                         -0.03    9.96   library setup time
                                  9.96   data required time
-----------------------------------------------------------------------------
                                  9.96   data required time
                                 -3.48   data arrival time
-----------------------------------------------------------------------------
                                  6.48   slack (MET)


Startpoint: _464_ (rising edge-triggered flip-flop clocked by CLK100MHZ)
Endpoint: _445_ (rising edge-triggered flip-flop clocked by CLK100MHZ)
Path Group: CLK100MHZ
Path Type: max
Corner: Fastest

Fanout     Cap    Slew   Delay    Time   Description
-----------------------------------------------------------------------------
                          0.00    0.00   clock CLK100MHZ (rise edge)
                          0.00    0.00   clock source latency
     1    0.03    0.00    0.00    0.00 ^ CLK100MHZ (in)
                                         CLK100MHZ (net)
                  0.00    0.00    0.00 ^ clkbuf_0_CLK100MHZ/A (sky130_fd_sc_hd__clkbuf_16)
     2    0.02    0.03    0.08    0.08 ^ clkbuf_0_CLK100MHZ/X (sky130_fd_sc_hd__clkbuf_16)
                                         clknet_0_CLK100MHZ (net)
                  0.03    0.00    0.08 ^ clkbuf_1_0__f_CLK100MHZ/A (sky130_fd_sc_hd__clkbuf_16)
    16    0.07    0.07    0.11    0.19 ^ clkbuf_1_0__f_CLK100MHZ/X (sky130_fd_sc_hd__clkbuf_16)
                                         clknet_1_0__leaf_CLK100MHZ (net)
                  0.07    0.00    0.19 ^ _464_/CLK (sky130_fd_sc_hd__dfrtp_1)
     3    0.03    0.10    0.30    0.50 v _464_/Q (sky130_fd_sc_hd__dfrtp_1)
                                         imem.address[2] (net)
                  0.10    0.00    0.50 v _215_/A (sky130_fd_sc_hd__clkbuf_4)
    10    0.06    0.09    0.18    0.68 v _215_/X (sky130_fd_sc_hd__clkbuf_4)
                                         _060_ (net)
                  0.09    0.01    0.69 v _235_/A_N (sky130_fd_sc_hd__and2b_1)
     1    0.02    0.14    0.21    0.90 ^ _235_/X (sky130_fd_sc_hd__and2b_1)
                                         _077_ (net)
                  0.14    0.00    0.90 ^ _236_/A (sky130_fd_sc_hd__clkbuf_2)
     4    0.05    0.22    0.22    1.12 ^ _236_/X (sky130_fd_sc_hd__clkbuf_2)
                                         _078_ (net)
                  0.22    0.01    1.13 ^ _237_/B (sky130_fd_sc_hd__nand2_1)
     1    0.02    0.12    0.13    1.25 v _237_/Y (sky130_fd_sc_hd__nand2_1)
                                         _079_ (net)
                  0.12    0.00    1.26 v _239_/A3 (sky130_fd_sc_hd__a31o_2)
     5    0.04    0.09    0.25    1.51 v _239_/X (sky130_fd_sc_hd__a31o_2)
                                         _081_ (net)
                  0.09    0.00    1.51 v _240_/A (sky130_fd_sc_hd__buf_1)
     3    0.02    0.09    0.14    1.65 v _240_/X (sky130_fd_sc_hd__buf_1)
                                         _082_ (net)
                  0.09    0.00    1.65 v _241_/A (sky130_fd_sc_hd__dlymetal6s2s_1)
     3    0.04    0.13    0.20    1.84 v _241_/X (sky130_fd_sc_hd__dlymetal6s2s_1)
                                         _083_ (net)
                  0.13    0.01    1.85 v _242_/A (sky130_fd_sc_hd__buf_1)
     2    0.03    0.13    0.18    2.03 v _242_/X (sky130_fd_sc_hd__buf_1)
                                         _084_ (net)
                  0.13    0.00    2.03 v _254_/A (sky130_fd_sc_hd__nor2_2)
     3    0.04    0.31    0.29    2.32 ^ _254_/Y (sky130_fd_sc_hd__nor2_2)
                                         _096_ (net)
                  0.31    0.00    2.33 ^ _280_/B1 (sky130_fd_sc_hd__a21oi_1)
     2    0.01    0.11    0.08    2.40 v _280_/Y (sky130_fd_sc_hd__a21oi_1)
                                         _122_ (net)
                  0.11    0.00    2.40 v _331_/A0 (sky130_fd_sc_hd__mux2_1)
     1    0.03    0.13    0.27    2.67 v _331_/X (sky130_fd_sc_hd__mux2_1)
                                         _173_ (net)
                  0.13    0.00    2.68 v _332_/B2 (sky130_fd_sc_hd__a32o_4)
     8    0.06    0.08    0.20    2.87 v _332_/X (sky130_fd_sc_hd__a32o_4)
                                         _174_ (net)
                  0.08    0.00    2.88 v _393_/A1 (sky130_fd_sc_hd__mux2_1)
     1    0.01    0.08    0.21    3.09 v _393_/X (sky130_fd_sc_hd__mux2_1)
                                         _036_ (net)
                  0.08    0.00    3.09 v _394_/A (sky130_fd_sc_hd__buf_1)
     1    0.03    0.14    0.16    3.25 v _394_/X (sky130_fd_sc_hd__buf_1)
                                         _011_ (net)
                  0.14    0.01    3.26 v _445_/D (sky130_fd_sc_hd__dfxtp_1)
                                  3.26   data arrival time

                         10.00   10.00   clock CLK100MHZ (rise edge)
                          0.00   10.00   clock source latency
     1    0.03    0.00    0.00   10.00 ^ CLK100MHZ (in)
                                         CLK100MHZ (net)
                  0.00    0.00   10.00 ^ clkbuf_0_CLK100MHZ/A (sky130_fd_sc_hd__clkbuf_16)
     2    0.02    0.03    0.08   10.08 ^ clkbuf_0_CLK100MHZ/X (sky130_fd_sc_hd__clkbuf_16)
                                         clknet_0_CLK100MHZ (net)
                  0.03    0.00   10.08 ^ clkbuf_1_1__f_CLK100MHZ/A (sky130_fd_sc_hd__clkbuf_16)
    13    0.06    0.06    0.11   10.19 ^ clkbuf_1_1__f_CLK100MHZ/X (sky130_fd_sc_hd__clkbuf_16)
                                         clknet_1_1__leaf_CLK100MHZ (net)
                  0.06    0.00   10.19 ^ _445_/CLK (sky130_fd_sc_hd__dfxtp_1)
                         -0.20    9.99   clock uncertainty
                          0.00    9.99   clock reconvergence pessimism
                         -0.10    9.89   library setup time
                                  9.89   data required time
-----------------------------------------------------------------------------
                                  9.89   data required time
                                 -3.26   data arrival time
-----------------------------------------------------------------------------
                                  6.63   slack (MET)


Startpoint: _464_ (rising edge-triggered flip-flop clocked by CLK100MHZ)
Endpoint: _440_ (rising edge-triggered flip-flop clocked by CLK100MHZ)
Path Group: CLK100MHZ
Path Type: max
Corner: Fastest

Fanout     Cap    Slew   Delay    Time   Description
-----------------------------------------------------------------------------
                          0.00    0.00   clock CLK100MHZ (rise edge)
                          0.00    0.00   clock source latency
     1    0.03    0.00    0.00    0.00 ^ CLK100MHZ (in)
                                         CLK100MHZ (net)
                  0.00    0.00    0.00 ^ clkbuf_0_CLK100MHZ/A (sky130_fd_sc_hd__clkbuf_16)
     2    0.02    0.03    0.08    0.08 ^ clkbuf_0_CLK100MHZ/X (sky130_fd_sc_hd__clkbuf_16)
                                         clknet_0_CLK100MHZ (net)
                  0.03    0.00    0.08 ^ clkbuf_1_0__f_CLK100MHZ/A (sky130_fd_sc_hd__clkbuf_16)
    16    0.07    0.07    0.11    0.19 ^ clkbuf_1_0__f_CLK100MHZ/X (sky130_fd_sc_hd__clkbuf_16)
                                         clknet_1_0__leaf_CLK100MHZ (net)
                  0.07    0.00    0.19 ^ _464_/CLK (sky130_fd_sc_hd__dfrtp_1)
     3    0.03    0.10    0.30    0.50 v _464_/Q (sky130_fd_sc_hd__dfrtp_1)
                                         imem.address[2] (net)
                  0.10    0.00    0.50 v _215_/A (sky130_fd_sc_hd__clkbuf_4)
    10    0.06    0.09    0.18    0.68 v _215_/X (sky130_fd_sc_hd__clkbuf_4)
                                         _060_ (net)
                  0.09    0.01    0.69 v _235_/A_N (sky130_fd_sc_hd__and2b_1)
     1    0.02    0.14    0.21    0.90 ^ _235_/X (sky130_fd_sc_hd__and2b_1)
                                         _077_ (net)
                  0.14    0.00    0.90 ^ _236_/A (sky130_fd_sc_hd__clkbuf_2)
     4    0.05    0.22    0.22    1.12 ^ _236_/X (sky130_fd_sc_hd__clkbuf_2)
                                         _078_ (net)
                  0.22    0.01    1.13 ^ _237_/B (sky130_fd_sc_hd__nand2_1)
     1    0.02    0.12    0.13    1.25 v _237_/Y (sky130_fd_sc_hd__nand2_1)
                                         _079_ (net)
                  0.12    0.00    1.26 v _239_/A3 (sky130_fd_sc_hd__a31o_2)
     5    0.04    0.09    0.25    1.51 v _239_/X (sky130_fd_sc_hd__a31o_2)
                                         _081_ (net)
                  0.09    0.00    1.51 v _240_/A (sky130_fd_sc_hd__buf_1)
     3    0.02    0.09    0.14    1.65 v _240_/X (sky130_fd_sc_hd__buf_1)
                                         _082_ (net)
                  0.09    0.00    1.65 v _241_/A (sky130_fd_sc_hd__dlymetal6s2s_1)
     3    0.04    0.13    0.20    1.84 v _241_/X (sky130_fd_sc_hd__dlymetal6s2s_1)
                                         _083_ (net)
                  0.13    0.01    1.85 v _242_/A (sky130_fd_sc_hd__buf_1)
     2    0.03    0.13    0.18    2.03 v _242_/X (sky130_fd_sc_hd__buf_1)
                                         _084_ (net)
                  0.13    0.00    2.03 v _254_/A (sky130_fd_sc_hd__nor2_2)
     3    0.04    0.31    0.29    2.32 ^ _254_/Y (sky130_fd_sc_hd__nor2_2)
                                         _096_ (net)
                  0.31    0.00    2.33 ^ _280_/B1 (sky130_fd_sc_hd__a21oi_1)
     2    0.01    0.11    0.08    2.40 v _280_/Y (sky130_fd_sc_hd__a21oi_1)
                                         _122_ (net)
                  0.11    0.00    2.40 v _331_/A0 (sky130_fd_sc_hd__mux2_1)
     1    0.03    0.13    0.27    2.67 v _331_/X (sky130_fd_sc_hd__mux2_1)
                                         _173_ (net)
                  0.13    0.00    2.68 v _332_/B2 (sky130_fd_sc_hd__a32o_4)
     8    0.06    0.08    0.20    2.87 v _332_/X (sky130_fd_sc_hd__a32o_4)
                                         _174_ (net)
                  0.08    0.00    2.88 v _371_/A1 (sky130_fd_sc_hd__mux2_1)
     1    0.02    0.09    0.23    3.10 v _371_/X (sky130_fd_sc_hd__mux2_1)
                                         _203_ (net)
                  0.09    0.00    3.10 v _372_/A (sky130_fd_sc_hd__buf_1)
     1    0.02    0.10    0.14    3.25 v _372_/X (sky130_fd_sc_hd__buf_1)
                                         _006_ (net)
                  0.10    0.00    3.25 v _440_/D (sky130_fd_sc_hd__dfxtp_1)
                                  3.25   data arrival time

                         10.00   10.00   clock CLK100MHZ (rise edge)
                          0.00   10.00   clock source latency
     1    0.03    0.00    0.00   10.00 ^ CLK100MHZ (in)
                                         CLK100MHZ (net)
                  0.00    0.00   10.00 ^ clkbuf_0_CLK100MHZ/A (sky130_fd_sc_hd__clkbuf_16)
     2    0.02    0.03    0.08   10.08 ^ clkbuf_0_CLK100MHZ/X (sky130_fd_sc_hd__clkbuf_16)
                                         clknet_0_CLK100MHZ (net)
                  0.03    0.00   10.08 ^ clkbuf_1_0__f_CLK100MHZ/A (sky130_fd_sc_hd__clkbuf_16)
    16    0.07    0.07    0.11   10.19 ^ clkbuf_1_0__f_CLK100MHZ/X (sky130_fd_sc_hd__clkbuf_16)
                                         clknet_1_0__leaf_CLK100MHZ (net)
                  0.07    0.00   10.19 ^ _440_/CLK (sky130_fd_sc_hd__dfxtp_1)
                         -0.20    9.99   clock uncertainty
                          0.00    9.99   clock reconvergence pessimism
                         -0.09    9.90   library setup time
                                  9.90   data required time
-----------------------------------------------------------------------------
                                  9.90   data required time
                                 -3.25   data arrival time
-----------------------------------------------------------------------------
                                  6.65   slack (MET)


Startpoint: _464_ (rising edge-triggered flip-flop clocked by CLK100MHZ)
Endpoint: _460_ (rising edge-triggered flip-flop clocked by CLK100MHZ)
Path Group: CLK100MHZ
Path Type: max
Corner: Fastest

Fanout     Cap    Slew   Delay    Time   Description
-----------------------------------------------------------------------------
                          0.00    0.00   clock CLK100MHZ (rise edge)
                          0.00    0.00   clock source latency
     1    0.03    0.00    0.00    0.00 ^ CLK100MHZ (in)
                                         CLK100MHZ (net)
                  0.00    0.00    0.00 ^ clkbuf_0_CLK100MHZ/A (sky130_fd_sc_hd__clkbuf_16)
     2    0.02    0.03    0.08    0.08 ^ clkbuf_0_CLK100MHZ/X (sky130_fd_sc_hd__clkbuf_16)
                                         clknet_0_CLK100MHZ (net)
                  0.03    0.00    0.08 ^ clkbuf_1_0__f_CLK100MHZ/A (sky130_fd_sc_hd__clkbuf_16)
    16    0.07    0.07    0.11    0.19 ^ clkbuf_1_0__f_CLK100MHZ/X (sky130_fd_sc_hd__clkbuf_16)
                                         clknet_1_0__leaf_CLK100MHZ (net)
                  0.07    0.00    0.19 ^ _464_/CLK (sky130_fd_sc_hd__dfrtp_1)
     3    0.03    0.10    0.30    0.50 v _464_/Q (sky130_fd_sc_hd__dfrtp_1)
                                         imem.address[2] (net)
                  0.10    0.00    0.50 v _215_/A (sky130_fd_sc_hd__clkbuf_4)
    10    0.06    0.09    0.18    0.68 v _215_/X (sky130_fd_sc_hd__clkbuf_4)
                                         _060_ (net)
                  0.09    0.01    0.69 v _235_/A_N (sky130_fd_sc_hd__and2b_1)
     1    0.02    0.14    0.21    0.90 ^ _235_/X (sky130_fd_sc_hd__and2b_1)
                                         _077_ (net)
                  0.14    0.00    0.90 ^ _236_/A (sky130_fd_sc_hd__clkbuf_2)
     4    0.05    0.22    0.22    1.12 ^ _236_/X (sky130_fd_sc_hd__clkbuf_2)
                                         _078_ (net)
                  0.22    0.01    1.13 ^ _237_/B (sky130_fd_sc_hd__nand2_1)
     1    0.02    0.12    0.13    1.25 v _237_/Y (sky130_fd_sc_hd__nand2_1)
                                         _079_ (net)
                  0.12    0.00    1.26 v _239_/A3 (sky130_fd_sc_hd__a31o_2)
     5    0.04    0.09    0.25    1.51 v _239_/X (sky130_fd_sc_hd__a31o_2)
                                         _081_ (net)
                  0.09    0.00    1.51 v _240_/A (sky130_fd_sc_hd__buf_1)
     3    0.02    0.09    0.14    1.65 v _240_/X (sky130_fd_sc_hd__buf_1)
                                         _082_ (net)
                  0.09    0.00    1.65 v _241_/A (sky130_fd_sc_hd__dlymetal6s2s_1)
     3    0.04    0.13    0.20    1.84 v _241_/X (sky130_fd_sc_hd__dlymetal6s2s_1)
                                         _083_ (net)
                  0.13    0.01    1.85 v _242_/A (sky130_fd_sc_hd__buf_1)
     2    0.03    0.13    0.18    2.03 v _242_/X (sky130_fd_sc_hd__buf_1)
                                         _084_ (net)
                  0.13    0.00    2.03 v _254_/A (sky130_fd_sc_hd__nor2_2)
     3    0.04    0.31    0.29    2.32 ^ _254_/Y (sky130_fd_sc_hd__nor2_2)
                                         _096_ (net)
                  0.31    0.00    2.33 ^ _280_/B1 (sky130_fd_sc_hd__a21oi_1)
     2    0.01    0.11    0.08    2.40 v _280_/Y (sky130_fd_sc_hd__a21oi_1)
                                         _122_ (net)
                  0.11    0.00    2.40 v _331_/A0 (sky130_fd_sc_hd__mux2_1)
     1    0.03    0.13    0.27    2.67 v _331_/X (sky130_fd_sc_hd__mux2_1)
                                         _173_ (net)
                  0.13    0.00    2.68 v _332_/B2 (sky130_fd_sc_hd__a32o_4)
     8    0.06    0.08    0.20    2.87 v _332_/X (sky130_fd_sc_hd__a32o_4)
                                         _174_ (net)
                  0.08    0.01    2.88 v _430_/A1 (sky130_fd_sc_hd__mux2_1)
     1    0.00    0.04    0.17    3.05 v _430_/X (sky130_fd_sc_hd__mux2_1)
                                         _058_ (net)
                  0.04    0.00    3.05 v _431_/A (sky130_fd_sc_hd__buf_1)
     1    0.02    0.07    0.10    3.15 v _431_/X (sky130_fd_sc_hd__buf_1)
                                         _026_ (net)
                  0.07    0.00    3.15 v _460_/D (sky130_fd_sc_hd__dfxtp_1)
                                  3.15   data arrival time

                         10.00   10.00   clock CLK100MHZ (rise edge)
                          0.00   10.00   clock source latency
     1    0.03    0.00    0.00   10.00 ^ CLK100MHZ (in)
                                         CLK100MHZ (net)
                  0.00    0.00   10.00 ^ clkbuf_0_CLK100MHZ/A (sky130_fd_sc_hd__clkbuf_16)
     2    0.02    0.03    0.08   10.08 ^ clkbuf_0_CLK100MHZ/X (sky130_fd_sc_hd__clkbuf_16)
                                         clknet_0_CLK100MHZ (net)
                  0.03    0.00   10.08 ^ clkbuf_1_0__f_CLK100MHZ/A (sky130_fd_sc_hd__clkbuf_16)
    16    0.07    0.07    0.11   10.19 ^ clkbuf_1_0__f_CLK100MHZ/X (sky130_fd_sc_hd__clkbuf_16)
                                         clknet_1_0__leaf_CLK100MHZ (net)
                  0.07    0.00   10.19 ^ _460_/CLK (sky130_fd_sc_hd__dfxtp_1)
                         -0.20    9.99   clock uncertainty
                          0.00    9.99   clock reconvergence pessimism
                         -0.08    9.91   library setup time
                                  9.91   data required time
-----------------------------------------------------------------------------
                                  9.91   data required time
                                 -3.15   data arrival time
-----------------------------------------------------------------------------
                                  6.76   slack (MET)


Startpoint: _464_ (rising edge-triggered flip-flop clocked by CLK100MHZ)
Endpoint: _450_ (rising edge-triggered flip-flop clocked by CLK100MHZ)
Path Group: CLK100MHZ
Path Type: max
Corner: Fastest

Fanout     Cap    Slew   Delay    Time   Description
-----------------------------------------------------------------------------
                          0.00    0.00   clock CLK100MHZ (rise edge)
                          0.00    0.00   clock source latency
     1    0.03    0.00    0.00    0.00 ^ CLK100MHZ (in)
                                         CLK100MHZ (net)
                  0.00    0.00    0.00 ^ clkbuf_0_CLK100MHZ/A (sky130_fd_sc_hd__clkbuf_16)
     2    0.02    0.03    0.08    0.08 ^ clkbuf_0_CLK100MHZ/X (sky130_fd_sc_hd__clkbuf_16)
                                         clknet_0_CLK100MHZ (net)
                  0.03    0.00    0.08 ^ clkbuf_1_0__f_CLK100MHZ/A (sky130_fd_sc_hd__clkbuf_16)
    16    0.07    0.07    0.11    0.19 ^ clkbuf_1_0__f_CLK100MHZ/X (sky130_fd_sc_hd__clkbuf_16)
                                         clknet_1_0__leaf_CLK100MHZ (net)
                  0.07    0.00    0.19 ^ _464_/CLK (sky130_fd_sc_hd__dfrtp_1)
     3    0.03    0.10    0.30    0.50 v _464_/Q (sky130_fd_sc_hd__dfrtp_1)
                                         imem.address[2] (net)
                  0.10    0.00    0.50 v _215_/A (sky130_fd_sc_hd__clkbuf_4)
    10    0.06    0.09    0.18    0.68 v _215_/X (sky130_fd_sc_hd__clkbuf_4)
                                         _060_ (net)
                  0.09    0.01    0.69 v _235_/A_N (sky130_fd_sc_hd__and2b_1)
     1    0.02    0.14    0.21    0.90 ^ _235_/X (sky130_fd_sc_hd__and2b_1)
                                         _077_ (net)
                  0.14    0.00    0.90 ^ _236_/A (sky130_fd_sc_hd__clkbuf_2)
     4    0.05    0.22    0.22    1.12 ^ _236_/X (sky130_fd_sc_hd__clkbuf_2)
                                         _078_ (net)
                  0.22    0.01    1.13 ^ _237_/B (sky130_fd_sc_hd__nand2_1)
     1    0.02    0.12    0.13    1.25 v _237_/Y (sky130_fd_sc_hd__nand2_1)
                                         _079_ (net)
                  0.12    0.00    1.26 v _239_/A3 (sky130_fd_sc_hd__a31o_2)
     5    0.04    0.09    0.25    1.51 v _239_/X (sky130_fd_sc_hd__a31o_2)
                                         _081_ (net)
                  0.09    0.00    1.51 v _240_/A (sky130_fd_sc_hd__buf_1)
     3    0.02    0.09    0.14    1.65 v _240_/X (sky130_fd_sc_hd__buf_1)
                                         _082_ (net)
                  0.09    0.00    1.65 v _241_/A (sky130_fd_sc_hd__dlymetal6s2s_1)
     3    0.04    0.13    0.20    1.84 v _241_/X (sky130_fd_sc_hd__dlymetal6s2s_1)
                                         _083_ (net)
                  0.13    0.01    1.85 v _242_/A (sky130_fd_sc_hd__buf_1)
     2    0.03    0.13    0.18    2.03 v _242_/X (sky130_fd_sc_hd__buf_1)
                                         _084_ (net)
                  0.13    0.00    2.03 v _254_/A (sky130_fd_sc_hd__nor2_2)
     3    0.04    0.31    0.29    2.32 ^ _254_/Y (sky130_fd_sc_hd__nor2_2)
                                         _096_ (net)
                  0.31    0.00    2.33 ^ _280_/B1 (sky130_fd_sc_hd__a21oi_1)
     2    0.01    0.11    0.08    2.40 v _280_/Y (sky130_fd_sc_hd__a21oi_1)
                                         _122_ (net)
                  0.11    0.00    2.40 v _331_/A0 (sky130_fd_sc_hd__mux2_1)
     1    0.03    0.13    0.27    2.67 v _331_/X (sky130_fd_sc_hd__mux2_1)
                                         _173_ (net)
                  0.13    0.00    2.68 v _332_/B2 (sky130_fd_sc_hd__a32o_4)
     8    0.06    0.08    0.20    2.87 v _332_/X (sky130_fd_sc_hd__a32o_4)
                                         _174_ (net)
                  0.08    0.00    2.88 v _406_/A0 (sky130_fd_sc_hd__mux2_1)
     1    0.01    0.05    0.17    3.05 v _406_/X (sky130_fd_sc_hd__mux2_1)
                                         _044_ (net)
                  0.05    0.00    3.05 v _407_/A (sky130_fd_sc_hd__clkbuf_1)
     1    0.01    0.04    0.08    3.13 v _407_/X (sky130_fd_sc_hd__clkbuf_1)
                                         _016_ (net)
                  0.04    0.00    3.13 v _450_/D (sky130_fd_sc_hd__dfxtp_1)
                                  3.13   data arrival time

                         10.00   10.00   clock CLK100MHZ (rise edge)
                          0.00   10.00   clock source latency
     1    0.03    0.00    0.00   10.00 ^ CLK100MHZ (in)
                                         CLK100MHZ (net)
                  0.00    0.00   10.00 ^ clkbuf_0_CLK100MHZ/A (sky130_fd_sc_hd__clkbuf_16)
     2    0.02    0.03    0.08   10.08 ^ clkbuf_0_CLK100MHZ/X (sky130_fd_sc_hd__clkbuf_16)
                                         clknet_0_CLK100MHZ (net)
                  0.03    0.00   10.08 ^ clkbuf_1_0__f_CLK100MHZ/A (sky130_fd_sc_hd__clkbuf_16)
    16    0.07    0.07    0.11   10.19 ^ clkbuf_1_0__f_CLK100MHZ/X (sky130_fd_sc_hd__clkbuf_16)
                                         clknet_1_0__leaf_CLK100MHZ (net)
                  0.07    0.01   10.20 ^ _450_/CLK (sky130_fd_sc_hd__dfxtp_1)
                         -0.20   10.00   clock uncertainty
                          0.00   10.00   clock reconvergence pessimism
                         -0.07    9.93   library setup time
                                  9.93   data required time
-----------------------------------------------------------------------------
                                  9.93   data required time
                                 -3.13   data arrival time
-----------------------------------------------------------------------------
                                  6.79   slack (MET)


Startpoint: _464_ (rising edge-triggered flip-flop clocked by CLK100MHZ)
Endpoint: _449_ (rising edge-triggered flip-flop clocked by CLK100MHZ)
Path Group: CLK100MHZ
Path Type: max
Corner: Fastest

Fanout     Cap    Slew   Delay    Time   Description
-----------------------------------------------------------------------------
                          0.00    0.00   clock CLK100MHZ (rise edge)
                          0.00    0.00   clock source latency
     1    0.03    0.00    0.00    0.00 ^ CLK100MHZ (in)
                                         CLK100MHZ (net)
                  0.00    0.00    0.00 ^ clkbuf_0_CLK100MHZ/A (sky130_fd_sc_hd__clkbuf_16)
     2    0.02    0.03    0.08    0.08 ^ clkbuf_0_CLK100MHZ/X (sky130_fd_sc_hd__clkbuf_16)
                                         clknet_0_CLK100MHZ (net)
                  0.03    0.00    0.08 ^ clkbuf_1_0__f_CLK100MHZ/A (sky130_fd_sc_hd__clkbuf_16)
    16    0.07    0.07    0.11    0.19 ^ clkbuf_1_0__f_CLK100MHZ/X (sky130_fd_sc_hd__clkbuf_16)
                                         clknet_1_0__leaf_CLK100MHZ (net)
                  0.07    0.00    0.19 ^ _464_/CLK (sky130_fd_sc_hd__dfrtp_1)
     3    0.03    0.19    0.32    0.52 ^ _464_/Q (sky130_fd_sc_hd__dfrtp_1)
                                         imem.address[2] (net)
                  0.19    0.00    0.52 ^ _215_/A (sky130_fd_sc_hd__clkbuf_4)
    10    0.06    0.15    0.21    0.73 ^ _215_/X (sky130_fd_sc_hd__clkbuf_4)
                                         _060_ (net)
                  0.15    0.01    0.73 ^ _235_/A_N (sky130_fd_sc_hd__and2b_1)
     1    0.02    0.07    0.16    0.90 v _235_/X (sky130_fd_sc_hd__and2b_1)
                                         _077_ (net)
                  0.07    0.00    0.90 v _236_/A (sky130_fd_sc_hd__clkbuf_2)
     4    0.05    0.14    0.17    1.07 v _236_/X (sky130_fd_sc_hd__clkbuf_2)
                                         _078_ (net)
                  0.14    0.01    1.08 v _237_/B (sky130_fd_sc_hd__nand2_1)
     1    0.02    0.16    0.18    1.25 ^ _237_/Y (sky130_fd_sc_hd__nand2_1)
                                         _079_ (net)
                  0.16    0.00    1.26 ^ _239_/A3 (sky130_fd_sc_hd__a31o_2)
     5    0.04    0.18    0.21    1.47 ^ _239_/X (sky130_fd_sc_hd__a31o_2)
                                         _081_ (net)
                  0.18    0.00    1.47 ^ _240_/A (sky130_fd_sc_hd__buf_1)
     3    0.02    0.21    0.18    1.65 ^ _240_/X (sky130_fd_sc_hd__buf_1)
                                         _082_ (net)
                  0.21    0.00    1.65 ^ _241_/A (sky130_fd_sc_hd__dlymetal6s2s_1)
     3    0.04    0.30    0.26    1.91 ^ _241_/X (sky130_fd_sc_hd__dlymetal6s2s_1)
                                         _083_ (net)
                  0.30    0.01    1.92 ^ _242_/A (sky130_fd_sc_hd__buf_1)
     2    0.03    0.29    0.24    2.15 ^ _242_/X (sky130_fd_sc_hd__buf_1)
                                         _084_ (net)
                  0.29    0.00    2.16 ^ _303_/S (sky130_fd_sc_hd__mux2_1)
     1    0.01    0.06    0.22    2.38 v _303_/X (sky130_fd_sc_hd__mux2_1)
                                         _145_ (net)
                  0.06    0.00    2.38 v _306_/A0 (sky130_fd_sc_hd__mux2_1)
     1    0.01    0.07    0.18    2.56 v _306_/X (sky130_fd_sc_hd__mux2_1)
                                         _148_ (net)
                  0.07    0.00    2.56 v _315_/A2_N (sky130_fd_sc_hd__a2bb2o_4)
     9    0.06    0.15    0.22    2.78 ^ _315_/X (sky130_fd_sc_hd__a2bb2o_4)
                                         _157_ (net)
                  0.15    0.01    2.79 ^ _404_/A0 (sky130_fd_sc_hd__mux2_1)
     1    0.02    0.11    0.16    2.95 ^ _404_/X (sky130_fd_sc_hd__mux2_1)
                                         _043_ (net)
                  0.12    0.00    2.95 ^ _405_/A (sky130_fd_sc_hd__buf_1)
     1    0.02    0.18    0.16    3.12 ^ _405_/X (sky130_fd_sc_hd__buf_1)
                                         _015_ (net)
                  0.18    0.00    3.12 ^ _449_/D (sky130_fd_sc_hd__dfxtp_1)
                                  3.12   data arrival time

                         10.00   10.00   clock CLK100MHZ (rise edge)
                          0.00   10.00   clock source latency
     1    0.03    0.00    0.00   10.00 ^ CLK100MHZ (in)
                                         CLK100MHZ (net)
                  0.00    0.00   10.00 ^ clkbuf_0_CLK100MHZ/A (sky130_fd_sc_hd__clkbuf_16)
     2    0.02    0.03    0.08   10.08 ^ clkbuf_0_CLK100MHZ/X (sky130_fd_sc_hd__clkbuf_16)
                                         clknet_0_CLK100MHZ (net)
                  0.03    0.00   10.08 ^ clkbuf_1_0__f_CLK100MHZ/A (sky130_fd_sc_hd__clkbuf_16)
    16    0.07    0.07    0.11   10.19 ^ clkbuf_1_0__f_CLK100MHZ/X (sky130_fd_sc_hd__clkbuf_16)
                                         clknet_1_0__leaf_CLK100MHZ (net)
                  0.07    0.00   10.19 ^ _449_/CLK (sky130_fd_sc_hd__dfxtp_1)
                         -0.20    9.99   clock uncertainty
                          0.00    9.99   clock reconvergence pessimism
                         -0.04    9.95   library setup time
                                  9.95   data required time
-----------------------------------------------------------------------------
                                  9.95   data required time
                                 -3.12   data arrival time
-----------------------------------------------------------------------------
                                  6.83   slack (MET)


Startpoint: _464_ (rising edge-triggered flip-flop clocked by CLK100MHZ)
Endpoint: _443_ (rising edge-triggered flip-flop clocked by CLK100MHZ)
Path Group: CLK100MHZ
Path Type: max
Corner: Fastest

Fanout     Cap    Slew   Delay    Time   Description
-----------------------------------------------------------------------------
                          0.00    0.00   clock CLK100MHZ (rise edge)
                          0.00    0.00   clock source latency
     1    0.03    0.00    0.00    0.00 ^ CLK100MHZ (in)
                                         CLK100MHZ (net)
                  0.00    0.00    0.00 ^ clkbuf_0_CLK100MHZ/A (sky130_fd_sc_hd__clkbuf_16)
     2    0.02    0.03    0.08    0.08 ^ clkbuf_0_CLK100MHZ/X (sky130_fd_sc_hd__clkbuf_16)
                                         clknet_0_CLK100MHZ (net)
                  0.03    0.00    0.08 ^ clkbuf_1_0__f_CLK100MHZ/A (sky130_fd_sc_hd__clkbuf_16)
    16    0.07    0.07    0.11    0.19 ^ clkbuf_1_0__f_CLK100MHZ/X (sky130_fd_sc_hd__clkbuf_16)
                                         clknet_1_0__leaf_CLK100MHZ (net)
                  0.07    0.00    0.19 ^ _464_/CLK (sky130_fd_sc_hd__dfrtp_1)
     3    0.03    0.10    0.30    0.50 v _464_/Q (sky130_fd_sc_hd__dfrtp_1)
                                         imem.address[2] (net)
                  0.10    0.00    0.50 v _215_/A (sky130_fd_sc_hd__clkbuf_4)
    10    0.06    0.09    0.18    0.68 v _215_/X (sky130_fd_sc_hd__clkbuf_4)
                                         _060_ (net)
                  0.09    0.01    0.69 v _235_/A_N (sky130_fd_sc_hd__and2b_1)
     1    0.02    0.14    0.21    0.90 ^ _235_/X (sky130_fd_sc_hd__and2b_1)
                                         _077_ (net)
                  0.14    0.00    0.90 ^ _236_/A (sky130_fd_sc_hd__clkbuf_2)
     4    0.05    0.22    0.22    1.12 ^ _236_/X (sky130_fd_sc_hd__clkbuf_2)
                                         _078_ (net)
                  0.22    0.01    1.13 ^ _237_/B (sky130_fd_sc_hd__nand2_1)
     1    0.02    0.12    0.13    1.25 v _237_/Y (sky130_fd_sc_hd__nand2_1)
                                         _079_ (net)
                  0.12    0.00    1.26 v _239_/A3 (sky130_fd_sc_hd__a31o_2)
     5    0.04    0.09    0.25    1.51 v _239_/X (sky130_fd_sc_hd__a31o_2)
                                         _081_ (net)
                  0.09    0.00    1.51 v _240_/A (sky130_fd_sc_hd__buf_1)
     3    0.02    0.09    0.14    1.65 v _240_/X (sky130_fd_sc_hd__buf_1)
                                         _082_ (net)
                  0.09    0.00    1.65 v _241_/A (sky130_fd_sc_hd__dlymetal6s2s_1)
     3    0.04    0.13    0.20    1.84 v _241_/X (sky130_fd_sc_hd__dlymetal6s2s_1)
                                         _083_ (net)
                  0.13    0.01    1.85 v _242_/A (sky130_fd_sc_hd__buf_1)
     2    0.03    0.13    0.18    2.03 v _242_/X (sky130_fd_sc_hd__buf_1)
                                         _084_ (net)
                  0.13    0.00    2.03 v _254_/A (sky130_fd_sc_hd__nor2_2)
     3    0.04    0.31    0.29    2.32 ^ _254_/Y (sky130_fd_sc_hd__nor2_2)
                                         _096_ (net)
                  0.31    0.00    2.33 ^ _280_/B1 (sky130_fd_sc_hd__a21oi_1)
     2    0.01    0.11    0.08    2.40 v _280_/Y (sky130_fd_sc_hd__a21oi_1)
                                         _122_ (net)
                  0.11    0.00    2.40 v _281_/B (sky130_fd_sc_hd__and2_1)
     1    0.01    0.05    0.15    2.55 v _281_/X (sky130_fd_sc_hd__and2_1)
                                         _123_ (net)
                  0.05    0.00    2.55 v _296_/B1 (sky130_fd_sc_hd__a22o_4)
     9    0.06    0.08    0.16    2.71 v _296_/X (sky130_fd_sc_hd__a22o_4)
                                         _138_ (net)
                  0.08    0.01    2.72 v _389_/A1 (sky130_fd_sc_hd__mux2_1)
     1    0.01    0.07    0.20    2.91 v _389_/X (sky130_fd_sc_hd__mux2_1)
                                         _034_ (net)
                  0.07    0.00    2.92 v _390_/A (sky130_fd_sc_hd__buf_1)
     1    0.03    0.11    0.14    3.05 v _390_/X (sky130_fd_sc_hd__buf_1)
                                         _009_ (net)
                  0.11    0.00    3.06 v _443_/D (sky130_fd_sc_hd__dfxtp_1)
                                  3.06   data arrival time

                         10.00   10.00   clock CLK100MHZ (rise edge)
                          0.00   10.00   clock source latency
     1    0.03    0.00    0.00   10.00 ^ CLK100MHZ (in)
                                         CLK100MHZ (net)
                  0.00    0.00   10.00 ^ clkbuf_0_CLK100MHZ/A (sky130_fd_sc_hd__clkbuf_16)
     2    0.02    0.03    0.08   10.08 ^ clkbuf_0_CLK100MHZ/X (sky130_fd_sc_hd__clkbuf_16)
                                         clknet_0_CLK100MHZ (net)
                  0.03    0.00   10.08 ^ clkbuf_1_0__f_CLK100MHZ/A (sky130_fd_sc_hd__clkbuf_16)
    16    0.07    0.07    0.11   10.19 ^ clkbuf_1_0__f_CLK100MHZ/X (sky130_fd_sc_hd__clkbuf_16)
                                         clknet_1_0__leaf_CLK100MHZ (net)
                  0.07    0.00   10.19 ^ _443_/CLK (sky130_fd_sc_hd__dfxtp_1)
                         -0.20    9.99   clock uncertainty
                          0.00    9.99   clock reconvergence pessimism
                         -0.09    9.90   library setup time
                                  9.90   data required time
-----------------------------------------------------------------------------
                                  9.90   data required time
                                 -3.06   data arrival time
-----------------------------------------------------------------------------
                                  6.84   slack (MET)


Startpoint: _464_ (rising edge-triggered flip-flop clocked by CLK100MHZ)
Endpoint: _447_ (rising edge-triggered flip-flop clocked by CLK100MHZ)
Path Group: CLK100MHZ
Path Type: max
Corner: Fastest

Fanout     Cap    Slew   Delay    Time   Description
-----------------------------------------------------------------------------
                          0.00    0.00   clock CLK100MHZ (rise edge)
                          0.00    0.00   clock source latency
     1    0.03    0.00    0.00    0.00 ^ CLK100MHZ (in)
                                         CLK100MHZ (net)
                  0.00    0.00    0.00 ^ clkbuf_0_CLK100MHZ/A (sky130_fd_sc_hd__clkbuf_16)
     2    0.02    0.03    0.08    0.08 ^ clkbuf_0_CLK100MHZ/X (sky130_fd_sc_hd__clkbuf_16)
                                         clknet_0_CLK100MHZ (net)
                  0.03    0.00    0.08 ^ clkbuf_1_0__f_CLK100MHZ/A (sky130_fd_sc_hd__clkbuf_16)
    16    0.07    0.07    0.11    0.19 ^ clkbuf_1_0__f_CLK100MHZ/X (sky130_fd_sc_hd__clkbuf_16)
                                         clknet_1_0__leaf_CLK100MHZ (net)
                  0.07    0.00    0.19 ^ _464_/CLK (sky130_fd_sc_hd__dfrtp_1)
     3    0.03    0.19    0.32    0.52 ^ _464_/Q (sky130_fd_sc_hd__dfrtp_1)
                                         imem.address[2] (net)
                  0.19    0.00    0.52 ^ _215_/A (sky130_fd_sc_hd__clkbuf_4)
    10    0.06    0.15    0.21    0.73 ^ _215_/X (sky130_fd_sc_hd__clkbuf_4)
                                         _060_ (net)
                  0.15    0.01    0.73 ^ _235_/A_N (sky130_fd_sc_hd__and2b_1)
     1    0.02    0.07    0.16    0.90 v _235_/X (sky130_fd_sc_hd__and2b_1)
                                         _077_ (net)
                  0.07    0.00    0.90 v _236_/A (sky130_fd_sc_hd__clkbuf_2)
     4    0.05    0.14    0.17    1.07 v _236_/X (sky130_fd_sc_hd__clkbuf_2)
                                         _078_ (net)
                  0.14    0.01    1.08 v _237_/B (sky130_fd_sc_hd__nand2_1)
     1    0.02    0.16    0.18    1.25 ^ _237_/Y (sky130_fd_sc_hd__nand2_1)
                                         _079_ (net)
                  0.16    0.00    1.26 ^ _239_/A3 (sky130_fd_sc_hd__a31o_2)
     5    0.04    0.18    0.21    1.47 ^ _239_/X (sky130_fd_sc_hd__a31o_2)
                                         _081_ (net)
                  0.18    0.00    1.47 ^ _240_/A (sky130_fd_sc_hd__buf_1)
     3    0.02    0.21    0.18    1.65 ^ _240_/X (sky130_fd_sc_hd__buf_1)
                                         _082_ (net)
                  0.21    0.00    1.65 ^ _241_/A (sky130_fd_sc_hd__dlymetal6s2s_1)
     3    0.04    0.30    0.26    1.91 ^ _241_/X (sky130_fd_sc_hd__dlymetal6s2s_1)
                                         _083_ (net)
                  0.30    0.00    1.92 ^ _275_/A (sky130_fd_sc_hd__buf_1)
     2    0.02    0.14    0.13    2.05 ^ _275_/X (sky130_fd_sc_hd__buf_1)
                                         _117_ (net)
                  0.14    0.00    2.05 ^ _304_/A (sky130_fd_sc_hd__nand2_1)
     2    0.03    0.14    0.14    2.19 v _304_/Y (sky130_fd_sc_hd__nand2_1)
                                         _146_ (net)
                  0.14    0.00    2.19 v _341_/A2 (sky130_fd_sc_hd__a21oi_1)
     1    0.02    0.38    0.35    2.54 ^ _341_/Y (sky130_fd_sc_hd__a21oi_1)
                                         _183_ (net)
                  0.38    0.00    2.54 ^ _342_/B1 (sky130_fd_sc_hd__a31o_2)
     9    0.06    0.24    0.22    2.76 ^ _342_/X (sky130_fd_sc_hd__a31o_2)
                                         _184_ (net)
                  0.24    0.01    2.76 ^ _400_/A0 (sky130_fd_sc_hd__mux2_1)
     1    0.02    0.12    0.17    2.93 ^ _400_/X (sky130_fd_sc_hd__mux2_1)
                                         _041_ (net)
                  0.12    0.00    2.94 ^ _401_/A (sky130_fd_sc_hd__buf_1)
     1    0.02    0.17    0.15    3.09 ^ _401_/X (sky130_fd_sc_hd__buf_1)
                                         _013_ (net)
                  0.17    0.00    3.09 ^ _447_/D (sky130_fd_sc_hd__dfxtp_1)
                                  3.09   data arrival time

                         10.00   10.00   clock CLK100MHZ (rise edge)
                          0.00   10.00   clock source latency
     1    0.03    0.00    0.00   10.00 ^ CLK100MHZ (in)
                                         CLK100MHZ (net)
                  0.00    0.00   10.00 ^ clkbuf_0_CLK100MHZ/A (sky130_fd_sc_hd__clkbuf_16)
     2    0.02    0.03    0.08   10.08 ^ clkbuf_0_CLK100MHZ/X (sky130_fd_sc_hd__clkbuf_16)
                                         clknet_0_CLK100MHZ (net)
                  0.03    0.00   10.08 ^ clkbuf_1_1__f_CLK100MHZ/A (sky130_fd_sc_hd__clkbuf_16)
    13    0.06    0.06    0.11   10.19 ^ clkbuf_1_1__f_CLK100MHZ/X (sky130_fd_sc_hd__clkbuf_16)
                                         clknet_1_1__leaf_CLK100MHZ (net)
                  0.06    0.00   10.19 ^ _447_/CLK (sky130_fd_sc_hd__dfxtp_1)
                         -0.20    9.99   clock uncertainty
                          0.00    9.99   clock reconvergence pessimism
                         -0.04    9.95   library setup time
                                  9.95   data required time
-----------------------------------------------------------------------------
                                  9.95   data required time
                                 -3.09   data arrival time
-----------------------------------------------------------------------------
                                  6.86   slack (MET)


Startpoint: _464_ (rising edge-triggered flip-flop clocked by CLK100MHZ)
Endpoint: _439_ (rising edge-triggered flip-flop clocked by CLK100MHZ)
Path Group: CLK100MHZ
Path Type: max
Corner: Fastest

Fanout     Cap    Slew   Delay    Time   Description
-----------------------------------------------------------------------------
                          0.00    0.00   clock CLK100MHZ (rise edge)
                          0.00    0.00   clock source latency
     1    0.03    0.00    0.00    0.00 ^ CLK100MHZ (in)
                                         CLK100MHZ (net)
                  0.00    0.00    0.00 ^ clkbuf_0_CLK100MHZ/A (sky130_fd_sc_hd__clkbuf_16)
     2    0.02    0.03    0.08    0.08 ^ clkbuf_0_CLK100MHZ/X (sky130_fd_sc_hd__clkbuf_16)
                                         clknet_0_CLK100MHZ (net)
                  0.03    0.00    0.08 ^ clkbuf_1_0__f_CLK100MHZ/A (sky130_fd_sc_hd__clkbuf_16)
    16    0.07    0.07    0.11    0.19 ^ clkbuf_1_0__f_CLK100MHZ/X (sky130_fd_sc_hd__clkbuf_16)
                                         clknet_1_0__leaf_CLK100MHZ (net)
                  0.07    0.00    0.19 ^ _464_/CLK (sky130_fd_sc_hd__dfrtp_1)
     3    0.03    0.19    0.32    0.52 ^ _464_/Q (sky130_fd_sc_hd__dfrtp_1)
                                         imem.address[2] (net)
                  0.19    0.00    0.52 ^ _215_/A (sky130_fd_sc_hd__clkbuf_4)
    10    0.06    0.15    0.21    0.73 ^ _215_/X (sky130_fd_sc_hd__clkbuf_4)
                                         _060_ (net)
                  0.15    0.01    0.73 ^ _235_/A_N (sky130_fd_sc_hd__and2b_1)
     1    0.02    0.07    0.16    0.90 v _235_/X (sky130_fd_sc_hd__and2b_1)
                                         _077_ (net)
                  0.07    0.00    0.90 v _236_/A (sky130_fd_sc_hd__clkbuf_2)
     4    0.05    0.14    0.17    1.07 v _236_/X (sky130_fd_sc_hd__clkbuf_2)
                                         _078_ (net)
                  0.14    0.01    1.08 v _237_/B (sky130_fd_sc_hd__nand2_1)
     1    0.02    0.16    0.18    1.25 ^ _237_/Y (sky130_fd_sc_hd__nand2_1)
                                         _079_ (net)
                  0.16    0.00    1.26 ^ _239_/A3 (sky130_fd_sc_hd__a31o_2)
     5    0.04    0.18    0.21    1.47 ^ _239_/X (sky130_fd_sc_hd__a31o_2)
                                         _081_ (net)
                  0.18    0.00    1.47 ^ _240_/A (sky130_fd_sc_hd__buf_1)
     3    0.02    0.21    0.18    1.65 ^ _240_/X (sky130_fd_sc_hd__buf_1)
                                         _082_ (net)
                  0.21    0.00    1.65 ^ _241_/A (sky130_fd_sc_hd__dlymetal6s2s_1)
     3    0.04    0.30    0.26    1.91 ^ _241_/X (sky130_fd_sc_hd__dlymetal6s2s_1)
                                         _083_ (net)
                  0.30    0.01    1.92 ^ _242_/A (sky130_fd_sc_hd__buf_1)
     2    0.03    0.29    0.24    2.15 ^ _242_/X (sky130_fd_sc_hd__buf_1)
                                         _084_ (net)
                  0.29    0.00    2.16 ^ _303_/S (sky130_fd_sc_hd__mux2_1)
     1    0.01    0.06    0.22    2.38 v _303_/X (sky130_fd_sc_hd__mux2_1)
                                         _145_ (net)
                  0.06    0.00    2.38 v _306_/A0 (sky130_fd_sc_hd__mux2_1)
     1    0.01    0.07    0.18    2.56 v _306_/X (sky130_fd_sc_hd__mux2_1)
                                         _148_ (net)
                  0.07    0.00    2.56 v _315_/A2_N (sky130_fd_sc_hd__a2bb2o_4)
     9    0.06    0.15    0.22    2.78 ^ _315_/X (sky130_fd_sc_hd__a2bb2o_4)
                                         _157_ (net)
                  0.15    0.01    2.79 ^ _369_/A1 (sky130_fd_sc_hd__mux2_1)
     1    0.02    0.16    0.19    2.98 ^ _369_/X (sky130_fd_sc_hd__mux2_1)
                                         _202_ (net)
                  0.16    0.00    2.98 ^ _370_/A (sky130_fd_sc_hd__clkbuf_1)
     1    0.01    0.11    0.12    3.10 ^ _370_/X (sky130_fd_sc_hd__clkbuf_1)
                                         _005_ (net)
                  0.11    0.00    3.10 ^ _439_/D (sky130_fd_sc_hd__dfxtp_1)
                                  3.10   data arrival time

                         10.00   10.00   clock CLK100MHZ (rise edge)
                          0.00   10.00   clock source latency
     1    0.03    0.00    0.00   10.00 ^ CLK100MHZ (in)
                                         CLK100MHZ (net)
                  0.00    0.00   10.00 ^ clkbuf_0_CLK100MHZ/A (sky130_fd_sc_hd__clkbuf_16)
     2    0.02    0.03    0.08   10.08 ^ clkbuf_0_CLK100MHZ/X (sky130_fd_sc_hd__clkbuf_16)
                                         clknet_0_CLK100MHZ (net)
                  0.03    0.00   10.08 ^ clkbuf_1_1__f_CLK100MHZ/A (sky130_fd_sc_hd__clkbuf_16)
    13    0.06    0.06    0.11   10.19 ^ clkbuf_1_1__f_CLK100MHZ/X (sky130_fd_sc_hd__clkbuf_16)
                                         clknet_1_1__leaf_CLK100MHZ (net)
                  0.06    0.00   10.19 ^ _439_/CLK (sky130_fd_sc_hd__dfxtp_1)
                         -0.20    9.99   clock uncertainty
                          0.00    9.99   clock reconvergence pessimism
                         -0.04    9.96   library setup time
                                  9.96   data required time
-----------------------------------------------------------------------------
                                  9.96   data required time
                                 -3.10   data arrival time
-----------------------------------------------------------------------------
                                  6.86   slack (MET)


Startpoint: _464_ (rising edge-triggered flip-flop clocked by CLK100MHZ)
Endpoint: _438_ (rising edge-triggered flip-flop clocked by CLK100MHZ)
Path Group: CLK100MHZ
Path Type: max
Corner: Fastest

Fanout     Cap    Slew   Delay    Time   Description
-----------------------------------------------------------------------------
                          0.00    0.00   clock CLK100MHZ (rise edge)
                          0.00    0.00   clock source latency
     1    0.03    0.00    0.00    0.00 ^ CLK100MHZ (in)
                                         CLK100MHZ (net)
                  0.00    0.00    0.00 ^ clkbuf_0_CLK100MHZ/A (sky130_fd_sc_hd__clkbuf_16)
     2    0.02    0.03    0.08    0.08 ^ clkbuf_0_CLK100MHZ/X (sky130_fd_sc_hd__clkbuf_16)
                                         clknet_0_CLK100MHZ (net)
                  0.03    0.00    0.08 ^ clkbuf_1_0__f_CLK100MHZ/A (sky130_fd_sc_hd__clkbuf_16)
    16    0.07    0.07    0.11    0.19 ^ clkbuf_1_0__f_CLK100MHZ/X (sky130_fd_sc_hd__clkbuf_16)
                                         clknet_1_0__leaf_CLK100MHZ (net)
                  0.07    0.00    0.19 ^ _464_/CLK (sky130_fd_sc_hd__dfrtp_1)
     3    0.03    0.10    0.30    0.50 v _464_/Q (sky130_fd_sc_hd__dfrtp_1)
                                         imem.address[2] (net)
                  0.10    0.00    0.50 v _215_/A (sky130_fd_sc_hd__clkbuf_4)
    10    0.06    0.09    0.18    0.68 v _215_/X (sky130_fd_sc_hd__clkbuf_4)
                                         _060_ (net)
                  0.09    0.01    0.69 v _235_/A_N (sky130_fd_sc_hd__and2b_1)
     1    0.02    0.14    0.21    0.90 ^ _235_/X (sky130_fd_sc_hd__and2b_1)
                                         _077_ (net)
                  0.14    0.00    0.90 ^ _236_/A (sky130_fd_sc_hd__clkbuf_2)
     4    0.05    0.22    0.22    1.12 ^ _236_/X (sky130_fd_sc_hd__clkbuf_2)
                                         _078_ (net)
                  0.22    0.01    1.13 ^ _237_/B (sky130_fd_sc_hd__nand2_1)
     1    0.02    0.12    0.13    1.25 v _237_/Y (sky130_fd_sc_hd__nand2_1)
                                         _079_ (net)
                  0.12    0.00    1.26 v _239_/A3 (sky130_fd_sc_hd__a31o_2)
     5    0.04    0.09    0.25    1.51 v _239_/X (sky130_fd_sc_hd__a31o_2)
                                         _081_ (net)
                  0.09    0.00    1.51 v _240_/A (sky130_fd_sc_hd__buf_1)
     3    0.02    0.09    0.14    1.65 v _240_/X (sky130_fd_sc_hd__buf_1)
                                         _082_ (net)
                  0.09    0.00    1.65 v _241_/A (sky130_fd_sc_hd__dlymetal6s2s_1)
     3    0.04    0.13    0.20    1.84 v _241_/X (sky130_fd_sc_hd__dlymetal6s2s_1)
                                         _083_ (net)
                  0.13    0.01    1.85 v _242_/A (sky130_fd_sc_hd__buf_1)
     2    0.03    0.13    0.18    2.03 v _242_/X (sky130_fd_sc_hd__buf_1)
                                         _084_ (net)
                  0.13    0.00    2.03 v _254_/A (sky130_fd_sc_hd__nor2_2)
     3    0.04    0.31    0.29    2.32 ^ _254_/Y (sky130_fd_sc_hd__nor2_2)
                                         _096_ (net)
                  0.31    0.00    2.33 ^ _280_/B1 (sky130_fd_sc_hd__a21oi_1)
     2    0.01    0.11    0.08    2.40 v _280_/Y (sky130_fd_sc_hd__a21oi_1)
                                         _122_ (net)
                  0.11    0.00    2.40 v _281_/B (sky130_fd_sc_hd__and2_1)
     1    0.01    0.05    0.15    2.55 v _281_/X (sky130_fd_sc_hd__and2_1)
                                         _123_ (net)
                  0.05    0.00    2.55 v _296_/B1 (sky130_fd_sc_hd__a22o_4)
     9    0.06    0.08    0.16    2.71 v _296_/X (sky130_fd_sc_hd__a22o_4)
                                         _138_ (net)
                  0.08    0.01    2.72 v _367_/A1 (sky130_fd_sc_hd__mux2_1)
     1    0.01    0.08    0.21    2.93 v _367_/X (sky130_fd_sc_hd__mux2_1)
                                         _201_ (net)
                  0.08    0.00    2.94 v _368_/A (sky130_fd_sc_hd__clkbuf_1)
     1    0.01    0.05    0.10    3.04 v _368_/X (sky130_fd_sc_hd__clkbuf_1)
                                         _004_ (net)
                  0.05    0.00    3.04 v _438_/D (sky130_fd_sc_hd__dfxtp_1)
                                  3.04   data arrival time

                         10.00   10.00   clock CLK100MHZ (rise edge)
                          0.00   10.00   clock source latency
     1    0.03    0.00    0.00   10.00 ^ CLK100MHZ (in)
                                         CLK100MHZ (net)
                  0.00    0.00   10.00 ^ clkbuf_0_CLK100MHZ/A (sky130_fd_sc_hd__clkbuf_16)
     2    0.02    0.03    0.08   10.08 ^ clkbuf_0_CLK100MHZ/X (sky130_fd_sc_hd__clkbuf_16)
                                         clknet_0_CLK100MHZ (net)
                  0.03    0.00   10.08 ^ clkbuf_1_1__f_CLK100MHZ/A (sky130_fd_sc_hd__clkbuf_16)
    13    0.06    0.06    0.11   10.19 ^ clkbuf_1_1__f_CLK100MHZ/X (sky130_fd_sc_hd__clkbuf_16)
                                         clknet_1_1__leaf_CLK100MHZ (net)
                  0.06    0.00   10.19 ^ _438_/CLK (sky130_fd_sc_hd__dfxtp_1)
                         -0.20    9.99   clock uncertainty
                          0.00    9.99   clock reconvergence pessimism
                         -0.07    9.92   library setup time
                                  9.92   data required time
-----------------------------------------------------------------------------
                                  9.92   data required time
                                 -3.04   data arrival time
-----------------------------------------------------------------------------
                                  6.88   slack (MET)


Startpoint: _464_ (rising edge-triggered flip-flop clocked by CLK100MHZ)
Endpoint: _457_ (rising edge-triggered flip-flop clocked by CLK100MHZ)
Path Group: CLK100MHZ
Path Type: max
Corner: Fastest

Fanout     Cap    Slew   Delay    Time   Description
-----------------------------------------------------------------------------
                          0.00    0.00   clock CLK100MHZ (rise edge)
                          0.00    0.00   clock source latency
     1    0.03    0.00    0.00    0.00 ^ CLK100MHZ (in)
                                         CLK100MHZ (net)
                  0.00    0.00    0.00 ^ clkbuf_0_CLK100MHZ/A (sky130_fd_sc_hd__clkbuf_16)
     2    0.02    0.03    0.08    0.08 ^ clkbuf_0_CLK100MHZ/X (sky130_fd_sc_hd__clkbuf_16)
                                         clknet_0_CLK100MHZ (net)
                  0.03    0.00    0.08 ^ clkbuf_1_0__f_CLK100MHZ/A (sky130_fd_sc_hd__clkbuf_16)
    16    0.07    0.07    0.11    0.19 ^ clkbuf_1_0__f_CLK100MHZ/X (sky130_fd_sc_hd__clkbuf_16)
                                         clknet_1_0__leaf_CLK100MHZ (net)
                  0.07    0.00    0.19 ^ _464_/CLK (sky130_fd_sc_hd__dfrtp_1)
     3    0.03    0.19    0.32    0.52 ^ _464_/Q (sky130_fd_sc_hd__dfrtp_1)
                                         imem.address[2] (net)
                  0.19    0.00    0.52 ^ _215_/A (sky130_fd_sc_hd__clkbuf_4)
    10    0.06    0.15    0.21    0.73 ^ _215_/X (sky130_fd_sc_hd__clkbuf_4)
                                         _060_ (net)
                  0.15    0.01    0.73 ^ _235_/A_N (sky130_fd_sc_hd__and2b_1)
     1    0.02    0.07    0.16    0.90 v _235_/X (sky130_fd_sc_hd__and2b_1)
                                         _077_ (net)
                  0.07    0.00    0.90 v _236_/A (sky130_fd_sc_hd__clkbuf_2)
     4    0.05    0.14    0.17    1.07 v _236_/X (sky130_fd_sc_hd__clkbuf_2)
                                         _078_ (net)
                  0.14    0.01    1.08 v _237_/B (sky130_fd_sc_hd__nand2_1)
     1    0.02    0.16    0.18    1.25 ^ _237_/Y (sky130_fd_sc_hd__nand2_1)
                                         _079_ (net)
                  0.16    0.00    1.26 ^ _239_/A3 (sky130_fd_sc_hd__a31o_2)
     5    0.04    0.18    0.21    1.47 ^ _239_/X (sky130_fd_sc_hd__a31o_2)
                                         _081_ (net)
                  0.18    0.00    1.47 ^ _240_/A (sky130_fd_sc_hd__buf_1)
     3    0.02    0.21    0.18    1.65 ^ _240_/X (sky130_fd_sc_hd__buf_1)
                                         _082_ (net)
                  0.21    0.00    1.65 ^ _241_/A (sky130_fd_sc_hd__dlymetal6s2s_1)
     3    0.04    0.30    0.26    1.91 ^ _241_/X (sky130_fd_sc_hd__dlymetal6s2s_1)
                                         _083_ (net)
                  0.30    0.00    1.92 ^ _275_/A (sky130_fd_sc_hd__buf_1)
     2    0.02    0.14    0.13    2.05 ^ _275_/X (sky130_fd_sc_hd__buf_1)
                                         _117_ (net)
                  0.14    0.00    2.05 ^ _304_/A (sky130_fd_sc_hd__nand2_1)
     2    0.03    0.14    0.14    2.19 v _304_/Y (sky130_fd_sc_hd__nand2_1)
                                         _146_ (net)
                  0.14    0.00    2.19 v _341_/A2 (sky130_fd_sc_hd__a21oi_1)
     1    0.02    0.38    0.35    2.54 ^ _341_/Y (sky130_fd_sc_hd__a21oi_1)
                                         _183_ (net)
                  0.38    0.00    2.54 ^ _342_/B1 (sky130_fd_sc_hd__a31o_2)
     9    0.06    0.24    0.22    2.76 ^ _342_/X (sky130_fd_sc_hd__a31o_2)
                                         _184_ (net)
                  0.24    0.01    2.76 ^ _424_/A1 (sky130_fd_sc_hd__mux2_1)
     1    0.01    0.09    0.15    2.91 ^ _424_/X (sky130_fd_sc_hd__mux2_1)
                                         _055_ (net)
                  0.09    0.00    2.91 ^ _425_/A (sky130_fd_sc_hd__clkbuf_1)
     1    0.02    0.17    0.15    3.07 ^ _425_/X (sky130_fd_sc_hd__clkbuf_1)
                                         _023_ (net)
                  0.17    0.00    3.07 ^ _457_/D (sky130_fd_sc_hd__dfxtp_1)
                                  3.07   data arrival time

                         10.00   10.00   clock CLK100MHZ (rise edge)
                          0.00   10.00   clock source latency
     1    0.03    0.00    0.00   10.00 ^ CLK100MHZ (in)
                                         CLK100MHZ (net)
                  0.00    0.00   10.00 ^ clkbuf_0_CLK100MHZ/A (sky130_fd_sc_hd__clkbuf_16)
     2    0.02    0.03    0.08   10.08 ^ clkbuf_0_CLK100MHZ/X (sky130_fd_sc_hd__clkbuf_16)
                                         clknet_0_CLK100MHZ (net)
                  0.03    0.00   10.08 ^ clkbuf_1_1__f_CLK100MHZ/A (sky130_fd_sc_hd__clkbuf_16)
    13    0.06    0.06    0.11   10.19 ^ clkbuf_1_1__f_CLK100MHZ/X (sky130_fd_sc_hd__clkbuf_16)
                                         clknet_1_1__leaf_CLK100MHZ (net)
                  0.06    0.00   10.19 ^ _457_/CLK (sky130_fd_sc_hd__dfxtp_1)
                         -0.20    9.99   clock uncertainty
                          0.00    9.99   clock reconvergence pessimism
                         -0.04    9.95   library setup time
                                  9.95   data required time
-----------------------------------------------------------------------------
                                  9.95   data required time
                                 -3.07   data arrival time
-----------------------------------------------------------------------------
                                  6.88   slack (MET)


Startpoint: _464_ (rising edge-triggered flip-flop clocked by CLK100MHZ)
Endpoint: _448_ (rising edge-triggered flip-flop clocked by CLK100MHZ)
Path Group: CLK100MHZ
Path Type: max
Corner: Fastest

Fanout     Cap    Slew   Delay    Time   Description
-----------------------------------------------------------------------------
                          0.00    0.00   clock CLK100MHZ (rise edge)
                          0.00    0.00   clock source latency
     1    0.03    0.00    0.00    0.00 ^ CLK100MHZ (in)
                                         CLK100MHZ (net)
                  0.00    0.00    0.00 ^ clkbuf_0_CLK100MHZ/A (sky130_fd_sc_hd__clkbuf_16)
     2    0.02    0.03    0.08    0.08 ^ clkbuf_0_CLK100MHZ/X (sky130_fd_sc_hd__clkbuf_16)
                                         clknet_0_CLK100MHZ (net)
                  0.03    0.00    0.08 ^ clkbuf_1_0__f_CLK100MHZ/A (sky130_fd_sc_hd__clkbuf_16)
    16    0.07    0.07    0.11    0.19 ^ clkbuf_1_0__f_CLK100MHZ/X (sky130_fd_sc_hd__clkbuf_16)
                                         clknet_1_0__leaf_CLK100MHZ (net)
                  0.07    0.00    0.19 ^ _464_/CLK (sky130_fd_sc_hd__dfrtp_1)
     3    0.03    0.10    0.30    0.50 v _464_/Q (sky130_fd_sc_hd__dfrtp_1)
                                         imem.address[2] (net)
                  0.10    0.00    0.50 v _215_/A (sky130_fd_sc_hd__clkbuf_4)
    10    0.06    0.09    0.18    0.68 v _215_/X (sky130_fd_sc_hd__clkbuf_4)
                                         _060_ (net)
                  0.09    0.01    0.69 v _235_/A_N (sky130_fd_sc_hd__and2b_1)
     1    0.02    0.14    0.21    0.90 ^ _235_/X (sky130_fd_sc_hd__and2b_1)
                                         _077_ (net)
                  0.14    0.00    0.90 ^ _236_/A (sky130_fd_sc_hd__clkbuf_2)
     4    0.05    0.22    0.22    1.12 ^ _236_/X (sky130_fd_sc_hd__clkbuf_2)
                                         _078_ (net)
                  0.22    0.01    1.13 ^ _237_/B (sky130_fd_sc_hd__nand2_1)
     1    0.02    0.12    0.13    1.25 v _237_/Y (sky130_fd_sc_hd__nand2_1)
                                         _079_ (net)
                  0.12    0.00    1.26 v _239_/A3 (sky130_fd_sc_hd__a31o_2)
     5    0.04    0.09    0.25    1.51 v _239_/X (sky130_fd_sc_hd__a31o_2)
                                         _081_ (net)
                  0.09    0.00    1.51 v _240_/A (sky130_fd_sc_hd__buf_1)
     3    0.02    0.09    0.14    1.65 v _240_/X (sky130_fd_sc_hd__buf_1)
                                         _082_ (net)
                  0.09    0.00    1.65 v _241_/A (sky130_fd_sc_hd__dlymetal6s2s_1)
     3    0.04    0.13    0.20    1.84 v _241_/X (sky130_fd_sc_hd__dlymetal6s2s_1)
                                         _083_ (net)
                  0.13    0.01    1.85 v _242_/A (sky130_fd_sc_hd__buf_1)
     2    0.03    0.13    0.18    2.03 v _242_/X (sky130_fd_sc_hd__buf_1)
                                         _084_ (net)
                  0.13    0.00    2.03 v _254_/A (sky130_fd_sc_hd__nor2_2)
     3    0.04    0.31    0.29    2.32 ^ _254_/Y (sky130_fd_sc_hd__nor2_2)
                                         _096_ (net)
                  0.31    0.00    2.33 ^ _280_/B1 (sky130_fd_sc_hd__a21oi_1)
     2    0.01    0.11    0.08    2.40 v _280_/Y (sky130_fd_sc_hd__a21oi_1)
                                         _122_ (net)
                  0.11    0.00    2.40 v _281_/B (sky130_fd_sc_hd__and2_1)
     1    0.01    0.05    0.15    2.55 v _281_/X (sky130_fd_sc_hd__and2_1)
                                         _123_ (net)
                  0.05    0.00    2.55 v _296_/B1 (sky130_fd_sc_hd__a22o_4)
     9    0.06    0.08    0.16    2.71 v _296_/X (sky130_fd_sc_hd__a22o_4)
                                         _138_ (net)
                  0.08    0.00    2.71 v _402_/A0 (sky130_fd_sc_hd__mux2_1)
     1    0.01    0.06    0.18    2.90 v _402_/X (sky130_fd_sc_hd__mux2_1)
                                         _042_ (net)
                  0.06    0.00    2.90 v _403_/A (sky130_fd_sc_hd__clkbuf_1)
     1    0.01    0.06    0.10    3.00 v _403_/X (sky130_fd_sc_hd__clkbuf_1)
                                         _014_ (net)
                  0.06    0.00    3.00 v _448_/D (sky130_fd_sc_hd__dfxtp_1)
                                  3.00   data arrival time

                         10.00   10.00   clock CLK100MHZ (rise edge)
                          0.00   10.00   clock source latency
     1    0.03    0.00    0.00   10.00 ^ CLK100MHZ (in)
                                         CLK100MHZ (net)
                  0.00    0.00   10.00 ^ clkbuf_0_CLK100MHZ/A (sky130_fd_sc_hd__clkbuf_16)
     2    0.02    0.03    0.08   10.08 ^ clkbuf_0_CLK100MHZ/X (sky130_fd_sc_hd__clkbuf_16)
                                         clknet_0_CLK100MHZ (net)
                  0.03    0.00   10.08 ^ clkbuf_1_0__f_CLK100MHZ/A (sky130_fd_sc_hd__clkbuf_16)
    16    0.07    0.07    0.11   10.19 ^ clkbuf_1_0__f_CLK100MHZ/X (sky130_fd_sc_hd__clkbuf_16)
                                         clknet_1_0__leaf_CLK100MHZ (net)
                  0.07    0.00   10.19 ^ _448_/CLK (sky130_fd_sc_hd__dfxtp_1)
                         -0.20    9.99   clock uncertainty
                          0.00    9.99   clock reconvergence pessimism
                         -0.08    9.92   library setup time
                                  9.92   data required time
-----------------------------------------------------------------------------
                                  9.92   data required time
                                 -3.00   data arrival time
-----------------------------------------------------------------------------
                                  6.91   slack (MET)


Startpoint: _464_ (rising edge-triggered flip-flop clocked by CLK100MHZ)
Endpoint: _459_ (rising edge-triggered flip-flop clocked by CLK100MHZ)
Path Group: CLK100MHZ
Path Type: max
Corner: Fastest

Fanout     Cap    Slew   Delay    Time   Description
-----------------------------------------------------------------------------
                          0.00    0.00   clock CLK100MHZ (rise edge)
                          0.00    0.00   clock source latency
     1    0.03    0.00    0.00    0.00 ^ CLK100MHZ (in)
                                         CLK100MHZ (net)
                  0.00    0.00    0.00 ^ clkbuf_0_CLK100MHZ/A (sky130_fd_sc_hd__clkbuf_16)
     2    0.02    0.03    0.08    0.08 ^ clkbuf_0_CLK100MHZ/X (sky130_fd_sc_hd__clkbuf_16)
                                         clknet_0_CLK100MHZ (net)
                  0.03    0.00    0.08 ^ clkbuf_1_0__f_CLK100MHZ/A (sky130_fd_sc_hd__clkbuf_16)
    16    0.07    0.07    0.11    0.19 ^ clkbuf_1_0__f_CLK100MHZ/X (sky130_fd_sc_hd__clkbuf_16)
                                         clknet_1_0__leaf_CLK100MHZ (net)
                  0.07    0.00    0.19 ^ _464_/CLK (sky130_fd_sc_hd__dfrtp_1)
     3    0.03    0.19    0.32    0.52 ^ _464_/Q (sky130_fd_sc_hd__dfrtp_1)
                                         imem.address[2] (net)
                  0.19    0.00    0.52 ^ _215_/A (sky130_fd_sc_hd__clkbuf_4)
    10    0.06    0.15    0.21    0.73 ^ _215_/X (sky130_fd_sc_hd__clkbuf_4)
                                         _060_ (net)
                  0.15    0.01    0.73 ^ _235_/A_N (sky130_fd_sc_hd__and2b_1)
     1    0.02    0.07    0.16    0.90 v _235_/X (sky130_fd_sc_hd__and2b_1)
                                         _077_ (net)
                  0.07    0.00    0.90 v _236_/A (sky130_fd_sc_hd__clkbuf_2)
     4    0.05    0.14    0.17    1.07 v _236_/X (sky130_fd_sc_hd__clkbuf_2)
                                         _078_ (net)
                  0.14    0.01    1.08 v _237_/B (sky130_fd_sc_hd__nand2_1)
     1    0.02    0.16    0.18    1.25 ^ _237_/Y (sky130_fd_sc_hd__nand2_1)
                                         _079_ (net)
                  0.16    0.00    1.26 ^ _239_/A3 (sky130_fd_sc_hd__a31o_2)
     5    0.04    0.18    0.21    1.47 ^ _239_/X (sky130_fd_sc_hd__a31o_2)
                                         _081_ (net)
                  0.18    0.00    1.47 ^ _240_/A (sky130_fd_sc_hd__buf_1)
     3    0.02    0.21    0.18    1.65 ^ _240_/X (sky130_fd_sc_hd__buf_1)
                                         _082_ (net)
                  0.21    0.00    1.65 ^ _241_/A (sky130_fd_sc_hd__dlymetal6s2s_1)
     3    0.04    0.30    0.26    1.91 ^ _241_/X (sky130_fd_sc_hd__dlymetal6s2s_1)
                                         _083_ (net)
                  0.30    0.01    1.92 ^ _242_/A (sky130_fd_sc_hd__buf_1)
     2    0.03    0.29    0.24    2.15 ^ _242_/X (sky130_fd_sc_hd__buf_1)
                                         _084_ (net)
                  0.29    0.00    2.16 ^ _303_/S (sky130_fd_sc_hd__mux2_1)
     1    0.01    0.06    0.22    2.38 v _303_/X (sky130_fd_sc_hd__mux2_1)
                                         _145_ (net)
                  0.06    0.00    2.38 v _306_/A0 (sky130_fd_sc_hd__mux2_1)
     1    0.01    0.07    0.18    2.56 v _306_/X (sky130_fd_sc_hd__mux2_1)
                                         _148_ (net)
                  0.07    0.00    2.56 v _315_/A2_N (sky130_fd_sc_hd__a2bb2o_4)
     9    0.06    0.15    0.22    2.78 ^ _315_/X (sky130_fd_sc_hd__a2bb2o_4)
                                         _157_ (net)
                  0.15    0.01    2.79 ^ _428_/A1 (sky130_fd_sc_hd__mux2_1)
     1    0.01    0.07    0.13    2.92 ^ _428_/X (sky130_fd_sc_hd__mux2_1)
                                         _057_ (net)
                  0.07    0.00    2.92 ^ _429_/A (sky130_fd_sc_hd__buf_1)
     1    0.01    0.13    0.12    3.04 ^ _429_/X (sky130_fd_sc_hd__buf_1)
                                         _025_ (net)
                  0.13    0.00    3.04 ^ _459_/D (sky130_fd_sc_hd__dfxtp_1)
                                  3.04   data arrival time

                         10.00   10.00   clock CLK100MHZ (rise edge)
                          0.00   10.00   clock source latency
     1    0.03    0.00    0.00   10.00 ^ CLK100MHZ (in)
                                         CLK100MHZ (net)
                  0.00    0.00   10.00 ^ clkbuf_0_CLK100MHZ/A (sky130_fd_sc_hd__clkbuf_16)
     2    0.02    0.03    0.08   10.08 ^ clkbuf_0_CLK100MHZ/X (sky130_fd_sc_hd__clkbuf_16)
                                         clknet_0_CLK100MHZ (net)
                  0.03    0.00   10.08 ^ clkbuf_1_0__f_CLK100MHZ/A (sky130_fd_sc_hd__clkbuf_16)
    16    0.07    0.07    0.11   10.19 ^ clkbuf_1_0__f_CLK100MHZ/X (sky130_fd_sc_hd__clkbuf_16)
                                         clknet_1_0__leaf_CLK100MHZ (net)
                  0.07    0.01   10.20 ^ _459_/CLK (sky130_fd_sc_hd__dfxtp_1)
                         -0.20   10.00   clock uncertainty
                          0.00   10.00   clock reconvergence pessimism
                         -0.04    9.96   library setup time
                                  9.96   data required time
-----------------------------------------------------------------------------
                                  9.96   data required time
                                 -3.04   data arrival time
-----------------------------------------------------------------------------
                                  6.92   slack (MET)


Startpoint: _464_ (rising edge-triggered flip-flop clocked by CLK100MHZ)
Endpoint: _458_ (rising edge-triggered flip-flop clocked by CLK100MHZ)
Path Group: CLK100MHZ
Path Type: max
Corner: Fastest

Fanout     Cap    Slew   Delay    Time   Description
-----------------------------------------------------------------------------
                          0.00    0.00   clock CLK100MHZ (rise edge)
                          0.00    0.00   clock source latency
     1    0.03    0.00    0.00    0.00 ^ CLK100MHZ (in)
                                         CLK100MHZ (net)
                  0.00    0.00    0.00 ^ clkbuf_0_CLK100MHZ/A (sky130_fd_sc_hd__clkbuf_16)
     2    0.02    0.03    0.08    0.08 ^ clkbuf_0_CLK100MHZ/X (sky130_fd_sc_hd__clkbuf_16)
                                         clknet_0_CLK100MHZ (net)
                  0.03    0.00    0.08 ^ clkbuf_1_0__f_CLK100MHZ/A (sky130_fd_sc_hd__clkbuf_16)
    16    0.07    0.07    0.11    0.19 ^ clkbuf_1_0__f_CLK100MHZ/X (sky130_fd_sc_hd__clkbuf_16)
                                         clknet_1_0__leaf_CLK100MHZ (net)
                  0.07    0.00    0.19 ^ _464_/CLK (sky130_fd_sc_hd__dfrtp_1)
     3    0.03    0.10    0.30    0.50 v _464_/Q (sky130_fd_sc_hd__dfrtp_1)
                                         imem.address[2] (net)
                  0.10    0.00    0.50 v _215_/A (sky130_fd_sc_hd__clkbuf_4)
    10    0.06    0.09    0.18    0.68 v _215_/X (sky130_fd_sc_hd__clkbuf_4)
                                         _060_ (net)
                  0.09    0.01    0.69 v _235_/A_N (sky130_fd_sc_hd__and2b_1)
     1    0.02    0.14    0.21    0.90 ^ _235_/X (sky130_fd_sc_hd__and2b_1)
                                         _077_ (net)
                  0.14    0.00    0.90 ^ _236_/A (sky130_fd_sc_hd__clkbuf_2)
     4    0.05    0.22    0.22    1.12 ^ _236_/X (sky130_fd_sc_hd__clkbuf_2)
                                         _078_ (net)
                  0.22    0.01    1.13 ^ _237_/B (sky130_fd_sc_hd__nand2_1)
     1    0.02    0.12    0.13    1.25 v _237_/Y (sky130_fd_sc_hd__nand2_1)
                                         _079_ (net)
                  0.12    0.00    1.26 v _239_/A3 (sky130_fd_sc_hd__a31o_2)
     5    0.04    0.09    0.25    1.51 v _239_/X (sky130_fd_sc_hd__a31o_2)
                                         _081_ (net)
                  0.09    0.00    1.51 v _240_/A (sky130_fd_sc_hd__buf_1)
     3    0.02    0.09    0.14    1.65 v _240_/X (sky130_fd_sc_hd__buf_1)
                                         _082_ (net)
                  0.09    0.00    1.65 v _241_/A (sky130_fd_sc_hd__dlymetal6s2s_1)
     3    0.04    0.13    0.20    1.84 v _241_/X (sky130_fd_sc_hd__dlymetal6s2s_1)
                                         _083_ (net)
                  0.13    0.01    1.85 v _242_/A (sky130_fd_sc_hd__buf_1)
     2    0.03    0.13    0.18    2.03 v _242_/X (sky130_fd_sc_hd__buf_1)
                                         _084_ (net)
                  0.13    0.00    2.03 v _254_/A (sky130_fd_sc_hd__nor2_2)
     3    0.04    0.31    0.29    2.32 ^ _254_/Y (sky130_fd_sc_hd__nor2_2)
                                         _096_ (net)
                  0.31    0.00    2.33 ^ _280_/B1 (sky130_fd_sc_hd__a21oi_1)
     2    0.01    0.11    0.08    2.40 v _280_/Y (sky130_fd_sc_hd__a21oi_1)
                                         _122_ (net)
                  0.11    0.00    2.40 v _281_/B (sky130_fd_sc_hd__and2_1)
     1    0.01    0.05    0.15    2.55 v _281_/X (sky130_fd_sc_hd__and2_1)
                                         _123_ (net)
                  0.05    0.00    2.55 v _296_/B1 (sky130_fd_sc_hd__a22o_4)
     9    0.06    0.08    0.16    2.71 v _296_/X (sky130_fd_sc_hd__a22o_4)
                                         _138_ (net)
                  0.08    0.01    2.72 v _426_/A1 (sky130_fd_sc_hd__mux2_1)
     1    0.01    0.06    0.19    2.91 v _426_/X (sky130_fd_sc_hd__mux2_1)
                                         _056_ (net)
                  0.06    0.00    2.91 v _427_/A (sky130_fd_sc_hd__clkbuf_1)
     1    0.01    0.04    0.09    3.00 v _427_/X (sky130_fd_sc_hd__clkbuf_1)
                                         _024_ (net)
                  0.04    0.00    3.00 v _458_/D (sky130_fd_sc_hd__dfxtp_1)
                                  3.00   data arrival time

                         10.00   10.00   clock CLK100MHZ (rise edge)
                          0.00   10.00   clock source latency
     1    0.03    0.00    0.00   10.00 ^ CLK100MHZ (in)
                                         CLK100MHZ (net)
                  0.00    0.00   10.00 ^ clkbuf_0_CLK100MHZ/A (sky130_fd_sc_hd__clkbuf_16)
     2    0.02    0.03    0.08   10.08 ^ clkbuf_0_CLK100MHZ/X (sky130_fd_sc_hd__clkbuf_16)
                                         clknet_0_CLK100MHZ (net)
                  0.03    0.00   10.08 ^ clkbuf_1_1__f_CLK100MHZ/A (sky130_fd_sc_hd__clkbuf_16)
    13    0.06    0.06    0.11   10.19 ^ clkbuf_1_1__f_CLK100MHZ/X (sky130_fd_sc_hd__clkbuf_16)
                                         clknet_1_1__leaf_CLK100MHZ (net)
                  0.06    0.00   10.19 ^ _458_/CLK (sky130_fd_sc_hd__dfxtp_1)
                         -0.20    9.99   clock uncertainty
                          0.00    9.99   clock reconvergence pessimism
                         -0.07    9.92   library setup time
                                  9.92   data required time
-----------------------------------------------------------------------------
                                  9.92   data required time
                                 -3.00   data arrival time
-----------------------------------------------------------------------------
                                  6.92   slack (MET)


Startpoint: _464_ (rising edge-triggered flip-flop clocked by CLK100MHZ)
Endpoint: _442_ (rising edge-triggered flip-flop clocked by CLK100MHZ)
Path Group: CLK100MHZ
Path Type: max
Corner: Fastest

Fanout     Cap    Slew   Delay    Time   Description
-----------------------------------------------------------------------------
                          0.00    0.00   clock CLK100MHZ (rise edge)
                          0.00    0.00   clock source latency
     1    0.03    0.00    0.00    0.00 ^ CLK100MHZ (in)
                                         CLK100MHZ (net)
                  0.00    0.00    0.00 ^ clkbuf_0_CLK100MHZ/A (sky130_fd_sc_hd__clkbuf_16)
     2    0.02    0.03    0.08    0.08 ^ clkbuf_0_CLK100MHZ/X (sky130_fd_sc_hd__clkbuf_16)
                                         clknet_0_CLK100MHZ (net)
                  0.03    0.00    0.08 ^ clkbuf_1_0__f_CLK100MHZ/A (sky130_fd_sc_hd__clkbuf_16)
    16    0.07    0.07    0.11    0.19 ^ clkbuf_1_0__f_CLK100MHZ/X (sky130_fd_sc_hd__clkbuf_16)
                                         clknet_1_0__leaf_CLK100MHZ (net)
                  0.07    0.00    0.19 ^ _464_/CLK (sky130_fd_sc_hd__dfrtp_1)
     3    0.03    0.19    0.32    0.52 ^ _464_/Q (sky130_fd_sc_hd__dfrtp_1)
                                         imem.address[2] (net)
                  0.19    0.00    0.52 ^ _215_/A (sky130_fd_sc_hd__clkbuf_4)
    10    0.06    0.15    0.21    0.73 ^ _215_/X (sky130_fd_sc_hd__clkbuf_4)
                                         _060_ (net)
                  0.15    0.01    0.73 ^ _235_/A_N (sky130_fd_sc_hd__and2b_1)
     1    0.02    0.07    0.16    0.90 v _235_/X (sky130_fd_sc_hd__and2b_1)
                                         _077_ (net)
                  0.07    0.00    0.90 v _236_/A (sky130_fd_sc_hd__clkbuf_2)
     4    0.05    0.14    0.17    1.07 v _236_/X (sky130_fd_sc_hd__clkbuf_2)
                                         _078_ (net)
                  0.14    0.01    1.08 v _237_/B (sky130_fd_sc_hd__nand2_1)
     1    0.02    0.16    0.18    1.25 ^ _237_/Y (sky130_fd_sc_hd__nand2_1)
                                         _079_ (net)
                  0.16    0.00    1.26 ^ _239_/A3 (sky130_fd_sc_hd__a31o_2)
     5    0.04    0.18    0.21    1.47 ^ _239_/X (sky130_fd_sc_hd__a31o_2)
                                         _081_ (net)
                  0.18    0.00    1.47 ^ _240_/A (sky130_fd_sc_hd__buf_1)
     3    0.02    0.21    0.18    1.65 ^ _240_/X (sky130_fd_sc_hd__buf_1)
                                         _082_ (net)
                  0.21    0.00    1.65 ^ _241_/A (sky130_fd_sc_hd__dlymetal6s2s_1)
     3    0.04    0.30    0.26    1.91 ^ _241_/X (sky130_fd_sc_hd__dlymetal6s2s_1)
                                         _083_ (net)
                  0.30    0.00    1.92 ^ _275_/A (sky130_fd_sc_hd__buf_1)
     2    0.02    0.14    0.13    2.05 ^ _275_/X (sky130_fd_sc_hd__buf_1)
                                         _117_ (net)
                  0.14    0.00    2.05 ^ _304_/A (sky130_fd_sc_hd__nand2_1)
     2    0.03    0.14    0.14    2.19 v _304_/Y (sky130_fd_sc_hd__nand2_1)
                                         _146_ (net)
                  0.14    0.00    2.19 v _341_/A2 (sky130_fd_sc_hd__a21oi_1)
     1    0.02    0.38    0.35    2.54 ^ _341_/Y (sky130_fd_sc_hd__a21oi_1)
                                         _183_ (net)
                  0.38    0.00    2.54 ^ _342_/B1 (sky130_fd_sc_hd__a31o_2)
     9    0.06    0.24    0.22    2.76 ^ _342_/X (sky130_fd_sc_hd__a31o_2)
                                         _184_ (net)
                  0.24    0.00    2.76 ^ _387_/A1 (sky130_fd_sc_hd__mux2_1)
     1    0.01    0.10    0.16    2.92 ^ _387_/X (sky130_fd_sc_hd__mux2_1)
                                         _033_ (net)
                  0.10    0.00    2.92 ^ _388_/A (sky130_fd_sc_hd__clkbuf_1)
     1    0.01    0.07    0.09    3.01 ^ _388_/X (sky130_fd_sc_hd__clkbuf_1)
                                         _008_ (net)
                  0.07    0.00    3.01 ^ _442_/D (sky130_fd_sc_hd__dfxtp_1)
                                  3.01   data arrival time

                         10.00   10.00   clock CLK100MHZ (rise edge)
                          0.00   10.00   clock source latency
     1    0.03    0.00    0.00   10.00 ^ CLK100MHZ (in)
                                         CLK100MHZ (net)
                  0.00    0.00   10.00 ^ clkbuf_0_CLK100MHZ/A (sky130_fd_sc_hd__clkbuf_16)
     2    0.02    0.03    0.08   10.08 ^ clkbuf_0_CLK100MHZ/X (sky130_fd_sc_hd__clkbuf_16)
                                         clknet_0_CLK100MHZ (net)
                  0.03    0.00   10.08 ^ clkbuf_1_1__f_CLK100MHZ/A (sky130_fd_sc_hd__clkbuf_16)
    13    0.06    0.06    0.11   10.19 ^ clkbuf_1_1__f_CLK100MHZ/X (sky130_fd_sc_hd__clkbuf_16)
                                         clknet_1_1__leaf_CLK100MHZ (net)
                  0.06    0.00   10.19 ^ _442_/CLK (sky130_fd_sc_hd__dfxtp_1)
                         -0.20    9.99   clock uncertainty
                          0.00    9.99   clock reconvergence pessimism
                         -0.03    9.96   library setup time
                                  9.96   data required time
-----------------------------------------------------------------------------
                                  9.96   data required time
                                 -3.01   data arrival time
-----------------------------------------------------------------------------
                                  6.95   slack (MET)


Startpoint: _464_ (rising edge-triggered flip-flop clocked by CLK100MHZ)
Endpoint: _444_ (rising edge-triggered flip-flop clocked by CLK100MHZ)
Path Group: CLK100MHZ
Path Type: max
Corner: Fastest

Fanout     Cap    Slew   Delay    Time   Description
-----------------------------------------------------------------------------
                          0.00    0.00   clock CLK100MHZ (rise edge)
                          0.00    0.00   clock source latency
     1    0.03    0.00    0.00    0.00 ^ CLK100MHZ (in)
                                         CLK100MHZ (net)
                  0.00    0.00    0.00 ^ clkbuf_0_CLK100MHZ/A (sky130_fd_sc_hd__clkbuf_16)
     2    0.02    0.03    0.08    0.08 ^ clkbuf_0_CLK100MHZ/X (sky130_fd_sc_hd__clkbuf_16)
                                         clknet_0_CLK100MHZ (net)
                  0.03    0.00    0.08 ^ clkbuf_1_0__f_CLK100MHZ/A (sky130_fd_sc_hd__clkbuf_16)
    16    0.07    0.07    0.11    0.19 ^ clkbuf_1_0__f_CLK100MHZ/X (sky130_fd_sc_hd__clkbuf_16)
                                         clknet_1_0__leaf_CLK100MHZ (net)
                  0.07    0.00    0.19 ^ _464_/CLK (sky130_fd_sc_hd__dfrtp_1)
     3    0.03    0.19    0.32    0.52 ^ _464_/Q (sky130_fd_sc_hd__dfrtp_1)
                                         imem.address[2] (net)
                  0.19    0.00    0.52 ^ _215_/A (sky130_fd_sc_hd__clkbuf_4)
    10    0.06    0.15    0.21    0.73 ^ _215_/X (sky130_fd_sc_hd__clkbuf_4)
                                         _060_ (net)
                  0.15    0.01    0.73 ^ _235_/A_N (sky130_fd_sc_hd__and2b_1)
     1    0.02    0.07    0.16    0.90 v _235_/X (sky130_fd_sc_hd__and2b_1)
                                         _077_ (net)
                  0.07    0.00    0.90 v _236_/A (sky130_fd_sc_hd__clkbuf_2)
     4    0.05    0.14    0.17    1.07 v _236_/X (sky130_fd_sc_hd__clkbuf_2)
                                         _078_ (net)
                  0.14    0.01    1.08 v _237_/B (sky130_fd_sc_hd__nand2_1)
     1    0.02    0.16    0.18    1.25 ^ _237_/Y (sky130_fd_sc_hd__nand2_1)
                                         _079_ (net)
                  0.16    0.00    1.26 ^ _239_/A3 (sky130_fd_sc_hd__a31o_2)
     5    0.04    0.18    0.21    1.47 ^ _239_/X (sky130_fd_sc_hd__a31o_2)
                                         _081_ (net)
                  0.18    0.00    1.47 ^ _240_/A (sky130_fd_sc_hd__buf_1)
     3    0.02    0.21    0.18    1.65 ^ _240_/X (sky130_fd_sc_hd__buf_1)
                                         _082_ (net)
                  0.21    0.00    1.65 ^ _241_/A (sky130_fd_sc_hd__dlymetal6s2s_1)
     3    0.04    0.30    0.26    1.91 ^ _241_/X (sky130_fd_sc_hd__dlymetal6s2s_1)
                                         _083_ (net)
                  0.30    0.01    1.92 ^ _242_/A (sky130_fd_sc_hd__buf_1)
     2    0.03    0.29    0.24    2.15 ^ _242_/X (sky130_fd_sc_hd__buf_1)
                                         _084_ (net)
                  0.29    0.00    2.16 ^ _303_/S (sky130_fd_sc_hd__mux2_1)
     1    0.01    0.06    0.22    2.38 v _303_/X (sky130_fd_sc_hd__mux2_1)
                                         _145_ (net)
                  0.06    0.00    2.38 v _306_/A0 (sky130_fd_sc_hd__mux2_1)
     1    0.01    0.07    0.18    2.56 v _306_/X (sky130_fd_sc_hd__mux2_1)
                                         _148_ (net)
                  0.07    0.00    2.56 v _315_/A2_N (sky130_fd_sc_hd__a2bb2o_4)
     9    0.06    0.15    0.22    2.78 ^ _315_/X (sky130_fd_sc_hd__a2bb2o_4)
                                         _157_ (net)
                  0.15    0.01    2.79 ^ _391_/A1 (sky130_fd_sc_hd__mux2_1)
     1    0.00    0.03    0.10    2.89 ^ _391_/X (sky130_fd_sc_hd__mux2_1)
                                         _035_ (net)
                  0.03    0.00    2.89 ^ _392_/A (sky130_fd_sc_hd__clkbuf_1)
     1    0.01    0.10    0.10    2.99 ^ _392_/X (sky130_fd_sc_hd__clkbuf_1)
                                         _010_ (net)
                  0.10    0.00    2.99 ^ _444_/D (sky130_fd_sc_hd__dfxtp_1)
                                  2.99   data arrival time

                         10.00   10.00   clock CLK100MHZ (rise edge)
                          0.00   10.00   clock source latency
     1    0.03    0.00    0.00   10.00 ^ CLK100MHZ (in)
                                         CLK100MHZ (net)
                  0.00    0.00   10.00 ^ clkbuf_0_CLK100MHZ/A (sky130_fd_sc_hd__clkbuf_16)
     2    0.02    0.03    0.08   10.08 ^ clkbuf_0_CLK100MHZ/X (sky130_fd_sc_hd__clkbuf_16)
                                         clknet_0_CLK100MHZ (net)
                  0.03    0.00   10.08 ^ clkbuf_1_1__f_CLK100MHZ/A (sky130_fd_sc_hd__clkbuf_16)
    13    0.06    0.06    0.11   10.19 ^ clkbuf_1_1__f_CLK100MHZ/X (sky130_fd_sc_hd__clkbuf_16)
                                         clknet_1_1__leaf_CLK100MHZ (net)
                  0.06    0.00   10.19 ^ _444_/CLK (sky130_fd_sc_hd__dfxtp_1)
                         -0.20    9.99   clock uncertainty
                          0.00    9.99   clock reconvergence pessimism
                         -0.03    9.96   library setup time
                                  9.96   data required time
-----------------------------------------------------------------------------
                                  9.96   data required time
                                 -2.99   data arrival time
-----------------------------------------------------------------------------
                                  6.96   slack (MET)


Startpoint: _464_ (rising edge-triggered flip-flop clocked by CLK100MHZ)
Endpoint: _437_ (rising edge-triggered flip-flop clocked by CLK100MHZ)
Path Group: CLK100MHZ
Path Type: max
Corner: Fastest

Fanout     Cap    Slew   Delay    Time   Description
-----------------------------------------------------------------------------
                          0.00    0.00   clock CLK100MHZ (rise edge)
                          0.00    0.00   clock source latency
     1    0.03    0.00    0.00    0.00 ^ CLK100MHZ (in)
                                         CLK100MHZ (net)
                  0.00    0.00    0.00 ^ clkbuf_0_CLK100MHZ/A (sky130_fd_sc_hd__clkbuf_16)
     2    0.02    0.03    0.08    0.08 ^ clkbuf_0_CLK100MHZ/X (sky130_fd_sc_hd__clkbuf_16)
                                         clknet_0_CLK100MHZ (net)
                  0.03    0.00    0.08 ^ clkbuf_1_0__f_CLK100MHZ/A (sky130_fd_sc_hd__clkbuf_16)
    16    0.07    0.07    0.11    0.19 ^ clkbuf_1_0__f_CLK100MHZ/X (sky130_fd_sc_hd__clkbuf_16)
                                         clknet_1_0__leaf_CLK100MHZ (net)
                  0.07    0.00    0.19 ^ _464_/CLK (sky130_fd_sc_hd__dfrtp_1)
     3    0.03    0.19    0.32    0.52 ^ _464_/Q (sky130_fd_sc_hd__dfrtp_1)
                                         imem.address[2] (net)
                  0.19    0.00    0.52 ^ _215_/A (sky130_fd_sc_hd__clkbuf_4)
    10    0.06    0.15    0.21    0.73 ^ _215_/X (sky130_fd_sc_hd__clkbuf_4)
                                         _060_ (net)
                  0.15    0.01    0.73 ^ _235_/A_N (sky130_fd_sc_hd__and2b_1)
     1    0.02    0.07    0.16    0.90 v _235_/X (sky130_fd_sc_hd__and2b_1)
                                         _077_ (net)
                  0.07    0.00    0.90 v _236_/A (sky130_fd_sc_hd__clkbuf_2)
     4    0.05    0.14    0.17    1.07 v _236_/X (sky130_fd_sc_hd__clkbuf_2)
                                         _078_ (net)
                  0.14    0.01    1.08 v _237_/B (sky130_fd_sc_hd__nand2_1)
     1    0.02    0.16    0.18    1.25 ^ _237_/Y (sky130_fd_sc_hd__nand2_1)
                                         _079_ (net)
                  0.16    0.00    1.26 ^ _239_/A3 (sky130_fd_sc_hd__a31o_2)
     5    0.04    0.18    0.21    1.47 ^ _239_/X (sky130_fd_sc_hd__a31o_2)
                                         _081_ (net)
                  0.18    0.00    1.47 ^ _240_/A (sky130_fd_sc_hd__buf_1)
     3    0.02    0.21    0.18    1.65 ^ _240_/X (sky130_fd_sc_hd__buf_1)
                                         _082_ (net)
                  0.21    0.00    1.65 ^ _241_/A (sky130_fd_sc_hd__dlymetal6s2s_1)
     3    0.04    0.30    0.26    1.91 ^ _241_/X (sky130_fd_sc_hd__dlymetal6s2s_1)
                                         _083_ (net)
                  0.30    0.00    1.92 ^ _275_/A (sky130_fd_sc_hd__buf_1)
     2    0.02    0.14    0.13    2.05 ^ _275_/X (sky130_fd_sc_hd__buf_1)
                                         _117_ (net)
                  0.14    0.00    2.05 ^ _304_/A (sky130_fd_sc_hd__nand2_1)
     2    0.03    0.14    0.14    2.19 v _304_/Y (sky130_fd_sc_hd__nand2_1)
                                         _146_ (net)
                  0.14    0.00    2.19 v _341_/A2 (sky130_fd_sc_hd__a21oi_1)
     1    0.02    0.38    0.35    2.54 ^ _341_/Y (sky130_fd_sc_hd__a21oi_1)
                                         _183_ (net)
                  0.38    0.00    2.54 ^ _342_/B1 (sky130_fd_sc_hd__a31o_2)
     9    0.06    0.24    0.22    2.76 ^ _342_/X (sky130_fd_sc_hd__a31o_2)
                                         _184_ (net)
                  0.24    0.00    2.76 ^ _365_/A1 (sky130_fd_sc_hd__mux2_1)
     1    0.01    0.07    0.14    2.90 ^ _365_/X (sky130_fd_sc_hd__mux2_1)
                                         _200_ (net)
                  0.07    0.00    2.90 ^ _366_/A (sky130_fd_sc_hd__clkbuf_1)
     1    0.01    0.08    0.09    2.99 ^ _366_/X (sky130_fd_sc_hd__clkbuf_1)
                                         _003_ (net)
                  0.08    0.00    2.99 ^ _437_/D (sky130_fd_sc_hd__dfxtp_1)
                                  2.99   data arrival time

                         10.00   10.00   clock CLK100MHZ (rise edge)
                          0.00   10.00   clock source latency
     1    0.03    0.00    0.00   10.00 ^ CLK100MHZ (in)
                                         CLK100MHZ (net)
                  0.00    0.00   10.00 ^ clkbuf_0_CLK100MHZ/A (sky130_fd_sc_hd__clkbuf_16)
     2    0.02    0.03    0.08   10.08 ^ clkbuf_0_CLK100MHZ/X (sky130_fd_sc_hd__clkbuf_16)
                                         clknet_0_CLK100MHZ (net)
                  0.03    0.00   10.08 ^ clkbuf_1_0__f_CLK100MHZ/A (sky130_fd_sc_hd__clkbuf_16)
    16    0.07    0.07    0.11   10.19 ^ clkbuf_1_0__f_CLK100MHZ/X (sky130_fd_sc_hd__clkbuf_16)
                                         clknet_1_0__leaf_CLK100MHZ (net)
                  0.07    0.00   10.19 ^ _437_/CLK (sky130_fd_sc_hd__dfxtp_1)
                         -0.20    9.99   clock uncertainty
                          0.00    9.99   clock reconvergence pessimism
                         -0.03    9.96   library setup time
                                  9.96   data required time
-----------------------------------------------------------------------------
                                  9.96   data required time
                                 -2.99   data arrival time
-----------------------------------------------------------------------------
                                  6.97   slack (MET)


Startpoint: _464_ (rising edge-triggered flip-flop clocked by CLK100MHZ)
Endpoint: _454_ (rising edge-triggered flip-flop clocked by CLK100MHZ)
Path Group: CLK100MHZ
Path Type: max
Corner: Fastest

Fanout     Cap    Slew   Delay    Time   Description
-----------------------------------------------------------------------------
                          0.00    0.00   clock CLK100MHZ (rise edge)
                          0.00    0.00   clock source latency
     1    0.03    0.00    0.00    0.00 ^ CLK100MHZ (in)
                                         CLK100MHZ (net)
                  0.00    0.00    0.00 ^ clkbuf_0_CLK100MHZ/A (sky130_fd_sc_hd__clkbuf_16)
     2    0.02    0.03    0.08    0.08 ^ clkbuf_0_CLK100MHZ/X (sky130_fd_sc_hd__clkbuf_16)
                                         clknet_0_CLK100MHZ (net)
                  0.03    0.00    0.08 ^ clkbuf_1_0__f_CLK100MHZ/A (sky130_fd_sc_hd__clkbuf_16)
    16    0.07    0.07    0.11    0.19 ^ clkbuf_1_0__f_CLK100MHZ/X (sky130_fd_sc_hd__clkbuf_16)
                                         clknet_1_0__leaf_CLK100MHZ (net)
                  0.07    0.00    0.19 ^ _464_/CLK (sky130_fd_sc_hd__dfrtp_1)
     3    0.03    0.19    0.32    0.52 ^ _464_/Q (sky130_fd_sc_hd__dfrtp_1)
                                         imem.address[2] (net)
                  0.19    0.00    0.52 ^ _215_/A (sky130_fd_sc_hd__clkbuf_4)
    10    0.06    0.15    0.21    0.73 ^ _215_/X (sky130_fd_sc_hd__clkbuf_4)
                                         _060_ (net)
                  0.15    0.00    0.73 ^ _216_/A (sky130_fd_sc_hd__clkbuf_2)
     5    0.05    0.19    0.20    0.93 ^ _216_/X (sky130_fd_sc_hd__clkbuf_2)
                                         _061_ (net)
                  0.19    0.00    0.93 ^ _217_/A (sky130_fd_sc_hd__clkbuf_1)
     1    0.01    0.11    0.12    1.05 ^ _217_/X (sky130_fd_sc_hd__clkbuf_1)
                                         _062_ (net)
                  0.11    0.00    1.05 ^ _218_/A (sky130_fd_sc_hd__buf_1)
     1    0.03    0.29    0.24    1.29 ^ _218_/X (sky130_fd_sc_hd__buf_1)
                                         _063_ (net)
                  0.29    0.00    1.29 ^ _219_/A (sky130_fd_sc_hd__buf_2)
     6    0.06    0.22    0.24    1.53 ^ _219_/X (sky130_fd_sc_hd__buf_2)
                                         _064_ (net)
                  0.23    0.01    1.54 ^ _410_/A (sky130_fd_sc_hd__nand3_1)
     1    0.02    0.16    0.15    1.69 v _410_/Y (sky130_fd_sc_hd__nand3_1)
                                         _046_ (net)
                  0.16    0.00    1.69 v _411_/A (sky130_fd_sc_hd__clkbuf_2)
     5    0.05    0.14    0.20    1.90 v _411_/X (sky130_fd_sc_hd__clkbuf_2)
                                         _047_ (net)
                  0.14    0.00    1.90 v _416_/B (sky130_fd_sc_hd__and2_1)
     1    0.02    0.09    0.19    2.10 v _416_/X (sky130_fd_sc_hd__and2_1)
                                         _050_ (net)
                  0.09    0.00    2.10 v _417_/A (sky130_fd_sc_hd__buf_1)
     1    0.01    0.06    0.11    2.21 v _417_/X (sky130_fd_sc_hd__buf_1)
                                         _020_ (net)
                  0.06    0.00    2.22 v _454_/D (sky130_fd_sc_hd__dfxtp_1)
                                  2.22   data arrival time

                         10.00   10.00   clock CLK100MHZ (rise edge)
                          0.00   10.00   clock source latency
     1    0.03    0.00    0.00   10.00 ^ CLK100MHZ (in)
                                         CLK100MHZ (net)
                  0.00    0.00   10.00 ^ clkbuf_0_CLK100MHZ/A (sky130_fd_sc_hd__clkbuf_16)
     2    0.02    0.03    0.08   10.08 ^ clkbuf_0_CLK100MHZ/X (sky130_fd_sc_hd__clkbuf_16)
                                         clknet_0_CLK100MHZ (net)
                  0.03    0.00   10.08 ^ clkbuf_1_0__f_CLK100MHZ/A (sky130_fd_sc_hd__clkbuf_16)
    16    0.07    0.07    0.11   10.19 ^ clkbuf_1_0__f_CLK100MHZ/X (sky130_fd_sc_hd__clkbuf_16)
                                         clknet_1_0__leaf_CLK100MHZ (net)
                  0.07    0.01   10.20 ^ _454_/CLK (sky130_fd_sc_hd__dfxtp_1)
                         -0.20   10.00   clock uncertainty
                          0.00   10.00   clock reconvergence pessimism
                         -0.08    9.92   library setup time
                                  9.92   data required time
-----------------------------------------------------------------------------
                                  9.92   data required time
                                 -2.22   data arrival time
-----------------------------------------------------------------------------
                                  7.70   slack (MET)


Startpoint: _464_ (rising edge-triggered flip-flop clocked by CLK100MHZ)
Endpoint: _456_ (rising edge-triggered flip-flop clocked by CLK100MHZ)
Path Group: CLK100MHZ
Path Type: max
Corner: Fastest

Fanout     Cap    Slew   Delay    Time   Description
-----------------------------------------------------------------------------
                          0.00    0.00   clock CLK100MHZ (rise edge)
                          0.00    0.00   clock source latency
     1    0.03    0.00    0.00    0.00 ^ CLK100MHZ (in)
                                         CLK100MHZ (net)
                  0.00    0.00    0.00 ^ clkbuf_0_CLK100MHZ/A (sky130_fd_sc_hd__clkbuf_16)
     2    0.02    0.03    0.08    0.08 ^ clkbuf_0_CLK100MHZ/X (sky130_fd_sc_hd__clkbuf_16)
                                         clknet_0_CLK100MHZ (net)
                  0.03    0.00    0.08 ^ clkbuf_1_0__f_CLK100MHZ/A (sky130_fd_sc_hd__clkbuf_16)
    16    0.07    0.07    0.11    0.19 ^ clkbuf_1_0__f_CLK100MHZ/X (sky130_fd_sc_hd__clkbuf_16)
                                         clknet_1_0__leaf_CLK100MHZ (net)
                  0.07    0.00    0.19 ^ _464_/CLK (sky130_fd_sc_hd__dfrtp_1)
     3    0.03    0.19    0.32    0.52 ^ _464_/Q (sky130_fd_sc_hd__dfrtp_1)
                                         imem.address[2] (net)
                  0.19    0.00    0.52 ^ _215_/A (sky130_fd_sc_hd__clkbuf_4)
    10    0.06    0.15    0.21    0.73 ^ _215_/X (sky130_fd_sc_hd__clkbuf_4)
                                         _060_ (net)
                  0.15    0.00    0.73 ^ _216_/A (sky130_fd_sc_hd__clkbuf_2)
     5    0.05    0.19    0.20    0.93 ^ _216_/X (sky130_fd_sc_hd__clkbuf_2)
                                         _061_ (net)
                  0.19    0.00    0.93 ^ _217_/A (sky130_fd_sc_hd__clkbuf_1)
     1    0.01    0.11    0.12    1.05 ^ _217_/X (sky130_fd_sc_hd__clkbuf_1)
                                         _062_ (net)
                  0.11    0.00    1.05 ^ _218_/A (sky130_fd_sc_hd__buf_1)
     1    0.03    0.29    0.24    1.29 ^ _218_/X (sky130_fd_sc_hd__buf_1)
                                         _063_ (net)
                  0.29    0.00    1.29 ^ _219_/A (sky130_fd_sc_hd__buf_2)
     6    0.06    0.22    0.24    1.53 ^ _219_/X (sky130_fd_sc_hd__buf_2)
                                         _064_ (net)
                  0.23    0.01    1.54 ^ _410_/A (sky130_fd_sc_hd__nand3_1)
     1    0.02    0.16    0.15    1.69 v _410_/Y (sky130_fd_sc_hd__nand3_1)
                                         _046_ (net)
                  0.16    0.00    1.69 v _411_/A (sky130_fd_sc_hd__clkbuf_2)
     5    0.05    0.14    0.20    1.90 v _411_/X (sky130_fd_sc_hd__clkbuf_2)
                                         _047_ (net)
                  0.14    0.00    1.90 v _420_/B (sky130_fd_sc_hd__and2_1)
     1    0.01    0.04    0.15    2.06 v _420_/X (sky130_fd_sc_hd__and2_1)
                                         _052_ (net)
                  0.04    0.00    2.06 v _421_/A (sky130_fd_sc_hd__clkbuf_1)
     1    0.02    0.08    0.11    2.17 v _421_/X (sky130_fd_sc_hd__clkbuf_1)
                                         _022_ (net)
                  0.08    0.00    2.17 v _456_/D (sky130_fd_sc_hd__dfxtp_1)
                                  2.17   data arrival time

                         10.00   10.00   clock CLK100MHZ (rise edge)
                          0.00   10.00   clock source latency
     1    0.03    0.00    0.00   10.00 ^ CLK100MHZ (in)
                                         CLK100MHZ (net)
                  0.00    0.00   10.00 ^ clkbuf_0_CLK100MHZ/A (sky130_fd_sc_hd__clkbuf_16)
     2    0.02    0.03    0.08   10.08 ^ clkbuf_0_CLK100MHZ/X (sky130_fd_sc_hd__clkbuf_16)
                                         clknet_0_CLK100MHZ (net)
                  0.03    0.00   10.08 ^ clkbuf_1_1__f_CLK100MHZ/A (sky130_fd_sc_hd__clkbuf_16)
    13    0.06    0.06    0.11   10.19 ^ clkbuf_1_1__f_CLK100MHZ/X (sky130_fd_sc_hd__clkbuf_16)
                                         clknet_1_1__leaf_CLK100MHZ (net)
                  0.06    0.00   10.19 ^ _456_/CLK (sky130_fd_sc_hd__dfxtp_1)
                         -0.20    9.99   clock uncertainty
                          0.00    9.99   clock reconvergence pessimism
                         -0.08    9.91   library setup time
                                  9.91   data required time
-----------------------------------------------------------------------------
                                  9.91   data required time
                                 -2.17   data arrival time
-----------------------------------------------------------------------------
                                  7.74   slack (MET)


Startpoint: _464_ (rising edge-triggered flip-flop clocked by CLK100MHZ)
Endpoint: _452_ (rising edge-triggered flip-flop clocked by CLK100MHZ)
Path Group: CLK100MHZ
Path Type: max
Corner: Fastest

Fanout     Cap    Slew   Delay    Time   Description
-----------------------------------------------------------------------------
                          0.00    0.00   clock CLK100MHZ (rise edge)
                          0.00    0.00   clock source latency
     1    0.03    0.00    0.00    0.00 ^ CLK100MHZ (in)
                                         CLK100MHZ (net)
                  0.00    0.00    0.00 ^ clkbuf_0_CLK100MHZ/A (sky130_fd_sc_hd__clkbuf_16)
     2    0.02    0.03    0.08    0.08 ^ clkbuf_0_CLK100MHZ/X (sky130_fd_sc_hd__clkbuf_16)
                                         clknet_0_CLK100MHZ (net)
                  0.03    0.00    0.08 ^ clkbuf_1_0__f_CLK100MHZ/A (sky130_fd_sc_hd__clkbuf_16)
    16    0.07    0.07    0.11    0.19 ^ clkbuf_1_0__f_CLK100MHZ/X (sky130_fd_sc_hd__clkbuf_16)
                                         clknet_1_0__leaf_CLK100MHZ (net)
                  0.07    0.00    0.19 ^ _464_/CLK (sky130_fd_sc_hd__dfrtp_1)
     3    0.03    0.19    0.32    0.52 ^ _464_/Q (sky130_fd_sc_hd__dfrtp_1)
                                         imem.address[2] (net)
                  0.19    0.00    0.52 ^ _215_/A (sky130_fd_sc_hd__clkbuf_4)
    10    0.06    0.15    0.21    0.73 ^ _215_/X (sky130_fd_sc_hd__clkbuf_4)
                                         _060_ (net)
                  0.15    0.00    0.73 ^ _216_/A (sky130_fd_sc_hd__clkbuf_2)
     5    0.05    0.19    0.20    0.93 ^ _216_/X (sky130_fd_sc_hd__clkbuf_2)
                                         _061_ (net)
                  0.19    0.00    0.93 ^ _217_/A (sky130_fd_sc_hd__clkbuf_1)
     1    0.01    0.11    0.12    1.05 ^ _217_/X (sky130_fd_sc_hd__clkbuf_1)
                                         _062_ (net)
                  0.11    0.00    1.05 ^ _218_/A (sky130_fd_sc_hd__buf_1)
     1    0.03    0.29    0.24    1.29 ^ _218_/X (sky130_fd_sc_hd__buf_1)
                                         _063_ (net)
                  0.29    0.00    1.29 ^ _219_/A (sky130_fd_sc_hd__buf_2)
     6    0.06    0.22    0.24    1.53 ^ _219_/X (sky130_fd_sc_hd__buf_2)
                                         _064_ (net)
                  0.23    0.01    1.54 ^ _410_/A (sky130_fd_sc_hd__nand3_1)
     1    0.02    0.16    0.15    1.69 v _410_/Y (sky130_fd_sc_hd__nand3_1)
                                         _046_ (net)
                  0.16    0.00    1.69 v _411_/A (sky130_fd_sc_hd__clkbuf_2)
     5    0.05    0.14    0.20    1.90 v _411_/X (sky130_fd_sc_hd__clkbuf_2)
                                         _047_ (net)
                  0.14    0.00    1.90 v _412_/B (sky130_fd_sc_hd__and2_1)
     1    0.02    0.08    0.19    2.09 v _412_/X (sky130_fd_sc_hd__and2_1)
                                         _048_ (net)
                  0.08    0.00    2.09 v _413_/A (sky130_fd_sc_hd__clkbuf_1)
     1    0.01    0.03    0.08    2.17 v _413_/X (sky130_fd_sc_hd__clkbuf_1)
                                         _018_ (net)
                  0.03    0.00    2.17 v _452_/D (sky130_fd_sc_hd__dfxtp_1)
                                  2.17   data arrival time

                         10.00   10.00   clock CLK100MHZ (rise edge)
                          0.00   10.00   clock source latency
     1    0.03    0.00    0.00   10.00 ^ CLK100MHZ (in)
                                         CLK100MHZ (net)
                  0.00    0.00   10.00 ^ clkbuf_0_CLK100MHZ/A (sky130_fd_sc_hd__clkbuf_16)
     2    0.02    0.03    0.08   10.08 ^ clkbuf_0_CLK100MHZ/X (sky130_fd_sc_hd__clkbuf_16)
                                         clknet_0_CLK100MHZ (net)
                  0.03    0.00   10.08 ^ clkbuf_1_1__f_CLK100MHZ/A (sky130_fd_sc_hd__clkbuf_16)
    13    0.06    0.06    0.11   10.19 ^ clkbuf_1_1__f_CLK100MHZ/X (sky130_fd_sc_hd__clkbuf_16)
                                         clknet_1_1__leaf_CLK100MHZ (net)
                  0.06    0.00   10.19 ^ _452_/CLK (sky130_fd_sc_hd__dfxtp_1)
                         -0.20    9.99   clock uncertainty
                          0.00    9.99   clock reconvergence pessimism
                         -0.07    9.92   library setup time
                                  9.92   data required time
-----------------------------------------------------------------------------
                                  9.92   data required time
                                 -2.17   data arrival time
-----------------------------------------------------------------------------
                                  7.75   slack (MET)


Startpoint: _464_ (rising edge-triggered flip-flop clocked by CLK100MHZ)
Endpoint: _453_ (rising edge-triggered flip-flop clocked by CLK100MHZ)
Path Group: CLK100MHZ
Path Type: max
Corner: Fastest

Fanout     Cap    Slew   Delay    Time   Description
-----------------------------------------------------------------------------
                          0.00    0.00   clock CLK100MHZ (rise edge)
                          0.00    0.00   clock source latency
     1    0.03    0.00    0.00    0.00 ^ CLK100MHZ (in)
                                         CLK100MHZ (net)
                  0.00    0.00    0.00 ^ clkbuf_0_CLK100MHZ/A (sky130_fd_sc_hd__clkbuf_16)
     2    0.02    0.03    0.08    0.08 ^ clkbuf_0_CLK100MHZ/X (sky130_fd_sc_hd__clkbuf_16)
                                         clknet_0_CLK100MHZ (net)
                  0.03    0.00    0.08 ^ clkbuf_1_0__f_CLK100MHZ/A (sky130_fd_sc_hd__clkbuf_16)
    16    0.07    0.07    0.11    0.19 ^ clkbuf_1_0__f_CLK100MHZ/X (sky130_fd_sc_hd__clkbuf_16)
                                         clknet_1_0__leaf_CLK100MHZ (net)
                  0.07    0.00    0.19 ^ _464_/CLK (sky130_fd_sc_hd__dfrtp_1)
     3    0.03    0.19    0.32    0.52 ^ _464_/Q (sky130_fd_sc_hd__dfrtp_1)
                                         imem.address[2] (net)
                  0.19    0.00    0.52 ^ _215_/A (sky130_fd_sc_hd__clkbuf_4)
    10    0.06    0.15    0.21    0.73 ^ _215_/X (sky130_fd_sc_hd__clkbuf_4)
                                         _060_ (net)
                  0.15    0.00    0.73 ^ _216_/A (sky130_fd_sc_hd__clkbuf_2)
     5    0.05    0.19    0.20    0.93 ^ _216_/X (sky130_fd_sc_hd__clkbuf_2)
                                         _061_ (net)
                  0.19    0.00    0.93 ^ _217_/A (sky130_fd_sc_hd__clkbuf_1)
     1    0.01    0.11    0.12    1.05 ^ _217_/X (sky130_fd_sc_hd__clkbuf_1)
                                         _062_ (net)
                  0.11    0.00    1.05 ^ _218_/A (sky130_fd_sc_hd__buf_1)
     1    0.03    0.29    0.24    1.29 ^ _218_/X (sky130_fd_sc_hd__buf_1)
                                         _063_ (net)
                  0.29    0.00    1.29 ^ _219_/A (sky130_fd_sc_hd__buf_2)
     6    0.06    0.22    0.24    1.53 ^ _219_/X (sky130_fd_sc_hd__buf_2)
                                         _064_ (net)
                  0.23    0.01    1.54 ^ _410_/A (sky130_fd_sc_hd__nand3_1)
     1    0.02    0.16    0.15    1.69 v _410_/Y (sky130_fd_sc_hd__nand3_1)
                                         _046_ (net)
                  0.16    0.00    1.69 v _411_/A (sky130_fd_sc_hd__clkbuf_2)
     5    0.05    0.14    0.20    1.90 v _411_/X (sky130_fd_sc_hd__clkbuf_2)
                                         _047_ (net)
                  0.14    0.00    1.90 v _414_/B (sky130_fd_sc_hd__and2_1)
     1    0.01    0.04    0.15    2.06 v _414_/X (sky130_fd_sc_hd__and2_1)
                                         _049_ (net)
                  0.04    0.00    2.06 v _415_/A (sky130_fd_sc_hd__clkbuf_1)
     1    0.01    0.04    0.08    2.13 v _415_/X (sky130_fd_sc_hd__clkbuf_1)
                                         _019_ (net)
                  0.04    0.00    2.13 v _453_/D (sky130_fd_sc_hd__dfxtp_1)
                                  2.13   data arrival time

                         10.00   10.00   clock CLK100MHZ (rise edge)
                          0.00   10.00   clock source latency
     1    0.03    0.00    0.00   10.00 ^ CLK100MHZ (in)
                                         CLK100MHZ (net)
                  0.00    0.00   10.00 ^ clkbuf_0_CLK100MHZ/A (sky130_fd_sc_hd__clkbuf_16)
     2    0.02    0.03    0.08   10.08 ^ clkbuf_0_CLK100MHZ/X (sky130_fd_sc_hd__clkbuf_16)
                                         clknet_0_CLK100MHZ (net)
                  0.03    0.00   10.08 ^ clkbuf_1_0__f_CLK100MHZ/A (sky130_fd_sc_hd__clkbuf_16)
    16    0.07    0.07    0.11   10.19 ^ clkbuf_1_0__f_CLK100MHZ/X (sky130_fd_sc_hd__clkbuf_16)
                                         clknet_1_0__leaf_CLK100MHZ (net)
                  0.07    0.00   10.19 ^ _453_/CLK (sky130_fd_sc_hd__dfxtp_1)
                         -0.20    9.99   clock uncertainty
                          0.00    9.99   clock reconvergence pessimism
                         -0.07    9.92   library setup time
                                  9.92   data required time
-----------------------------------------------------------------------------
                                  9.92   data required time
                                 -2.13   data arrival time
-----------------------------------------------------------------------------
                                  7.79   slack (MET)


Startpoint: _464_ (rising edge-triggered flip-flop clocked by CLK100MHZ)
Endpoint: _455_ (rising edge-triggered flip-flop clocked by CLK100MHZ)
Path Group: CLK100MHZ
Path Type: max
Corner: Fastest

Fanout     Cap    Slew   Delay    Time   Description
-----------------------------------------------------------------------------
                          0.00    0.00   clock CLK100MHZ (rise edge)
                          0.00    0.00   clock source latency
     1    0.03    0.00    0.00    0.00 ^ CLK100MHZ (in)
                                         CLK100MHZ (net)
                  0.00    0.00    0.00 ^ clkbuf_0_CLK100MHZ/A (sky130_fd_sc_hd__clkbuf_16)
     2    0.02    0.03    0.08    0.08 ^ clkbuf_0_CLK100MHZ/X (sky130_fd_sc_hd__clkbuf_16)
                                         clknet_0_CLK100MHZ (net)
                  0.03    0.00    0.08 ^ clkbuf_1_0__f_CLK100MHZ/A (sky130_fd_sc_hd__clkbuf_16)
    16    0.07    0.07    0.11    0.19 ^ clkbuf_1_0__f_CLK100MHZ/X (sky130_fd_sc_hd__clkbuf_16)
                                         clknet_1_0__leaf_CLK100MHZ (net)
                  0.07    0.00    0.19 ^ _464_/CLK (sky130_fd_sc_hd__dfrtp_1)
     3    0.03    0.19    0.32    0.52 ^ _464_/Q (sky130_fd_sc_hd__dfrtp_1)
                                         imem.address[2] (net)
                  0.19    0.00    0.52 ^ _215_/A (sky130_fd_sc_hd__clkbuf_4)
    10    0.06    0.15    0.21    0.73 ^ _215_/X (sky130_fd_sc_hd__clkbuf_4)
                                         _060_ (net)
                  0.15    0.00    0.73 ^ _216_/A (sky130_fd_sc_hd__clkbuf_2)
     5    0.05    0.19    0.20    0.93 ^ _216_/X (sky130_fd_sc_hd__clkbuf_2)
                                         _061_ (net)
                  0.19    0.00    0.93 ^ _217_/A (sky130_fd_sc_hd__clkbuf_1)
     1    0.01    0.11    0.12    1.05 ^ _217_/X (sky130_fd_sc_hd__clkbuf_1)
                                         _062_ (net)
                  0.11    0.00    1.05 ^ _218_/A (sky130_fd_sc_hd__buf_1)
     1    0.03    0.29    0.24    1.29 ^ _218_/X (sky130_fd_sc_hd__buf_1)
                                         _063_ (net)
                  0.29    0.00    1.29 ^ _219_/A (sky130_fd_sc_hd__buf_2)
     6    0.06    0.22    0.24    1.53 ^ _219_/X (sky130_fd_sc_hd__buf_2)
                                         _064_ (net)
                  0.23    0.01    1.54 ^ _410_/A (sky130_fd_sc_hd__nand3_1)
     1    0.02    0.16    0.15    1.69 v _410_/Y (sky130_fd_sc_hd__nand3_1)
                                         _046_ (net)
                  0.16    0.00    1.69 v _411_/A (sky130_fd_sc_hd__clkbuf_2)
     5    0.05    0.14    0.20    1.90 v _411_/X (sky130_fd_sc_hd__clkbuf_2)
                                         _047_ (net)
                  0.14    0.00    1.90 v _418_/B (sky130_fd_sc_hd__and2_1)
     1    0.00    0.03    0.14    2.05 v _418_/X (sky130_fd_sc_hd__and2_1)
                                         _051_ (net)
                  0.03    0.00    2.05 v _419_/A (sky130_fd_sc_hd__clkbuf_1)
     1    0.01    0.03    0.06    2.11 v _419_/X (sky130_fd_sc_hd__clkbuf_1)
                                         _021_ (net)
                  0.03    0.00    2.11 v _455_/D (sky130_fd_sc_hd__dfxtp_1)
                                  2.11   data arrival time

                         10.00   10.00   clock CLK100MHZ (rise edge)
                          0.00   10.00   clock source latency
     1    0.03    0.00    0.00   10.00 ^ CLK100MHZ (in)
                                         CLK100MHZ (net)
                  0.00    0.00   10.00 ^ clkbuf_0_CLK100MHZ/A (sky130_fd_sc_hd__clkbuf_16)
     2    0.02    0.03    0.08   10.08 ^ clkbuf_0_CLK100MHZ/X (sky130_fd_sc_hd__clkbuf_16)
                                         clknet_0_CLK100MHZ (net)
                  0.03    0.00   10.08 ^ clkbuf_1_0__f_CLK100MHZ/A (sky130_fd_sc_hd__clkbuf_16)
    16    0.07    0.07    0.11   10.19 ^ clkbuf_1_0__f_CLK100MHZ/X (sky130_fd_sc_hd__clkbuf_16)
                                         clknet_1_0__leaf_CLK100MHZ (net)
                  0.07    0.01   10.19 ^ _455_/CLK (sky130_fd_sc_hd__dfxtp_1)
                         -0.20    9.99   clock uncertainty
                          0.00    9.99   clock reconvergence pessimism
                         -0.06    9.93   library setup time
                                  9.93   data required time
-----------------------------------------------------------------------------
                                  9.93   data required time
                                 -2.11   data arrival time
-----------------------------------------------------------------------------
                                  7.82   slack (MET)


Startpoint: _464_ (rising edge-triggered flip-flop clocked by CLK100MHZ)
Endpoint: _464_ (rising edge-triggered flip-flop clocked by CLK100MHZ)
Path Group: CLK100MHZ
Path Type: max
Corner: Fastest

Fanout     Cap    Slew   Delay    Time   Description
-----------------------------------------------------------------------------
                          0.00    0.00   clock CLK100MHZ (rise edge)
                          0.00    0.00   clock source latency
     1    0.03    0.00    0.00    0.00 ^ CLK100MHZ (in)
                                         CLK100MHZ (net)
                  0.00    0.00    0.00 ^ clkbuf_0_CLK100MHZ/A (sky130_fd_sc_hd__clkbuf_16)
     2    0.02    0.03    0.08    0.08 ^ clkbuf_0_CLK100MHZ/X (sky130_fd_sc_hd__clkbuf_16)
                                         clknet_0_CLK100MHZ (net)
                  0.03    0.00    0.08 ^ clkbuf_1_0__f_CLK100MHZ/A (sky130_fd_sc_hd__clkbuf_16)
    16    0.07    0.07    0.11    0.19 ^ clkbuf_1_0__f_CLK100MHZ/X (sky130_fd_sc_hd__clkbuf_16)
                                         clknet_1_0__leaf_CLK100MHZ (net)
                  0.07    0.00    0.19 ^ _464_/CLK (sky130_fd_sc_hd__dfrtp_1)
     3    0.03    0.19    0.32    0.52 ^ _464_/Q (sky130_fd_sc_hd__dfrtp_1)
                                         imem.address[2] (net)
                  0.19    0.00    0.52 ^ _215_/A (sky130_fd_sc_hd__clkbuf_4)
    10    0.06    0.15    0.21    0.73 ^ _215_/X (sky130_fd_sc_hd__clkbuf_4)
                                         _060_ (net)
                  0.15    0.00    0.73 ^ _216_/A (sky130_fd_sc_hd__clkbuf_2)
     5    0.05    0.19    0.20    0.93 ^ _216_/X (sky130_fd_sc_hd__clkbuf_2)
                                         _061_ (net)
                  0.19    0.00    0.93 ^ _217_/A (sky130_fd_sc_hd__clkbuf_1)
     1    0.01    0.11    0.12    1.05 ^ _217_/X (sky130_fd_sc_hd__clkbuf_1)
                                         _062_ (net)
                  0.11    0.00    1.05 ^ _218_/A (sky130_fd_sc_hd__buf_1)
     1    0.03    0.29    0.24    1.29 ^ _218_/X (sky130_fd_sc_hd__buf_1)
                                         _063_ (net)
                  0.29    0.00    1.29 ^ _219_/A (sky130_fd_sc_hd__buf_2)
     6    0.06    0.22    0.24    1.53 ^ _219_/X (sky130_fd_sc_hd__buf_2)
                                         _064_ (net)
                  0.22    0.00    1.54 ^ _224_/A (sky130_fd_sc_hd__xor2_1)
     1    0.00    0.08    0.09    1.63 ^ _224_/X (sky130_fd_sc_hd__xor2_1)
                                         _030_ (net)
                  0.08    0.00    1.63 ^ _464_/D (sky130_fd_sc_hd__dfrtp_1)
                                  1.63   data arrival time

                         10.00   10.00   clock CLK100MHZ (rise edge)
                          0.00   10.00   clock source latency
     1    0.03    0.00    0.00   10.00 ^ CLK100MHZ (in)
                                         CLK100MHZ (net)
                  0.00    0.00   10.00 ^ clkbuf_0_CLK100MHZ/A (sky130_fd_sc_hd__clkbuf_16)
     2    0.02    0.03    0.08   10.08 ^ clkbuf_0_CLK100MHZ/X (sky130_fd_sc_hd__clkbuf_16)
                                         clknet_0_CLK100MHZ (net)
                  0.03    0.00   10.08 ^ clkbuf_1_0__f_CLK100MHZ/A (sky130_fd_sc_hd__clkbuf_16)
    16    0.07    0.07    0.11   10.19 ^ clkbuf_1_0__f_CLK100MHZ/X (sky130_fd_sc_hd__clkbuf_16)
                                         clknet_1_0__leaf_CLK100MHZ (net)
                  0.07    0.00   10.19 ^ _464_/CLK (sky130_fd_sc_hd__dfrtp_1)
                         -0.20    9.99   clock uncertainty
                          0.00    9.99   clock reconvergence pessimism
                         -0.04    9.96   library setup time
                                  9.96   data required time
-----------------------------------------------------------------------------
                                  9.96   data required time
                                 -1.63   data arrival time
-----------------------------------------------------------------------------
                                  8.33   slack (MET)


Startpoint: _462_ (rising edge-triggered flip-flop clocked by CLK100MHZ)
Endpoint: _463_ (rising edge-triggered flip-flop clocked by CLK100MHZ)
Path Group: CLK100MHZ
Path Type: max
Corner: Fastest

Fanout     Cap    Slew   Delay    Time   Description
-----------------------------------------------------------------------------
                          0.00    0.00   clock CLK100MHZ (rise edge)
                          0.00    0.00   clock source latency
     1    0.03    0.00    0.00    0.00 ^ CLK100MHZ (in)
                                         CLK100MHZ (net)
                  0.00    0.00    0.00 ^ clkbuf_0_CLK100MHZ/A (sky130_fd_sc_hd__clkbuf_16)
     2    0.02    0.03    0.08    0.08 ^ clkbuf_0_CLK100MHZ/X (sky130_fd_sc_hd__clkbuf_16)
                                         clknet_0_CLK100MHZ (net)
                  0.03    0.00    0.08 ^ clkbuf_1_1__f_CLK100MHZ/A (sky130_fd_sc_hd__clkbuf_16)
    13    0.06    0.06    0.11    0.19 ^ clkbuf_1_1__f_CLK100MHZ/X (sky130_fd_sc_hd__clkbuf_16)
                                         clknet_1_1__leaf_CLK100MHZ (net)
                  0.06    0.00    0.19 ^ _462_/CLK (sky130_fd_sc_hd__dfrtp_2)
     4    0.04    0.09    0.32    0.51 v _462_/Q (sky130_fd_sc_hd__dfrtp_2)
                                         imem.address[0] (net)
                  0.09    0.00    0.51 v _221_/A (sky130_fd_sc_hd__clkbuf_4)
    10    0.07    0.10    0.18    0.69 v _221_/X (sky130_fd_sc_hd__clkbuf_4)
                                         _066_ (net)
                  0.10    0.00    0.70 v _222_/A (sky130_fd_sc_hd__clkbuf_4)
     9    0.06    0.09    0.17    0.87 v _222_/X (sky130_fd_sc_hd__clkbuf_4)
                                         _067_ (net)
                  0.10    0.01    0.88 v _223_/C (sky130_fd_sc_hd__and3_1)
     2    0.03    0.11    0.22    1.10 v _223_/X (sky130_fd_sc_hd__and3_1)
                                         _068_ (net)
                  0.11    0.00    1.10 v _226_/A (sky130_fd_sc_hd__nor2_1)
     1    0.02    0.29    0.26    1.37 ^ _226_/Y (sky130_fd_sc_hd__nor2_1)
                                         _029_ (net)
                  0.29    0.00    1.37 ^ _463_/D (sky130_fd_sc_hd__dfrtp_4)
                                  1.37   data arrival time

                         10.00   10.00   clock CLK100MHZ (rise edge)
                          0.00   10.00   clock source latency
     1    0.03    0.00    0.00   10.00 ^ CLK100MHZ (in)
                                         CLK100MHZ (net)
                  0.00    0.00   10.00 ^ clkbuf_0_CLK100MHZ/A (sky130_fd_sc_hd__clkbuf_16)
     2    0.02    0.03    0.08   10.08 ^ clkbuf_0_CLK100MHZ/X (sky130_fd_sc_hd__clkbuf_16)
                                         clknet_0_CLK100MHZ (net)
                  0.03    0.00   10.08 ^ clkbuf_1_0__f_CLK100MHZ/A (sky130_fd_sc_hd__clkbuf_16)
    16    0.07    0.07    0.11   10.19 ^ clkbuf_1_0__f_CLK100MHZ/X (sky130_fd_sc_hd__clkbuf_16)
                                         clknet_1_0__leaf_CLK100MHZ (net)
                  0.07    0.00   10.19 ^ _463_/CLK (sky130_fd_sc_hd__dfrtp_4)
                         -0.20    9.99   clock uncertainty
                          0.00    9.99   clock reconvergence pessimism
                         -0.06    9.93   library setup time
                                  9.93   data required time
-----------------------------------------------------------------------------
                                  9.93   data required time
                                 -1.37   data arrival time
-----------------------------------------------------------------------------
                                  8.56   slack (MET)


Startpoint: _462_ (rising edge-triggered flip-flop clocked by CLK100MHZ)
Endpoint: _462_ (rising edge-triggered flip-flop clocked by CLK100MHZ)
Path Group: CLK100MHZ
Path Type: max
Corner: Fastest

Fanout     Cap    Slew   Delay    Time   Description
-----------------------------------------------------------------------------
                          0.00    0.00   clock CLK100MHZ (rise edge)
                          0.00    0.00   clock source latency
     1    0.03    0.00    0.00    0.00 ^ CLK100MHZ (in)
                                         CLK100MHZ (net)
                  0.00    0.00    0.00 ^ clkbuf_0_CLK100MHZ/A (sky130_fd_sc_hd__clkbuf_16)
     2    0.02    0.03    0.08    0.08 ^ clkbuf_0_CLK100MHZ/X (sky130_fd_sc_hd__clkbuf_16)
                                         clknet_0_CLK100MHZ (net)
                  0.03    0.00    0.08 ^ clkbuf_1_1__f_CLK100MHZ/A (sky130_fd_sc_hd__clkbuf_16)
    13    0.06    0.06    0.11    0.19 ^ clkbuf_1_1__f_CLK100MHZ/X (sky130_fd_sc_hd__clkbuf_16)
                                         clknet_1_1__leaf_CLK100MHZ (net)
                  0.06    0.00    0.19 ^ _462_/CLK (sky130_fd_sc_hd__dfrtp_2)
     4    0.04    0.16    0.32    0.51 ^ _462_/Q (sky130_fd_sc_hd__dfrtp_2)
                                         imem.address[0] (net)
                  0.16    0.00    0.51 ^ _221_/A (sky130_fd_sc_hd__clkbuf_4)
    10    0.07    0.17    0.21    0.72 ^ _221_/X (sky130_fd_sc_hd__clkbuf_4)
                                         _066_ (net)
                  0.17    0.00    0.73 ^ _222_/A (sky130_fd_sc_hd__clkbuf_4)
     9    0.06    0.15    0.19    0.92 ^ _222_/X (sky130_fd_sc_hd__clkbuf_4)
                                         _067_ (net)
                  0.15    0.01    0.94 ^ _227_/B (sky130_fd_sc_hd__xor2_1)
     1    0.02    0.31    0.26    1.20 ^ _227_/X (sky130_fd_sc_hd__xor2_1)
                                         _028_ (net)
                  0.31    0.00    1.20 ^ _462_/D (sky130_fd_sc_hd__dfrtp_2)
                                  1.20   data arrival time

                         10.00   10.00   clock CLK100MHZ (rise edge)
                          0.00   10.00   clock source latency
     1    0.03    0.00    0.00   10.00 ^ CLK100MHZ (in)
                                         CLK100MHZ (net)
                  0.00    0.00   10.00 ^ clkbuf_0_CLK100MHZ/A (sky130_fd_sc_hd__clkbuf_16)
     2    0.02    0.03    0.08   10.08 ^ clkbuf_0_CLK100MHZ/X (sky130_fd_sc_hd__clkbuf_16)
                                         clknet_0_CLK100MHZ (net)
                  0.03    0.00   10.08 ^ clkbuf_1_1__f_CLK100MHZ/A (sky130_fd_sc_hd__clkbuf_16)
    13    0.06    0.06    0.11   10.19 ^ clkbuf_1_1__f_CLK100MHZ/X (sky130_fd_sc_hd__clkbuf_16)
                                         clknet_1_1__leaf_CLK100MHZ (net)
                  0.06    0.00   10.19 ^ _462_/CLK (sky130_fd_sc_hd__dfrtp_2)
                         -0.20    9.99   clock uncertainty
                          0.00    9.99   clock reconvergence pessimism
                         -0.06    9.93   library setup time
                                  9.93   data required time
-----------------------------------------------------------------------------
                                  9.93   data required time
                                 -1.20   data arrival time
-----------------------------------------------------------------------------
                                  8.73   slack (MET)



worst slack corner Fastest: 6.3495
======================= Slowest Corner ===================================

Startpoint: _464_ (rising edge-triggered flip-flop clocked by CLK100MHZ)
Endpoint: _461_ (rising edge-triggered flip-flop clocked by CLK100MHZ)
Path Group: CLK100MHZ
Path Type: max
Corner: Slowest

Fanout     Cap    Slew   Delay    Time   Description
-----------------------------------------------------------------------------
                          0.00    0.00   clock CLK100MHZ (rise edge)
                          0.00    0.00   clock source latency
     1    0.03    0.00    0.00    0.00 ^ CLK100MHZ (in)
                                         CLK100MHZ (net)
                  0.00    0.00    0.00 ^ clkbuf_0_CLK100MHZ/A (sky130_fd_sc_hd__clkbuf_16)
     2    0.02    0.07    0.19    0.19 ^ clkbuf_0_CLK100MHZ/X (sky130_fd_sc_hd__clkbuf_16)
                                         clknet_0_CLK100MHZ (net)
                  0.07    0.00    0.19 ^ clkbuf_1_0__f_CLK100MHZ/A (sky130_fd_sc_hd__clkbuf_16)
    16    0.07    0.13    0.28    0.47 ^ clkbuf_1_0__f_CLK100MHZ/X (sky130_fd_sc_hd__clkbuf_16)
                                         clknet_1_0__leaf_CLK100MHZ (net)
                  0.13    0.00    0.47 ^ _464_/CLK (sky130_fd_sc_hd__dfrtp_1)
     3    0.03    0.39    0.91    1.39 ^ _464_/Q (sky130_fd_sc_hd__dfrtp_1)
                                         imem.address[2] (net)
                  0.39    0.00    1.39 ^ _215_/A (sky130_fd_sc_hd__clkbuf_4)
    10    0.06    0.31    0.56    1.96 ^ _215_/X (sky130_fd_sc_hd__clkbuf_4)
                                         _060_ (net)
                  0.31    0.00    1.96 ^ _216_/A (sky130_fd_sc_hd__clkbuf_2)
     5    0.04    0.38    0.51    2.47 ^ _216_/X (sky130_fd_sc_hd__clkbuf_2)
                                         _061_ (net)
                  0.38    0.00    2.48 ^ _246_/A_N (sky130_fd_sc_hd__and3b_1)
     1    0.01    0.14    0.54    3.01 v _246_/X (sky130_fd_sc_hd__and3b_1)
                                         _088_ (net)
                  0.14    0.00    3.01 v _247_/A (sky130_fd_sc_hd__buf_2)
     7    0.06    0.27    0.46    3.48 v _247_/X (sky130_fd_sc_hd__buf_2)
                                         _089_ (net)
                  0.27    0.01    3.49 v _248_/B (sky130_fd_sc_hd__or2_1)
     1    0.01    0.15    0.61    4.09 v _248_/X (sky130_fd_sc_hd__or2_1)
                                         _090_ (net)
                  0.15    0.00    4.09 v _249_/A (sky130_fd_sc_hd__clkbuf_2)
     5    0.04    0.30    0.42    4.51 v _249_/X (sky130_fd_sc_hd__clkbuf_2)
                                         _091_ (net)
                  0.30    0.00    4.51 v _266_/A2 (sky130_fd_sc_hd__a21o_1)
     2    0.02    0.19    0.53    5.05 v _266_/X (sky130_fd_sc_hd__a21o_1)
                                         _108_ (net)
                  0.19    0.00    5.05 v _268_/B (sky130_fd_sc_hd__or3_2)
     2    0.02    0.27    1.28    6.33 v _268_/X (sky130_fd_sc_hd__or3_2)
                                         _110_ (net)
                  0.27    0.00    6.33 v _312_/A2 (sky130_fd_sc_hd__a21oi_2)
     3    0.02    0.49    0.56    6.89 ^ _312_/Y (sky130_fd_sc_hd__a21oi_2)
                                         _154_ (net)
                  0.49    0.00    6.89 ^ _319_/A2 (sky130_fd_sc_hd__o21ai_2)
     3    0.03    0.29    0.40    7.29 v _319_/Y (sky130_fd_sc_hd__o21ai_2)
                                         _161_ (net)
                  0.29    0.00    7.29 v _373_/A1 (sky130_fd_sc_hd__a21oi_2)
     3    0.04    0.80    0.79    8.08 ^ _373_/Y (sky130_fd_sc_hd__a21oi_2)
                                         _204_ (net)
                  0.80    0.00    8.09 ^ _380_/A_N (sky130_fd_sc_hd__and2b_1)
     1    0.02    0.17    0.68    8.76 v _380_/X (sky130_fd_sc_hd__and2b_1)
                                         _211_ (net)
                  0.17    0.00    8.77 v _382_/A (sky130_fd_sc_hd__nor2_1)
     4    0.04    1.03    0.87    9.64 ^ _382_/Y (sky130_fd_sc_hd__nor2_1)
                                         _213_ (net)
                  1.03    0.00    9.64 ^ _432_/A1 (sky130_fd_sc_hd__mux2_1)
     1    0.02    0.32    0.73   10.37 ^ _432_/X (sky130_fd_sc_hd__mux2_1)
                                         _059_ (net)
                  0.32    0.00   10.37 ^ _433_/A (sky130_fd_sc_hd__buf_1)
     1    0.02    0.37    0.46   10.83 ^ _433_/X (sky130_fd_sc_hd__buf_1)
                                         _027_ (net)
                  0.37    0.00   10.83 ^ _461_/D (sky130_fd_sc_hd__dfxtp_1)
                                 10.83   data arrival time

                         10.00   10.00   clock CLK100MHZ (rise edge)
                          0.00   10.00   clock source latency
     1    0.03    0.00    0.00   10.00 ^ CLK100MHZ (in)
                                         CLK100MHZ (net)
                  0.00    0.00   10.00 ^ clkbuf_0_CLK100MHZ/A (sky130_fd_sc_hd__clkbuf_16)
     2    0.02    0.07    0.19   10.19 ^ clkbuf_0_CLK100MHZ/X (sky130_fd_sc_hd__clkbuf_16)
                                         clknet_0_CLK100MHZ (net)
                  0.07    0.00   10.19 ^ clkbuf_1_0__f_CLK100MHZ/A (sky130_fd_sc_hd__clkbuf_16)
    16    0.07    0.13    0.28   10.47 ^ clkbuf_1_0__f_CLK100MHZ/X (sky130_fd_sc_hd__clkbuf_16)
                                         clknet_1_0__leaf_CLK100MHZ (net)
                  0.13    0.01   10.48 ^ _461_/CLK (sky130_fd_sc_hd__dfxtp_1)
                         -0.20   10.28   clock uncertainty
                          0.00   10.28   clock reconvergence pessimism
                         -0.20   10.08   library setup time
                                 10.08   data required time
-----------------------------------------------------------------------------
                                 10.08   data required time
                                -10.83   data arrival time
-----------------------------------------------------------------------------
                                 -0.75   slack (VIOLATED)


Startpoint: _464_ (rising edge-triggered flip-flop clocked by CLK100MHZ)
Endpoint: _441_ (rising edge-triggered flip-flop clocked by CLK100MHZ)
Path Group: CLK100MHZ
Path Type: max
Corner: Slowest

Fanout     Cap    Slew   Delay    Time   Description
-----------------------------------------------------------------------------
                          0.00    0.00   clock CLK100MHZ (rise edge)
                          0.00    0.00   clock source latency
     1    0.03    0.00    0.00    0.00 ^ CLK100MHZ (in)
                                         CLK100MHZ (net)
                  0.00    0.00    0.00 ^ clkbuf_0_CLK100MHZ/A (sky130_fd_sc_hd__clkbuf_16)
     2    0.02    0.07    0.19    0.19 ^ clkbuf_0_CLK100MHZ/X (sky130_fd_sc_hd__clkbuf_16)
                                         clknet_0_CLK100MHZ (net)
                  0.07    0.00    0.19 ^ clkbuf_1_0__f_CLK100MHZ/A (sky130_fd_sc_hd__clkbuf_16)
    16    0.07    0.13    0.28    0.47 ^ clkbuf_1_0__f_CLK100MHZ/X (sky130_fd_sc_hd__clkbuf_16)
                                         clknet_1_0__leaf_CLK100MHZ (net)
                  0.13    0.00    0.47 ^ _464_/CLK (sky130_fd_sc_hd__dfrtp_1)
     3    0.03    0.39    0.91    1.39 ^ _464_/Q (sky130_fd_sc_hd__dfrtp_1)
                                         imem.address[2] (net)
                  0.39    0.00    1.39 ^ _215_/A (sky130_fd_sc_hd__clkbuf_4)
    10    0.06    0.31    0.56    1.96 ^ _215_/X (sky130_fd_sc_hd__clkbuf_4)
                                         _060_ (net)
                  0.31    0.00    1.96 ^ _216_/A (sky130_fd_sc_hd__clkbuf_2)
     5    0.04    0.38    0.51    2.47 ^ _216_/X (sky130_fd_sc_hd__clkbuf_2)
                                         _061_ (net)
                  0.38    0.00    2.48 ^ _246_/A_N (sky130_fd_sc_hd__and3b_1)
     1    0.01    0.14    0.54    3.01 v _246_/X (sky130_fd_sc_hd__and3b_1)
                                         _088_ (net)
                  0.14    0.00    3.01 v _247_/A (sky130_fd_sc_hd__buf_2)
     7    0.06    0.27    0.46    3.48 v _247_/X (sky130_fd_sc_hd__buf_2)
                                         _089_ (net)
                  0.27    0.01    3.49 v _248_/B (sky130_fd_sc_hd__or2_1)
     1    0.01    0.15    0.61    4.09 v _248_/X (sky130_fd_sc_hd__or2_1)
                                         _090_ (net)
                  0.15    0.00    4.09 v _249_/A (sky130_fd_sc_hd__clkbuf_2)
     5    0.04    0.30    0.42    4.51 v _249_/X (sky130_fd_sc_hd__clkbuf_2)
                                         _091_ (net)
                  0.30    0.00    4.51 v _266_/A2 (sky130_fd_sc_hd__a21o_1)
     2    0.02    0.19    0.53    5.05 v _266_/X (sky130_fd_sc_hd__a21o_1)
                                         _108_ (net)
                  0.19    0.00    5.05 v _268_/B (sky130_fd_sc_hd__or3_2)
     2    0.02    0.27    1.28    6.33 v _268_/X (sky130_fd_sc_hd__or3_2)
                                         _110_ (net)
                  0.27    0.00    6.33 v _312_/A2 (sky130_fd_sc_hd__a21oi_2)
     3    0.02    0.49    0.56    6.89 ^ _312_/Y (sky130_fd_sc_hd__a21oi_2)
                                         _154_ (net)
                  0.49    0.00    6.89 ^ _319_/A2 (sky130_fd_sc_hd__o21ai_2)
     3    0.03    0.29    0.40    7.29 v _319_/Y (sky130_fd_sc_hd__o21ai_2)
                                         _161_ (net)
                  0.29    0.00    7.29 v _373_/A1 (sky130_fd_sc_hd__a21oi_2)
     3    0.04    0.80    0.79    8.08 ^ _373_/Y (sky130_fd_sc_hd__a21oi_2)
                                         _204_ (net)
                  0.80    0.00    8.09 ^ _380_/A_N (sky130_fd_sc_hd__and2b_1)
     1    0.02    0.17    0.68    8.76 v _380_/X (sky130_fd_sc_hd__and2b_1)
                                         _211_ (net)
                  0.17    0.00    8.77 v _382_/A (sky130_fd_sc_hd__nor2_1)
     4    0.04    1.03    0.87    9.64 ^ _382_/Y (sky130_fd_sc_hd__nor2_1)
                                         _213_ (net)
                  1.03    0.00    9.64 ^ _383_/A1 (sky130_fd_sc_hd__mux2_1)
     1    0.01    0.24    0.67   10.30 ^ _383_/X (sky130_fd_sc_hd__mux2_1)
                                         _214_ (net)
                  0.24    0.00   10.30 ^ _384_/A (sky130_fd_sc_hd__buf_1)
     1    0.02    0.37    0.43   10.73 ^ _384_/X (sky130_fd_sc_hd__buf_1)
                                         _007_ (net)
                  0.37    0.00   10.73 ^ _441_/D (sky130_fd_sc_hd__dfxtp_1)
                                 10.73   data arrival time

                         10.00   10.00   clock CLK100MHZ (rise edge)
                          0.00   10.00   clock source latency
     1    0.03    0.00    0.00   10.00 ^ CLK100MHZ (in)
                                         CLK100MHZ (net)
                  0.00    0.00   10.00 ^ clkbuf_0_CLK100MHZ/A (sky130_fd_sc_hd__clkbuf_16)
     2    0.02    0.07    0.19   10.19 ^ clkbuf_0_CLK100MHZ/X (sky130_fd_sc_hd__clkbuf_16)
                                         clknet_0_CLK100MHZ (net)
                  0.07    0.00   10.19 ^ clkbuf_1_0__f_CLK100MHZ/A (sky130_fd_sc_hd__clkbuf_16)
    16    0.07    0.13    0.28   10.47 ^ clkbuf_1_0__f_CLK100MHZ/X (sky130_fd_sc_hd__clkbuf_16)
                                         clknet_1_0__leaf_CLK100MHZ (net)
                  0.13    0.00   10.47 ^ _441_/CLK (sky130_fd_sc_hd__dfxtp_1)
                         -0.20   10.27   clock uncertainty
                          0.00   10.27   clock reconvergence pessimism
                         -0.19   10.08   library setup time
                                 10.08   data required time
-----------------------------------------------------------------------------
                                 10.08   data required time
                                -10.73   data arrival time
-----------------------------------------------------------------------------
                                 -0.66   slack (VIOLATED)


Startpoint: _464_ (rising edge-triggered flip-flop clocked by CLK100MHZ)
Endpoint: _446_ (rising edge-triggered flip-flop clocked by CLK100MHZ)
Path Group: CLK100MHZ
Path Type: max
Corner: Slowest

Fanout     Cap    Slew   Delay    Time   Description
-----------------------------------------------------------------------------
                          0.00    0.00   clock CLK100MHZ (rise edge)
                          0.00    0.00   clock source latency
     1    0.03    0.00    0.00    0.00 ^ CLK100MHZ (in)
                                         CLK100MHZ (net)
                  0.00    0.00    0.00 ^ clkbuf_0_CLK100MHZ/A (sky130_fd_sc_hd__clkbuf_16)
     2    0.02    0.07    0.19    0.19 ^ clkbuf_0_CLK100MHZ/X (sky130_fd_sc_hd__clkbuf_16)
                                         clknet_0_CLK100MHZ (net)
                  0.07    0.00    0.19 ^ clkbuf_1_0__f_CLK100MHZ/A (sky130_fd_sc_hd__clkbuf_16)
    16    0.07    0.13    0.28    0.47 ^ clkbuf_1_0__f_CLK100MHZ/X (sky130_fd_sc_hd__clkbuf_16)
                                         clknet_1_0__leaf_CLK100MHZ (net)
                  0.13    0.00    0.47 ^ _464_/CLK (sky130_fd_sc_hd__dfrtp_1)
     3    0.03    0.39    0.91    1.39 ^ _464_/Q (sky130_fd_sc_hd__dfrtp_1)
                                         imem.address[2] (net)
                  0.39    0.00    1.39 ^ _215_/A (sky130_fd_sc_hd__clkbuf_4)
    10    0.06    0.31    0.56    1.96 ^ _215_/X (sky130_fd_sc_hd__clkbuf_4)
                                         _060_ (net)
                  0.31    0.00    1.96 ^ _216_/A (sky130_fd_sc_hd__clkbuf_2)
     5    0.04    0.38    0.51    2.47 ^ _216_/X (sky130_fd_sc_hd__clkbuf_2)
                                         _061_ (net)
                  0.38    0.00    2.48 ^ _246_/A_N (sky130_fd_sc_hd__and3b_1)
     1    0.01    0.14    0.54    3.01 v _246_/X (sky130_fd_sc_hd__and3b_1)
                                         _088_ (net)
                  0.14    0.00    3.01 v _247_/A (sky130_fd_sc_hd__buf_2)
     7    0.06    0.27    0.46    3.48 v _247_/X (sky130_fd_sc_hd__buf_2)
                                         _089_ (net)
                  0.27    0.01    3.49 v _248_/B (sky130_fd_sc_hd__or2_1)
     1    0.01    0.15    0.61    4.09 v _248_/X (sky130_fd_sc_hd__or2_1)
                                         _090_ (net)
                  0.15    0.00    4.09 v _249_/A (sky130_fd_sc_hd__clkbuf_2)
     5    0.04    0.30    0.42    4.51 v _249_/X (sky130_fd_sc_hd__clkbuf_2)
                                         _091_ (net)
                  0.30    0.00    4.51 v _266_/A2 (sky130_fd_sc_hd__a21o_1)
     2    0.02    0.19    0.53    5.05 v _266_/X (sky130_fd_sc_hd__a21o_1)
                                         _108_ (net)
                  0.19    0.00    5.05 v _268_/B (sky130_fd_sc_hd__or3_2)
     2    0.02    0.27    1.28    6.33 v _268_/X (sky130_fd_sc_hd__or3_2)
                                         _110_ (net)
                  0.27    0.00    6.33 v _312_/A2 (sky130_fd_sc_hd__a21oi_2)
     3    0.02    0.49    0.56    6.89 ^ _312_/Y (sky130_fd_sc_hd__a21oi_2)
                                         _154_ (net)
                  0.49    0.00    6.89 ^ _319_/A2 (sky130_fd_sc_hd__o21ai_2)
     3    0.03    0.29    0.40    7.29 v _319_/Y (sky130_fd_sc_hd__o21ai_2)
                                         _161_ (net)
                  0.29    0.00    7.29 v _373_/A1 (sky130_fd_sc_hd__a21oi_2)
     3    0.04    0.80    0.79    8.08 ^ _373_/Y (sky130_fd_sc_hd__a21oi_2)
                                         _204_ (net)
                  0.80    0.00    8.09 ^ _380_/A_N (sky130_fd_sc_hd__and2b_1)
     1    0.02    0.17    0.68    8.76 v _380_/X (sky130_fd_sc_hd__and2b_1)
                                         _211_ (net)
                  0.17    0.00    8.77 v _382_/A (sky130_fd_sc_hd__nor2_1)
     4    0.04    1.03    0.87    9.64 ^ _382_/Y (sky130_fd_sc_hd__nor2_1)
                                         _213_ (net)
                  1.03    0.00    9.64 ^ _395_/A1 (sky130_fd_sc_hd__mux2_1)
     1    0.01    0.22    0.65   10.29 ^ _395_/X (sky130_fd_sc_hd__mux2_1)
                                         _037_ (net)
                  0.22    0.00   10.29 ^ _396_/A (sky130_fd_sc_hd__clkbuf_1)
     1    0.01    0.23    0.33   10.62 ^ _396_/X (sky130_fd_sc_hd__clkbuf_1)
                                         _012_ (net)
                  0.23    0.00   10.62 ^ _446_/D (sky130_fd_sc_hd__dfxtp_1)
                                 10.62   data arrival time

                         10.00   10.00   clock CLK100MHZ (rise edge)
                          0.00   10.00   clock source latency
     1    0.03    0.00    0.00   10.00 ^ CLK100MHZ (in)
                                         CLK100MHZ (net)
                  0.00    0.00   10.00 ^ clkbuf_0_CLK100MHZ/A (sky130_fd_sc_hd__clkbuf_16)
     2    0.02    0.07    0.19   10.19 ^ clkbuf_0_CLK100MHZ/X (sky130_fd_sc_hd__clkbuf_16)
                                         clknet_0_CLK100MHZ (net)
                  0.07    0.00   10.19 ^ clkbuf_1_1__f_CLK100MHZ/A (sky130_fd_sc_hd__clkbuf_16)
    13    0.06    0.12    0.27   10.47 ^ clkbuf_1_1__f_CLK100MHZ/X (sky130_fd_sc_hd__clkbuf_16)
                                         clknet_1_1__leaf_CLK100MHZ (net)
                  0.12    0.00   10.47 ^ _446_/CLK (sky130_fd_sc_hd__dfxtp_1)
                         -0.20   10.27   clock uncertainty
                          0.00   10.27   clock reconvergence pessimism
                         -0.16   10.11   library setup time
                                 10.11   data required time
-----------------------------------------------------------------------------
                                 10.11   data required time
                                -10.62   data arrival time
-----------------------------------------------------------------------------
                                 -0.52   slack (VIOLATED)


Startpoint: _464_ (rising edge-triggered flip-flop clocked by CLK100MHZ)
Endpoint: _451_ (rising edge-triggered flip-flop clocked by CLK100MHZ)
Path Group: CLK100MHZ
Path Type: max
Corner: Slowest

Fanout     Cap    Slew   Delay    Time   Description
-----------------------------------------------------------------------------
                          0.00    0.00   clock CLK100MHZ (rise edge)
                          0.00    0.00   clock source latency
     1    0.03    0.00    0.00    0.00 ^ CLK100MHZ (in)
                                         CLK100MHZ (net)
                  0.00    0.00    0.00 ^ clkbuf_0_CLK100MHZ/A (sky130_fd_sc_hd__clkbuf_16)
     2    0.02    0.07    0.19    0.19 ^ clkbuf_0_CLK100MHZ/X (sky130_fd_sc_hd__clkbuf_16)
                                         clknet_0_CLK100MHZ (net)
                  0.07    0.00    0.19 ^ clkbuf_1_0__f_CLK100MHZ/A (sky130_fd_sc_hd__clkbuf_16)
    16    0.07    0.13    0.28    0.47 ^ clkbuf_1_0__f_CLK100MHZ/X (sky130_fd_sc_hd__clkbuf_16)
                                         clknet_1_0__leaf_CLK100MHZ (net)
                  0.13    0.00    0.47 ^ _464_/CLK (sky130_fd_sc_hd__dfrtp_1)
     3    0.03    0.39    0.91    1.39 ^ _464_/Q (sky130_fd_sc_hd__dfrtp_1)
                                         imem.address[2] (net)
                  0.39    0.00    1.39 ^ _215_/A (sky130_fd_sc_hd__clkbuf_4)
    10    0.06    0.31    0.56    1.96 ^ _215_/X (sky130_fd_sc_hd__clkbuf_4)
                                         _060_ (net)
                  0.31    0.00    1.96 ^ _216_/A (sky130_fd_sc_hd__clkbuf_2)
     5    0.04    0.38    0.51    2.47 ^ _216_/X (sky130_fd_sc_hd__clkbuf_2)
                                         _061_ (net)
                  0.38    0.00    2.48 ^ _246_/A_N (sky130_fd_sc_hd__and3b_1)
     1    0.01    0.14    0.54    3.01 v _246_/X (sky130_fd_sc_hd__and3b_1)
                                         _088_ (net)
                  0.14    0.00    3.01 v _247_/A (sky130_fd_sc_hd__buf_2)
     7    0.06    0.27    0.46    3.48 v _247_/X (sky130_fd_sc_hd__buf_2)
                                         _089_ (net)
                  0.27    0.01    3.49 v _248_/B (sky130_fd_sc_hd__or2_1)
     1    0.01    0.15    0.61    4.09 v _248_/X (sky130_fd_sc_hd__or2_1)
                                         _090_ (net)
                  0.15    0.00    4.09 v _249_/A (sky130_fd_sc_hd__clkbuf_2)
     5    0.04    0.30    0.42    4.51 v _249_/X (sky130_fd_sc_hd__clkbuf_2)
                                         _091_ (net)
                  0.30    0.00    4.51 v _266_/A2 (sky130_fd_sc_hd__a21o_1)
     2    0.02    0.19    0.53    5.05 v _266_/X (sky130_fd_sc_hd__a21o_1)
                                         _108_ (net)
                  0.19    0.00    5.05 v _268_/B (sky130_fd_sc_hd__or3_2)
     2    0.02    0.27    1.28    6.33 v _268_/X (sky130_fd_sc_hd__or3_2)
                                         _110_ (net)
                  0.27    0.00    6.33 v _312_/A2 (sky130_fd_sc_hd__a21oi_2)
     3    0.02    0.49    0.56    6.89 ^ _312_/Y (sky130_fd_sc_hd__a21oi_2)
                                         _154_ (net)
                  0.49    0.00    6.89 ^ _319_/A2 (sky130_fd_sc_hd__o21ai_2)
     3    0.03    0.29    0.40    7.29 v _319_/Y (sky130_fd_sc_hd__o21ai_2)
                                         _161_ (net)
                  0.29    0.00    7.29 v _373_/A1 (sky130_fd_sc_hd__a21oi_2)
     3    0.04    0.80    0.79    8.08 ^ _373_/Y (sky130_fd_sc_hd__a21oi_2)
                                         _204_ (net)
                  0.80    0.00    8.09 ^ _380_/A_N (sky130_fd_sc_hd__and2b_1)
     1    0.02    0.17    0.68    8.76 v _380_/X (sky130_fd_sc_hd__and2b_1)
                                         _211_ (net)
                  0.17    0.00    8.77 v _382_/A (sky130_fd_sc_hd__nor2_1)
     4    0.04    1.03    0.87    9.64 ^ _382_/Y (sky130_fd_sc_hd__nor2_1)
                                         _213_ (net)
                  1.03    0.00    9.64 ^ _408_/A0 (sky130_fd_sc_hd__mux2_1)
     1    0.01    0.16    0.59   10.23 ^ _408_/X (sky130_fd_sc_hd__mux2_1)
                                         _045_ (net)
                  0.16    0.00   10.23 ^ _409_/A (sky130_fd_sc_hd__clkbuf_1)
     1    0.01    0.19    0.28   10.51 ^ _409_/X (sky130_fd_sc_hd__clkbuf_1)
                                         _017_ (net)
                  0.19    0.00   10.51 ^ _451_/D (sky130_fd_sc_hd__dfxtp_1)
                                 10.51   data arrival time

                         10.00   10.00   clock CLK100MHZ (rise edge)
                          0.00   10.00   clock source latency
     1    0.03    0.00    0.00   10.00 ^ CLK100MHZ (in)
                                         CLK100MHZ (net)
                  0.00    0.00   10.00 ^ clkbuf_0_CLK100MHZ/A (sky130_fd_sc_hd__clkbuf_16)
     2    0.02    0.07    0.19   10.19 ^ clkbuf_0_CLK100MHZ/X (sky130_fd_sc_hd__clkbuf_16)
                                         clknet_0_CLK100MHZ (net)
                  0.07    0.00   10.19 ^ clkbuf_1_0__f_CLK100MHZ/A (sky130_fd_sc_hd__clkbuf_16)
    16    0.07    0.13    0.28   10.47 ^ clkbuf_1_0__f_CLK100MHZ/X (sky130_fd_sc_hd__clkbuf_16)
                                         clknet_1_0__leaf_CLK100MHZ (net)
                  0.13    0.00   10.47 ^ _451_/CLK (sky130_fd_sc_hd__dfxtp_1)
                         -0.20   10.27   clock uncertainty
                          0.00   10.27   clock reconvergence pessimism
                         -0.15   10.12   library setup time
                                 10.12   data required time
-----------------------------------------------------------------------------
                                 10.12   data required time
                                -10.51   data arrival time
-----------------------------------------------------------------------------
                                 -0.38   slack (VIOLATED)


Startpoint: _464_ (rising edge-triggered flip-flop clocked by CLK100MHZ)
Endpoint: _445_ (rising edge-triggered flip-flop clocked by CLK100MHZ)
Path Group: CLK100MHZ
Path Type: max
Corner: Slowest

Fanout     Cap    Slew   Delay    Time   Description
-----------------------------------------------------------------------------
                          0.00    0.00   clock CLK100MHZ (rise edge)
                          0.00    0.00   clock source latency
     1    0.03    0.00    0.00    0.00 ^ CLK100MHZ (in)
                                         CLK100MHZ (net)
                  0.00    0.00    0.00 ^ clkbuf_0_CLK100MHZ/A (sky130_fd_sc_hd__clkbuf_16)
     2    0.02    0.07    0.19    0.19 ^ clkbuf_0_CLK100MHZ/X (sky130_fd_sc_hd__clkbuf_16)
                                         clknet_0_CLK100MHZ (net)
                  0.07    0.00    0.19 ^ clkbuf_1_0__f_CLK100MHZ/A (sky130_fd_sc_hd__clkbuf_16)
    16    0.07    0.13    0.28    0.47 ^ clkbuf_1_0__f_CLK100MHZ/X (sky130_fd_sc_hd__clkbuf_16)
                                         clknet_1_0__leaf_CLK100MHZ (net)
                  0.13    0.00    0.47 ^ _464_/CLK (sky130_fd_sc_hd__dfrtp_1)
     3    0.03    0.39    0.91    1.39 ^ _464_/Q (sky130_fd_sc_hd__dfrtp_1)
                                         imem.address[2] (net)
                  0.39    0.00    1.39 ^ _215_/A (sky130_fd_sc_hd__clkbuf_4)
    10    0.06    0.31    0.56    1.96 ^ _215_/X (sky130_fd_sc_hd__clkbuf_4)
                                         _060_ (net)
                  0.31    0.00    1.96 ^ _216_/A (sky130_fd_sc_hd__clkbuf_2)
     5    0.04    0.38    0.51    2.47 ^ _216_/X (sky130_fd_sc_hd__clkbuf_2)
                                         _061_ (net)
                  0.38    0.00    2.48 ^ _246_/A_N (sky130_fd_sc_hd__and3b_1)
     1    0.01    0.14    0.54    3.01 v _246_/X (sky130_fd_sc_hd__and3b_1)
                                         _088_ (net)
                  0.14    0.00    3.01 v _247_/A (sky130_fd_sc_hd__buf_2)
     7    0.06    0.27    0.46    3.48 v _247_/X (sky130_fd_sc_hd__buf_2)
                                         _089_ (net)
                  0.27    0.01    3.49 v _248_/B (sky130_fd_sc_hd__or2_1)
     1    0.01    0.15    0.61    4.09 v _248_/X (sky130_fd_sc_hd__or2_1)
                                         _090_ (net)
                  0.15    0.00    4.09 v _249_/A (sky130_fd_sc_hd__clkbuf_2)
     5    0.04    0.30    0.42    4.51 v _249_/X (sky130_fd_sc_hd__clkbuf_2)
                                         _091_ (net)
                  0.30    0.00    4.51 v _266_/A2 (sky130_fd_sc_hd__a21o_1)
     2    0.02    0.19    0.53    5.05 v _266_/X (sky130_fd_sc_hd__a21o_1)
                                         _108_ (net)
                  0.19    0.00    5.05 v _268_/B (sky130_fd_sc_hd__or3_2)
     2    0.02    0.27    1.28    6.33 v _268_/X (sky130_fd_sc_hd__or3_2)
                                         _110_ (net)
                  0.27    0.00    6.33 v _312_/A2 (sky130_fd_sc_hd__a21oi_2)
     3    0.02    0.49    0.56    6.89 ^ _312_/Y (sky130_fd_sc_hd__a21oi_2)
                                         _154_ (net)
                  0.49    0.00    6.89 ^ _319_/A2 (sky130_fd_sc_hd__o21ai_2)
     3    0.03    0.29    0.40    7.29 v _319_/Y (sky130_fd_sc_hd__o21ai_2)
                                         _161_ (net)
                  0.29    0.00    7.29 v _327_/A (sky130_fd_sc_hd__or2_1)
     1    0.02    0.23    0.74    8.03 v _327_/X (sky130_fd_sc_hd__or2_1)
                                         _169_ (net)
                  0.23    0.00    8.03 v _332_/A2 (sky130_fd_sc_hd__a32o_4)
     8    0.06    0.20    0.74    8.77 v _332_/X (sky130_fd_sc_hd__a32o_4)
                                         _174_ (net)
                  0.20    0.00    8.77 v _393_/A1 (sky130_fd_sc_hd__mux2_1)
     1    0.01    0.21    0.84    9.61 v _393_/X (sky130_fd_sc_hd__mux2_1)
                                         _036_ (net)
                  0.21    0.00    9.61 v _394_/A (sky130_fd_sc_hd__buf_1)
     1    0.03    0.39    0.48   10.08 v _394_/X (sky130_fd_sc_hd__buf_1)
                                         _011_ (net)
                  0.39    0.01   10.09 v _445_/D (sky130_fd_sc_hd__dfxtp_1)
                                 10.09   data arrival time

                         10.00   10.00   clock CLK100MHZ (rise edge)
                          0.00   10.00   clock source latency
     1    0.03    0.00    0.00   10.00 ^ CLK100MHZ (in)
                                         CLK100MHZ (net)
                  0.00    0.00   10.00 ^ clkbuf_0_CLK100MHZ/A (sky130_fd_sc_hd__clkbuf_16)
     2    0.02    0.07    0.19   10.19 ^ clkbuf_0_CLK100MHZ/X (sky130_fd_sc_hd__clkbuf_16)
                                         clknet_0_CLK100MHZ (net)
                  0.07    0.00   10.19 ^ clkbuf_1_1__f_CLK100MHZ/A (sky130_fd_sc_hd__clkbuf_16)
    13    0.06    0.12    0.27   10.47 ^ clkbuf_1_1__f_CLK100MHZ/X (sky130_fd_sc_hd__clkbuf_16)
                                         clknet_1_1__leaf_CLK100MHZ (net)
                  0.12    0.00   10.47 ^ _445_/CLK (sky130_fd_sc_hd__dfxtp_1)
                         -0.20   10.27   clock uncertainty
                          0.00   10.27   clock reconvergence pessimism
                         -0.39    9.88   library setup time
                                  9.88   data required time
-----------------------------------------------------------------------------
                                  9.88   data required time
                                -10.09   data arrival time
-----------------------------------------------------------------------------
                                 -0.21   slack (VIOLATED)


Startpoint: _464_ (rising edge-triggered flip-flop clocked by CLK100MHZ)
Endpoint: _440_ (rising edge-triggered flip-flop clocked by CLK100MHZ)
Path Group: CLK100MHZ
Path Type: max
Corner: Slowest

Fanout     Cap    Slew   Delay    Time   Description
-----------------------------------------------------------------------------
                          0.00    0.00   clock CLK100MHZ (rise edge)
                          0.00    0.00   clock source latency
     1    0.03    0.00    0.00    0.00 ^ CLK100MHZ (in)
                                         CLK100MHZ (net)
                  0.00    0.00    0.00 ^ clkbuf_0_CLK100MHZ/A (sky130_fd_sc_hd__clkbuf_16)
     2    0.02    0.07    0.19    0.19 ^ clkbuf_0_CLK100MHZ/X (sky130_fd_sc_hd__clkbuf_16)
                                         clknet_0_CLK100MHZ (net)
                  0.07    0.00    0.19 ^ clkbuf_1_0__f_CLK100MHZ/A (sky130_fd_sc_hd__clkbuf_16)
    16    0.07    0.13    0.28    0.47 ^ clkbuf_1_0__f_CLK100MHZ/X (sky130_fd_sc_hd__clkbuf_16)
                                         clknet_1_0__leaf_CLK100MHZ (net)
                  0.13    0.00    0.47 ^ _464_/CLK (sky130_fd_sc_hd__dfrtp_1)
     3    0.03    0.39    0.91    1.39 ^ _464_/Q (sky130_fd_sc_hd__dfrtp_1)
                                         imem.address[2] (net)
                  0.39    0.00    1.39 ^ _215_/A (sky130_fd_sc_hd__clkbuf_4)
    10    0.06    0.31    0.56    1.96 ^ _215_/X (sky130_fd_sc_hd__clkbuf_4)
                                         _060_ (net)
                  0.31    0.00    1.96 ^ _216_/A (sky130_fd_sc_hd__clkbuf_2)
     5    0.04    0.38    0.51    2.47 ^ _216_/X (sky130_fd_sc_hd__clkbuf_2)
                                         _061_ (net)
                  0.38    0.00    2.48 ^ _246_/A_N (sky130_fd_sc_hd__and3b_1)
     1    0.01    0.14    0.54    3.01 v _246_/X (sky130_fd_sc_hd__and3b_1)
                                         _088_ (net)
                  0.14    0.00    3.01 v _247_/A (sky130_fd_sc_hd__buf_2)
     7    0.06    0.27    0.46    3.48 v _247_/X (sky130_fd_sc_hd__buf_2)
                                         _089_ (net)
                  0.27    0.01    3.49 v _248_/B (sky130_fd_sc_hd__or2_1)
     1    0.01    0.15    0.61    4.09 v _248_/X (sky130_fd_sc_hd__or2_1)
                                         _090_ (net)
                  0.15    0.00    4.09 v _249_/A (sky130_fd_sc_hd__clkbuf_2)
     5    0.04    0.30    0.42    4.51 v _249_/X (sky130_fd_sc_hd__clkbuf_2)
                                         _091_ (net)
                  0.30    0.00    4.51 v _266_/A2 (sky130_fd_sc_hd__a21o_1)
     2    0.02    0.19    0.53    5.05 v _266_/X (sky130_fd_sc_hd__a21o_1)
                                         _108_ (net)
                  0.19    0.00    5.05 v _268_/B (sky130_fd_sc_hd__or3_2)
     2    0.02    0.27    1.28    6.33 v _268_/X (sky130_fd_sc_hd__or3_2)
                                         _110_ (net)
                  0.27    0.00    6.33 v _312_/A2 (sky130_fd_sc_hd__a21oi_2)
     3    0.02    0.49    0.56    6.89 ^ _312_/Y (sky130_fd_sc_hd__a21oi_2)
                                         _154_ (net)
                  0.49    0.00    6.89 ^ _319_/A2 (sky130_fd_sc_hd__o21ai_2)
     3    0.03    0.29    0.40    7.29 v _319_/Y (sky130_fd_sc_hd__o21ai_2)
                                         _161_ (net)
                  0.29    0.00    7.29 v _327_/A (sky130_fd_sc_hd__or2_1)
     1    0.02    0.23    0.74    8.03 v _327_/X (sky130_fd_sc_hd__or2_1)
                                         _169_ (net)
                  0.23    0.00    8.03 v _332_/A2 (sky130_fd_sc_hd__a32o_4)
     8    0.06    0.20    0.74    8.77 v _332_/X (sky130_fd_sc_hd__a32o_4)
                                         _174_ (net)
                  0.20    0.00    8.77 v _371_/A1 (sky130_fd_sc_hd__mux2_1)
     1    0.02    0.24    0.87    9.64 v _371_/X (sky130_fd_sc_hd__mux2_1)
                                         _203_ (net)
                  0.24    0.00    9.65 v _372_/A (sky130_fd_sc_hd__buf_1)
     1    0.02    0.28    0.42   10.06 v _372_/X (sky130_fd_sc_hd__buf_1)
                                         _006_ (net)
                  0.28    0.00   10.07 v _440_/D (sky130_fd_sc_hd__dfxtp_1)
                                 10.07   data arrival time

                         10.00   10.00   clock CLK100MHZ (rise edge)
                          0.00   10.00   clock source latency
     1    0.03    0.00    0.00   10.00 ^ CLK100MHZ (in)
                                         CLK100MHZ (net)
                  0.00    0.00   10.00 ^ clkbuf_0_CLK100MHZ/A (sky130_fd_sc_hd__clkbuf_16)
     2    0.02    0.07    0.19   10.19 ^ clkbuf_0_CLK100MHZ/X (sky130_fd_sc_hd__clkbuf_16)
                                         clknet_0_CLK100MHZ (net)
                  0.07    0.00   10.19 ^ clkbuf_1_0__f_CLK100MHZ/A (sky130_fd_sc_hd__clkbuf_16)
    16    0.07    0.13    0.28   10.47 ^ clkbuf_1_0__f_CLK100MHZ/X (sky130_fd_sc_hd__clkbuf_16)
                                         clknet_1_0__leaf_CLK100MHZ (net)
                  0.13    0.00   10.47 ^ _440_/CLK (sky130_fd_sc_hd__dfxtp_1)
                         -0.20   10.27   clock uncertainty
                          0.00   10.27   clock reconvergence pessimism
                         -0.34    9.93   library setup time
                                  9.93   data required time
-----------------------------------------------------------------------------
                                  9.93   data required time
                                -10.07   data arrival time
-----------------------------------------------------------------------------
                                 -0.13   slack (VIOLATED)


Startpoint: _464_ (rising edge-triggered flip-flop clocked by CLK100MHZ)
Endpoint: _460_ (rising edge-triggered flip-flop clocked by CLK100MHZ)
Path Group: CLK100MHZ
Path Type: max
Corner: Slowest

Fanout     Cap    Slew   Delay    Time   Description
-----------------------------------------------------------------------------
                          0.00    0.00   clock CLK100MHZ (rise edge)
                          0.00    0.00   clock source latency
     1    0.03    0.00    0.00    0.00 ^ CLK100MHZ (in)
                                         CLK100MHZ (net)
                  0.00    0.00    0.00 ^ clkbuf_0_CLK100MHZ/A (sky130_fd_sc_hd__clkbuf_16)
     2    0.02    0.07    0.19    0.19 ^ clkbuf_0_CLK100MHZ/X (sky130_fd_sc_hd__clkbuf_16)
                                         clknet_0_CLK100MHZ (net)
                  0.07    0.00    0.19 ^ clkbuf_1_0__f_CLK100MHZ/A (sky130_fd_sc_hd__clkbuf_16)
    16    0.07    0.13    0.28    0.47 ^ clkbuf_1_0__f_CLK100MHZ/X (sky130_fd_sc_hd__clkbuf_16)
                                         clknet_1_0__leaf_CLK100MHZ (net)
                  0.13    0.00    0.47 ^ _464_/CLK (sky130_fd_sc_hd__dfrtp_1)
     3    0.03    0.39    0.91    1.39 ^ _464_/Q (sky130_fd_sc_hd__dfrtp_1)
                                         imem.address[2] (net)
                  0.39    0.00    1.39 ^ _215_/A (sky130_fd_sc_hd__clkbuf_4)
    10    0.06    0.31    0.56    1.96 ^ _215_/X (sky130_fd_sc_hd__clkbuf_4)
                                         _060_ (net)
                  0.31    0.00    1.96 ^ _216_/A (sky130_fd_sc_hd__clkbuf_2)
     5    0.04    0.38    0.51    2.47 ^ _216_/X (sky130_fd_sc_hd__clkbuf_2)
                                         _061_ (net)
                  0.38    0.00    2.48 ^ _246_/A_N (sky130_fd_sc_hd__and3b_1)
     1    0.01    0.14    0.54    3.01 v _246_/X (sky130_fd_sc_hd__and3b_1)
                                         _088_ (net)
                  0.14    0.00    3.01 v _247_/A (sky130_fd_sc_hd__buf_2)
     7    0.06    0.27    0.46    3.48 v _247_/X (sky130_fd_sc_hd__buf_2)
                                         _089_ (net)
                  0.27    0.01    3.49 v _248_/B (sky130_fd_sc_hd__or2_1)
     1    0.01    0.15    0.61    4.09 v _248_/X (sky130_fd_sc_hd__or2_1)
                                         _090_ (net)
                  0.15    0.00    4.09 v _249_/A (sky130_fd_sc_hd__clkbuf_2)
     5    0.04    0.30    0.42    4.51 v _249_/X (sky130_fd_sc_hd__clkbuf_2)
                                         _091_ (net)
                  0.30    0.00    4.51 v _266_/A2 (sky130_fd_sc_hd__a21o_1)
     2    0.02    0.19    0.53    5.05 v _266_/X (sky130_fd_sc_hd__a21o_1)
                                         _108_ (net)
                  0.19    0.00    5.05 v _268_/B (sky130_fd_sc_hd__or3_2)
     2    0.02    0.27    1.28    6.33 v _268_/X (sky130_fd_sc_hd__or3_2)
                                         _110_ (net)
                  0.27    0.00    6.33 v _312_/A2 (sky130_fd_sc_hd__a21oi_2)
     3    0.02    0.49    0.56    6.89 ^ _312_/Y (sky130_fd_sc_hd__a21oi_2)
                                         _154_ (net)
                  0.49    0.00    6.89 ^ _319_/A2 (sky130_fd_sc_hd__o21ai_2)
     3    0.03    0.29    0.40    7.29 v _319_/Y (sky130_fd_sc_hd__o21ai_2)
                                         _161_ (net)
                  0.29    0.00    7.29 v _327_/A (sky130_fd_sc_hd__or2_1)
     1    0.02    0.23    0.74    8.03 v _327_/X (sky130_fd_sc_hd__or2_1)
                                         _169_ (net)
                  0.23    0.00    8.03 v _332_/A2 (sky130_fd_sc_hd__a32o_4)
     8    0.06    0.20    0.74    8.77 v _332_/X (sky130_fd_sc_hd__a32o_4)
                                         _174_ (net)
                  0.20    0.01    8.78 v _430_/A1 (sky130_fd_sc_hd__mux2_1)
     1    0.00    0.12    0.71    9.49 v _430_/X (sky130_fd_sc_hd__mux2_1)
                                         _058_ (net)
                  0.12    0.00    9.49 v _431_/A (sky130_fd_sc_hd__buf_1)
     1    0.02    0.20    0.30    9.79 v _431_/X (sky130_fd_sc_hd__buf_1)
                                         _026_ (net)
                  0.20    0.00    9.79 v _460_/D (sky130_fd_sc_hd__dfxtp_1)
                                  9.79   data arrival time

                         10.00   10.00   clock CLK100MHZ (rise edge)
                          0.00   10.00   clock source latency
     1    0.03    0.00    0.00   10.00 ^ CLK100MHZ (in)
                                         CLK100MHZ (net)
                  0.00    0.00   10.00 ^ clkbuf_0_CLK100MHZ/A (sky130_fd_sc_hd__clkbuf_16)
     2    0.02    0.07    0.19   10.19 ^ clkbuf_0_CLK100MHZ/X (sky130_fd_sc_hd__clkbuf_16)
                                         clknet_0_CLK100MHZ (net)
                  0.07    0.00   10.19 ^ clkbuf_1_0__f_CLK100MHZ/A (sky130_fd_sc_hd__clkbuf_16)
    16    0.07    0.13    0.28   10.47 ^ clkbuf_1_0__f_CLK100MHZ/X (sky130_fd_sc_hd__clkbuf_16)
                                         clknet_1_0__leaf_CLK100MHZ (net)
                  0.13    0.00   10.47 ^ _460_/CLK (sky130_fd_sc_hd__dfxtp_1)
                         -0.20   10.27   clock uncertainty
                          0.00   10.27   clock reconvergence pessimism
                         -0.31    9.97   library setup time
                                  9.97   data required time
-----------------------------------------------------------------------------
                                  9.97   data required time
                                 -9.79   data arrival time
-----------------------------------------------------------------------------
                                  0.18   slack (MET)


Startpoint: _464_ (rising edge-triggered flip-flop clocked by CLK100MHZ)
Endpoint: _450_ (rising edge-triggered flip-flop clocked by CLK100MHZ)
Path Group: CLK100MHZ
Path Type: max
Corner: Slowest

Fanout     Cap    Slew   Delay    Time   Description
-----------------------------------------------------------------------------
                          0.00    0.00   clock CLK100MHZ (rise edge)
                          0.00    0.00   clock source latency
     1    0.03    0.00    0.00    0.00 ^ CLK100MHZ (in)
                                         CLK100MHZ (net)
                  0.00    0.00    0.00 ^ clkbuf_0_CLK100MHZ/A (sky130_fd_sc_hd__clkbuf_16)
     2    0.02    0.07    0.19    0.19 ^ clkbuf_0_CLK100MHZ/X (sky130_fd_sc_hd__clkbuf_16)
                                         clknet_0_CLK100MHZ (net)
                  0.07    0.00    0.19 ^ clkbuf_1_0__f_CLK100MHZ/A (sky130_fd_sc_hd__clkbuf_16)
    16    0.07    0.13    0.28    0.47 ^ clkbuf_1_0__f_CLK100MHZ/X (sky130_fd_sc_hd__clkbuf_16)
                                         clknet_1_0__leaf_CLK100MHZ (net)
                  0.13    0.00    0.47 ^ _464_/CLK (sky130_fd_sc_hd__dfrtp_1)
     3    0.03    0.39    0.91    1.39 ^ _464_/Q (sky130_fd_sc_hd__dfrtp_1)
                                         imem.address[2] (net)
                  0.39    0.00    1.39 ^ _215_/A (sky130_fd_sc_hd__clkbuf_4)
    10    0.06    0.31    0.56    1.96 ^ _215_/X (sky130_fd_sc_hd__clkbuf_4)
                                         _060_ (net)
                  0.31    0.00    1.96 ^ _216_/A (sky130_fd_sc_hd__clkbuf_2)
     5    0.04    0.38    0.51    2.47 ^ _216_/X (sky130_fd_sc_hd__clkbuf_2)
                                         _061_ (net)
                  0.38    0.00    2.48 ^ _246_/A_N (sky130_fd_sc_hd__and3b_1)
     1    0.01    0.14    0.54    3.01 v _246_/X (sky130_fd_sc_hd__and3b_1)
                                         _088_ (net)
                  0.14    0.00    3.01 v _247_/A (sky130_fd_sc_hd__buf_2)
     7    0.06    0.27    0.46    3.48 v _247_/X (sky130_fd_sc_hd__buf_2)
                                         _089_ (net)
                  0.27    0.01    3.49 v _248_/B (sky130_fd_sc_hd__or2_1)
     1    0.01    0.15    0.61    4.09 v _248_/X (sky130_fd_sc_hd__or2_1)
                                         _090_ (net)
                  0.15    0.00    4.09 v _249_/A (sky130_fd_sc_hd__clkbuf_2)
     5    0.04    0.30    0.42    4.51 v _249_/X (sky130_fd_sc_hd__clkbuf_2)
                                         _091_ (net)
                  0.30    0.00    4.51 v _266_/A2 (sky130_fd_sc_hd__a21o_1)
     2    0.02    0.19    0.53    5.05 v _266_/X (sky130_fd_sc_hd__a21o_1)
                                         _108_ (net)
                  0.19    0.00    5.05 v _268_/B (sky130_fd_sc_hd__or3_2)
     2    0.02    0.27    1.28    6.33 v _268_/X (sky130_fd_sc_hd__or3_2)
                                         _110_ (net)
                  0.27    0.00    6.33 v _312_/A2 (sky130_fd_sc_hd__a21oi_2)
     3    0.02    0.49    0.56    6.89 ^ _312_/Y (sky130_fd_sc_hd__a21oi_2)
                                         _154_ (net)
                  0.49    0.00    6.89 ^ _319_/A2 (sky130_fd_sc_hd__o21ai_2)
     3    0.03    0.29    0.40    7.29 v _319_/Y (sky130_fd_sc_hd__o21ai_2)
                                         _161_ (net)
                  0.29    0.00    7.29 v _327_/A (sky130_fd_sc_hd__or2_1)
     1    0.02    0.23    0.74    8.03 v _327_/X (sky130_fd_sc_hd__or2_1)
                                         _169_ (net)
                  0.23    0.00    8.03 v _332_/A2 (sky130_fd_sc_hd__a32o_4)
     8    0.06    0.20    0.74    8.77 v _332_/X (sky130_fd_sc_hd__a32o_4)
                                         _174_ (net)
                  0.20    0.00    8.77 v _406_/A0 (sky130_fd_sc_hd__mux2_1)
     1    0.01    0.14    0.72    9.49 v _406_/X (sky130_fd_sc_hd__mux2_1)
                                         _044_ (net)
                  0.14    0.00    9.49 v _407_/A (sky130_fd_sc_hd__clkbuf_1)
     1    0.01    0.12    0.25    9.74 v _407_/X (sky130_fd_sc_hd__clkbuf_1)
                                         _016_ (net)
                  0.12    0.00    9.74 v _450_/D (sky130_fd_sc_hd__dfxtp_1)
                                  9.74   data arrival time

                         10.00   10.00   clock CLK100MHZ (rise edge)
                          0.00   10.00   clock source latency
     1    0.03    0.00    0.00   10.00 ^ CLK100MHZ (in)
                                         CLK100MHZ (net)
                  0.00    0.00   10.00 ^ clkbuf_0_CLK100MHZ/A (sky130_fd_sc_hd__clkbuf_16)
     2    0.02    0.07    0.19   10.19 ^ clkbuf_0_CLK100MHZ/X (sky130_fd_sc_hd__clkbuf_16)
                                         clknet_0_CLK100MHZ (net)
                  0.07    0.00   10.19 ^ clkbuf_1_0__f_CLK100MHZ/A (sky130_fd_sc_hd__clkbuf_16)
    16    0.07    0.13    0.28   10.47 ^ clkbuf_1_0__f_CLK100MHZ/X (sky130_fd_sc_hd__clkbuf_16)
                                         clknet_1_0__leaf_CLK100MHZ (net)
                  0.13    0.01   10.48 ^ _450_/CLK (sky130_fd_sc_hd__dfxtp_1)
                         -0.20   10.28   clock uncertainty
                          0.00   10.28   clock reconvergence pessimism
                         -0.27   10.00   library setup time
                                 10.00   data required time
-----------------------------------------------------------------------------
                                 10.00   data required time
                                 -9.74   data arrival time
-----------------------------------------------------------------------------
                                  0.26   slack (MET)


Startpoint: _464_ (rising edge-triggered flip-flop clocked by CLK100MHZ)
Endpoint: _439_ (rising edge-triggered flip-flop clocked by CLK100MHZ)
Path Group: CLK100MHZ
Path Type: max
Corner: Slowest

Fanout     Cap    Slew   Delay    Time   Description
-----------------------------------------------------------------------------
                          0.00    0.00   clock CLK100MHZ (rise edge)
                          0.00    0.00   clock source latency
     1    0.03    0.00    0.00    0.00 ^ CLK100MHZ (in)
                                         CLK100MHZ (net)
                  0.00    0.00    0.00 ^ clkbuf_0_CLK100MHZ/A (sky130_fd_sc_hd__clkbuf_16)
     2    0.02    0.07    0.19    0.19 ^ clkbuf_0_CLK100MHZ/X (sky130_fd_sc_hd__clkbuf_16)
                                         clknet_0_CLK100MHZ (net)
                  0.07    0.00    0.19 ^ clkbuf_1_0__f_CLK100MHZ/A (sky130_fd_sc_hd__clkbuf_16)
    16    0.07    0.13    0.28    0.47 ^ clkbuf_1_0__f_CLK100MHZ/X (sky130_fd_sc_hd__clkbuf_16)
                                         clknet_1_0__leaf_CLK100MHZ (net)
                  0.13    0.00    0.47 ^ _464_/CLK (sky130_fd_sc_hd__dfrtp_1)
     3    0.03    0.39    0.91    1.39 ^ _464_/Q (sky130_fd_sc_hd__dfrtp_1)
                                         imem.address[2] (net)
                  0.39    0.00    1.39 ^ _215_/A (sky130_fd_sc_hd__clkbuf_4)
    10    0.06    0.31    0.56    1.96 ^ _215_/X (sky130_fd_sc_hd__clkbuf_4)
                                         _060_ (net)
                  0.31    0.00    1.96 ^ _216_/A (sky130_fd_sc_hd__clkbuf_2)
     5    0.04    0.38    0.51    2.47 ^ _216_/X (sky130_fd_sc_hd__clkbuf_2)
                                         _061_ (net)
                  0.38    0.00    2.48 ^ _246_/A_N (sky130_fd_sc_hd__and3b_1)
     1    0.01    0.14    0.54    3.01 v _246_/X (sky130_fd_sc_hd__and3b_1)
                                         _088_ (net)
                  0.14    0.00    3.01 v _247_/A (sky130_fd_sc_hd__buf_2)
     7    0.06    0.27    0.46    3.48 v _247_/X (sky130_fd_sc_hd__buf_2)
                                         _089_ (net)
                  0.27    0.01    3.49 v _248_/B (sky130_fd_sc_hd__or2_1)
     1    0.01    0.15    0.61    4.09 v _248_/X (sky130_fd_sc_hd__or2_1)
                                         _090_ (net)
                  0.15    0.00    4.09 v _249_/A (sky130_fd_sc_hd__clkbuf_2)
     5    0.04    0.30    0.42    4.51 v _249_/X (sky130_fd_sc_hd__clkbuf_2)
                                         _091_ (net)
                  0.30    0.00    4.51 v _266_/A2 (sky130_fd_sc_hd__a21o_1)
     2    0.02    0.19    0.53    5.05 v _266_/X (sky130_fd_sc_hd__a21o_1)
                                         _108_ (net)
                  0.19    0.00    5.05 v _268_/B (sky130_fd_sc_hd__or3_2)
     2    0.02    0.27    1.28    6.33 v _268_/X (sky130_fd_sc_hd__or3_2)
                                         _110_ (net)
                  0.27    0.00    6.33 v _312_/A2 (sky130_fd_sc_hd__a21oi_2)
     3    0.02    0.49    0.56    6.89 ^ _312_/Y (sky130_fd_sc_hd__a21oi_2)
                                         _154_ (net)
                  0.49    0.00    6.89 ^ _314_/A2 (sky130_fd_sc_hd__a21oi_1)
     1    0.03    0.46    0.57    7.46 v _314_/Y (sky130_fd_sc_hd__a21oi_1)
                                         _156_ (net)
                  0.46    0.00    7.46 v _315_/B2 (sky130_fd_sc_hd__a2bb2o_4)
     9    0.06    0.18    0.65    8.12 v _315_/X (sky130_fd_sc_hd__a2bb2o_4)
                                         _157_ (net)
                  0.18    0.01    8.12 v _369_/A1 (sky130_fd_sc_hd__mux2_1)
     1    0.02    0.29    0.91    9.03 v _369_/X (sky130_fd_sc_hd__mux2_1)
                                         _202_ (net)
                  0.29    0.00    9.03 v _370_/A (sky130_fd_sc_hd__clkbuf_1)
     1    0.01    0.15    0.34    9.37 v _370_/X (sky130_fd_sc_hd__clkbuf_1)
                                         _005_ (net)
                  0.15    0.00    9.37 v _439_/D (sky130_fd_sc_hd__dfxtp_1)
                                  9.37   data arrival time

                         10.00   10.00   clock CLK100MHZ (rise edge)
                          0.00   10.00   clock source latency
     1    0.03    0.00    0.00   10.00 ^ CLK100MHZ (in)
                                         CLK100MHZ (net)
                  0.00    0.00   10.00 ^ clkbuf_0_CLK100MHZ/A (sky130_fd_sc_hd__clkbuf_16)
     2    0.02    0.07    0.19   10.19 ^ clkbuf_0_CLK100MHZ/X (sky130_fd_sc_hd__clkbuf_16)
                                         clknet_0_CLK100MHZ (net)
                  0.07    0.00   10.19 ^ clkbuf_1_1__f_CLK100MHZ/A (sky130_fd_sc_hd__clkbuf_16)
    13    0.06    0.12    0.27   10.47 ^ clkbuf_1_1__f_CLK100MHZ/X (sky130_fd_sc_hd__clkbuf_16)
                                         clknet_1_1__leaf_CLK100MHZ (net)
                  0.12    0.00   10.47 ^ _439_/CLK (sky130_fd_sc_hd__dfxtp_1)
                         -0.20   10.27   clock uncertainty
                          0.00   10.27   clock reconvergence pessimism
                         -0.29    9.98   library setup time
                                  9.98   data required time
-----------------------------------------------------------------------------
                                  9.98   data required time
                                 -9.37   data arrival time
-----------------------------------------------------------------------------
                                  0.61   slack (MET)


Startpoint: _464_ (rising edge-triggered flip-flop clocked by CLK100MHZ)
Endpoint: _449_ (rising edge-triggered flip-flop clocked by CLK100MHZ)
Path Group: CLK100MHZ
Path Type: max
Corner: Slowest

Fanout     Cap    Slew   Delay    Time   Description
-----------------------------------------------------------------------------
                          0.00    0.00   clock CLK100MHZ (rise edge)
                          0.00    0.00   clock source latency
     1    0.03    0.00    0.00    0.00 ^ CLK100MHZ (in)
                                         CLK100MHZ (net)
                  0.00    0.00    0.00 ^ clkbuf_0_CLK100MHZ/A (sky130_fd_sc_hd__clkbuf_16)
     2    0.02    0.07    0.19    0.19 ^ clkbuf_0_CLK100MHZ/X (sky130_fd_sc_hd__clkbuf_16)
                                         clknet_0_CLK100MHZ (net)
                  0.07    0.00    0.19 ^ clkbuf_1_0__f_CLK100MHZ/A (sky130_fd_sc_hd__clkbuf_16)
    16    0.07    0.13    0.28    0.47 ^ clkbuf_1_0__f_CLK100MHZ/X (sky130_fd_sc_hd__clkbuf_16)
                                         clknet_1_0__leaf_CLK100MHZ (net)
                  0.13    0.00    0.47 ^ _464_/CLK (sky130_fd_sc_hd__dfrtp_1)
     3    0.03    0.39    0.91    1.39 ^ _464_/Q (sky130_fd_sc_hd__dfrtp_1)
                                         imem.address[2] (net)
                  0.39    0.00    1.39 ^ _215_/A (sky130_fd_sc_hd__clkbuf_4)
    10    0.06    0.31    0.56    1.96 ^ _215_/X (sky130_fd_sc_hd__clkbuf_4)
                                         _060_ (net)
                  0.31    0.00    1.96 ^ _216_/A (sky130_fd_sc_hd__clkbuf_2)
     5    0.04    0.38    0.51    2.47 ^ _216_/X (sky130_fd_sc_hd__clkbuf_2)
                                         _061_ (net)
                  0.38    0.00    2.48 ^ _246_/A_N (sky130_fd_sc_hd__and3b_1)
     1    0.01    0.14    0.54    3.01 v _246_/X (sky130_fd_sc_hd__and3b_1)
                                         _088_ (net)
                  0.14    0.00    3.01 v _247_/A (sky130_fd_sc_hd__buf_2)
     7    0.06    0.27    0.46    3.48 v _247_/X (sky130_fd_sc_hd__buf_2)
                                         _089_ (net)
                  0.27    0.01    3.49 v _248_/B (sky130_fd_sc_hd__or2_1)
     1    0.01    0.15    0.61    4.09 v _248_/X (sky130_fd_sc_hd__or2_1)
                                         _090_ (net)
                  0.15    0.00    4.09 v _249_/A (sky130_fd_sc_hd__clkbuf_2)
     5    0.04    0.30    0.42    4.51 v _249_/X (sky130_fd_sc_hd__clkbuf_2)
                                         _091_ (net)
                  0.30    0.00    4.51 v _266_/A2 (sky130_fd_sc_hd__a21o_1)
     2    0.02    0.19    0.53    5.05 v _266_/X (sky130_fd_sc_hd__a21o_1)
                                         _108_ (net)
                  0.19    0.00    5.05 v _268_/B (sky130_fd_sc_hd__or3_2)
     2    0.02    0.27    1.28    6.33 v _268_/X (sky130_fd_sc_hd__or3_2)
                                         _110_ (net)
                  0.27    0.00    6.33 v _312_/A2 (sky130_fd_sc_hd__a21oi_2)
     3    0.02    0.49    0.56    6.89 ^ _312_/Y (sky130_fd_sc_hd__a21oi_2)
                                         _154_ (net)
                  0.49    0.00    6.89 ^ _314_/A2 (sky130_fd_sc_hd__a21oi_1)
     1    0.03    0.46    0.57    7.46 v _314_/Y (sky130_fd_sc_hd__a21oi_1)
                                         _156_ (net)
                  0.46    0.00    7.46 v _315_/B2 (sky130_fd_sc_hd__a2bb2o_4)
     9    0.06    0.18    0.65    8.12 v _315_/X (sky130_fd_sc_hd__a2bb2o_4)
                                         _157_ (net)
                  0.18    0.01    8.13 v _404_/A0 (sky130_fd_sc_hd__mux2_1)
     1    0.02    0.23    0.83    8.96 v _404_/X (sky130_fd_sc_hd__mux2_1)
                                         _043_ (net)
                  0.23    0.00    8.96 v _405_/A (sky130_fd_sc_hd__buf_1)
     1    0.02    0.23    0.38    9.33 v _405_/X (sky130_fd_sc_hd__buf_1)
                                         _015_ (net)
                  0.23    0.00    9.34 v _449_/D (sky130_fd_sc_hd__dfxtp_1)
                                  9.34   data arrival time

                         10.00   10.00   clock CLK100MHZ (rise edge)
                          0.00   10.00   clock source latency
     1    0.03    0.00    0.00   10.00 ^ CLK100MHZ (in)
                                         CLK100MHZ (net)
                  0.00    0.00   10.00 ^ clkbuf_0_CLK100MHZ/A (sky130_fd_sc_hd__clkbuf_16)
     2    0.02    0.07    0.19   10.19 ^ clkbuf_0_CLK100MHZ/X (sky130_fd_sc_hd__clkbuf_16)
                                         clknet_0_CLK100MHZ (net)
                  0.07    0.00   10.19 ^ clkbuf_1_0__f_CLK100MHZ/A (sky130_fd_sc_hd__clkbuf_16)
    16    0.07    0.13    0.28   10.47 ^ clkbuf_1_0__f_CLK100MHZ/X (sky130_fd_sc_hd__clkbuf_16)
                                         clknet_1_0__leaf_CLK100MHZ (net)
                  0.13    0.00   10.47 ^ _449_/CLK (sky130_fd_sc_hd__dfxtp_1)
                         -0.20   10.27   clock uncertainty
                          0.00   10.27   clock reconvergence pessimism
                         -0.32    9.95   library setup time
                                  9.95   data required time
-----------------------------------------------------------------------------
                                  9.95   data required time
                                 -9.34   data arrival time
-----------------------------------------------------------------------------
                                  0.62   slack (MET)


Startpoint: _464_ (rising edge-triggered flip-flop clocked by CLK100MHZ)
Endpoint: _443_ (rising edge-triggered flip-flop clocked by CLK100MHZ)
Path Group: CLK100MHZ
Path Type: max
Corner: Slowest

Fanout     Cap    Slew   Delay    Time   Description
-----------------------------------------------------------------------------
                          0.00    0.00   clock CLK100MHZ (rise edge)
                          0.00    0.00   clock source latency
     1    0.03    0.00    0.00    0.00 ^ CLK100MHZ (in)
                                         CLK100MHZ (net)
                  0.00    0.00    0.00 ^ clkbuf_0_CLK100MHZ/A (sky130_fd_sc_hd__clkbuf_16)
     2    0.02    0.07    0.19    0.19 ^ clkbuf_0_CLK100MHZ/X (sky130_fd_sc_hd__clkbuf_16)
                                         clknet_0_CLK100MHZ (net)
                  0.07    0.00    0.19 ^ clkbuf_1_0__f_CLK100MHZ/A (sky130_fd_sc_hd__clkbuf_16)
    16    0.07    0.13    0.28    0.47 ^ clkbuf_1_0__f_CLK100MHZ/X (sky130_fd_sc_hd__clkbuf_16)
                                         clknet_1_0__leaf_CLK100MHZ (net)
                  0.13    0.00    0.47 ^ _464_/CLK (sky130_fd_sc_hd__dfrtp_1)
     3    0.03    0.39    0.91    1.39 ^ _464_/Q (sky130_fd_sc_hd__dfrtp_1)
                                         imem.address[2] (net)
                  0.39    0.00    1.39 ^ _215_/A (sky130_fd_sc_hd__clkbuf_4)
    10    0.06    0.31    0.56    1.96 ^ _215_/X (sky130_fd_sc_hd__clkbuf_4)
                                         _060_ (net)
                  0.31    0.00    1.96 ^ _216_/A (sky130_fd_sc_hd__clkbuf_2)
     5    0.04    0.38    0.51    2.47 ^ _216_/X (sky130_fd_sc_hd__clkbuf_2)
                                         _061_ (net)
                  0.38    0.00    2.48 ^ _246_/A_N (sky130_fd_sc_hd__and3b_1)
     1    0.01    0.14    0.54    3.01 v _246_/X (sky130_fd_sc_hd__and3b_1)
                                         _088_ (net)
                  0.14    0.00    3.01 v _247_/A (sky130_fd_sc_hd__buf_2)
     7    0.06    0.27    0.46    3.48 v _247_/X (sky130_fd_sc_hd__buf_2)
                                         _089_ (net)
                  0.27    0.01    3.49 v _248_/B (sky130_fd_sc_hd__or2_1)
     1    0.01    0.15    0.61    4.09 v _248_/X (sky130_fd_sc_hd__or2_1)
                                         _090_ (net)
                  0.15    0.00    4.09 v _249_/A (sky130_fd_sc_hd__clkbuf_2)
     5    0.04    0.30    0.42    4.51 v _249_/X (sky130_fd_sc_hd__clkbuf_2)
                                         _091_ (net)
                  0.30    0.00    4.51 v _266_/A2 (sky130_fd_sc_hd__a21o_1)
     2    0.02    0.19    0.53    5.05 v _266_/X (sky130_fd_sc_hd__a21o_1)
                                         _108_ (net)
                  0.19    0.00    5.05 v _268_/B (sky130_fd_sc_hd__or3_2)
     2    0.02    0.27    1.28    6.33 v _268_/X (sky130_fd_sc_hd__or3_2)
                                         _110_ (net)
                  0.27    0.00    6.33 v _269_/B_N (sky130_fd_sc_hd__or2b_1)
     2    0.03    0.42    0.63    6.95 ^ _269_/X (sky130_fd_sc_hd__or2b_1)
                                         _111_ (net)
                  0.42    0.00    6.96 ^ _272_/A2 (sky130_fd_sc_hd__a21oi_2)
     1    0.03    0.29    0.36    7.32 v _272_/Y (sky130_fd_sc_hd__a21oi_2)
                                         _114_ (net)
                  0.29    0.00    7.32 v _296_/A2 (sky130_fd_sc_hd__a22o_4)
     9    0.06    0.20    0.69    8.02 v _296_/X (sky130_fd_sc_hd__a22o_4)
                                         _138_ (net)
                  0.20    0.01    8.02 v _389_/A1 (sky130_fd_sc_hd__mux2_1)
     1    0.01    0.18    0.79    8.81 v _389_/X (sky130_fd_sc_hd__mux2_1)
                                         _034_ (net)
                  0.18    0.00    8.82 v _390_/A (sky130_fd_sc_hd__buf_1)
     1    0.03    0.30    0.40    9.22 v _390_/X (sky130_fd_sc_hd__buf_1)
                                         _009_ (net)
                  0.30    0.00    9.22 v _443_/D (sky130_fd_sc_hd__dfxtp_1)
                                  9.22   data arrival time

                         10.00   10.00   clock CLK100MHZ (rise edge)
                          0.00   10.00   clock source latency
     1    0.03    0.00    0.00   10.00 ^ CLK100MHZ (in)
                                         CLK100MHZ (net)
                  0.00    0.00   10.00 ^ clkbuf_0_CLK100MHZ/A (sky130_fd_sc_hd__clkbuf_16)
     2    0.02    0.07    0.19   10.19 ^ clkbuf_0_CLK100MHZ/X (sky130_fd_sc_hd__clkbuf_16)
                                         clknet_0_CLK100MHZ (net)
                  0.07    0.00   10.19 ^ clkbuf_1_0__f_CLK100MHZ/A (sky130_fd_sc_hd__clkbuf_16)
    16    0.07    0.13    0.28   10.47 ^ clkbuf_1_0__f_CLK100MHZ/X (sky130_fd_sc_hd__clkbuf_16)
                                         clknet_1_0__leaf_CLK100MHZ (net)
                  0.13    0.00   10.47 ^ _443_/CLK (sky130_fd_sc_hd__dfxtp_1)
                         -0.20   10.27   clock uncertainty
                          0.00   10.27   clock reconvergence pessimism
                         -0.35    9.93   library setup time
                                  9.93   data required time
-----------------------------------------------------------------------------
                                  9.93   data required time
                                 -9.22   data arrival time
-----------------------------------------------------------------------------
                                  0.71   slack (MET)


Startpoint: _464_ (rising edge-triggered flip-flop clocked by CLK100MHZ)
Endpoint: _459_ (rising edge-triggered flip-flop clocked by CLK100MHZ)
Path Group: CLK100MHZ
Path Type: max
Corner: Slowest

Fanout     Cap    Slew   Delay    Time   Description
-----------------------------------------------------------------------------
                          0.00    0.00   clock CLK100MHZ (rise edge)
                          0.00    0.00   clock source latency
     1    0.03    0.00    0.00    0.00 ^ CLK100MHZ (in)
                                         CLK100MHZ (net)
                  0.00    0.00    0.00 ^ clkbuf_0_CLK100MHZ/A (sky130_fd_sc_hd__clkbuf_16)
     2    0.02    0.07    0.19    0.19 ^ clkbuf_0_CLK100MHZ/X (sky130_fd_sc_hd__clkbuf_16)
                                         clknet_0_CLK100MHZ (net)
                  0.07    0.00    0.19 ^ clkbuf_1_0__f_CLK100MHZ/A (sky130_fd_sc_hd__clkbuf_16)
    16    0.07    0.13    0.28    0.47 ^ clkbuf_1_0__f_CLK100MHZ/X (sky130_fd_sc_hd__clkbuf_16)
                                         clknet_1_0__leaf_CLK100MHZ (net)
                  0.13    0.00    0.47 ^ _464_/CLK (sky130_fd_sc_hd__dfrtp_1)
     3    0.03    0.39    0.91    1.39 ^ _464_/Q (sky130_fd_sc_hd__dfrtp_1)
                                         imem.address[2] (net)
                  0.39    0.00    1.39 ^ _215_/A (sky130_fd_sc_hd__clkbuf_4)
    10    0.06    0.31    0.56    1.96 ^ _215_/X (sky130_fd_sc_hd__clkbuf_4)
                                         _060_ (net)
                  0.31    0.00    1.96 ^ _216_/A (sky130_fd_sc_hd__clkbuf_2)
     5    0.04    0.38    0.51    2.47 ^ _216_/X (sky130_fd_sc_hd__clkbuf_2)
                                         _061_ (net)
                  0.38    0.00    2.48 ^ _246_/A_N (sky130_fd_sc_hd__and3b_1)
     1    0.01    0.14    0.54    3.01 v _246_/X (sky130_fd_sc_hd__and3b_1)
                                         _088_ (net)
                  0.14    0.00    3.01 v _247_/A (sky130_fd_sc_hd__buf_2)
     7    0.06    0.27    0.46    3.48 v _247_/X (sky130_fd_sc_hd__buf_2)
                                         _089_ (net)
                  0.27    0.01    3.49 v _248_/B (sky130_fd_sc_hd__or2_1)
     1    0.01    0.15    0.61    4.09 v _248_/X (sky130_fd_sc_hd__or2_1)
                                         _090_ (net)
                  0.15    0.00    4.09 v _249_/A (sky130_fd_sc_hd__clkbuf_2)
     5    0.04    0.30    0.42    4.51 v _249_/X (sky130_fd_sc_hd__clkbuf_2)
                                         _091_ (net)
                  0.30    0.00    4.51 v _266_/A2 (sky130_fd_sc_hd__a21o_1)
     2    0.02    0.19    0.53    5.05 v _266_/X (sky130_fd_sc_hd__a21o_1)
                                         _108_ (net)
                  0.19    0.00    5.05 v _268_/B (sky130_fd_sc_hd__or3_2)
     2    0.02    0.27    1.28    6.33 v _268_/X (sky130_fd_sc_hd__or3_2)
                                         _110_ (net)
                  0.27    0.00    6.33 v _312_/A2 (sky130_fd_sc_hd__a21oi_2)
     3    0.02    0.49    0.56    6.89 ^ _312_/Y (sky130_fd_sc_hd__a21oi_2)
                                         _154_ (net)
                  0.49    0.00    6.89 ^ _314_/A2 (sky130_fd_sc_hd__a21oi_1)
     1    0.03    0.46    0.57    7.46 v _314_/Y (sky130_fd_sc_hd__a21oi_1)
                                         _156_ (net)
                  0.46    0.00    7.46 v _315_/B2 (sky130_fd_sc_hd__a2bb2o_4)
     9    0.06    0.18    0.65    8.12 v _315_/X (sky130_fd_sc_hd__a2bb2o_4)
                                         _157_ (net)
                  0.18    0.01    8.13 v _428_/A1 (sky130_fd_sc_hd__mux2_1)
     1    0.01    0.17    0.78    8.90 v _428_/X (sky130_fd_sc_hd__mux2_1)
                                         _057_ (net)
                  0.17    0.00    8.90 v _429_/A (sky130_fd_sc_hd__buf_1)
     1    0.01    0.17    0.30    9.21 v _429_/X (sky130_fd_sc_hd__buf_1)
                                         _025_ (net)
                  0.17    0.00    9.21 v _459_/D (sky130_fd_sc_hd__dfxtp_1)
                                  9.21   data arrival time

                         10.00   10.00   clock CLK100MHZ (rise edge)
                          0.00   10.00   clock source latency
     1    0.03    0.00    0.00   10.00 ^ CLK100MHZ (in)
                                         CLK100MHZ (net)
                  0.00    0.00   10.00 ^ clkbuf_0_CLK100MHZ/A (sky130_fd_sc_hd__clkbuf_16)
     2    0.02    0.07    0.19   10.19 ^ clkbuf_0_CLK100MHZ/X (sky130_fd_sc_hd__clkbuf_16)
                                         clknet_0_CLK100MHZ (net)
                  0.07    0.00   10.19 ^ clkbuf_1_0__f_CLK100MHZ/A (sky130_fd_sc_hd__clkbuf_16)
    16    0.07    0.13    0.28   10.47 ^ clkbuf_1_0__f_CLK100MHZ/X (sky130_fd_sc_hd__clkbuf_16)
                                         clknet_1_0__leaf_CLK100MHZ (net)
                  0.13    0.01   10.48 ^ _459_/CLK (sky130_fd_sc_hd__dfxtp_1)
                         -0.20   10.28   clock uncertainty
                          0.00   10.28   clock reconvergence pessimism
                         -0.29    9.98   library setup time
                                  9.98   data required time
-----------------------------------------------------------------------------
                                  9.98   data required time
                                 -9.21   data arrival time
-----------------------------------------------------------------------------
                                  0.77   slack (MET)


Startpoint: _464_ (rising edge-triggered flip-flop clocked by CLK100MHZ)
Endpoint: _438_ (rising edge-triggered flip-flop clocked by CLK100MHZ)
Path Group: CLK100MHZ
Path Type: max
Corner: Slowest

Fanout     Cap    Slew   Delay    Time   Description
-----------------------------------------------------------------------------
                          0.00    0.00   clock CLK100MHZ (rise edge)
                          0.00    0.00   clock source latency
     1    0.03    0.00    0.00    0.00 ^ CLK100MHZ (in)
                                         CLK100MHZ (net)
                  0.00    0.00    0.00 ^ clkbuf_0_CLK100MHZ/A (sky130_fd_sc_hd__clkbuf_16)
     2    0.02    0.07    0.19    0.19 ^ clkbuf_0_CLK100MHZ/X (sky130_fd_sc_hd__clkbuf_16)
                                         clknet_0_CLK100MHZ (net)
                  0.07    0.00    0.19 ^ clkbuf_1_0__f_CLK100MHZ/A (sky130_fd_sc_hd__clkbuf_16)
    16    0.07    0.13    0.28    0.47 ^ clkbuf_1_0__f_CLK100MHZ/X (sky130_fd_sc_hd__clkbuf_16)
                                         clknet_1_0__leaf_CLK100MHZ (net)
                  0.13    0.00    0.47 ^ _464_/CLK (sky130_fd_sc_hd__dfrtp_1)
     3    0.03    0.39    0.91    1.39 ^ _464_/Q (sky130_fd_sc_hd__dfrtp_1)
                                         imem.address[2] (net)
                  0.39    0.00    1.39 ^ _215_/A (sky130_fd_sc_hd__clkbuf_4)
    10    0.06    0.31    0.56    1.96 ^ _215_/X (sky130_fd_sc_hd__clkbuf_4)
                                         _060_ (net)
                  0.31    0.00    1.96 ^ _216_/A (sky130_fd_sc_hd__clkbuf_2)
     5    0.04    0.38    0.51    2.47 ^ _216_/X (sky130_fd_sc_hd__clkbuf_2)
                                         _061_ (net)
                  0.38    0.00    2.48 ^ _246_/A_N (sky130_fd_sc_hd__and3b_1)
     1    0.01    0.14    0.54    3.01 v _246_/X (sky130_fd_sc_hd__and3b_1)
                                         _088_ (net)
                  0.14    0.00    3.01 v _247_/A (sky130_fd_sc_hd__buf_2)
     7    0.06    0.27    0.46    3.48 v _247_/X (sky130_fd_sc_hd__buf_2)
                                         _089_ (net)
                  0.27    0.01    3.49 v _248_/B (sky130_fd_sc_hd__or2_1)
     1    0.01    0.15    0.61    4.09 v _248_/X (sky130_fd_sc_hd__or2_1)
                                         _090_ (net)
                  0.15    0.00    4.09 v _249_/A (sky130_fd_sc_hd__clkbuf_2)
     5    0.04    0.30    0.42    4.51 v _249_/X (sky130_fd_sc_hd__clkbuf_2)
                                         _091_ (net)
                  0.30    0.00    4.51 v _266_/A2 (sky130_fd_sc_hd__a21o_1)
     2    0.02    0.19    0.53    5.05 v _266_/X (sky130_fd_sc_hd__a21o_1)
                                         _108_ (net)
                  0.19    0.00    5.05 v _268_/B (sky130_fd_sc_hd__or3_2)
     2    0.02    0.27    1.28    6.33 v _268_/X (sky130_fd_sc_hd__or3_2)
                                         _110_ (net)
                  0.27    0.00    6.33 v _269_/B_N (sky130_fd_sc_hd__or2b_1)
     2    0.03    0.42    0.63    6.95 ^ _269_/X (sky130_fd_sc_hd__or2b_1)
                                         _111_ (net)
                  0.42    0.00    6.96 ^ _272_/A2 (sky130_fd_sc_hd__a21oi_2)
     1    0.03    0.29    0.36    7.32 v _272_/Y (sky130_fd_sc_hd__a21oi_2)
                                         _114_ (net)
                  0.29    0.00    7.32 v _296_/A2 (sky130_fd_sc_hd__a22o_4)
     9    0.06    0.20    0.69    8.02 v _296_/X (sky130_fd_sc_hd__a22o_4)
                                         _138_ (net)
                  0.20    0.01    8.03 v _367_/A1 (sky130_fd_sc_hd__mux2_1)
     1    0.01    0.21    0.84    8.87 v _367_/X (sky130_fd_sc_hd__mux2_1)
                                         _201_ (net)
                  0.21    0.00    8.87 v _368_/A (sky130_fd_sc_hd__clkbuf_1)
     1    0.01    0.15    0.31    9.17 v _368_/X (sky130_fd_sc_hd__clkbuf_1)
                                         _004_ (net)
                  0.15    0.00    9.18 v _438_/D (sky130_fd_sc_hd__dfxtp_1)
                                  9.18   data arrival time

                         10.00   10.00   clock CLK100MHZ (rise edge)
                          0.00   10.00   clock source latency
     1    0.03    0.00    0.00   10.00 ^ CLK100MHZ (in)
                                         CLK100MHZ (net)
                  0.00    0.00   10.00 ^ clkbuf_0_CLK100MHZ/A (sky130_fd_sc_hd__clkbuf_16)
     2    0.02    0.07    0.19   10.19 ^ clkbuf_0_CLK100MHZ/X (sky130_fd_sc_hd__clkbuf_16)
                                         clknet_0_CLK100MHZ (net)
                  0.07    0.00   10.19 ^ clkbuf_1_1__f_CLK100MHZ/A (sky130_fd_sc_hd__clkbuf_16)
    13    0.06    0.12    0.27   10.47 ^ clkbuf_1_1__f_CLK100MHZ/X (sky130_fd_sc_hd__clkbuf_16)
                                         clknet_1_1__leaf_CLK100MHZ (net)
                  0.12    0.00   10.47 ^ _438_/CLK (sky130_fd_sc_hd__dfxtp_1)
                         -0.20   10.27   clock uncertainty
                          0.00   10.27   clock reconvergence pessimism
                         -0.29    9.98   library setup time
                                  9.98   data required time
-----------------------------------------------------------------------------
                                  9.98   data required time
                                 -9.18   data arrival time
-----------------------------------------------------------------------------
                                  0.81   slack (MET)


Startpoint: _464_ (rising edge-triggered flip-flop clocked by CLK100MHZ)
Endpoint: _448_ (rising edge-triggered flip-flop clocked by CLK100MHZ)
Path Group: CLK100MHZ
Path Type: max
Corner: Slowest

Fanout     Cap    Slew   Delay    Time   Description
-----------------------------------------------------------------------------
                          0.00    0.00   clock CLK100MHZ (rise edge)
                          0.00    0.00   clock source latency
     1    0.03    0.00    0.00    0.00 ^ CLK100MHZ (in)
                                         CLK100MHZ (net)
                  0.00    0.00    0.00 ^ clkbuf_0_CLK100MHZ/A (sky130_fd_sc_hd__clkbuf_16)
     2    0.02    0.07    0.19    0.19 ^ clkbuf_0_CLK100MHZ/X (sky130_fd_sc_hd__clkbuf_16)
                                         clknet_0_CLK100MHZ (net)
                  0.07    0.00    0.19 ^ clkbuf_1_0__f_CLK100MHZ/A (sky130_fd_sc_hd__clkbuf_16)
    16    0.07    0.13    0.28    0.47 ^ clkbuf_1_0__f_CLK100MHZ/X (sky130_fd_sc_hd__clkbuf_16)
                                         clknet_1_0__leaf_CLK100MHZ (net)
                  0.13    0.00    0.47 ^ _464_/CLK (sky130_fd_sc_hd__dfrtp_1)
     3    0.03    0.39    0.91    1.39 ^ _464_/Q (sky130_fd_sc_hd__dfrtp_1)
                                         imem.address[2] (net)
                  0.39    0.00    1.39 ^ _215_/A (sky130_fd_sc_hd__clkbuf_4)
    10    0.06    0.31    0.56    1.96 ^ _215_/X (sky130_fd_sc_hd__clkbuf_4)
                                         _060_ (net)
                  0.31    0.00    1.96 ^ _216_/A (sky130_fd_sc_hd__clkbuf_2)
     5    0.04    0.38    0.51    2.47 ^ _216_/X (sky130_fd_sc_hd__clkbuf_2)
                                         _061_ (net)
                  0.38    0.00    2.48 ^ _246_/A_N (sky130_fd_sc_hd__and3b_1)
     1    0.01    0.14    0.54    3.01 v _246_/X (sky130_fd_sc_hd__and3b_1)
                                         _088_ (net)
                  0.14    0.00    3.01 v _247_/A (sky130_fd_sc_hd__buf_2)
     7    0.06    0.27    0.46    3.48 v _247_/X (sky130_fd_sc_hd__buf_2)
                                         _089_ (net)
                  0.27    0.01    3.49 v _248_/B (sky130_fd_sc_hd__or2_1)
     1    0.01    0.15    0.61    4.09 v _248_/X (sky130_fd_sc_hd__or2_1)
                                         _090_ (net)
                  0.15    0.00    4.09 v _249_/A (sky130_fd_sc_hd__clkbuf_2)
     5    0.04    0.30    0.42    4.51 v _249_/X (sky130_fd_sc_hd__clkbuf_2)
                                         _091_ (net)
                  0.30    0.00    4.51 v _266_/A2 (sky130_fd_sc_hd__a21o_1)
     2    0.02    0.19    0.53    5.05 v _266_/X (sky130_fd_sc_hd__a21o_1)
                                         _108_ (net)
                  0.19    0.00    5.05 v _268_/B (sky130_fd_sc_hd__or3_2)
     2    0.02    0.27    1.28    6.33 v _268_/X (sky130_fd_sc_hd__or3_2)
                                         _110_ (net)
                  0.27    0.00    6.33 v _269_/B_N (sky130_fd_sc_hd__or2b_1)
     2    0.03    0.42    0.63    6.95 ^ _269_/X (sky130_fd_sc_hd__or2b_1)
                                         _111_ (net)
                  0.42    0.00    6.96 ^ _272_/A2 (sky130_fd_sc_hd__a21oi_2)
     1    0.03    0.29    0.36    7.32 v _272_/Y (sky130_fd_sc_hd__a21oi_2)
                                         _114_ (net)
                  0.29    0.00    7.32 v _296_/A2 (sky130_fd_sc_hd__a22o_4)
     9    0.06    0.20    0.69    8.02 v _296_/X (sky130_fd_sc_hd__a22o_4)
                                         _138_ (net)
                  0.20    0.00    8.02 v _402_/A0 (sky130_fd_sc_hd__mux2_1)
     1    0.01    0.16    0.75    8.77 v _402_/X (sky130_fd_sc_hd__mux2_1)
                                         _042_ (net)
                  0.16    0.00    8.77 v _403_/A (sky130_fd_sc_hd__clkbuf_1)
     1    0.01    0.17    0.30    9.07 v _403_/X (sky130_fd_sc_hd__clkbuf_1)
                                         _014_ (net)
                  0.17    0.00    9.07 v _448_/D (sky130_fd_sc_hd__dfxtp_1)
                                  9.07   data arrival time

                         10.00   10.00   clock CLK100MHZ (rise edge)
                          0.00   10.00   clock source latency
     1    0.03    0.00    0.00   10.00 ^ CLK100MHZ (in)
                                         CLK100MHZ (net)
                  0.00    0.00   10.00 ^ clkbuf_0_CLK100MHZ/A (sky130_fd_sc_hd__clkbuf_16)
     2    0.02    0.07    0.19   10.19 ^ clkbuf_0_CLK100MHZ/X (sky130_fd_sc_hd__clkbuf_16)
                                         clknet_0_CLK100MHZ (net)
                  0.07    0.00   10.19 ^ clkbuf_1_0__f_CLK100MHZ/A (sky130_fd_sc_hd__clkbuf_16)
    16    0.07    0.13    0.28   10.47 ^ clkbuf_1_0__f_CLK100MHZ/X (sky130_fd_sc_hd__clkbuf_16)
                                         clknet_1_0__leaf_CLK100MHZ (net)
                  0.13    0.00   10.47 ^ _448_/CLK (sky130_fd_sc_hd__dfxtp_1)
                         -0.20   10.27   clock uncertainty
                          0.00   10.27   clock reconvergence pessimism
                         -0.29    9.98   library setup time
                                  9.98   data required time
-----------------------------------------------------------------------------
                                  9.98   data required time
                                 -9.07   data arrival time
-----------------------------------------------------------------------------
                                  0.91   slack (MET)


Startpoint: _464_ (rising edge-triggered flip-flop clocked by CLK100MHZ)
Endpoint: _444_ (rising edge-triggered flip-flop clocked by CLK100MHZ)
Path Group: CLK100MHZ
Path Type: max
Corner: Slowest

Fanout     Cap    Slew   Delay    Time   Description
-----------------------------------------------------------------------------
                          0.00    0.00   clock CLK100MHZ (rise edge)
                          0.00    0.00   clock source latency
     1    0.03    0.00    0.00    0.00 ^ CLK100MHZ (in)
                                         CLK100MHZ (net)
                  0.00    0.00    0.00 ^ clkbuf_0_CLK100MHZ/A (sky130_fd_sc_hd__clkbuf_16)
     2    0.02    0.07    0.19    0.19 ^ clkbuf_0_CLK100MHZ/X (sky130_fd_sc_hd__clkbuf_16)
                                         clknet_0_CLK100MHZ (net)
                  0.07    0.00    0.19 ^ clkbuf_1_0__f_CLK100MHZ/A (sky130_fd_sc_hd__clkbuf_16)
    16    0.07    0.13    0.28    0.47 ^ clkbuf_1_0__f_CLK100MHZ/X (sky130_fd_sc_hd__clkbuf_16)
                                         clknet_1_0__leaf_CLK100MHZ (net)
                  0.13    0.00    0.47 ^ _464_/CLK (sky130_fd_sc_hd__dfrtp_1)
     3    0.03    0.39    0.91    1.39 ^ _464_/Q (sky130_fd_sc_hd__dfrtp_1)
                                         imem.address[2] (net)
                  0.39    0.00    1.39 ^ _215_/A (sky130_fd_sc_hd__clkbuf_4)
    10    0.06    0.31    0.56    1.96 ^ _215_/X (sky130_fd_sc_hd__clkbuf_4)
                                         _060_ (net)
                  0.31    0.00    1.96 ^ _216_/A (sky130_fd_sc_hd__clkbuf_2)
     5    0.04    0.38    0.51    2.47 ^ _216_/X (sky130_fd_sc_hd__clkbuf_2)
                                         _061_ (net)
                  0.38    0.00    2.48 ^ _246_/A_N (sky130_fd_sc_hd__and3b_1)
     1    0.01    0.14    0.54    3.01 v _246_/X (sky130_fd_sc_hd__and3b_1)
                                         _088_ (net)
                  0.14    0.00    3.01 v _247_/A (sky130_fd_sc_hd__buf_2)
     7    0.06    0.27    0.46    3.48 v _247_/X (sky130_fd_sc_hd__buf_2)
                                         _089_ (net)
                  0.27    0.01    3.49 v _248_/B (sky130_fd_sc_hd__or2_1)
     1    0.01    0.15    0.61    4.09 v _248_/X (sky130_fd_sc_hd__or2_1)
                                         _090_ (net)
                  0.15    0.00    4.09 v _249_/A (sky130_fd_sc_hd__clkbuf_2)
     5    0.04    0.30    0.42    4.51 v _249_/X (sky130_fd_sc_hd__clkbuf_2)
                                         _091_ (net)
                  0.30    0.00    4.51 v _266_/A2 (sky130_fd_sc_hd__a21o_1)
     2    0.02    0.19    0.53    5.05 v _266_/X (sky130_fd_sc_hd__a21o_1)
                                         _108_ (net)
                  0.19    0.00    5.05 v _268_/B (sky130_fd_sc_hd__or3_2)
     2    0.02    0.27    1.28    6.33 v _268_/X (sky130_fd_sc_hd__or3_2)
                                         _110_ (net)
                  0.27    0.00    6.33 v _312_/A2 (sky130_fd_sc_hd__a21oi_2)
     3    0.02    0.49    0.56    6.89 ^ _312_/Y (sky130_fd_sc_hd__a21oi_2)
                                         _154_ (net)
                  0.49    0.00    6.89 ^ _314_/A2 (sky130_fd_sc_hd__a21oi_1)
     1    0.03    0.46    0.57    7.46 v _314_/Y (sky130_fd_sc_hd__a21oi_1)
                                         _156_ (net)
                  0.46    0.00    7.46 v _315_/B2 (sky130_fd_sc_hd__a2bb2o_4)
     9    0.06    0.18    0.65    8.12 v _315_/X (sky130_fd_sc_hd__a2bb2o_4)
                                         _157_ (net)
                  0.18    0.01    8.13 v _391_/A1 (sky130_fd_sc_hd__mux2_1)
     1    0.00    0.11    0.69    8.82 v _391_/X (sky130_fd_sc_hd__mux2_1)
                                         _035_ (net)
                  0.11    0.00    8.82 v _392_/A (sky130_fd_sc_hd__clkbuf_1)
     1    0.01    0.14    0.25    9.07 v _392_/X (sky130_fd_sc_hd__clkbuf_1)
                                         _010_ (net)
                  0.14    0.00    9.07 v _444_/D (sky130_fd_sc_hd__dfxtp_1)
                                  9.07   data arrival time

                         10.00   10.00   clock CLK100MHZ (rise edge)
                          0.00   10.00   clock source latency
     1    0.03    0.00    0.00   10.00 ^ CLK100MHZ (in)
                                         CLK100MHZ (net)
                  0.00    0.00   10.00 ^ clkbuf_0_CLK100MHZ/A (sky130_fd_sc_hd__clkbuf_16)
     2    0.02    0.07    0.19   10.19 ^ clkbuf_0_CLK100MHZ/X (sky130_fd_sc_hd__clkbuf_16)
                                         clknet_0_CLK100MHZ (net)
                  0.07    0.00   10.19 ^ clkbuf_1_1__f_CLK100MHZ/A (sky130_fd_sc_hd__clkbuf_16)
    13    0.06    0.12    0.27   10.47 ^ clkbuf_1_1__f_CLK100MHZ/X (sky130_fd_sc_hd__clkbuf_16)
                                         clknet_1_1__leaf_CLK100MHZ (net)
                  0.12    0.00   10.47 ^ _444_/CLK (sky130_fd_sc_hd__dfxtp_1)
                         -0.20   10.27   clock uncertainty
                          0.00   10.27   clock reconvergence pessimism
                         -0.28    9.99   library setup time
                                  9.99   data required time
-----------------------------------------------------------------------------
                                  9.99   data required time
                                 -9.07   data arrival time
-----------------------------------------------------------------------------
                                  0.92   slack (MET)


Startpoint: _464_ (rising edge-triggered flip-flop clocked by CLK100MHZ)
Endpoint: _458_ (rising edge-triggered flip-flop clocked by CLK100MHZ)
Path Group: CLK100MHZ
Path Type: max
Corner: Slowest

Fanout     Cap    Slew   Delay    Time   Description
-----------------------------------------------------------------------------
                          0.00    0.00   clock CLK100MHZ (rise edge)
                          0.00    0.00   clock source latency
     1    0.03    0.00    0.00    0.00 ^ CLK100MHZ (in)
                                         CLK100MHZ (net)
                  0.00    0.00    0.00 ^ clkbuf_0_CLK100MHZ/A (sky130_fd_sc_hd__clkbuf_16)
     2    0.02    0.07    0.19    0.19 ^ clkbuf_0_CLK100MHZ/X (sky130_fd_sc_hd__clkbuf_16)
                                         clknet_0_CLK100MHZ (net)
                  0.07    0.00    0.19 ^ clkbuf_1_0__f_CLK100MHZ/A (sky130_fd_sc_hd__clkbuf_16)
    16    0.07    0.13    0.28    0.47 ^ clkbuf_1_0__f_CLK100MHZ/X (sky130_fd_sc_hd__clkbuf_16)
                                         clknet_1_0__leaf_CLK100MHZ (net)
                  0.13    0.00    0.47 ^ _464_/CLK (sky130_fd_sc_hd__dfrtp_1)
     3    0.03    0.39    0.91    1.39 ^ _464_/Q (sky130_fd_sc_hd__dfrtp_1)
                                         imem.address[2] (net)
                  0.39    0.00    1.39 ^ _215_/A (sky130_fd_sc_hd__clkbuf_4)
    10    0.06    0.31    0.56    1.96 ^ _215_/X (sky130_fd_sc_hd__clkbuf_4)
                                         _060_ (net)
                  0.31    0.00    1.96 ^ _216_/A (sky130_fd_sc_hd__clkbuf_2)
     5    0.04    0.38    0.51    2.47 ^ _216_/X (sky130_fd_sc_hd__clkbuf_2)
                                         _061_ (net)
                  0.38    0.00    2.48 ^ _246_/A_N (sky130_fd_sc_hd__and3b_1)
     1    0.01    0.14    0.54    3.01 v _246_/X (sky130_fd_sc_hd__and3b_1)
                                         _088_ (net)
                  0.14    0.00    3.01 v _247_/A (sky130_fd_sc_hd__buf_2)
     7    0.06    0.27    0.46    3.48 v _247_/X (sky130_fd_sc_hd__buf_2)
                                         _089_ (net)
                  0.27    0.01    3.49 v _248_/B (sky130_fd_sc_hd__or2_1)
     1    0.01    0.15    0.61    4.09 v _248_/X (sky130_fd_sc_hd__or2_1)
                                         _090_ (net)
                  0.15    0.00    4.09 v _249_/A (sky130_fd_sc_hd__clkbuf_2)
     5    0.04    0.30    0.42    4.51 v _249_/X (sky130_fd_sc_hd__clkbuf_2)
                                         _091_ (net)
                  0.30    0.00    4.51 v _266_/A2 (sky130_fd_sc_hd__a21o_1)
     2    0.02    0.19    0.53    5.05 v _266_/X (sky130_fd_sc_hd__a21o_1)
                                         _108_ (net)
                  0.19    0.00    5.05 v _268_/B (sky130_fd_sc_hd__or3_2)
     2    0.02    0.27    1.28    6.33 v _268_/X (sky130_fd_sc_hd__or3_2)
                                         _110_ (net)
                  0.27    0.00    6.33 v _269_/B_N (sky130_fd_sc_hd__or2b_1)
     2    0.03    0.42    0.63    6.95 ^ _269_/X (sky130_fd_sc_hd__or2b_1)
                                         _111_ (net)
                  0.42    0.00    6.96 ^ _272_/A2 (sky130_fd_sc_hd__a21oi_2)
     1    0.03    0.29    0.36    7.32 v _272_/Y (sky130_fd_sc_hd__a21oi_2)
                                         _114_ (net)
                  0.29    0.00    7.32 v _296_/A2 (sky130_fd_sc_hd__a22o_4)
     9    0.06    0.20    0.69    8.02 v _296_/X (sky130_fd_sc_hd__a22o_4)
                                         _138_ (net)
                  0.20    0.01    8.03 v _426_/A1 (sky130_fd_sc_hd__mux2_1)
     1    0.01    0.17    0.78    8.80 v _426_/X (sky130_fd_sc_hd__mux2_1)
                                         _056_ (net)
                  0.17    0.00    8.81 v _427_/A (sky130_fd_sc_hd__clkbuf_1)
     1    0.01    0.12    0.26    9.07 v _427_/X (sky130_fd_sc_hd__clkbuf_1)
                                         _024_ (net)
                  0.12    0.00    9.07 v _458_/D (sky130_fd_sc_hd__dfxtp_1)
                                  9.07   data arrival time

                         10.00   10.00   clock CLK100MHZ (rise edge)
                          0.00   10.00   clock source latency
     1    0.03    0.00    0.00   10.00 ^ CLK100MHZ (in)
                                         CLK100MHZ (net)
                  0.00    0.00   10.00 ^ clkbuf_0_CLK100MHZ/A (sky130_fd_sc_hd__clkbuf_16)
     2    0.02    0.07    0.19   10.19 ^ clkbuf_0_CLK100MHZ/X (sky130_fd_sc_hd__clkbuf_16)
                                         clknet_0_CLK100MHZ (net)
                  0.07    0.00   10.19 ^ clkbuf_1_1__f_CLK100MHZ/A (sky130_fd_sc_hd__clkbuf_16)
    13    0.06    0.12    0.27   10.47 ^ clkbuf_1_1__f_CLK100MHZ/X (sky130_fd_sc_hd__clkbuf_16)
                                         clknet_1_1__leaf_CLK100MHZ (net)
                  0.12    0.00   10.47 ^ _458_/CLK (sky130_fd_sc_hd__dfxtp_1)
                         -0.20   10.27   clock uncertainty
                          0.00   10.27   clock reconvergence pessimism
                         -0.28    9.99   library setup time
                                  9.99   data required time
-----------------------------------------------------------------------------
                                  9.99   data required time
                                 -9.07   data arrival time
-----------------------------------------------------------------------------
                                  0.92   slack (MET)


Startpoint: _464_ (rising edge-triggered flip-flop clocked by CLK100MHZ)
Endpoint: _447_ (rising edge-triggered flip-flop clocked by CLK100MHZ)
Path Group: CLK100MHZ
Path Type: max
Corner: Slowest

Fanout     Cap    Slew   Delay    Time   Description
-----------------------------------------------------------------------------
                          0.00    0.00   clock CLK100MHZ (rise edge)
                          0.00    0.00   clock source latency
     1    0.03    0.00    0.00    0.00 ^ CLK100MHZ (in)
                                         CLK100MHZ (net)
                  0.00    0.00    0.00 ^ clkbuf_0_CLK100MHZ/A (sky130_fd_sc_hd__clkbuf_16)
     2    0.02    0.07    0.19    0.19 ^ clkbuf_0_CLK100MHZ/X (sky130_fd_sc_hd__clkbuf_16)
                                         clknet_0_CLK100MHZ (net)
                  0.07    0.00    0.19 ^ clkbuf_1_0__f_CLK100MHZ/A (sky130_fd_sc_hd__clkbuf_16)
    16    0.07    0.13    0.28    0.47 ^ clkbuf_1_0__f_CLK100MHZ/X (sky130_fd_sc_hd__clkbuf_16)
                                         clknet_1_0__leaf_CLK100MHZ (net)
                  0.13    0.00    0.47 ^ _464_/CLK (sky130_fd_sc_hd__dfrtp_1)
     3    0.03    0.39    0.91    1.39 ^ _464_/Q (sky130_fd_sc_hd__dfrtp_1)
                                         imem.address[2] (net)
                  0.39    0.00    1.39 ^ _215_/A (sky130_fd_sc_hd__clkbuf_4)
    10    0.06    0.31    0.56    1.96 ^ _215_/X (sky130_fd_sc_hd__clkbuf_4)
                                         _060_ (net)
                  0.31    0.01    1.96 ^ _235_/A_N (sky130_fd_sc_hd__and2b_1)
     1    0.02    0.19    0.57    2.53 v _235_/X (sky130_fd_sc_hd__and2b_1)
                                         _077_ (net)
                  0.19    0.00    2.53 v _236_/A (sky130_fd_sc_hd__clkbuf_2)
     4    0.05    0.36    0.48    3.01 v _236_/X (sky130_fd_sc_hd__clkbuf_2)
                                         _078_ (net)
                  0.36    0.01    3.02 v _237_/B (sky130_fd_sc_hd__nand2_1)
     1    0.02    0.35    0.43    3.45 ^ _237_/Y (sky130_fd_sc_hd__nand2_1)
                                         _079_ (net)
                  0.35    0.00    3.45 ^ _239_/A3 (sky130_fd_sc_hd__a31o_2)
     5    0.04    0.37    0.66    4.11 ^ _239_/X (sky130_fd_sc_hd__a31o_2)
                                         _081_ (net)
                  0.37    0.00    4.11 ^ _240_/A (sky130_fd_sc_hd__buf_1)
     3    0.02    0.43    0.51    4.63 ^ _240_/X (sky130_fd_sc_hd__buf_1)
                                         _082_ (net)
                  0.43    0.00    4.63 ^ _241_/A (sky130_fd_sc_hd__dlymetal6s2s_1)
     3    0.04    0.59    0.67    5.29 ^ _241_/X (sky130_fd_sc_hd__dlymetal6s2s_1)
                                         _083_ (net)
                  0.59    0.00    5.30 ^ _275_/A (sky130_fd_sc_hd__buf_1)
     2    0.02    0.31    0.48    5.78 ^ _275_/X (sky130_fd_sc_hd__buf_1)
                                         _117_ (net)
                  0.31    0.00    5.78 ^ _304_/A (sky130_fd_sc_hd__nand2_1)
     2    0.03    0.49    0.51    6.29 v _304_/Y (sky130_fd_sc_hd__nand2_1)
                                         _146_ (net)
                  0.49    0.00    6.30 v _341_/A2 (sky130_fd_sc_hd__a21oi_1)
     1    0.02    0.84    0.90    7.19 ^ _341_/Y (sky130_fd_sc_hd__a21oi_1)
                                         _183_ (net)
                  0.84    0.00    7.20 ^ _342_/B1 (sky130_fd_sc_hd__a31o_2)
     9    0.05    0.48    0.75    7.94 ^ _342_/X (sky130_fd_sc_hd__a31o_2)
                                         _184_ (net)
                  0.48    0.01    7.95 ^ _400_/A0 (sky130_fd_sc_hd__mux2_1)
     1    0.02    0.27    0.54    8.49 ^ _400_/X (sky130_fd_sc_hd__mux2_1)
                                         _041_ (net)
                  0.27    0.00    8.50 ^ _401_/A (sky130_fd_sc_hd__buf_1)
     1    0.02    0.36    0.43    8.93 ^ _401_/X (sky130_fd_sc_hd__buf_1)
                                         _013_ (net)
                  0.36    0.00    8.93 ^ _447_/D (sky130_fd_sc_hd__dfxtp_1)
                                  8.93   data arrival time

                         10.00   10.00   clock CLK100MHZ (rise edge)
                          0.00   10.00   clock source latency
     1    0.03    0.00    0.00   10.00 ^ CLK100MHZ (in)
                                         CLK100MHZ (net)
                  0.00    0.00   10.00 ^ clkbuf_0_CLK100MHZ/A (sky130_fd_sc_hd__clkbuf_16)
     2    0.02    0.07    0.19   10.19 ^ clkbuf_0_CLK100MHZ/X (sky130_fd_sc_hd__clkbuf_16)
                                         clknet_0_CLK100MHZ (net)
                  0.07    0.00   10.19 ^ clkbuf_1_1__f_CLK100MHZ/A (sky130_fd_sc_hd__clkbuf_16)
    13    0.06    0.12    0.27   10.47 ^ clkbuf_1_1__f_CLK100MHZ/X (sky130_fd_sc_hd__clkbuf_16)
                                         clknet_1_1__leaf_CLK100MHZ (net)
                  0.12    0.00   10.47 ^ _447_/CLK (sky130_fd_sc_hd__dfxtp_1)
                         -0.20   10.27   clock uncertainty
                          0.00   10.27   clock reconvergence pessimism
                         -0.19   10.07   library setup time
                                 10.07   data required time
-----------------------------------------------------------------------------
                                 10.07   data required time
                                 -8.93   data arrival time
-----------------------------------------------------------------------------
                                  1.14   slack (MET)


Startpoint: _464_ (rising edge-triggered flip-flop clocked by CLK100MHZ)
Endpoint: _457_ (rising edge-triggered flip-flop clocked by CLK100MHZ)
Path Group: CLK100MHZ
Path Type: max
Corner: Slowest

Fanout     Cap    Slew   Delay    Time   Description
-----------------------------------------------------------------------------
                          0.00    0.00   clock CLK100MHZ (rise edge)
                          0.00    0.00   clock source latency
     1    0.03    0.00    0.00    0.00 ^ CLK100MHZ (in)
                                         CLK100MHZ (net)
                  0.00    0.00    0.00 ^ clkbuf_0_CLK100MHZ/A (sky130_fd_sc_hd__clkbuf_16)
     2    0.02    0.07    0.19    0.19 ^ clkbuf_0_CLK100MHZ/X (sky130_fd_sc_hd__clkbuf_16)
                                         clknet_0_CLK100MHZ (net)
                  0.07    0.00    0.19 ^ clkbuf_1_0__f_CLK100MHZ/A (sky130_fd_sc_hd__clkbuf_16)
    16    0.07    0.13    0.28    0.47 ^ clkbuf_1_0__f_CLK100MHZ/X (sky130_fd_sc_hd__clkbuf_16)
                                         clknet_1_0__leaf_CLK100MHZ (net)
                  0.13    0.00    0.47 ^ _464_/CLK (sky130_fd_sc_hd__dfrtp_1)
     3    0.03    0.39    0.91    1.39 ^ _464_/Q (sky130_fd_sc_hd__dfrtp_1)
                                         imem.address[2] (net)
                  0.39    0.00    1.39 ^ _215_/A (sky130_fd_sc_hd__clkbuf_4)
    10    0.06    0.31    0.56    1.96 ^ _215_/X (sky130_fd_sc_hd__clkbuf_4)
                                         _060_ (net)
                  0.31    0.01    1.96 ^ _235_/A_N (sky130_fd_sc_hd__and2b_1)
     1    0.02    0.19    0.57    2.53 v _235_/X (sky130_fd_sc_hd__and2b_1)
                                         _077_ (net)
                  0.19    0.00    2.53 v _236_/A (sky130_fd_sc_hd__clkbuf_2)
     4    0.05    0.36    0.48    3.01 v _236_/X (sky130_fd_sc_hd__clkbuf_2)
                                         _078_ (net)
                  0.36    0.01    3.02 v _237_/B (sky130_fd_sc_hd__nand2_1)
     1    0.02    0.35    0.43    3.45 ^ _237_/Y (sky130_fd_sc_hd__nand2_1)
                                         _079_ (net)
                  0.35    0.00    3.45 ^ _239_/A3 (sky130_fd_sc_hd__a31o_2)
     5    0.04    0.37    0.66    4.11 ^ _239_/X (sky130_fd_sc_hd__a31o_2)
                                         _081_ (net)
                  0.37    0.00    4.11 ^ _240_/A (sky130_fd_sc_hd__buf_1)
     3    0.02    0.43    0.51    4.63 ^ _240_/X (sky130_fd_sc_hd__buf_1)
                                         _082_ (net)
                  0.43    0.00    4.63 ^ _241_/A (sky130_fd_sc_hd__dlymetal6s2s_1)
     3    0.04    0.59    0.67    5.29 ^ _241_/X (sky130_fd_sc_hd__dlymetal6s2s_1)
                                         _083_ (net)
                  0.59    0.00    5.30 ^ _275_/A (sky130_fd_sc_hd__buf_1)
     2    0.02    0.31    0.48    5.78 ^ _275_/X (sky130_fd_sc_hd__buf_1)
                                         _117_ (net)
                  0.31    0.00    5.78 ^ _304_/A (sky130_fd_sc_hd__nand2_1)
     2    0.03    0.49    0.51    6.29 v _304_/Y (sky130_fd_sc_hd__nand2_1)
                                         _146_ (net)
                  0.49    0.00    6.30 v _341_/A2 (sky130_fd_sc_hd__a21oi_1)
     1    0.02    0.84    0.90    7.19 ^ _341_/Y (sky130_fd_sc_hd__a21oi_1)
                                         _183_ (net)
                  0.84    0.00    7.20 ^ _342_/B1 (sky130_fd_sc_hd__a31o_2)
     9    0.05    0.48    0.75    7.94 ^ _342_/X (sky130_fd_sc_hd__a31o_2)
                                         _184_ (net)
                  0.48    0.01    7.95 ^ _424_/A1 (sky130_fd_sc_hd__mux2_1)
     1    0.01    0.21    0.50    8.45 ^ _424_/X (sky130_fd_sc_hd__mux2_1)
                                         _055_ (net)
                  0.21    0.00    8.45 ^ _425_/A (sky130_fd_sc_hd__clkbuf_1)
     1    0.02    0.36    0.41    8.86 ^ _425_/X (sky130_fd_sc_hd__clkbuf_1)
                                         _023_ (net)
                  0.36    0.00    8.87 ^ _457_/D (sky130_fd_sc_hd__dfxtp_1)
                                  8.87   data arrival time

                         10.00   10.00   clock CLK100MHZ (rise edge)
                          0.00   10.00   clock source latency
     1    0.03    0.00    0.00   10.00 ^ CLK100MHZ (in)
                                         CLK100MHZ (net)
                  0.00    0.00   10.00 ^ clkbuf_0_CLK100MHZ/A (sky130_fd_sc_hd__clkbuf_16)
     2    0.02    0.07    0.19   10.19 ^ clkbuf_0_CLK100MHZ/X (sky130_fd_sc_hd__clkbuf_16)
                                         clknet_0_CLK100MHZ (net)
                  0.07    0.00   10.19 ^ clkbuf_1_1__f_CLK100MHZ/A (sky130_fd_sc_hd__clkbuf_16)
    13    0.06    0.12    0.27   10.47 ^ clkbuf_1_1__f_CLK100MHZ/X (sky130_fd_sc_hd__clkbuf_16)
                                         clknet_1_1__leaf_CLK100MHZ (net)
                  0.12    0.00   10.47 ^ _457_/CLK (sky130_fd_sc_hd__dfxtp_1)
                         -0.20   10.27   clock uncertainty
                          0.00   10.27   clock reconvergence pessimism
                         -0.19   10.07   library setup time
                                 10.07   data required time
-----------------------------------------------------------------------------
                                 10.07   data required time
                                 -8.87   data arrival time
-----------------------------------------------------------------------------
                                  1.21   slack (MET)


Startpoint: _464_ (rising edge-triggered flip-flop clocked by CLK100MHZ)
Endpoint: _442_ (rising edge-triggered flip-flop clocked by CLK100MHZ)
Path Group: CLK100MHZ
Path Type: max
Corner: Slowest

Fanout     Cap    Slew   Delay    Time   Description
-----------------------------------------------------------------------------
                          0.00    0.00   clock CLK100MHZ (rise edge)
                          0.00    0.00   clock source latency
     1    0.03    0.00    0.00    0.00 ^ CLK100MHZ (in)
                                         CLK100MHZ (net)
                  0.00    0.00    0.00 ^ clkbuf_0_CLK100MHZ/A (sky130_fd_sc_hd__clkbuf_16)
     2    0.02    0.07    0.19    0.19 ^ clkbuf_0_CLK100MHZ/X (sky130_fd_sc_hd__clkbuf_16)
                                         clknet_0_CLK100MHZ (net)
                  0.07    0.00    0.19 ^ clkbuf_1_0__f_CLK100MHZ/A (sky130_fd_sc_hd__clkbuf_16)
    16    0.07    0.13    0.28    0.47 ^ clkbuf_1_0__f_CLK100MHZ/X (sky130_fd_sc_hd__clkbuf_16)
                                         clknet_1_0__leaf_CLK100MHZ (net)
                  0.13    0.00    0.47 ^ _464_/CLK (sky130_fd_sc_hd__dfrtp_1)
     3    0.03    0.39    0.91    1.39 ^ _464_/Q (sky130_fd_sc_hd__dfrtp_1)
                                         imem.address[2] (net)
                  0.39    0.00    1.39 ^ _215_/A (sky130_fd_sc_hd__clkbuf_4)
    10    0.06    0.31    0.56    1.96 ^ _215_/X (sky130_fd_sc_hd__clkbuf_4)
                                         _060_ (net)
                  0.31    0.01    1.96 ^ _235_/A_N (sky130_fd_sc_hd__and2b_1)
     1    0.02    0.19    0.57    2.53 v _235_/X (sky130_fd_sc_hd__and2b_1)
                                         _077_ (net)
                  0.19    0.00    2.53 v _236_/A (sky130_fd_sc_hd__clkbuf_2)
     4    0.05    0.36    0.48    3.01 v _236_/X (sky130_fd_sc_hd__clkbuf_2)
                                         _078_ (net)
                  0.36    0.01    3.02 v _237_/B (sky130_fd_sc_hd__nand2_1)
     1    0.02    0.35    0.43    3.45 ^ _237_/Y (sky130_fd_sc_hd__nand2_1)
                                         _079_ (net)
                  0.35    0.00    3.45 ^ _239_/A3 (sky130_fd_sc_hd__a31o_2)
     5    0.04    0.37    0.66    4.11 ^ _239_/X (sky130_fd_sc_hd__a31o_2)
                                         _081_ (net)
                  0.37    0.00    4.11 ^ _240_/A (sky130_fd_sc_hd__buf_1)
     3    0.02    0.43    0.51    4.63 ^ _240_/X (sky130_fd_sc_hd__buf_1)
                                         _082_ (net)
                  0.43    0.00    4.63 ^ _241_/A (sky130_fd_sc_hd__dlymetal6s2s_1)
     3    0.04    0.59    0.67    5.29 ^ _241_/X (sky130_fd_sc_hd__dlymetal6s2s_1)
                                         _083_ (net)
                  0.59    0.00    5.30 ^ _275_/A (sky130_fd_sc_hd__buf_1)
     2    0.02    0.31    0.48    5.78 ^ _275_/X (sky130_fd_sc_hd__buf_1)
                                         _117_ (net)
                  0.31    0.00    5.78 ^ _304_/A (sky130_fd_sc_hd__nand2_1)
     2    0.03    0.49    0.51    6.29 v _304_/Y (sky130_fd_sc_hd__nand2_1)
                                         _146_ (net)
                  0.49    0.00    6.30 v _341_/A2 (sky130_fd_sc_hd__a21oi_1)
     1    0.02    0.84    0.90    7.19 ^ _341_/Y (sky130_fd_sc_hd__a21oi_1)
                                         _183_ (net)
                  0.84    0.00    7.20 ^ _342_/B1 (sky130_fd_sc_hd__a31o_2)
     9    0.05    0.48    0.75    7.94 ^ _342_/X (sky130_fd_sc_hd__a31o_2)
                                         _184_ (net)
                  0.48    0.00    7.95 ^ _387_/A1 (sky130_fd_sc_hd__mux2_1)
     1    0.01    0.22    0.52    8.47 ^ _387_/X (sky130_fd_sc_hd__mux2_1)
                                         _033_ (net)
                  0.22    0.00    8.47 ^ _388_/A (sky130_fd_sc_hd__clkbuf_1)
     1    0.01    0.15    0.27    8.74 ^ _388_/X (sky130_fd_sc_hd__clkbuf_1)
                                         _008_ (net)
                  0.15    0.00    8.74 ^ _442_/D (sky130_fd_sc_hd__dfxtp_1)
                                  8.74   data arrival time

                         10.00   10.00   clock CLK100MHZ (rise edge)
                          0.00   10.00   clock source latency
     1    0.03    0.00    0.00   10.00 ^ CLK100MHZ (in)
                                         CLK100MHZ (net)
                  0.00    0.00   10.00 ^ clkbuf_0_CLK100MHZ/A (sky130_fd_sc_hd__clkbuf_16)
     2    0.02    0.07    0.19   10.19 ^ clkbuf_0_CLK100MHZ/X (sky130_fd_sc_hd__clkbuf_16)
                                         clknet_0_CLK100MHZ (net)
                  0.07    0.00   10.19 ^ clkbuf_1_1__f_CLK100MHZ/A (sky130_fd_sc_hd__clkbuf_16)
    13    0.06    0.12    0.27   10.47 ^ clkbuf_1_1__f_CLK100MHZ/X (sky130_fd_sc_hd__clkbuf_16)
                                         clknet_1_1__leaf_CLK100MHZ (net)
                  0.12    0.00   10.47 ^ _442_/CLK (sky130_fd_sc_hd__dfxtp_1)
                         -0.20   10.27   clock uncertainty
                          0.00   10.27   clock reconvergence pessimism
                         -0.14   10.13   library setup time
                                 10.13   data required time
-----------------------------------------------------------------------------
                                 10.13   data required time
                                 -8.74   data arrival time
-----------------------------------------------------------------------------
                                  1.39   slack (MET)


Startpoint: _464_ (rising edge-triggered flip-flop clocked by CLK100MHZ)
Endpoint: _437_ (rising edge-triggered flip-flop clocked by CLK100MHZ)
Path Group: CLK100MHZ
Path Type: max
Corner: Slowest

Fanout     Cap    Slew   Delay    Time   Description
-----------------------------------------------------------------------------
                          0.00    0.00   clock CLK100MHZ (rise edge)
                          0.00    0.00   clock source latency
     1    0.03    0.00    0.00    0.00 ^ CLK100MHZ (in)
                                         CLK100MHZ (net)
                  0.00    0.00    0.00 ^ clkbuf_0_CLK100MHZ/A (sky130_fd_sc_hd__clkbuf_16)
     2    0.02    0.07    0.19    0.19 ^ clkbuf_0_CLK100MHZ/X (sky130_fd_sc_hd__clkbuf_16)
                                         clknet_0_CLK100MHZ (net)
                  0.07    0.00    0.19 ^ clkbuf_1_0__f_CLK100MHZ/A (sky130_fd_sc_hd__clkbuf_16)
    16    0.07    0.13    0.28    0.47 ^ clkbuf_1_0__f_CLK100MHZ/X (sky130_fd_sc_hd__clkbuf_16)
                                         clknet_1_0__leaf_CLK100MHZ (net)
                  0.13    0.00    0.47 ^ _464_/CLK (sky130_fd_sc_hd__dfrtp_1)
     3    0.03    0.39    0.91    1.39 ^ _464_/Q (sky130_fd_sc_hd__dfrtp_1)
                                         imem.address[2] (net)
                  0.39    0.00    1.39 ^ _215_/A (sky130_fd_sc_hd__clkbuf_4)
    10    0.06    0.31    0.56    1.96 ^ _215_/X (sky130_fd_sc_hd__clkbuf_4)
                                         _060_ (net)
                  0.31    0.01    1.96 ^ _235_/A_N (sky130_fd_sc_hd__and2b_1)
     1    0.02    0.19    0.57    2.53 v _235_/X (sky130_fd_sc_hd__and2b_1)
                                         _077_ (net)
                  0.19    0.00    2.53 v _236_/A (sky130_fd_sc_hd__clkbuf_2)
     4    0.05    0.36    0.48    3.01 v _236_/X (sky130_fd_sc_hd__clkbuf_2)
                                         _078_ (net)
                  0.36    0.01    3.02 v _237_/B (sky130_fd_sc_hd__nand2_1)
     1    0.02    0.35    0.43    3.45 ^ _237_/Y (sky130_fd_sc_hd__nand2_1)
                                         _079_ (net)
                  0.35    0.00    3.45 ^ _239_/A3 (sky130_fd_sc_hd__a31o_2)
     5    0.04    0.37    0.66    4.11 ^ _239_/X (sky130_fd_sc_hd__a31o_2)
                                         _081_ (net)
                  0.37    0.00    4.11 ^ _240_/A (sky130_fd_sc_hd__buf_1)
     3    0.02    0.43    0.51    4.63 ^ _240_/X (sky130_fd_sc_hd__buf_1)
                                         _082_ (net)
                  0.43    0.00    4.63 ^ _241_/A (sky130_fd_sc_hd__dlymetal6s2s_1)
     3    0.04    0.59    0.67    5.29 ^ _241_/X (sky130_fd_sc_hd__dlymetal6s2s_1)
                                         _083_ (net)
                  0.59    0.00    5.30 ^ _275_/A (sky130_fd_sc_hd__buf_1)
     2    0.02    0.31    0.48    5.78 ^ _275_/X (sky130_fd_sc_hd__buf_1)
                                         _117_ (net)
                  0.31    0.00    5.78 ^ _304_/A (sky130_fd_sc_hd__nand2_1)
     2    0.03    0.49    0.51    6.29 v _304_/Y (sky130_fd_sc_hd__nand2_1)
                                         _146_ (net)
                  0.49    0.00    6.30 v _341_/A2 (sky130_fd_sc_hd__a21oi_1)
     1    0.02    0.84    0.90    7.19 ^ _341_/Y (sky130_fd_sc_hd__a21oi_1)
                                         _183_ (net)
                  0.84    0.00    7.20 ^ _342_/B1 (sky130_fd_sc_hd__a31o_2)
     9    0.05    0.48    0.75    7.94 ^ _342_/X (sky130_fd_sc_hd__a31o_2)
                                         _184_ (net)
                  0.48    0.00    7.95 ^ _365_/A1 (sky130_fd_sc_hd__mux2_1)
     1    0.01    0.17    0.47    8.42 ^ _365_/X (sky130_fd_sc_hd__mux2_1)
                                         _200_ (net)
                  0.17    0.00    8.42 ^ _366_/A (sky130_fd_sc_hd__clkbuf_1)
     1    0.01    0.17    0.26    8.68 ^ _366_/X (sky130_fd_sc_hd__clkbuf_1)
                                         _003_ (net)
                  0.17    0.00    8.68 ^ _437_/D (sky130_fd_sc_hd__dfxtp_1)
                                  8.68   data arrival time

                         10.00   10.00   clock CLK100MHZ (rise edge)
                          0.00   10.00   clock source latency
     1    0.03    0.00    0.00   10.00 ^ CLK100MHZ (in)
                                         CLK100MHZ (net)
                  0.00    0.00   10.00 ^ clkbuf_0_CLK100MHZ/A (sky130_fd_sc_hd__clkbuf_16)
     2    0.02    0.07    0.19   10.19 ^ clkbuf_0_CLK100MHZ/X (sky130_fd_sc_hd__clkbuf_16)
                                         clknet_0_CLK100MHZ (net)
                  0.07    0.00   10.19 ^ clkbuf_1_0__f_CLK100MHZ/A (sky130_fd_sc_hd__clkbuf_16)
    16    0.07    0.13    0.28   10.47 ^ clkbuf_1_0__f_CLK100MHZ/X (sky130_fd_sc_hd__clkbuf_16)
                                         clknet_1_0__leaf_CLK100MHZ (net)
                  0.13    0.00   10.47 ^ _437_/CLK (sky130_fd_sc_hd__dfxtp_1)
                         -0.20   10.27   clock uncertainty
                          0.00   10.27   clock reconvergence pessimism
                         -0.14   10.13   library setup time
                                 10.13   data required time
-----------------------------------------------------------------------------
                                 10.13   data required time
                                 -8.68   data arrival time
-----------------------------------------------------------------------------
                                  1.45   slack (MET)


Startpoint: _464_ (rising edge-triggered flip-flop clocked by CLK100MHZ)
Endpoint: _454_ (rising edge-triggered flip-flop clocked by CLK100MHZ)
Path Group: CLK100MHZ
Path Type: max
Corner: Slowest

Fanout     Cap    Slew   Delay    Time   Description
-----------------------------------------------------------------------------
                          0.00    0.00   clock CLK100MHZ (rise edge)
                          0.00    0.00   clock source latency
     1    0.03    0.00    0.00    0.00 ^ CLK100MHZ (in)
                                         CLK100MHZ (net)
                  0.00    0.00    0.00 ^ clkbuf_0_CLK100MHZ/A (sky130_fd_sc_hd__clkbuf_16)
     2    0.02    0.07    0.19    0.19 ^ clkbuf_0_CLK100MHZ/X (sky130_fd_sc_hd__clkbuf_16)
                                         clknet_0_CLK100MHZ (net)
                  0.07    0.00    0.19 ^ clkbuf_1_0__f_CLK100MHZ/A (sky130_fd_sc_hd__clkbuf_16)
    16    0.07    0.13    0.28    0.47 ^ clkbuf_1_0__f_CLK100MHZ/X (sky130_fd_sc_hd__clkbuf_16)
                                         clknet_1_0__leaf_CLK100MHZ (net)
                  0.13    0.00    0.47 ^ _464_/CLK (sky130_fd_sc_hd__dfrtp_1)
     3    0.03    0.39    0.91    1.39 ^ _464_/Q (sky130_fd_sc_hd__dfrtp_1)
                                         imem.address[2] (net)
                  0.39    0.00    1.39 ^ _215_/A (sky130_fd_sc_hd__clkbuf_4)
    10    0.06    0.31    0.56    1.96 ^ _215_/X (sky130_fd_sc_hd__clkbuf_4)
                                         _060_ (net)
                  0.31    0.00    1.96 ^ _216_/A (sky130_fd_sc_hd__clkbuf_2)
     5    0.04    0.38    0.51    2.47 ^ _216_/X (sky130_fd_sc_hd__clkbuf_2)
                                         _061_ (net)
                  0.38    0.00    2.48 ^ _217_/A (sky130_fd_sc_hd__clkbuf_1)
     1    0.01    0.24    0.38    2.86 ^ _217_/X (sky130_fd_sc_hd__clkbuf_1)
                                         _062_ (net)
                  0.24    0.00    2.86 ^ _218_/A (sky130_fd_sc_hd__buf_1)
     1    0.03    0.63    0.62    3.48 ^ _218_/X (sky130_fd_sc_hd__buf_1)
                                         _063_ (net)
                  0.63    0.00    3.48 ^ _219_/A (sky130_fd_sc_hd__buf_2)
     6    0.06    0.47    0.71    4.19 ^ _219_/X (sky130_fd_sc_hd__buf_2)
                                         _064_ (net)
                  0.47    0.01    4.20 ^ _410_/A (sky130_fd_sc_hd__nand3_1)
     1    0.02    0.56    0.63    4.82 v _410_/Y (sky130_fd_sc_hd__nand3_1)
                                         _046_ (net)
                  0.56    0.00    4.83 v _411_/A (sky130_fd_sc_hd__clkbuf_2)
     5    0.05    0.35    0.63    5.45 v _411_/X (sky130_fd_sc_hd__clkbuf_2)
                                         _047_ (net)
                  0.35    0.00    5.45 v _416_/B (sky130_fd_sc_hd__and2_1)
     1    0.02    0.24    0.61    6.07 v _416_/X (sky130_fd_sc_hd__and2_1)
                                         _050_ (net)
                  0.24    0.00    6.07 v _417_/A (sky130_fd_sc_hd__buf_1)
     1    0.01    0.17    0.34    6.40 v _417_/X (sky130_fd_sc_hd__buf_1)
                                         _020_ (net)
                  0.17    0.00    6.41 v _454_/D (sky130_fd_sc_hd__dfxtp_1)
                                  6.41   data arrival time

                         10.00   10.00   clock CLK100MHZ (rise edge)
                          0.00   10.00   clock source latency
     1    0.03    0.00    0.00   10.00 ^ CLK100MHZ (in)
                                         CLK100MHZ (net)
                  0.00    0.00   10.00 ^ clkbuf_0_CLK100MHZ/A (sky130_fd_sc_hd__clkbuf_16)
     2    0.02    0.07    0.19   10.19 ^ clkbuf_0_CLK100MHZ/X (sky130_fd_sc_hd__clkbuf_16)
                                         clknet_0_CLK100MHZ (net)
                  0.07    0.00   10.19 ^ clkbuf_1_0__f_CLK100MHZ/A (sky130_fd_sc_hd__clkbuf_16)
    16    0.07    0.13    0.28   10.47 ^ clkbuf_1_0__f_CLK100MHZ/X (sky130_fd_sc_hd__clkbuf_16)
                                         clknet_1_0__leaf_CLK100MHZ (net)
                  0.13    0.01   10.48 ^ _454_/CLK (sky130_fd_sc_hd__dfxtp_1)
                         -0.20   10.28   clock uncertainty
                          0.00   10.28   clock reconvergence pessimism
                         -0.30    9.98   library setup time
                                  9.98   data required time
-----------------------------------------------------------------------------
                                  9.98   data required time
                                 -6.41   data arrival time
-----------------------------------------------------------------------------
                                  3.57   slack (MET)


Startpoint: _464_ (rising edge-triggered flip-flop clocked by CLK100MHZ)
Endpoint: _456_ (rising edge-triggered flip-flop clocked by CLK100MHZ)
Path Group: CLK100MHZ
Path Type: max
Corner: Slowest

Fanout     Cap    Slew   Delay    Time   Description
-----------------------------------------------------------------------------
                          0.00    0.00   clock CLK100MHZ (rise edge)
                          0.00    0.00   clock source latency
     1    0.03    0.00    0.00    0.00 ^ CLK100MHZ (in)
                                         CLK100MHZ (net)
                  0.00    0.00    0.00 ^ clkbuf_0_CLK100MHZ/A (sky130_fd_sc_hd__clkbuf_16)
     2    0.02    0.07    0.19    0.19 ^ clkbuf_0_CLK100MHZ/X (sky130_fd_sc_hd__clkbuf_16)
                                         clknet_0_CLK100MHZ (net)
                  0.07    0.00    0.19 ^ clkbuf_1_0__f_CLK100MHZ/A (sky130_fd_sc_hd__clkbuf_16)
    16    0.07    0.13    0.28    0.47 ^ clkbuf_1_0__f_CLK100MHZ/X (sky130_fd_sc_hd__clkbuf_16)
                                         clknet_1_0__leaf_CLK100MHZ (net)
                  0.13    0.00    0.47 ^ _464_/CLK (sky130_fd_sc_hd__dfrtp_1)
     3    0.03    0.39    0.91    1.39 ^ _464_/Q (sky130_fd_sc_hd__dfrtp_1)
                                         imem.address[2] (net)
                  0.39    0.00    1.39 ^ _215_/A (sky130_fd_sc_hd__clkbuf_4)
    10    0.06    0.31    0.56    1.96 ^ _215_/X (sky130_fd_sc_hd__clkbuf_4)
                                         _060_ (net)
                  0.31    0.00    1.96 ^ _216_/A (sky130_fd_sc_hd__clkbuf_2)
     5    0.04    0.38    0.51    2.47 ^ _216_/X (sky130_fd_sc_hd__clkbuf_2)
                                         _061_ (net)
                  0.38    0.00    2.48 ^ _217_/A (sky130_fd_sc_hd__clkbuf_1)
     1    0.01    0.24    0.38    2.86 ^ _217_/X (sky130_fd_sc_hd__clkbuf_1)
                                         _062_ (net)
                  0.24    0.00    2.86 ^ _218_/A (sky130_fd_sc_hd__buf_1)
     1    0.03    0.63    0.62    3.48 ^ _218_/X (sky130_fd_sc_hd__buf_1)
                                         _063_ (net)
                  0.63    0.00    3.48 ^ _219_/A (sky130_fd_sc_hd__buf_2)
     6    0.06    0.47    0.71    4.19 ^ _219_/X (sky130_fd_sc_hd__buf_2)
                                         _064_ (net)
                  0.47    0.01    4.20 ^ _410_/A (sky130_fd_sc_hd__nand3_1)
     1    0.02    0.56    0.63    4.82 v _410_/Y (sky130_fd_sc_hd__nand3_1)
                                         _046_ (net)
                  0.56    0.00    4.83 v _411_/A (sky130_fd_sc_hd__clkbuf_2)
     5    0.05    0.35    0.63    5.45 v _411_/X (sky130_fd_sc_hd__clkbuf_2)
                                         _047_ (net)
                  0.35    0.00    5.45 v _420_/B (sky130_fd_sc_hd__and2_1)
     1    0.01    0.11    0.50    5.95 v _420_/X (sky130_fd_sc_hd__and2_1)
                                         _052_ (net)
                  0.11    0.00    5.95 v _421_/A (sky130_fd_sc_hd__clkbuf_1)
     1    0.02    0.22    0.31    6.26 v _421_/X (sky130_fd_sc_hd__clkbuf_1)
                                         _022_ (net)
                  0.22    0.00    6.27 v _456_/D (sky130_fd_sc_hd__dfxtp_1)
                                  6.27   data arrival time

                         10.00   10.00   clock CLK100MHZ (rise edge)
                          0.00   10.00   clock source latency
     1    0.03    0.00    0.00   10.00 ^ CLK100MHZ (in)
                                         CLK100MHZ (net)
                  0.00    0.00   10.00 ^ clkbuf_0_CLK100MHZ/A (sky130_fd_sc_hd__clkbuf_16)
     2    0.02    0.07    0.19   10.19 ^ clkbuf_0_CLK100MHZ/X (sky130_fd_sc_hd__clkbuf_16)
                                         clknet_0_CLK100MHZ (net)
                  0.07    0.00   10.19 ^ clkbuf_1_1__f_CLK100MHZ/A (sky130_fd_sc_hd__clkbuf_16)
    13    0.06    0.12    0.27   10.47 ^ clkbuf_1_1__f_CLK100MHZ/X (sky130_fd_sc_hd__clkbuf_16)
                                         clknet_1_1__leaf_CLK100MHZ (net)
                  0.12    0.00   10.47 ^ _456_/CLK (sky130_fd_sc_hd__dfxtp_1)
                         -0.20   10.27   clock uncertainty
                          0.00   10.27   clock reconvergence pessimism
                         -0.32    9.95   library setup time
                                  9.95   data required time
-----------------------------------------------------------------------------
                                  9.95   data required time
                                 -6.27   data arrival time
-----------------------------------------------------------------------------
                                  3.68   slack (MET)


Startpoint: _464_ (rising edge-triggered flip-flop clocked by CLK100MHZ)
Endpoint: _452_ (rising edge-triggered flip-flop clocked by CLK100MHZ)
Path Group: CLK100MHZ
Path Type: max
Corner: Slowest

Fanout     Cap    Slew   Delay    Time   Description
-----------------------------------------------------------------------------
                          0.00    0.00   clock CLK100MHZ (rise edge)
                          0.00    0.00   clock source latency
     1    0.03    0.00    0.00    0.00 ^ CLK100MHZ (in)
                                         CLK100MHZ (net)
                  0.00    0.00    0.00 ^ clkbuf_0_CLK100MHZ/A (sky130_fd_sc_hd__clkbuf_16)
     2    0.02    0.07    0.19    0.19 ^ clkbuf_0_CLK100MHZ/X (sky130_fd_sc_hd__clkbuf_16)
                                         clknet_0_CLK100MHZ (net)
                  0.07    0.00    0.19 ^ clkbuf_1_0__f_CLK100MHZ/A (sky130_fd_sc_hd__clkbuf_16)
    16    0.07    0.13    0.28    0.47 ^ clkbuf_1_0__f_CLK100MHZ/X (sky130_fd_sc_hd__clkbuf_16)
                                         clknet_1_0__leaf_CLK100MHZ (net)
                  0.13    0.00    0.47 ^ _464_/CLK (sky130_fd_sc_hd__dfrtp_1)
     3    0.03    0.39    0.91    1.39 ^ _464_/Q (sky130_fd_sc_hd__dfrtp_1)
                                         imem.address[2] (net)
                  0.39    0.00    1.39 ^ _215_/A (sky130_fd_sc_hd__clkbuf_4)
    10    0.06    0.31    0.56    1.96 ^ _215_/X (sky130_fd_sc_hd__clkbuf_4)
                                         _060_ (net)
                  0.31    0.00    1.96 ^ _216_/A (sky130_fd_sc_hd__clkbuf_2)
     5    0.04    0.38    0.51    2.47 ^ _216_/X (sky130_fd_sc_hd__clkbuf_2)
                                         _061_ (net)
                  0.38    0.00    2.48 ^ _217_/A (sky130_fd_sc_hd__clkbuf_1)
     1    0.01    0.24    0.38    2.86 ^ _217_/X (sky130_fd_sc_hd__clkbuf_1)
                                         _062_ (net)
                  0.24    0.00    2.86 ^ _218_/A (sky130_fd_sc_hd__buf_1)
     1    0.03    0.63    0.62    3.48 ^ _218_/X (sky130_fd_sc_hd__buf_1)
                                         _063_ (net)
                  0.63    0.00    3.48 ^ _219_/A (sky130_fd_sc_hd__buf_2)
     6    0.06    0.47    0.71    4.19 ^ _219_/X (sky130_fd_sc_hd__buf_2)
                                         _064_ (net)
                  0.47    0.01    4.20 ^ _410_/A (sky130_fd_sc_hd__nand3_1)
     1    0.02    0.56    0.63    4.82 v _410_/Y (sky130_fd_sc_hd__nand3_1)
                                         _046_ (net)
                  0.56    0.00    4.83 v _411_/A (sky130_fd_sc_hd__clkbuf_2)
     5    0.05    0.35    0.63    5.45 v _411_/X (sky130_fd_sc_hd__clkbuf_2)
                                         _047_ (net)
                  0.35    0.00    5.45 v _412_/B (sky130_fd_sc_hd__and2_1)
     1    0.02    0.21    0.59    6.04 v _412_/X (sky130_fd_sc_hd__and2_1)
                                         _048_ (net)
                  0.21    0.00    6.05 v _413_/A (sky130_fd_sc_hd__clkbuf_1)
     1    0.01    0.07    0.25    6.29 v _413_/X (sky130_fd_sc_hd__clkbuf_1)
                                         _018_ (net)
                  0.07    0.00    6.30 v _452_/D (sky130_fd_sc_hd__dfxtp_1)
                                  6.30   data arrival time

                         10.00   10.00   clock CLK100MHZ (rise edge)
                          0.00   10.00   clock source latency
     1    0.03    0.00    0.00   10.00 ^ CLK100MHZ (in)
                                         CLK100MHZ (net)
                  0.00    0.00   10.00 ^ clkbuf_0_CLK100MHZ/A (sky130_fd_sc_hd__clkbuf_16)
     2    0.02    0.07    0.19   10.19 ^ clkbuf_0_CLK100MHZ/X (sky130_fd_sc_hd__clkbuf_16)
                                         clknet_0_CLK100MHZ (net)
                  0.07    0.00   10.19 ^ clkbuf_1_1__f_CLK100MHZ/A (sky130_fd_sc_hd__clkbuf_16)
    13    0.06    0.12    0.27   10.47 ^ clkbuf_1_1__f_CLK100MHZ/X (sky130_fd_sc_hd__clkbuf_16)
                                         clknet_1_1__leaf_CLK100MHZ (net)
                  0.12    0.00   10.47 ^ _452_/CLK (sky130_fd_sc_hd__dfxtp_1)
                         -0.20   10.27   clock uncertainty
                          0.00   10.27   clock reconvergence pessimism
                         -0.26   10.01   library setup time
                                 10.01   data required time
-----------------------------------------------------------------------------
                                 10.01   data required time
                                 -6.30   data arrival time
-----------------------------------------------------------------------------
                                  3.72   slack (MET)


Startpoint: _464_ (rising edge-triggered flip-flop clocked by CLK100MHZ)
Endpoint: _453_ (rising edge-triggered flip-flop clocked by CLK100MHZ)
Path Group: CLK100MHZ
Path Type: max
Corner: Slowest

Fanout     Cap    Slew   Delay    Time   Description
-----------------------------------------------------------------------------
                          0.00    0.00   clock CLK100MHZ (rise edge)
                          0.00    0.00   clock source latency
     1    0.03    0.00    0.00    0.00 ^ CLK100MHZ (in)
                                         CLK100MHZ (net)
                  0.00    0.00    0.00 ^ clkbuf_0_CLK100MHZ/A (sky130_fd_sc_hd__clkbuf_16)
     2    0.02    0.07    0.19    0.19 ^ clkbuf_0_CLK100MHZ/X (sky130_fd_sc_hd__clkbuf_16)
                                         clknet_0_CLK100MHZ (net)
                  0.07    0.00    0.19 ^ clkbuf_1_0__f_CLK100MHZ/A (sky130_fd_sc_hd__clkbuf_16)
    16    0.07    0.13    0.28    0.47 ^ clkbuf_1_0__f_CLK100MHZ/X (sky130_fd_sc_hd__clkbuf_16)
                                         clknet_1_0__leaf_CLK100MHZ (net)
                  0.13    0.00    0.47 ^ _464_/CLK (sky130_fd_sc_hd__dfrtp_1)
     3    0.03    0.39    0.91    1.39 ^ _464_/Q (sky130_fd_sc_hd__dfrtp_1)
                                         imem.address[2] (net)
                  0.39    0.00    1.39 ^ _215_/A (sky130_fd_sc_hd__clkbuf_4)
    10    0.06    0.31    0.56    1.96 ^ _215_/X (sky130_fd_sc_hd__clkbuf_4)
                                         _060_ (net)
                  0.31    0.00    1.96 ^ _216_/A (sky130_fd_sc_hd__clkbuf_2)
     5    0.04    0.38    0.51    2.47 ^ _216_/X (sky130_fd_sc_hd__clkbuf_2)
                                         _061_ (net)
                  0.38    0.00    2.48 ^ _217_/A (sky130_fd_sc_hd__clkbuf_1)
     1    0.01    0.24    0.38    2.86 ^ _217_/X (sky130_fd_sc_hd__clkbuf_1)
                                         _062_ (net)
                  0.24    0.00    2.86 ^ _218_/A (sky130_fd_sc_hd__buf_1)
     1    0.03    0.63    0.62    3.48 ^ _218_/X (sky130_fd_sc_hd__buf_1)
                                         _063_ (net)
                  0.63    0.00    3.48 ^ _219_/A (sky130_fd_sc_hd__buf_2)
     6    0.06    0.47    0.71    4.19 ^ _219_/X (sky130_fd_sc_hd__buf_2)
                                         _064_ (net)
                  0.47    0.01    4.20 ^ _410_/A (sky130_fd_sc_hd__nand3_1)
     1    0.02    0.56    0.63    4.82 v _410_/Y (sky130_fd_sc_hd__nand3_1)
                                         _046_ (net)
                  0.56    0.00    4.83 v _411_/A (sky130_fd_sc_hd__clkbuf_2)
     5    0.05    0.35    0.63    5.45 v _411_/X (sky130_fd_sc_hd__clkbuf_2)
                                         _047_ (net)
                  0.35    0.00    5.45 v _414_/B (sky130_fd_sc_hd__and2_1)
     1    0.01    0.11    0.50    5.95 v _414_/X (sky130_fd_sc_hd__and2_1)
                                         _049_ (net)
                  0.11    0.00    5.95 v _415_/A (sky130_fd_sc_hd__clkbuf_1)
     1    0.01    0.10    0.22    6.17 v _415_/X (sky130_fd_sc_hd__clkbuf_1)
                                         _019_ (net)
                  0.10    0.00    6.17 v _453_/D (sky130_fd_sc_hd__dfxtp_1)
                                  6.17   data arrival time

                         10.00   10.00   clock CLK100MHZ (rise edge)
                          0.00   10.00   clock source latency
     1    0.03    0.00    0.00   10.00 ^ CLK100MHZ (in)
                                         CLK100MHZ (net)
                  0.00    0.00   10.00 ^ clkbuf_0_CLK100MHZ/A (sky130_fd_sc_hd__clkbuf_16)
     2    0.02    0.07    0.19   10.19 ^ clkbuf_0_CLK100MHZ/X (sky130_fd_sc_hd__clkbuf_16)
                                         clknet_0_CLK100MHZ (net)
                  0.07    0.00   10.19 ^ clkbuf_1_0__f_CLK100MHZ/A (sky130_fd_sc_hd__clkbuf_16)
    16    0.07    0.13    0.28   10.47 ^ clkbuf_1_0__f_CLK100MHZ/X (sky130_fd_sc_hd__clkbuf_16)
                                         clknet_1_0__leaf_CLK100MHZ (net)
                  0.13    0.00   10.47 ^ _453_/CLK (sky130_fd_sc_hd__dfxtp_1)
                         -0.20   10.27   clock uncertainty
                          0.00   10.27   clock reconvergence pessimism
                         -0.26   10.01   library setup time
                                 10.01   data required time
-----------------------------------------------------------------------------
                                 10.01   data required time
                                 -6.17   data arrival time
-----------------------------------------------------------------------------
                                  3.83   slack (MET)


Startpoint: _464_ (rising edge-triggered flip-flop clocked by CLK100MHZ)
Endpoint: _455_ (rising edge-triggered flip-flop clocked by CLK100MHZ)
Path Group: CLK100MHZ
Path Type: max
Corner: Slowest

Fanout     Cap    Slew   Delay    Time   Description
-----------------------------------------------------------------------------
                          0.00    0.00   clock CLK100MHZ (rise edge)
                          0.00    0.00   clock source latency
     1    0.03    0.00    0.00    0.00 ^ CLK100MHZ (in)
                                         CLK100MHZ (net)
                  0.00    0.00    0.00 ^ clkbuf_0_CLK100MHZ/A (sky130_fd_sc_hd__clkbuf_16)
     2    0.02    0.07    0.19    0.19 ^ clkbuf_0_CLK100MHZ/X (sky130_fd_sc_hd__clkbuf_16)
                                         clknet_0_CLK100MHZ (net)
                  0.07    0.00    0.19 ^ clkbuf_1_0__f_CLK100MHZ/A (sky130_fd_sc_hd__clkbuf_16)
    16    0.07    0.13    0.28    0.47 ^ clkbuf_1_0__f_CLK100MHZ/X (sky130_fd_sc_hd__clkbuf_16)
                                         clknet_1_0__leaf_CLK100MHZ (net)
                  0.13    0.00    0.47 ^ _464_/CLK (sky130_fd_sc_hd__dfrtp_1)
     3    0.03    0.39    0.91    1.39 ^ _464_/Q (sky130_fd_sc_hd__dfrtp_1)
                                         imem.address[2] (net)
                  0.39    0.00    1.39 ^ _215_/A (sky130_fd_sc_hd__clkbuf_4)
    10    0.06    0.31    0.56    1.96 ^ _215_/X (sky130_fd_sc_hd__clkbuf_4)
                                         _060_ (net)
                  0.31    0.00    1.96 ^ _216_/A (sky130_fd_sc_hd__clkbuf_2)
     5    0.04    0.38    0.51    2.47 ^ _216_/X (sky130_fd_sc_hd__clkbuf_2)
                                         _061_ (net)
                  0.38    0.00    2.48 ^ _217_/A (sky130_fd_sc_hd__clkbuf_1)
     1    0.01    0.24    0.38    2.86 ^ _217_/X (sky130_fd_sc_hd__clkbuf_1)
                                         _062_ (net)
                  0.24    0.00    2.86 ^ _218_/A (sky130_fd_sc_hd__buf_1)
     1    0.03    0.63    0.62    3.48 ^ _218_/X (sky130_fd_sc_hd__buf_1)
                                         _063_ (net)
                  0.63    0.00    3.48 ^ _219_/A (sky130_fd_sc_hd__buf_2)
     6    0.06    0.47    0.71    4.19 ^ _219_/X (sky130_fd_sc_hd__buf_2)
                                         _064_ (net)
                  0.47    0.01    4.20 ^ _410_/A (sky130_fd_sc_hd__nand3_1)
     1    0.02    0.56    0.63    4.82 v _410_/Y (sky130_fd_sc_hd__nand3_1)
                                         _046_ (net)
                  0.56    0.00    4.83 v _411_/A (sky130_fd_sc_hd__clkbuf_2)
     5    0.05    0.35    0.63    5.45 v _411_/X (sky130_fd_sc_hd__clkbuf_2)
                                         _047_ (net)
                  0.35    0.00    5.45 v _418_/B (sky130_fd_sc_hd__and2_1)
     1    0.00    0.09    0.48    5.93 v _418_/X (sky130_fd_sc_hd__and2_1)
                                         _051_ (net)
                  0.09    0.00    5.93 v _419_/A (sky130_fd_sc_hd__clkbuf_1)
     1    0.00    0.07    0.19    6.12 v _419_/X (sky130_fd_sc_hd__clkbuf_1)
                                         _021_ (net)
                  0.07    0.00    6.12 v _455_/D (sky130_fd_sc_hd__dfxtp_1)
                                  6.12   data arrival time

                         10.00   10.00   clock CLK100MHZ (rise edge)
                          0.00   10.00   clock source latency
     1    0.03    0.00    0.00   10.00 ^ CLK100MHZ (in)
                                         CLK100MHZ (net)
                  0.00    0.00   10.00 ^ clkbuf_0_CLK100MHZ/A (sky130_fd_sc_hd__clkbuf_16)
     2    0.02    0.07    0.19   10.19 ^ clkbuf_0_CLK100MHZ/X (sky130_fd_sc_hd__clkbuf_16)
                                         clknet_0_CLK100MHZ (net)
                  0.07    0.00   10.19 ^ clkbuf_1_0__f_CLK100MHZ/A (sky130_fd_sc_hd__clkbuf_16)
    16    0.07    0.13    0.28   10.47 ^ clkbuf_1_0__f_CLK100MHZ/X (sky130_fd_sc_hd__clkbuf_16)
                                         clknet_1_0__leaf_CLK100MHZ (net)
                  0.13    0.01   10.47 ^ _455_/CLK (sky130_fd_sc_hd__dfxtp_1)
                         -0.20   10.27   clock uncertainty
                          0.00   10.27   clock reconvergence pessimism
                         -0.25   10.02   library setup time
                                 10.02   data required time
-----------------------------------------------------------------------------
                                 10.02   data required time
                                 -6.12   data arrival time
-----------------------------------------------------------------------------
                                  3.90   slack (MET)


Startpoint: _464_ (rising edge-triggered flip-flop clocked by CLK100MHZ)
Endpoint: _464_ (rising edge-triggered flip-flop clocked by CLK100MHZ)
Path Group: CLK100MHZ
Path Type: max
Corner: Slowest

Fanout     Cap    Slew   Delay    Time   Description
-----------------------------------------------------------------------------
                          0.00    0.00   clock CLK100MHZ (rise edge)
                          0.00    0.00   clock source latency
     1    0.03    0.00    0.00    0.00 ^ CLK100MHZ (in)
                                         CLK100MHZ (net)
                  0.00    0.00    0.00 ^ clkbuf_0_CLK100MHZ/A (sky130_fd_sc_hd__clkbuf_16)
     2    0.02    0.07    0.19    0.19 ^ clkbuf_0_CLK100MHZ/X (sky130_fd_sc_hd__clkbuf_16)
                                         clknet_0_CLK100MHZ (net)
                  0.07    0.00    0.19 ^ clkbuf_1_0__f_CLK100MHZ/A (sky130_fd_sc_hd__clkbuf_16)
    16    0.07    0.13    0.28    0.47 ^ clkbuf_1_0__f_CLK100MHZ/X (sky130_fd_sc_hd__clkbuf_16)
                                         clknet_1_0__leaf_CLK100MHZ (net)
                  0.13    0.00    0.47 ^ _464_/CLK (sky130_fd_sc_hd__dfrtp_1)
     3    0.03    0.39    0.91    1.39 ^ _464_/Q (sky130_fd_sc_hd__dfrtp_1)
                                         imem.address[2] (net)
                  0.39    0.00    1.39 ^ _215_/A (sky130_fd_sc_hd__clkbuf_4)
    10    0.06    0.31    0.56    1.96 ^ _215_/X (sky130_fd_sc_hd__clkbuf_4)
                                         _060_ (net)
                  0.31    0.00    1.96 ^ _216_/A (sky130_fd_sc_hd__clkbuf_2)
     5    0.04    0.38    0.51    2.47 ^ _216_/X (sky130_fd_sc_hd__clkbuf_2)
                                         _061_ (net)
                  0.38    0.00    2.48 ^ _217_/A (sky130_fd_sc_hd__clkbuf_1)
     1    0.01    0.24    0.38    2.86 ^ _217_/X (sky130_fd_sc_hd__clkbuf_1)
                                         _062_ (net)
                  0.24    0.00    2.86 ^ _218_/A (sky130_fd_sc_hd__buf_1)
     1    0.03    0.63    0.62    3.48 ^ _218_/X (sky130_fd_sc_hd__buf_1)
                                         _063_ (net)
                  0.63    0.00    3.48 ^ _219_/A (sky130_fd_sc_hd__buf_2)
     6    0.06    0.47    0.71    4.19 ^ _219_/X (sky130_fd_sc_hd__buf_2)
                                         _064_ (net)
                  0.47    0.00    4.19 ^ _224_/A (sky130_fd_sc_hd__xor2_1)
     1    0.00    0.15    0.26    4.45 v _224_/X (sky130_fd_sc_hd__xor2_1)
                                         _030_ (net)
                  0.15    0.00    4.45 v _464_/D (sky130_fd_sc_hd__dfrtp_1)
                                  4.45   data arrival time

                         10.00   10.00   clock CLK100MHZ (rise edge)
                          0.00   10.00   clock source latency
     1    0.03    0.00    0.00   10.00 ^ CLK100MHZ (in)
                                         CLK100MHZ (net)
                  0.00    0.00   10.00 ^ clkbuf_0_CLK100MHZ/A (sky130_fd_sc_hd__clkbuf_16)
     2    0.02    0.07    0.19   10.19 ^ clkbuf_0_CLK100MHZ/X (sky130_fd_sc_hd__clkbuf_16)
                                         clknet_0_CLK100MHZ (net)
                  0.07    0.00   10.19 ^ clkbuf_1_0__f_CLK100MHZ/A (sky130_fd_sc_hd__clkbuf_16)
    16    0.07    0.13    0.28   10.47 ^ clkbuf_1_0__f_CLK100MHZ/X (sky130_fd_sc_hd__clkbuf_16)
                                         clknet_1_0__leaf_CLK100MHZ (net)
                  0.13    0.00   10.47 ^ _464_/CLK (sky130_fd_sc_hd__dfrtp_1)
                         -0.20   10.27   clock uncertainty
                          0.00   10.27   clock reconvergence pessimism
                         -0.29    9.98   library setup time
                                  9.98   data required time
-----------------------------------------------------------------------------
                                  9.98   data required time
                                 -4.45   data arrival time
-----------------------------------------------------------------------------
                                  5.53   slack (MET)


Startpoint: _462_ (rising edge-triggered flip-flop clocked by CLK100MHZ)
Endpoint: _463_ (rising edge-triggered flip-flop clocked by CLK100MHZ)
Path Group: CLK100MHZ
Path Type: max
Corner: Slowest

Fanout     Cap    Slew   Delay    Time   Description
-----------------------------------------------------------------------------
                          0.00    0.00   clock CLK100MHZ (rise edge)
                          0.00    0.00   clock source latency
     1    0.03    0.00    0.00    0.00 ^ CLK100MHZ (in)
                                         CLK100MHZ (net)
                  0.00    0.00    0.00 ^ clkbuf_0_CLK100MHZ/A (sky130_fd_sc_hd__clkbuf_16)
     2    0.02    0.07    0.19    0.19 ^ clkbuf_0_CLK100MHZ/X (sky130_fd_sc_hd__clkbuf_16)
                                         clknet_0_CLK100MHZ (net)
                  0.07    0.00    0.19 ^ clkbuf_1_1__f_CLK100MHZ/A (sky130_fd_sc_hd__clkbuf_16)
    13    0.06    0.12    0.27    0.47 ^ clkbuf_1_1__f_CLK100MHZ/X (sky130_fd_sc_hd__clkbuf_16)
                                         clknet_1_1__leaf_CLK100MHZ (net)
                  0.12    0.00    0.47 ^ _462_/CLK (sky130_fd_sc_hd__dfrtp_2)
     4    0.04    0.24    1.01    1.48 v _462_/Q (sky130_fd_sc_hd__dfrtp_2)
                                         imem.address[0] (net)
                  0.24    0.00    1.48 v _221_/A (sky130_fd_sc_hd__clkbuf_4)
    10    0.07    0.25    0.49    1.97 v _221_/X (sky130_fd_sc_hd__clkbuf_4)
                                         _066_ (net)
                  0.25    0.00    1.97 v _222_/A (sky130_fd_sc_hd__clkbuf_4)
     9    0.06    0.22    0.47    2.44 v _222_/X (sky130_fd_sc_hd__clkbuf_4)
                                         _067_ (net)
                  0.22    0.01    2.46 v _223_/C (sky130_fd_sc_hd__and3_1)
     2    0.03    0.32    0.66    3.11 v _223_/X (sky130_fd_sc_hd__and3_1)
                                         _068_ (net)
                  0.32    0.00    3.12 v _226_/A (sky130_fd_sc_hd__nor2_1)
     1    0.02    0.67    0.66    3.78 ^ _226_/Y (sky130_fd_sc_hd__nor2_1)
                                         _029_ (net)
                  0.67    0.00    3.78 ^ _463_/D (sky130_fd_sc_hd__dfrtp_4)
                                  3.78   data arrival time

                         10.00   10.00   clock CLK100MHZ (rise edge)
                          0.00   10.00   clock source latency
     1    0.03    0.00    0.00   10.00 ^ CLK100MHZ (in)
                                         CLK100MHZ (net)
                  0.00    0.00   10.00 ^ clkbuf_0_CLK100MHZ/A (sky130_fd_sc_hd__clkbuf_16)
     2    0.02    0.07    0.19   10.19 ^ clkbuf_0_CLK100MHZ/X (sky130_fd_sc_hd__clkbuf_16)
                                         clknet_0_CLK100MHZ (net)
                  0.07    0.00   10.19 ^ clkbuf_1_0__f_CLK100MHZ/A (sky130_fd_sc_hd__clkbuf_16)
    16    0.07    0.13    0.28   10.47 ^ clkbuf_1_0__f_CLK100MHZ/X (sky130_fd_sc_hd__clkbuf_16)
                                         clknet_1_0__leaf_CLK100MHZ (net)
                  0.13    0.00   10.47 ^ _463_/CLK (sky130_fd_sc_hd__dfrtp_4)
                         -0.20   10.27   clock uncertainty
                          0.00   10.27   clock reconvergence pessimism
                         -0.28   10.00   library setup time
                                 10.00   data required time
-----------------------------------------------------------------------------
                                 10.00   data required time
                                 -3.78   data arrival time
-----------------------------------------------------------------------------
                                  6.21   slack (MET)


Startpoint: _462_ (rising edge-triggered flip-flop clocked by CLK100MHZ)
Endpoint: _462_ (rising edge-triggered flip-flop clocked by CLK100MHZ)
Path Group: CLK100MHZ
Path Type: max
Corner: Slowest

Fanout     Cap    Slew   Delay    Time   Description
-----------------------------------------------------------------------------
                          0.00    0.00   clock CLK100MHZ (rise edge)
                          0.00    0.00   clock source latency
     1    0.03    0.00    0.00    0.00 ^ CLK100MHZ (in)
                                         CLK100MHZ (net)
                  0.00    0.00    0.00 ^ clkbuf_0_CLK100MHZ/A (sky130_fd_sc_hd__clkbuf_16)
     2    0.02    0.07    0.19    0.19 ^ clkbuf_0_CLK100MHZ/X (sky130_fd_sc_hd__clkbuf_16)
                                         clknet_0_CLK100MHZ (net)
                  0.07    0.00    0.19 ^ clkbuf_1_1__f_CLK100MHZ/A (sky130_fd_sc_hd__clkbuf_16)
    13    0.06    0.12    0.27    0.47 ^ clkbuf_1_1__f_CLK100MHZ/X (sky130_fd_sc_hd__clkbuf_16)
                                         clknet_1_1__leaf_CLK100MHZ (net)
                  0.12    0.00    0.47 ^ _462_/CLK (sky130_fd_sc_hd__dfrtp_2)
     4    0.04    0.34    0.94    1.41 ^ _462_/Q (sky130_fd_sc_hd__dfrtp_2)
                                         imem.address[0] (net)
                  0.34    0.00    1.41 ^ _221_/A (sky130_fd_sc_hd__clkbuf_4)
    10    0.07    0.34    0.56    1.97 ^ _221_/X (sky130_fd_sc_hd__clkbuf_4)
                                         _066_ (net)
                  0.34    0.00    1.98 ^ _222_/A (sky130_fd_sc_hd__clkbuf_4)
     9    0.06    0.30    0.53    2.51 ^ _222_/X (sky130_fd_sc_hd__clkbuf_4)
                                         _067_ (net)
                  0.30    0.01    2.52 ^ _227_/B (sky130_fd_sc_hd__xor2_1)
     1    0.02    0.69    0.71    3.23 ^ _227_/X (sky130_fd_sc_hd__xor2_1)
                                         _028_ (net)
                  0.69    0.00    3.23 ^ _462_/D (sky130_fd_sc_hd__dfrtp_2)
                                  3.23   data arrival time

                         10.00   10.00   clock CLK100MHZ (rise edge)
                          0.00   10.00   clock source latency
     1    0.03    0.00    0.00   10.00 ^ CLK100MHZ (in)
                                         CLK100MHZ (net)
                  0.00    0.00   10.00 ^ clkbuf_0_CLK100MHZ/A (sky130_fd_sc_hd__clkbuf_16)
     2    0.02    0.07    0.19   10.19 ^ clkbuf_0_CLK100MHZ/X (sky130_fd_sc_hd__clkbuf_16)
                                         clknet_0_CLK100MHZ (net)
                  0.07    0.00   10.19 ^ clkbuf_1_1__f_CLK100MHZ/A (sky130_fd_sc_hd__clkbuf_16)
    13    0.06    0.12    0.27   10.47 ^ clkbuf_1_1__f_CLK100MHZ/X (sky130_fd_sc_hd__clkbuf_16)
                                         clknet_1_1__leaf_CLK100MHZ (net)
                  0.12    0.00   10.47 ^ _462_/CLK (sky130_fd_sc_hd__dfrtp_2)
                         -0.20   10.27   clock uncertainty
                          0.00   10.27   clock reconvergence pessimism
                         -0.29    9.98   library setup time
                                  9.98   data required time
-----------------------------------------------------------------------------
                                  9.98   data required time
                                 -3.23   data arrival time
-----------------------------------------------------------------------------
                                  6.75   slack (MET)



worst slack corner Slowest: -0.7490
======================= Typical Corner ===================================

Startpoint: _464_ (rising edge-triggered flip-flop clocked by CLK100MHZ)
Endpoint: _461_ (rising edge-triggered flip-flop clocked by CLK100MHZ)
Path Group: CLK100MHZ
Path Type: max
Corner: Typical

Fanout     Cap    Slew   Delay    Time   Description
-----------------------------------------------------------------------------
                          0.00    0.00   clock CLK100MHZ (rise edge)
                          0.00    0.00   clock source latency
     1    0.03    0.00    0.00    0.00 ^ CLK100MHZ (in)
                                         CLK100MHZ (net)
                  0.00    0.00    0.00 ^ clkbuf_0_CLK100MHZ/A (sky130_fd_sc_hd__clkbuf_16)
     2    0.02    0.04    0.11    0.11 ^ clkbuf_0_CLK100MHZ/X (sky130_fd_sc_hd__clkbuf_16)
                                         clknet_0_CLK100MHZ (net)
                  0.04    0.00    0.11 ^ clkbuf_1_0__f_CLK100MHZ/A (sky130_fd_sc_hd__clkbuf_16)
    16    0.07    0.09    0.16    0.27 ^ clkbuf_1_0__f_CLK100MHZ/X (sky130_fd_sc_hd__clkbuf_16)
                                         clknet_1_0__leaf_CLK100MHZ (net)
                  0.09    0.00    0.28 ^ _464_/CLK (sky130_fd_sc_hd__dfrtp_1)
     3    0.03    0.25    0.49    0.76 ^ _464_/Q (sky130_fd_sc_hd__dfrtp_1)
                                         imem.address[2] (net)
                  0.25    0.00    0.76 ^ _215_/A (sky130_fd_sc_hd__clkbuf_4)
    10    0.06    0.19    0.31    1.08 ^ _215_/X (sky130_fd_sc_hd__clkbuf_4)
                                         _060_ (net)
                  0.19    0.00    1.08 ^ _216_/A (sky130_fd_sc_hd__clkbuf_2)
     5    0.04    0.25    0.29    1.37 ^ _216_/X (sky130_fd_sc_hd__clkbuf_2)
                                         _061_ (net)
                  0.25    0.00    1.38 ^ _246_/A_N (sky130_fd_sc_hd__and3b_1)
     1    0.01    0.07    0.25    1.63 v _246_/X (sky130_fd_sc_hd__and3b_1)
                                         _088_ (net)
                  0.07    0.00    1.63 v _247_/A (sky130_fd_sc_hd__buf_2)
     7    0.06    0.15    0.23    1.86 v _247_/X (sky130_fd_sc_hd__buf_2)
                                         _089_ (net)
                  0.15    0.01    1.87 v _248_/B (sky130_fd_sc_hd__or2_1)
     1    0.01    0.07    0.28    2.15 v _248_/X (sky130_fd_sc_hd__or2_1)
                                         _090_ (net)
                  0.07    0.00    2.15 v _249_/A (sky130_fd_sc_hd__clkbuf_2)
     5    0.04    0.17    0.22    2.37 v _249_/X (sky130_fd_sc_hd__clkbuf_2)
                                         _091_ (net)
                  0.17    0.00    2.37 v _266_/A2 (sky130_fd_sc_hd__a21o_1)
     2    0.02    0.10    0.29    2.66 v _266_/X (sky130_fd_sc_hd__a21o_1)
                                         _108_ (net)
                  0.10    0.00    2.66 v _268_/B (sky130_fd_sc_hd__or3_2)
     2    0.02    0.14    0.55    3.21 v _268_/X (sky130_fd_sc_hd__or3_2)
                                         _110_ (net)
                  0.14    0.00    3.22 v _312_/A2 (sky130_fd_sc_hd__a21oi_2)
     3    0.02    0.30    0.32    3.53 ^ _312_/Y (sky130_fd_sc_hd__a21oi_2)
                                         _154_ (net)
                  0.30    0.00    3.54 ^ _319_/A2 (sky130_fd_sc_hd__o21ai_2)
     3    0.03    0.15    0.18    3.72 v _319_/Y (sky130_fd_sc_hd__o21ai_2)
                                         _161_ (net)
                  0.15    0.00    3.72 v _373_/A1 (sky130_fd_sc_hd__a21oi_2)
     3    0.04    0.50    0.46    4.18 ^ _373_/Y (sky130_fd_sc_hd__a21oi_2)
                                         _204_ (net)
                  0.50    0.00    4.18 ^ _380_/A_N (sky130_fd_sc_hd__and2b_1)
     1    0.02    0.09    0.29    4.48 v _380_/X (sky130_fd_sc_hd__and2b_1)
                                         _211_ (net)
                  0.09    0.00    4.48 v _382_/A (sky130_fd_sc_hd__nor2_1)
     4    0.04    0.62    0.51    4.99 ^ _382_/Y (sky130_fd_sc_hd__nor2_1)
                                         _213_ (net)
                  0.62    0.00    4.99 ^ _432_/A1 (sky130_fd_sc_hd__mux2_1)
     1    0.02    0.20    0.35    5.34 ^ _432_/X (sky130_fd_sc_hd__mux2_1)
                                         _059_ (net)
                  0.20    0.00    5.34 ^ _433_/A (sky130_fd_sc_hd__buf_1)
     1    0.02    0.23    0.24    5.59 ^ _433_/X (sky130_fd_sc_hd__buf_1)
                                         _027_ (net)
                  0.23    0.00    5.59 ^ _461_/D (sky130_fd_sc_hd__dfxtp_1)
                                  5.59   data arrival time

                         10.00   10.00   clock CLK100MHZ (rise edge)
                          0.00   10.00   clock source latency
     1    0.03    0.00    0.00   10.00 ^ CLK100MHZ (in)
                                         CLK100MHZ (net)
                  0.00    0.00   10.00 ^ clkbuf_0_CLK100MHZ/A (sky130_fd_sc_hd__clkbuf_16)
     2    0.02    0.04    0.11   10.11 ^ clkbuf_0_CLK100MHZ/X (sky130_fd_sc_hd__clkbuf_16)
                                         clknet_0_CLK100MHZ (net)
                  0.04    0.00   10.11 ^ clkbuf_1_0__f_CLK100MHZ/A (sky130_fd_sc_hd__clkbuf_16)
    16    0.07    0.09    0.16   10.27 ^ clkbuf_1_0__f_CLK100MHZ/X (sky130_fd_sc_hd__clkbuf_16)
                                         clknet_1_0__leaf_CLK100MHZ (net)
                  0.09    0.01   10.28 ^ _461_/CLK (sky130_fd_sc_hd__dfxtp_1)
                         -0.20   10.08   clock uncertainty
                          0.00   10.08   clock reconvergence pessimism
                         -0.09    9.99   library setup time
                                  9.99   data required time
-----------------------------------------------------------------------------
                                  9.99   data required time
                                 -5.59   data arrival time
-----------------------------------------------------------------------------
                                  4.40   slack (MET)


Startpoint: _464_ (rising edge-triggered flip-flop clocked by CLK100MHZ)
Endpoint: _441_ (rising edge-triggered flip-flop clocked by CLK100MHZ)
Path Group: CLK100MHZ
Path Type: max
Corner: Typical

Fanout     Cap    Slew   Delay    Time   Description
-----------------------------------------------------------------------------
                          0.00    0.00   clock CLK100MHZ (rise edge)
                          0.00    0.00   clock source latency
     1    0.03    0.00    0.00    0.00 ^ CLK100MHZ (in)
                                         CLK100MHZ (net)
                  0.00    0.00    0.00 ^ clkbuf_0_CLK100MHZ/A (sky130_fd_sc_hd__clkbuf_16)
     2    0.02    0.04    0.11    0.11 ^ clkbuf_0_CLK100MHZ/X (sky130_fd_sc_hd__clkbuf_16)
                                         clknet_0_CLK100MHZ (net)
                  0.04    0.00    0.11 ^ clkbuf_1_0__f_CLK100MHZ/A (sky130_fd_sc_hd__clkbuf_16)
    16    0.07    0.09    0.16    0.27 ^ clkbuf_1_0__f_CLK100MHZ/X (sky130_fd_sc_hd__clkbuf_16)
                                         clknet_1_0__leaf_CLK100MHZ (net)
                  0.09    0.00    0.28 ^ _464_/CLK (sky130_fd_sc_hd__dfrtp_1)
     3    0.03    0.25    0.49    0.76 ^ _464_/Q (sky130_fd_sc_hd__dfrtp_1)
                                         imem.address[2] (net)
                  0.25    0.00    0.76 ^ _215_/A (sky130_fd_sc_hd__clkbuf_4)
    10    0.06    0.19    0.31    1.08 ^ _215_/X (sky130_fd_sc_hd__clkbuf_4)
                                         _060_ (net)
                  0.19    0.00    1.08 ^ _216_/A (sky130_fd_sc_hd__clkbuf_2)
     5    0.04    0.25    0.29    1.37 ^ _216_/X (sky130_fd_sc_hd__clkbuf_2)
                                         _061_ (net)
                  0.25    0.00    1.38 ^ _246_/A_N (sky130_fd_sc_hd__and3b_1)
     1    0.01    0.07    0.25    1.63 v _246_/X (sky130_fd_sc_hd__and3b_1)
                                         _088_ (net)
                  0.07    0.00    1.63 v _247_/A (sky130_fd_sc_hd__buf_2)
     7    0.06    0.15    0.23    1.86 v _247_/X (sky130_fd_sc_hd__buf_2)
                                         _089_ (net)
                  0.15    0.01    1.87 v _248_/B (sky130_fd_sc_hd__or2_1)
     1    0.01    0.07    0.28    2.15 v _248_/X (sky130_fd_sc_hd__or2_1)
                                         _090_ (net)
                  0.07    0.00    2.15 v _249_/A (sky130_fd_sc_hd__clkbuf_2)
     5    0.04    0.17    0.22    2.37 v _249_/X (sky130_fd_sc_hd__clkbuf_2)
                                         _091_ (net)
                  0.17    0.00    2.37 v _266_/A2 (sky130_fd_sc_hd__a21o_1)
     2    0.02    0.10    0.29    2.66 v _266_/X (sky130_fd_sc_hd__a21o_1)
                                         _108_ (net)
                  0.10    0.00    2.66 v _268_/B (sky130_fd_sc_hd__or3_2)
     2    0.02    0.14    0.55    3.21 v _268_/X (sky130_fd_sc_hd__or3_2)
                                         _110_ (net)
                  0.14    0.00    3.22 v _312_/A2 (sky130_fd_sc_hd__a21oi_2)
     3    0.02    0.30    0.32    3.53 ^ _312_/Y (sky130_fd_sc_hd__a21oi_2)
                                         _154_ (net)
                  0.30    0.00    3.54 ^ _319_/A2 (sky130_fd_sc_hd__o21ai_2)
     3    0.03    0.15    0.18    3.72 v _319_/Y (sky130_fd_sc_hd__o21ai_2)
                                         _161_ (net)
                  0.15    0.00    3.72 v _373_/A1 (sky130_fd_sc_hd__a21oi_2)
     3    0.04    0.50    0.46    4.18 ^ _373_/Y (sky130_fd_sc_hd__a21oi_2)
                                         _204_ (net)
                  0.50    0.00    4.18 ^ _380_/A_N (sky130_fd_sc_hd__and2b_1)
     1    0.02    0.09    0.29    4.48 v _380_/X (sky130_fd_sc_hd__and2b_1)
                                         _211_ (net)
                  0.09    0.00    4.48 v _382_/A (sky130_fd_sc_hd__nor2_1)
     4    0.04    0.62    0.51    4.99 ^ _382_/Y (sky130_fd_sc_hd__nor2_1)
                                         _213_ (net)
                  0.62    0.00    4.99 ^ _383_/A1 (sky130_fd_sc_hd__mux2_1)
     1    0.01    0.15    0.31    5.30 ^ _383_/X (sky130_fd_sc_hd__mux2_1)
                                         _214_ (net)
                  0.15    0.00    5.30 ^ _384_/A (sky130_fd_sc_hd__buf_1)
     1    0.02    0.23    0.23    5.53 ^ _384_/X (sky130_fd_sc_hd__buf_1)
                                         _007_ (net)
                  0.23    0.00    5.54 ^ _441_/D (sky130_fd_sc_hd__dfxtp_1)
                                  5.54   data arrival time

                         10.00   10.00   clock CLK100MHZ (rise edge)
                          0.00   10.00   clock source latency
     1    0.03    0.00    0.00   10.00 ^ CLK100MHZ (in)
                                         CLK100MHZ (net)
                  0.00    0.00   10.00 ^ clkbuf_0_CLK100MHZ/A (sky130_fd_sc_hd__clkbuf_16)
     2    0.02    0.04    0.11   10.11 ^ clkbuf_0_CLK100MHZ/X (sky130_fd_sc_hd__clkbuf_16)
                                         clknet_0_CLK100MHZ (net)
                  0.04    0.00   10.11 ^ clkbuf_1_0__f_CLK100MHZ/A (sky130_fd_sc_hd__clkbuf_16)
    16    0.07    0.09    0.16   10.27 ^ clkbuf_1_0__f_CLK100MHZ/X (sky130_fd_sc_hd__clkbuf_16)
                                         clknet_1_0__leaf_CLK100MHZ (net)
                  0.09    0.00   10.28 ^ _441_/CLK (sky130_fd_sc_hd__dfxtp_1)
                         -0.20   10.08   clock uncertainty
                          0.00   10.08   clock reconvergence pessimism
                         -0.09    9.99   library setup time
                                  9.99   data required time
-----------------------------------------------------------------------------
                                  9.99   data required time
                                 -5.54   data arrival time
-----------------------------------------------------------------------------
                                  4.45   slack (MET)


Startpoint: _464_ (rising edge-triggered flip-flop clocked by CLK100MHZ)
Endpoint: _446_ (rising edge-triggered flip-flop clocked by CLK100MHZ)
Path Group: CLK100MHZ
Path Type: max
Corner: Typical

Fanout     Cap    Slew   Delay    Time   Description
-----------------------------------------------------------------------------
                          0.00    0.00   clock CLK100MHZ (rise edge)
                          0.00    0.00   clock source latency
     1    0.03    0.00    0.00    0.00 ^ CLK100MHZ (in)
                                         CLK100MHZ (net)
                  0.00    0.00    0.00 ^ clkbuf_0_CLK100MHZ/A (sky130_fd_sc_hd__clkbuf_16)
     2    0.02    0.04    0.11    0.11 ^ clkbuf_0_CLK100MHZ/X (sky130_fd_sc_hd__clkbuf_16)
                                         clknet_0_CLK100MHZ (net)
                  0.04    0.00    0.11 ^ clkbuf_1_0__f_CLK100MHZ/A (sky130_fd_sc_hd__clkbuf_16)
    16    0.07    0.09    0.16    0.27 ^ clkbuf_1_0__f_CLK100MHZ/X (sky130_fd_sc_hd__clkbuf_16)
                                         clknet_1_0__leaf_CLK100MHZ (net)
                  0.09    0.00    0.28 ^ _464_/CLK (sky130_fd_sc_hd__dfrtp_1)
     3    0.03    0.25    0.49    0.76 ^ _464_/Q (sky130_fd_sc_hd__dfrtp_1)
                                         imem.address[2] (net)
                  0.25    0.00    0.76 ^ _215_/A (sky130_fd_sc_hd__clkbuf_4)
    10    0.06    0.19    0.31    1.08 ^ _215_/X (sky130_fd_sc_hd__clkbuf_4)
                                         _060_ (net)
                  0.19    0.00    1.08 ^ _216_/A (sky130_fd_sc_hd__clkbuf_2)
     5    0.04    0.25    0.29    1.37 ^ _216_/X (sky130_fd_sc_hd__clkbuf_2)
                                         _061_ (net)
                  0.25    0.00    1.38 ^ _246_/A_N (sky130_fd_sc_hd__and3b_1)
     1    0.01    0.07    0.25    1.63 v _246_/X (sky130_fd_sc_hd__and3b_1)
                                         _088_ (net)
                  0.07    0.00    1.63 v _247_/A (sky130_fd_sc_hd__buf_2)
     7    0.06    0.15    0.23    1.86 v _247_/X (sky130_fd_sc_hd__buf_2)
                                         _089_ (net)
                  0.15    0.01    1.87 v _248_/B (sky130_fd_sc_hd__or2_1)
     1    0.01    0.07    0.28    2.15 v _248_/X (sky130_fd_sc_hd__or2_1)
                                         _090_ (net)
                  0.07    0.00    2.15 v _249_/A (sky130_fd_sc_hd__clkbuf_2)
     5    0.04    0.17    0.22    2.37 v _249_/X (sky130_fd_sc_hd__clkbuf_2)
                                         _091_ (net)
                  0.17    0.00    2.37 v _266_/A2 (sky130_fd_sc_hd__a21o_1)
     2    0.02    0.10    0.29    2.66 v _266_/X (sky130_fd_sc_hd__a21o_1)
                                         _108_ (net)
                  0.10    0.00    2.66 v _268_/B (sky130_fd_sc_hd__or3_2)
     2    0.02    0.14    0.55    3.21 v _268_/X (sky130_fd_sc_hd__or3_2)
                                         _110_ (net)
                  0.14    0.00    3.22 v _312_/A2 (sky130_fd_sc_hd__a21oi_2)
     3    0.02    0.30    0.32    3.53 ^ _312_/Y (sky130_fd_sc_hd__a21oi_2)
                                         _154_ (net)
                  0.30    0.00    3.54 ^ _319_/A2 (sky130_fd_sc_hd__o21ai_2)
     3    0.03    0.15    0.18    3.72 v _319_/Y (sky130_fd_sc_hd__o21ai_2)
                                         _161_ (net)
                  0.15    0.00    3.72 v _373_/A1 (sky130_fd_sc_hd__a21oi_2)
     3    0.04    0.50    0.46    4.18 ^ _373_/Y (sky130_fd_sc_hd__a21oi_2)
                                         _204_ (net)
                  0.50    0.00    4.18 ^ _380_/A_N (sky130_fd_sc_hd__and2b_1)
     1    0.02    0.09    0.29    4.48 v _380_/X (sky130_fd_sc_hd__and2b_1)
                                         _211_ (net)
                  0.09    0.00    4.48 v _382_/A (sky130_fd_sc_hd__nor2_1)
     4    0.04    0.62    0.51    4.99 ^ _382_/Y (sky130_fd_sc_hd__nor2_1)
                                         _213_ (net)
                  0.62    0.00    4.99 ^ _395_/A1 (sky130_fd_sc_hd__mux2_1)
     1    0.01    0.14    0.30    5.29 ^ _395_/X (sky130_fd_sc_hd__mux2_1)
                                         _037_ (net)
                  0.14    0.00    5.29 ^ _396_/A (sky130_fd_sc_hd__clkbuf_1)
     1    0.01    0.15    0.18    5.47 ^ _396_/X (sky130_fd_sc_hd__clkbuf_1)
                                         _012_ (net)
                  0.15    0.00    5.47 ^ _446_/D (sky130_fd_sc_hd__dfxtp_1)
                                  5.47   data arrival time

                         10.00   10.00   clock CLK100MHZ (rise edge)
                          0.00   10.00   clock source latency
     1    0.03    0.00    0.00   10.00 ^ CLK100MHZ (in)
                                         CLK100MHZ (net)
                  0.00    0.00   10.00 ^ clkbuf_0_CLK100MHZ/A (sky130_fd_sc_hd__clkbuf_16)
     2    0.02    0.04    0.11   10.11 ^ clkbuf_0_CLK100MHZ/X (sky130_fd_sc_hd__clkbuf_16)
                                         clknet_0_CLK100MHZ (net)
                  0.04    0.00   10.11 ^ clkbuf_1_1__f_CLK100MHZ/A (sky130_fd_sc_hd__clkbuf_16)
    13    0.06    0.08    0.16   10.27 ^ clkbuf_1_1__f_CLK100MHZ/X (sky130_fd_sc_hd__clkbuf_16)
                                         clknet_1_1__leaf_CLK100MHZ (net)
                  0.08    0.00   10.27 ^ _446_/CLK (sky130_fd_sc_hd__dfxtp_1)
                         -0.20   10.07   clock uncertainty
                          0.00   10.07   clock reconvergence pessimism
                         -0.07   10.00   library setup time
                                 10.00   data required time
-----------------------------------------------------------------------------
                                 10.00   data required time
                                 -5.47   data arrival time
-----------------------------------------------------------------------------
                                  4.53   slack (MET)


Startpoint: _464_ (rising edge-triggered flip-flop clocked by CLK100MHZ)
Endpoint: _451_ (rising edge-triggered flip-flop clocked by CLK100MHZ)
Path Group: CLK100MHZ
Path Type: max
Corner: Typical

Fanout     Cap    Slew   Delay    Time   Description
-----------------------------------------------------------------------------
                          0.00    0.00   clock CLK100MHZ (rise edge)
                          0.00    0.00   clock source latency
     1    0.03    0.00    0.00    0.00 ^ CLK100MHZ (in)
                                         CLK100MHZ (net)
                  0.00    0.00    0.00 ^ clkbuf_0_CLK100MHZ/A (sky130_fd_sc_hd__clkbuf_16)
     2    0.02    0.04    0.11    0.11 ^ clkbuf_0_CLK100MHZ/X (sky130_fd_sc_hd__clkbuf_16)
                                         clknet_0_CLK100MHZ (net)
                  0.04    0.00    0.11 ^ clkbuf_1_0__f_CLK100MHZ/A (sky130_fd_sc_hd__clkbuf_16)
    16    0.07    0.09    0.16    0.27 ^ clkbuf_1_0__f_CLK100MHZ/X (sky130_fd_sc_hd__clkbuf_16)
                                         clknet_1_0__leaf_CLK100MHZ (net)
                  0.09    0.00    0.28 ^ _464_/CLK (sky130_fd_sc_hd__dfrtp_1)
     3    0.03    0.25    0.49    0.76 ^ _464_/Q (sky130_fd_sc_hd__dfrtp_1)
                                         imem.address[2] (net)
                  0.25    0.00    0.76 ^ _215_/A (sky130_fd_sc_hd__clkbuf_4)
    10    0.06    0.19    0.31    1.08 ^ _215_/X (sky130_fd_sc_hd__clkbuf_4)
                                         _060_ (net)
                  0.19    0.00    1.08 ^ _216_/A (sky130_fd_sc_hd__clkbuf_2)
     5    0.04    0.25    0.29    1.37 ^ _216_/X (sky130_fd_sc_hd__clkbuf_2)
                                         _061_ (net)
                  0.25    0.00    1.38 ^ _246_/A_N (sky130_fd_sc_hd__and3b_1)
     1    0.01    0.07    0.25    1.63 v _246_/X (sky130_fd_sc_hd__and3b_1)
                                         _088_ (net)
                  0.07    0.00    1.63 v _247_/A (sky130_fd_sc_hd__buf_2)
     7    0.06    0.15    0.23    1.86 v _247_/X (sky130_fd_sc_hd__buf_2)
                                         _089_ (net)
                  0.15    0.01    1.87 v _248_/B (sky130_fd_sc_hd__or2_1)
     1    0.01    0.07    0.28    2.15 v _248_/X (sky130_fd_sc_hd__or2_1)
                                         _090_ (net)
                  0.07    0.00    2.15 v _249_/A (sky130_fd_sc_hd__clkbuf_2)
     5    0.04    0.17    0.22    2.37 v _249_/X (sky130_fd_sc_hd__clkbuf_2)
                                         _091_ (net)
                  0.17    0.00    2.37 v _266_/A2 (sky130_fd_sc_hd__a21o_1)
     2    0.02    0.10    0.29    2.66 v _266_/X (sky130_fd_sc_hd__a21o_1)
                                         _108_ (net)
                  0.10    0.00    2.66 v _268_/B (sky130_fd_sc_hd__or3_2)
     2    0.02    0.14    0.55    3.21 v _268_/X (sky130_fd_sc_hd__or3_2)
                                         _110_ (net)
                  0.14    0.00    3.22 v _312_/A2 (sky130_fd_sc_hd__a21oi_2)
     3    0.02    0.30    0.32    3.53 ^ _312_/Y (sky130_fd_sc_hd__a21oi_2)
                                         _154_ (net)
                  0.30    0.00    3.54 ^ _319_/A2 (sky130_fd_sc_hd__o21ai_2)
     3    0.03    0.15    0.18    3.72 v _319_/Y (sky130_fd_sc_hd__o21ai_2)
                                         _161_ (net)
                  0.15    0.00    3.72 v _373_/A1 (sky130_fd_sc_hd__a21oi_2)
     3    0.04    0.50    0.46    4.18 ^ _373_/Y (sky130_fd_sc_hd__a21oi_2)
                                         _204_ (net)
                  0.50    0.00    4.18 ^ _380_/A_N (sky130_fd_sc_hd__and2b_1)
     1    0.02    0.09    0.29    4.48 v _380_/X (sky130_fd_sc_hd__and2b_1)
                                         _211_ (net)
                  0.09    0.00    4.48 v _382_/A (sky130_fd_sc_hd__nor2_1)
     4    0.04    0.62    0.51    4.99 ^ _382_/Y (sky130_fd_sc_hd__nor2_1)
                                         _213_ (net)
                  0.62    0.00    4.99 ^ _408_/A0 (sky130_fd_sc_hd__mux2_1)
     1    0.01    0.10    0.27    5.26 ^ _408_/X (sky130_fd_sc_hd__mux2_1)
                                         _045_ (net)
                  0.10    0.00    5.26 ^ _409_/A (sky130_fd_sc_hd__clkbuf_1)
     1    0.01    0.12    0.15    5.41 ^ _409_/X (sky130_fd_sc_hd__clkbuf_1)
                                         _017_ (net)
                  0.12    0.00    5.41 ^ _451_/D (sky130_fd_sc_hd__dfxtp_1)
                                  5.41   data arrival time

                         10.00   10.00   clock CLK100MHZ (rise edge)
                          0.00   10.00   clock source latency
     1    0.03    0.00    0.00   10.00 ^ CLK100MHZ (in)
                                         CLK100MHZ (net)
                  0.00    0.00   10.00 ^ clkbuf_0_CLK100MHZ/A (sky130_fd_sc_hd__clkbuf_16)
     2    0.02    0.04    0.11   10.11 ^ clkbuf_0_CLK100MHZ/X (sky130_fd_sc_hd__clkbuf_16)
                                         clknet_0_CLK100MHZ (net)
                  0.04    0.00   10.11 ^ clkbuf_1_0__f_CLK100MHZ/A (sky130_fd_sc_hd__clkbuf_16)
    16    0.07    0.09    0.16   10.27 ^ clkbuf_1_0__f_CLK100MHZ/X (sky130_fd_sc_hd__clkbuf_16)
                                         clknet_1_0__leaf_CLK100MHZ (net)
                  0.09    0.00   10.28 ^ _451_/CLK (sky130_fd_sc_hd__dfxtp_1)
                         -0.20   10.08   clock uncertainty
                          0.00   10.08   clock reconvergence pessimism
                         -0.07   10.01   library setup time
                                 10.01   data required time
-----------------------------------------------------------------------------
                                 10.01   data required time
                                 -5.41   data arrival time
-----------------------------------------------------------------------------
                                  4.60   slack (MET)


Startpoint: _464_ (rising edge-triggered flip-flop clocked by CLK100MHZ)
Endpoint: _445_ (rising edge-triggered flip-flop clocked by CLK100MHZ)
Path Group: CLK100MHZ
Path Type: max
Corner: Typical

Fanout     Cap    Slew   Delay    Time   Description
-----------------------------------------------------------------------------
                          0.00    0.00   clock CLK100MHZ (rise edge)
                          0.00    0.00   clock source latency
     1    0.03    0.00    0.00    0.00 ^ CLK100MHZ (in)
                                         CLK100MHZ (net)
                  0.00    0.00    0.00 ^ clkbuf_0_CLK100MHZ/A (sky130_fd_sc_hd__clkbuf_16)
     2    0.02    0.04    0.11    0.11 ^ clkbuf_0_CLK100MHZ/X (sky130_fd_sc_hd__clkbuf_16)
                                         clknet_0_CLK100MHZ (net)
                  0.04    0.00    0.11 ^ clkbuf_1_0__f_CLK100MHZ/A (sky130_fd_sc_hd__clkbuf_16)
    16    0.07    0.09    0.16    0.27 ^ clkbuf_1_0__f_CLK100MHZ/X (sky130_fd_sc_hd__clkbuf_16)
                                         clknet_1_0__leaf_CLK100MHZ (net)
                  0.09    0.00    0.28 ^ _464_/CLK (sky130_fd_sc_hd__dfrtp_1)
     3    0.03    0.14    0.47    0.75 v _464_/Q (sky130_fd_sc_hd__dfrtp_1)
                                         imem.address[2] (net)
                  0.14    0.00    0.75 v _215_/A (sky130_fd_sc_hd__clkbuf_4)
    10    0.06    0.13    0.26    1.02 v _215_/X (sky130_fd_sc_hd__clkbuf_4)
                                         _060_ (net)
                  0.13    0.01    1.02 v _235_/A_N (sky130_fd_sc_hd__and2b_1)
     1    0.02    0.18    0.32    1.34 ^ _235_/X (sky130_fd_sc_hd__and2b_1)
                                         _077_ (net)
                  0.18    0.00    1.35 ^ _236_/A (sky130_fd_sc_hd__clkbuf_2)
     4    0.05    0.29    0.31    1.66 ^ _236_/X (sky130_fd_sc_hd__clkbuf_2)
                                         _078_ (net)
                  0.29    0.01    1.67 ^ _237_/B (sky130_fd_sc_hd__nand2_1)
     1    0.02    0.18    0.22    1.89 v _237_/Y (sky130_fd_sc_hd__nand2_1)
                                         _079_ (net)
                  0.18    0.00    1.89 v _239_/A3 (sky130_fd_sc_hd__a31o_2)
     5    0.04    0.11    0.39    2.28 v _239_/X (sky130_fd_sc_hd__a31o_2)
                                         _081_ (net)
                  0.11    0.00    2.28 v _240_/A (sky130_fd_sc_hd__buf_1)
     3    0.02    0.13    0.20    2.48 v _240_/X (sky130_fd_sc_hd__buf_1)
                                         _082_ (net)
                  0.13    0.00    2.48 v _241_/A (sky130_fd_sc_hd__dlymetal6s2s_1)
     3    0.04    0.19    0.30    2.78 v _241_/X (sky130_fd_sc_hd__dlymetal6s2s_1)
                                         _083_ (net)
                  0.19    0.01    2.79 v _242_/A (sky130_fd_sc_hd__buf_1)
     2    0.03    0.19    0.27    3.06 v _242_/X (sky130_fd_sc_hd__buf_1)
                                         _084_ (net)
                  0.19    0.00    3.06 v _254_/A (sky130_fd_sc_hd__nor2_2)
     3    0.04    0.43    0.42    3.48 ^ _254_/Y (sky130_fd_sc_hd__nor2_2)
                                         _096_ (net)
                  0.43    0.00    3.48 ^ _280_/B1 (sky130_fd_sc_hd__a21oi_1)
     2    0.01    0.15    0.16    3.64 v _280_/Y (sky130_fd_sc_hd__a21oi_1)
                                         _122_ (net)
                  0.15    0.00    3.65 v _331_/A0 (sky130_fd_sc_hd__mux2_1)
     1    0.03    0.18    0.46    4.10 v _331_/X (sky130_fd_sc_hd__mux2_1)
                                         _173_ (net)
                  0.18    0.00    4.10 v _332_/B2 (sky130_fd_sc_hd__a32o_4)
     8    0.06    0.11    0.41    4.51 v _332_/X (sky130_fd_sc_hd__a32o_4)
                                         _174_ (net)
                  0.11    0.00    4.51 v _393_/A1 (sky130_fd_sc_hd__mux2_1)
     1    0.01    0.11    0.38    4.89 v _393_/X (sky130_fd_sc_hd__mux2_1)
                                         _036_ (net)
                  0.11    0.00    4.89 v _394_/A (sky130_fd_sc_hd__buf_1)
     1    0.03    0.20    0.24    5.14 v _394_/X (sky130_fd_sc_hd__buf_1)
                                         _011_ (net)
                  0.20    0.01    5.14 v _445_/D (sky130_fd_sc_hd__dfxtp_1)
                                  5.14   data arrival time

                         10.00   10.00   clock CLK100MHZ (rise edge)
                          0.00   10.00   clock source latency
     1    0.03    0.00    0.00   10.00 ^ CLK100MHZ (in)
                                         CLK100MHZ (net)
                  0.00    0.00   10.00 ^ clkbuf_0_CLK100MHZ/A (sky130_fd_sc_hd__clkbuf_16)
     2    0.02    0.04    0.11   10.11 ^ clkbuf_0_CLK100MHZ/X (sky130_fd_sc_hd__clkbuf_16)
                                         clknet_0_CLK100MHZ (net)
                  0.04    0.00   10.11 ^ clkbuf_1_1__f_CLK100MHZ/A (sky130_fd_sc_hd__clkbuf_16)
    13    0.06    0.08    0.16   10.27 ^ clkbuf_1_1__f_CLK100MHZ/X (sky130_fd_sc_hd__clkbuf_16)
                                         clknet_1_1__leaf_CLK100MHZ (net)
                  0.08    0.00   10.27 ^ _445_/CLK (sky130_fd_sc_hd__dfxtp_1)
                         -0.20   10.07   clock uncertainty
                          0.00   10.07   clock reconvergence pessimism
                         -0.17    9.90   library setup time
                                  9.90   data required time
-----------------------------------------------------------------------------
                                  9.90   data required time
                                 -5.14   data arrival time
-----------------------------------------------------------------------------
                                  4.76   slack (MET)


Startpoint: _464_ (rising edge-triggered flip-flop clocked by CLK100MHZ)
Endpoint: _440_ (rising edge-triggered flip-flop clocked by CLK100MHZ)
Path Group: CLK100MHZ
Path Type: max
Corner: Typical

Fanout     Cap    Slew   Delay    Time   Description
-----------------------------------------------------------------------------
                          0.00    0.00   clock CLK100MHZ (rise edge)
                          0.00    0.00   clock source latency
     1    0.03    0.00    0.00    0.00 ^ CLK100MHZ (in)
                                         CLK100MHZ (net)
                  0.00    0.00    0.00 ^ clkbuf_0_CLK100MHZ/A (sky130_fd_sc_hd__clkbuf_16)
     2    0.02    0.04    0.11    0.11 ^ clkbuf_0_CLK100MHZ/X (sky130_fd_sc_hd__clkbuf_16)
                                         clknet_0_CLK100MHZ (net)
                  0.04    0.00    0.11 ^ clkbuf_1_0__f_CLK100MHZ/A (sky130_fd_sc_hd__clkbuf_16)
    16    0.07    0.09    0.16    0.27 ^ clkbuf_1_0__f_CLK100MHZ/X (sky130_fd_sc_hd__clkbuf_16)
                                         clknet_1_0__leaf_CLK100MHZ (net)
                  0.09    0.00    0.28 ^ _464_/CLK (sky130_fd_sc_hd__dfrtp_1)
     3    0.03    0.14    0.47    0.75 v _464_/Q (sky130_fd_sc_hd__dfrtp_1)
                                         imem.address[2] (net)
                  0.14    0.00    0.75 v _215_/A (sky130_fd_sc_hd__clkbuf_4)
    10    0.06    0.13    0.26    1.02 v _215_/X (sky130_fd_sc_hd__clkbuf_4)
                                         _060_ (net)
                  0.13    0.01    1.02 v _235_/A_N (sky130_fd_sc_hd__and2b_1)
     1    0.02    0.18    0.32    1.34 ^ _235_/X (sky130_fd_sc_hd__and2b_1)
                                         _077_ (net)
                  0.18    0.00    1.35 ^ _236_/A (sky130_fd_sc_hd__clkbuf_2)
     4    0.05    0.29    0.31    1.66 ^ _236_/X (sky130_fd_sc_hd__clkbuf_2)
                                         _078_ (net)
                  0.29    0.01    1.67 ^ _237_/B (sky130_fd_sc_hd__nand2_1)
     1    0.02    0.18    0.22    1.89 v _237_/Y (sky130_fd_sc_hd__nand2_1)
                                         _079_ (net)
                  0.18    0.00    1.89 v _239_/A3 (sky130_fd_sc_hd__a31o_2)
     5    0.04    0.11    0.39    2.28 v _239_/X (sky130_fd_sc_hd__a31o_2)
                                         _081_ (net)
                  0.11    0.00    2.28 v _240_/A (sky130_fd_sc_hd__buf_1)
     3    0.02    0.13    0.20    2.48 v _240_/X (sky130_fd_sc_hd__buf_1)
                                         _082_ (net)
                  0.13    0.00    2.48 v _241_/A (sky130_fd_sc_hd__dlymetal6s2s_1)
     3    0.04    0.19    0.30    2.78 v _241_/X (sky130_fd_sc_hd__dlymetal6s2s_1)
                                         _083_ (net)
                  0.19    0.01    2.79 v _242_/A (sky130_fd_sc_hd__buf_1)
     2    0.03    0.19    0.27    3.06 v _242_/X (sky130_fd_sc_hd__buf_1)
                                         _084_ (net)
                  0.19    0.00    3.06 v _254_/A (sky130_fd_sc_hd__nor2_2)
     3    0.04    0.43    0.42    3.48 ^ _254_/Y (sky130_fd_sc_hd__nor2_2)
                                         _096_ (net)
                  0.43    0.00    3.48 ^ _280_/B1 (sky130_fd_sc_hd__a21oi_1)
     2    0.01    0.15    0.16    3.64 v _280_/Y (sky130_fd_sc_hd__a21oi_1)
                                         _122_ (net)
                  0.15    0.00    3.65 v _331_/A0 (sky130_fd_sc_hd__mux2_1)
     1    0.03    0.18    0.46    4.10 v _331_/X (sky130_fd_sc_hd__mux2_1)
                                         _173_ (net)
                  0.18    0.00    4.10 v _332_/B2 (sky130_fd_sc_hd__a32o_4)
     8    0.06    0.11    0.41    4.51 v _332_/X (sky130_fd_sc_hd__a32o_4)
                                         _174_ (net)
                  0.11    0.00    4.52 v _371_/A1 (sky130_fd_sc_hd__mux2_1)
     1    0.02    0.13    0.40    4.91 v _371_/X (sky130_fd_sc_hd__mux2_1)
                                         _203_ (net)
                  0.13    0.00    4.92 v _372_/A (sky130_fd_sc_hd__buf_1)
     1    0.02    0.14    0.22    5.13 v _372_/X (sky130_fd_sc_hd__buf_1)
                                         _006_ (net)
                  0.15    0.00    5.13 v _440_/D (sky130_fd_sc_hd__dfxtp_1)
                                  5.13   data arrival time

                         10.00   10.00   clock CLK100MHZ (rise edge)
                          0.00   10.00   clock source latency
     1    0.03    0.00    0.00   10.00 ^ CLK100MHZ (in)
                                         CLK100MHZ (net)
                  0.00    0.00   10.00 ^ clkbuf_0_CLK100MHZ/A (sky130_fd_sc_hd__clkbuf_16)
     2    0.02    0.04    0.11   10.11 ^ clkbuf_0_CLK100MHZ/X (sky130_fd_sc_hd__clkbuf_16)
                                         clknet_0_CLK100MHZ (net)
                  0.04    0.00   10.11 ^ clkbuf_1_0__f_CLK100MHZ/A (sky130_fd_sc_hd__clkbuf_16)
    16    0.07    0.09    0.16   10.27 ^ clkbuf_1_0__f_CLK100MHZ/X (sky130_fd_sc_hd__clkbuf_16)
                                         clknet_1_0__leaf_CLK100MHZ (net)
                  0.09    0.00   10.28 ^ _440_/CLK (sky130_fd_sc_hd__dfxtp_1)
                         -0.20   10.08   clock uncertainty
                          0.00   10.08   clock reconvergence pessimism
                         -0.14    9.93   library setup time
                                  9.93   data required time
-----------------------------------------------------------------------------
                                  9.93   data required time
                                 -5.13   data arrival time
-----------------------------------------------------------------------------
                                  4.80   slack (MET)


Startpoint: _464_ (rising edge-triggered flip-flop clocked by CLK100MHZ)
Endpoint: _460_ (rising edge-triggered flip-flop clocked by CLK100MHZ)
Path Group: CLK100MHZ
Path Type: max
Corner: Typical

Fanout     Cap    Slew   Delay    Time   Description
-----------------------------------------------------------------------------
                          0.00    0.00   clock CLK100MHZ (rise edge)
                          0.00    0.00   clock source latency
     1    0.03    0.00    0.00    0.00 ^ CLK100MHZ (in)
                                         CLK100MHZ (net)
                  0.00    0.00    0.00 ^ clkbuf_0_CLK100MHZ/A (sky130_fd_sc_hd__clkbuf_16)
     2    0.02    0.04    0.11    0.11 ^ clkbuf_0_CLK100MHZ/X (sky130_fd_sc_hd__clkbuf_16)
                                         clknet_0_CLK100MHZ (net)
                  0.04    0.00    0.11 ^ clkbuf_1_0__f_CLK100MHZ/A (sky130_fd_sc_hd__clkbuf_16)
    16    0.07    0.09    0.16    0.27 ^ clkbuf_1_0__f_CLK100MHZ/X (sky130_fd_sc_hd__clkbuf_16)
                                         clknet_1_0__leaf_CLK100MHZ (net)
                  0.09    0.00    0.28 ^ _464_/CLK (sky130_fd_sc_hd__dfrtp_1)
     3    0.03    0.14    0.47    0.75 v _464_/Q (sky130_fd_sc_hd__dfrtp_1)
                                         imem.address[2] (net)
                  0.14    0.00    0.75 v _215_/A (sky130_fd_sc_hd__clkbuf_4)
    10    0.06    0.13    0.26    1.02 v _215_/X (sky130_fd_sc_hd__clkbuf_4)
                                         _060_ (net)
                  0.13    0.01    1.02 v _235_/A_N (sky130_fd_sc_hd__and2b_1)
     1    0.02    0.18    0.32    1.34 ^ _235_/X (sky130_fd_sc_hd__and2b_1)
                                         _077_ (net)
                  0.18    0.00    1.35 ^ _236_/A (sky130_fd_sc_hd__clkbuf_2)
     4    0.05    0.29    0.31    1.66 ^ _236_/X (sky130_fd_sc_hd__clkbuf_2)
                                         _078_ (net)
                  0.29    0.01    1.67 ^ _237_/B (sky130_fd_sc_hd__nand2_1)
     1    0.02    0.18    0.22    1.89 v _237_/Y (sky130_fd_sc_hd__nand2_1)
                                         _079_ (net)
                  0.18    0.00    1.89 v _239_/A3 (sky130_fd_sc_hd__a31o_2)
     5    0.04    0.11    0.39    2.28 v _239_/X (sky130_fd_sc_hd__a31o_2)
                                         _081_ (net)
                  0.11    0.00    2.28 v _240_/A (sky130_fd_sc_hd__buf_1)
     3    0.02    0.13    0.20    2.48 v _240_/X (sky130_fd_sc_hd__buf_1)
                                         _082_ (net)
                  0.13    0.00    2.48 v _241_/A (sky130_fd_sc_hd__dlymetal6s2s_1)
     3    0.04    0.19    0.30    2.78 v _241_/X (sky130_fd_sc_hd__dlymetal6s2s_1)
                                         _083_ (net)
                  0.19    0.01    2.79 v _242_/A (sky130_fd_sc_hd__buf_1)
     2    0.03    0.19    0.27    3.06 v _242_/X (sky130_fd_sc_hd__buf_1)
                                         _084_ (net)
                  0.19    0.00    3.06 v _254_/A (sky130_fd_sc_hd__nor2_2)
     3    0.04    0.43    0.42    3.48 ^ _254_/Y (sky130_fd_sc_hd__nor2_2)
                                         _096_ (net)
                  0.43    0.00    3.48 ^ _280_/B1 (sky130_fd_sc_hd__a21oi_1)
     2    0.01    0.15    0.16    3.64 v _280_/Y (sky130_fd_sc_hd__a21oi_1)
                                         _122_ (net)
                  0.15    0.00    3.65 v _331_/A0 (sky130_fd_sc_hd__mux2_1)
     1    0.03    0.18    0.46    4.10 v _331_/X (sky130_fd_sc_hd__mux2_1)
                                         _173_ (net)
                  0.18    0.00    4.10 v _332_/B2 (sky130_fd_sc_hd__a32o_4)
     8    0.06    0.11    0.41    4.51 v _332_/X (sky130_fd_sc_hd__a32o_4)
                                         _174_ (net)
                  0.11    0.01    4.52 v _430_/A1 (sky130_fd_sc_hd__mux2_1)
     1    0.00    0.06    0.32    4.84 v _430_/X (sky130_fd_sc_hd__mux2_1)
                                         _058_ (net)
                  0.06    0.00    4.84 v _431_/A (sky130_fd_sc_hd__buf_1)
     1    0.02    0.10    0.16    4.99 v _431_/X (sky130_fd_sc_hd__buf_1)
                                         _026_ (net)
                  0.10    0.00    4.99 v _460_/D (sky130_fd_sc_hd__dfxtp_1)
                                  4.99   data arrival time

                         10.00   10.00   clock CLK100MHZ (rise edge)
                          0.00   10.00   clock source latency
     1    0.03    0.00    0.00   10.00 ^ CLK100MHZ (in)
                                         CLK100MHZ (net)
                  0.00    0.00   10.00 ^ clkbuf_0_CLK100MHZ/A (sky130_fd_sc_hd__clkbuf_16)
     2    0.02    0.04    0.11   10.11 ^ clkbuf_0_CLK100MHZ/X (sky130_fd_sc_hd__clkbuf_16)
                                         clknet_0_CLK100MHZ (net)
                  0.04    0.00   10.11 ^ clkbuf_1_0__f_CLK100MHZ/A (sky130_fd_sc_hd__clkbuf_16)
    16    0.07    0.09    0.16   10.27 ^ clkbuf_1_0__f_CLK100MHZ/X (sky130_fd_sc_hd__clkbuf_16)
                                         clknet_1_0__leaf_CLK100MHZ (net)
                  0.09    0.00   10.28 ^ _460_/CLK (sky130_fd_sc_hd__dfxtp_1)
                         -0.20   10.08   clock uncertainty
                          0.00   10.08   clock reconvergence pessimism
                         -0.13    9.95   library setup time
                                  9.95   data required time
-----------------------------------------------------------------------------
                                  9.95   data required time
                                 -4.99   data arrival time
-----------------------------------------------------------------------------
                                  4.96   slack (MET)


Startpoint: _464_ (rising edge-triggered flip-flop clocked by CLK100MHZ)
Endpoint: _450_ (rising edge-triggered flip-flop clocked by CLK100MHZ)
Path Group: CLK100MHZ
Path Type: max
Corner: Typical

Fanout     Cap    Slew   Delay    Time   Description
-----------------------------------------------------------------------------
                          0.00    0.00   clock CLK100MHZ (rise edge)
                          0.00    0.00   clock source latency
     1    0.03    0.00    0.00    0.00 ^ CLK100MHZ (in)
                                         CLK100MHZ (net)
                  0.00    0.00    0.00 ^ clkbuf_0_CLK100MHZ/A (sky130_fd_sc_hd__clkbuf_16)
     2    0.02    0.04    0.11    0.11 ^ clkbuf_0_CLK100MHZ/X (sky130_fd_sc_hd__clkbuf_16)
                                         clknet_0_CLK100MHZ (net)
                  0.04    0.00    0.11 ^ clkbuf_1_0__f_CLK100MHZ/A (sky130_fd_sc_hd__clkbuf_16)
    16    0.07    0.09    0.16    0.27 ^ clkbuf_1_0__f_CLK100MHZ/X (sky130_fd_sc_hd__clkbuf_16)
                                         clknet_1_0__leaf_CLK100MHZ (net)
                  0.09    0.00    0.28 ^ _464_/CLK (sky130_fd_sc_hd__dfrtp_1)
     3    0.03    0.14    0.47    0.75 v _464_/Q (sky130_fd_sc_hd__dfrtp_1)
                                         imem.address[2] (net)
                  0.14    0.00    0.75 v _215_/A (sky130_fd_sc_hd__clkbuf_4)
    10    0.06    0.13    0.26    1.02 v _215_/X (sky130_fd_sc_hd__clkbuf_4)
                                         _060_ (net)
                  0.13    0.01    1.02 v _235_/A_N (sky130_fd_sc_hd__and2b_1)
     1    0.02    0.18    0.32    1.34 ^ _235_/X (sky130_fd_sc_hd__and2b_1)
                                         _077_ (net)
                  0.18    0.00    1.35 ^ _236_/A (sky130_fd_sc_hd__clkbuf_2)
     4    0.05    0.29    0.31    1.66 ^ _236_/X (sky130_fd_sc_hd__clkbuf_2)
                                         _078_ (net)
                  0.29    0.01    1.67 ^ _237_/B (sky130_fd_sc_hd__nand2_1)
     1    0.02    0.18    0.22    1.89 v _237_/Y (sky130_fd_sc_hd__nand2_1)
                                         _079_ (net)
                  0.18    0.00    1.89 v _239_/A3 (sky130_fd_sc_hd__a31o_2)
     5    0.04    0.11    0.39    2.28 v _239_/X (sky130_fd_sc_hd__a31o_2)
                                         _081_ (net)
                  0.11    0.00    2.28 v _240_/A (sky130_fd_sc_hd__buf_1)
     3    0.02    0.13    0.20    2.48 v _240_/X (sky130_fd_sc_hd__buf_1)
                                         _082_ (net)
                  0.13    0.00    2.48 v _241_/A (sky130_fd_sc_hd__dlymetal6s2s_1)
     3    0.04    0.19    0.30    2.78 v _241_/X (sky130_fd_sc_hd__dlymetal6s2s_1)
                                         _083_ (net)
                  0.19    0.01    2.79 v _242_/A (sky130_fd_sc_hd__buf_1)
     2    0.03    0.19    0.27    3.06 v _242_/X (sky130_fd_sc_hd__buf_1)
                                         _084_ (net)
                  0.19    0.00    3.06 v _254_/A (sky130_fd_sc_hd__nor2_2)
     3    0.04    0.43    0.42    3.48 ^ _254_/Y (sky130_fd_sc_hd__nor2_2)
                                         _096_ (net)
                  0.43    0.00    3.48 ^ _280_/B1 (sky130_fd_sc_hd__a21oi_1)
     2    0.01    0.15    0.16    3.64 v _280_/Y (sky130_fd_sc_hd__a21oi_1)
                                         _122_ (net)
                  0.15    0.00    3.65 v _331_/A0 (sky130_fd_sc_hd__mux2_1)
     1    0.03    0.18    0.46    4.10 v _331_/X (sky130_fd_sc_hd__mux2_1)
                                         _173_ (net)
                  0.18    0.00    4.10 v _332_/B2 (sky130_fd_sc_hd__a32o_4)
     8    0.06    0.11    0.41    4.51 v _332_/X (sky130_fd_sc_hd__a32o_4)
                                         _174_ (net)
                  0.11    0.00    4.51 v _406_/A0 (sky130_fd_sc_hd__mux2_1)
     1    0.01    0.07    0.32    4.83 v _406_/X (sky130_fd_sc_hd__mux2_1)
                                         _044_ (net)
                  0.07    0.00    4.84 v _407_/A (sky130_fd_sc_hd__clkbuf_1)
     1    0.01    0.06    0.13    4.96 v _407_/X (sky130_fd_sc_hd__clkbuf_1)
                                         _016_ (net)
                  0.06    0.00    4.96 v _450_/D (sky130_fd_sc_hd__dfxtp_1)
                                  4.96   data arrival time

                         10.00   10.00   clock CLK100MHZ (rise edge)
                          0.00   10.00   clock source latency
     1    0.03    0.00    0.00   10.00 ^ CLK100MHZ (in)
                                         CLK100MHZ (net)
                  0.00    0.00   10.00 ^ clkbuf_0_CLK100MHZ/A (sky130_fd_sc_hd__clkbuf_16)
     2    0.02    0.04    0.11   10.11 ^ clkbuf_0_CLK100MHZ/X (sky130_fd_sc_hd__clkbuf_16)
                                         clknet_0_CLK100MHZ (net)
                  0.04    0.00   10.11 ^ clkbuf_1_0__f_CLK100MHZ/A (sky130_fd_sc_hd__clkbuf_16)
    16    0.07    0.09    0.16   10.27 ^ clkbuf_1_0__f_CLK100MHZ/X (sky130_fd_sc_hd__clkbuf_16)
                                         clknet_1_0__leaf_CLK100MHZ (net)
                  0.09    0.01   10.28 ^ _450_/CLK (sky130_fd_sc_hd__dfxtp_1)
                         -0.20   10.08   clock uncertainty
                          0.00   10.08   clock reconvergence pessimism
                         -0.11    9.97   library setup time
                                  9.97   data required time
-----------------------------------------------------------------------------
                                  9.97   data required time
                                 -4.96   data arrival time
-----------------------------------------------------------------------------
                                  5.01   slack (MET)


Startpoint: _462_ (rising edge-triggered flip-flop clocked by CLK100MHZ)
Endpoint: _449_ (rising edge-triggered flip-flop clocked by CLK100MHZ)
Path Group: CLK100MHZ
Path Type: max
Corner: Typical

Fanout     Cap    Slew   Delay    Time   Description
-----------------------------------------------------------------------------
                          0.00    0.00   clock CLK100MHZ (rise edge)
                          0.00    0.00   clock source latency
     1    0.03    0.00    0.00    0.00 ^ CLK100MHZ (in)
                                         CLK100MHZ (net)
                  0.00    0.00    0.00 ^ clkbuf_0_CLK100MHZ/A (sky130_fd_sc_hd__clkbuf_16)
     2    0.02    0.04    0.11    0.11 ^ clkbuf_0_CLK100MHZ/X (sky130_fd_sc_hd__clkbuf_16)
                                         clknet_0_CLK100MHZ (net)
                  0.04    0.00    0.11 ^ clkbuf_1_1__f_CLK100MHZ/A (sky130_fd_sc_hd__clkbuf_16)
    13    0.06    0.08    0.16    0.27 ^ clkbuf_1_1__f_CLK100MHZ/X (sky130_fd_sc_hd__clkbuf_16)
                                         clknet_1_1__leaf_CLK100MHZ (net)
                  0.08    0.00    0.27 ^ _462_/CLK (sky130_fd_sc_hd__dfrtp_2)
     4    0.04    0.21    0.49    0.76 ^ _462_/Q (sky130_fd_sc_hd__dfrtp_2)
                                         imem.address[0] (net)
                  0.21    0.00    0.76 ^ _221_/A (sky130_fd_sc_hd__clkbuf_4)
    10    0.07    0.21    0.31    1.08 ^ _221_/X (sky130_fd_sc_hd__clkbuf_4)
                                         _066_ (net)
                  0.22    0.00    1.08 ^ _222_/A (sky130_fd_sc_hd__clkbuf_4)
     9    0.06    0.19    0.29    1.38 ^ _222_/X (sky130_fd_sc_hd__clkbuf_4)
                                         _067_ (net)
                  0.19    0.01    1.38 ^ _246_/C (sky130_fd_sc_hd__and3b_1)
     1    0.01    0.13    0.25    1.63 ^ _246_/X (sky130_fd_sc_hd__and3b_1)
                                         _088_ (net)
                  0.13    0.00    1.63 ^ _247_/A (sky130_fd_sc_hd__buf_2)
     7    0.06    0.31    0.32    1.95 ^ _247_/X (sky130_fd_sc_hd__buf_2)
                                         _089_ (net)
                  0.31    0.01    1.96 ^ _248_/B (sky130_fd_sc_hd__or2_1)
     1    0.01    0.09    0.19    2.15 ^ _248_/X (sky130_fd_sc_hd__or2_1)
                                         _090_ (net)
                  0.09    0.00    2.15 ^ _249_/A (sky130_fd_sc_hd__clkbuf_2)
     5    0.04    0.24    0.26    2.41 ^ _249_/X (sky130_fd_sc_hd__clkbuf_2)
                                         _091_ (net)
                  0.24    0.00    2.41 ^ _276_/A (sky130_fd_sc_hd__buf_1)
     1    0.01    0.15    0.20    2.61 ^ _276_/X (sky130_fd_sc_hd__buf_1)
                                         _118_ (net)
                  0.15    0.00    2.61 ^ _277_/A (sky130_fd_sc_hd__buf_1)
     1    0.03    0.31    0.29    2.90 ^ _277_/X (sky130_fd_sc_hd__buf_1)
                                         _119_ (net)
                  0.31    0.00    2.90 ^ _278_/A (sky130_fd_sc_hd__clkbuf_1)
     1    0.01    0.16    0.21    3.11 ^ _278_/X (sky130_fd_sc_hd__clkbuf_1)
                                         _120_ (net)
                  0.16    0.00    3.11 ^ _279_/A2 (sky130_fd_sc_hd__a21oi_1)
     2    0.02    0.17    0.18    3.29 v _279_/Y (sky130_fd_sc_hd__a21oi_1)
                                         _121_ (net)
                  0.17    0.00    3.29 v _303_/A0 (sky130_fd_sc_hd__mux2_1)
     1    0.01    0.09    0.37    3.66 v _303_/X (sky130_fd_sc_hd__mux2_1)
                                         _145_ (net)
                  0.09    0.00    3.66 v _306_/A0 (sky130_fd_sc_hd__mux2_1)
     1    0.01    0.09    0.34    4.00 v _306_/X (sky130_fd_sc_hd__mux2_1)
                                         _148_ (net)
                  0.09    0.00    4.00 v _315_/A2_N (sky130_fd_sc_hd__a2bb2o_4)
     9    0.06    0.20    0.32    4.32 ^ _315_/X (sky130_fd_sc_hd__a2bb2o_4)
                                         _157_ (net)
                  0.20    0.01    4.34 ^ _404_/A0 (sky130_fd_sc_hd__mux2_1)
     1    0.02    0.16    0.25    4.58 ^ _404_/X (sky130_fd_sc_hd__mux2_1)
                                         _043_ (net)
                  0.16    0.00    4.59 ^ _405_/A (sky130_fd_sc_hd__buf_1)
     1    0.02    0.24    0.24    4.83 ^ _405_/X (sky130_fd_sc_hd__buf_1)
                                         _015_ (net)
                  0.24    0.00    4.83 ^ _449_/D (sky130_fd_sc_hd__dfxtp_1)
                                  4.83   data arrival time

                         10.00   10.00   clock CLK100MHZ (rise edge)
                          0.00   10.00   clock source latency
     1    0.03    0.00    0.00   10.00 ^ CLK100MHZ (in)
                                         CLK100MHZ (net)
                  0.00    0.00   10.00 ^ clkbuf_0_CLK100MHZ/A (sky130_fd_sc_hd__clkbuf_16)
     2    0.02    0.04    0.11   10.11 ^ clkbuf_0_CLK100MHZ/X (sky130_fd_sc_hd__clkbuf_16)
                                         clknet_0_CLK100MHZ (net)
                  0.04    0.00   10.11 ^ clkbuf_1_0__f_CLK100MHZ/A (sky130_fd_sc_hd__clkbuf_16)
    16    0.07    0.09    0.16   10.27 ^ clkbuf_1_0__f_CLK100MHZ/X (sky130_fd_sc_hd__clkbuf_16)
                                         clknet_1_0__leaf_CLK100MHZ (net)
                  0.09    0.00   10.28 ^ _449_/CLK (sky130_fd_sc_hd__dfxtp_1)
                         -0.20   10.08   clock uncertainty
                          0.00   10.08   clock reconvergence pessimism
                         -0.09    9.98   library setup time
                                  9.98   data required time
-----------------------------------------------------------------------------
                                  9.98   data required time
                                 -4.83   data arrival time
-----------------------------------------------------------------------------
                                  5.15   slack (MET)


Startpoint: _464_ (rising edge-triggered flip-flop clocked by CLK100MHZ)
Endpoint: _443_ (rising edge-triggered flip-flop clocked by CLK100MHZ)
Path Group: CLK100MHZ
Path Type: max
Corner: Typical

Fanout     Cap    Slew   Delay    Time   Description
-----------------------------------------------------------------------------
                          0.00    0.00   clock CLK100MHZ (rise edge)
                          0.00    0.00   clock source latency
     1    0.03    0.00    0.00    0.00 ^ CLK100MHZ (in)
                                         CLK100MHZ (net)
                  0.00    0.00    0.00 ^ clkbuf_0_CLK100MHZ/A (sky130_fd_sc_hd__clkbuf_16)
     2    0.02    0.04    0.11    0.11 ^ clkbuf_0_CLK100MHZ/X (sky130_fd_sc_hd__clkbuf_16)
                                         clknet_0_CLK100MHZ (net)
                  0.04    0.00    0.11 ^ clkbuf_1_0__f_CLK100MHZ/A (sky130_fd_sc_hd__clkbuf_16)
    16    0.07    0.09    0.16    0.27 ^ clkbuf_1_0__f_CLK100MHZ/X (sky130_fd_sc_hd__clkbuf_16)
                                         clknet_1_0__leaf_CLK100MHZ (net)
                  0.09    0.00    0.28 ^ _464_/CLK (sky130_fd_sc_hd__dfrtp_1)
     3    0.03    0.14    0.47    0.75 v _464_/Q (sky130_fd_sc_hd__dfrtp_1)
                                         imem.address[2] (net)
                  0.14    0.00    0.75 v _215_/A (sky130_fd_sc_hd__clkbuf_4)
    10    0.06    0.13    0.26    1.02 v _215_/X (sky130_fd_sc_hd__clkbuf_4)
                                         _060_ (net)
                  0.13    0.01    1.02 v _235_/A_N (sky130_fd_sc_hd__and2b_1)
     1    0.02    0.18    0.32    1.34 ^ _235_/X (sky130_fd_sc_hd__and2b_1)
                                         _077_ (net)
                  0.18    0.00    1.35 ^ _236_/A (sky130_fd_sc_hd__clkbuf_2)
     4    0.05    0.29    0.31    1.66 ^ _236_/X (sky130_fd_sc_hd__clkbuf_2)
                                         _078_ (net)
                  0.29    0.01    1.67 ^ _237_/B (sky130_fd_sc_hd__nand2_1)
     1    0.02    0.18    0.22    1.89 v _237_/Y (sky130_fd_sc_hd__nand2_1)
                                         _079_ (net)
                  0.18    0.00    1.89 v _239_/A3 (sky130_fd_sc_hd__a31o_2)
     5    0.04    0.11    0.39    2.28 v _239_/X (sky130_fd_sc_hd__a31o_2)
                                         _081_ (net)
                  0.11    0.00    2.28 v _240_/A (sky130_fd_sc_hd__buf_1)
     3    0.02    0.13    0.20    2.48 v _240_/X (sky130_fd_sc_hd__buf_1)
                                         _082_ (net)
                  0.13    0.00    2.48 v _241_/A (sky130_fd_sc_hd__dlymetal6s2s_1)
     3    0.04    0.19    0.30    2.78 v _241_/X (sky130_fd_sc_hd__dlymetal6s2s_1)
                                         _083_ (net)
                  0.19    0.01    2.79 v _242_/A (sky130_fd_sc_hd__buf_1)
     2    0.03    0.19    0.27    3.06 v _242_/X (sky130_fd_sc_hd__buf_1)
                                         _084_ (net)
                  0.19    0.00    3.06 v _254_/A (sky130_fd_sc_hd__nor2_2)
     3    0.04    0.43    0.42    3.48 ^ _254_/Y (sky130_fd_sc_hd__nor2_2)
                                         _096_ (net)
                  0.43    0.00    3.48 ^ _280_/B1 (sky130_fd_sc_hd__a21oi_1)
     2    0.01    0.15    0.16    3.64 v _280_/Y (sky130_fd_sc_hd__a21oi_1)
                                         _122_ (net)
                  0.15    0.00    3.65 v _281_/B (sky130_fd_sc_hd__and2_1)
     1    0.01    0.06    0.23    3.87 v _281_/X (sky130_fd_sc_hd__and2_1)
                                         _123_ (net)
                  0.06    0.00    3.87 v _296_/B1 (sky130_fd_sc_hd__a22o_4)
     9    0.06    0.11    0.30    4.18 v _296_/X (sky130_fd_sc_hd__a22o_4)
                                         _138_ (net)
                  0.11    0.01    4.18 v _389_/A1 (sky130_fd_sc_hd__mux2_1)
     1    0.01    0.09    0.36    4.54 v _389_/X (sky130_fd_sc_hd__mux2_1)
                                         _034_ (net)
                  0.09    0.00    4.54 v _390_/A (sky130_fd_sc_hd__buf_1)
     1    0.03    0.15    0.21    4.75 v _390_/X (sky130_fd_sc_hd__buf_1)
                                         _009_ (net)
                  0.15    0.00    4.75 v _443_/D (sky130_fd_sc_hd__dfxtp_1)
                                  4.75   data arrival time

                         10.00   10.00   clock CLK100MHZ (rise edge)
                          0.00   10.00   clock source latency
     1    0.03    0.00    0.00   10.00 ^ CLK100MHZ (in)
                                         CLK100MHZ (net)
                  0.00    0.00   10.00 ^ clkbuf_0_CLK100MHZ/A (sky130_fd_sc_hd__clkbuf_16)
     2    0.02    0.04    0.11   10.11 ^ clkbuf_0_CLK100MHZ/X (sky130_fd_sc_hd__clkbuf_16)
                                         clknet_0_CLK100MHZ (net)
                  0.04    0.00   10.11 ^ clkbuf_1_0__f_CLK100MHZ/A (sky130_fd_sc_hd__clkbuf_16)
    16    0.07    0.09    0.16   10.27 ^ clkbuf_1_0__f_CLK100MHZ/X (sky130_fd_sc_hd__clkbuf_16)
                                         clknet_1_0__leaf_CLK100MHZ (net)
                  0.09    0.00   10.28 ^ _443_/CLK (sky130_fd_sc_hd__dfxtp_1)
                         -0.20   10.08   clock uncertainty
                          0.00   10.08   clock reconvergence pessimism
                         -0.15    9.93   library setup time
                                  9.93   data required time
-----------------------------------------------------------------------------
                                  9.93   data required time
                                 -4.75   data arrival time
-----------------------------------------------------------------------------
                                  5.18   slack (MET)


Startpoint: _462_ (rising edge-triggered flip-flop clocked by CLK100MHZ)
Endpoint: _439_ (rising edge-triggered flip-flop clocked by CLK100MHZ)
Path Group: CLK100MHZ
Path Type: max
Corner: Typical

Fanout     Cap    Slew   Delay    Time   Description
-----------------------------------------------------------------------------
                          0.00    0.00   clock CLK100MHZ (rise edge)
                          0.00    0.00   clock source latency
     1    0.03    0.00    0.00    0.00 ^ CLK100MHZ (in)
                                         CLK100MHZ (net)
                  0.00    0.00    0.00 ^ clkbuf_0_CLK100MHZ/A (sky130_fd_sc_hd__clkbuf_16)
     2    0.02    0.04    0.11    0.11 ^ clkbuf_0_CLK100MHZ/X (sky130_fd_sc_hd__clkbuf_16)
                                         clknet_0_CLK100MHZ (net)
                  0.04    0.00    0.11 ^ clkbuf_1_1__f_CLK100MHZ/A (sky130_fd_sc_hd__clkbuf_16)
    13    0.06    0.08    0.16    0.27 ^ clkbuf_1_1__f_CLK100MHZ/X (sky130_fd_sc_hd__clkbuf_16)
                                         clknet_1_1__leaf_CLK100MHZ (net)
                  0.08    0.00    0.27 ^ _462_/CLK (sky130_fd_sc_hd__dfrtp_2)
     4    0.04    0.21    0.49    0.76 ^ _462_/Q (sky130_fd_sc_hd__dfrtp_2)
                                         imem.address[0] (net)
                  0.21    0.00    0.76 ^ _221_/A (sky130_fd_sc_hd__clkbuf_4)
    10    0.07    0.21    0.31    1.08 ^ _221_/X (sky130_fd_sc_hd__clkbuf_4)
                                         _066_ (net)
                  0.22    0.00    1.08 ^ _222_/A (sky130_fd_sc_hd__clkbuf_4)
     9    0.06    0.19    0.29    1.38 ^ _222_/X (sky130_fd_sc_hd__clkbuf_4)
                                         _067_ (net)
                  0.19    0.01    1.38 ^ _246_/C (sky130_fd_sc_hd__and3b_1)
     1    0.01    0.13    0.25    1.63 ^ _246_/X (sky130_fd_sc_hd__and3b_1)
                                         _088_ (net)
                  0.13    0.00    1.63 ^ _247_/A (sky130_fd_sc_hd__buf_2)
     7    0.06    0.31    0.32    1.95 ^ _247_/X (sky130_fd_sc_hd__buf_2)
                                         _089_ (net)
                  0.31    0.01    1.96 ^ _248_/B (sky130_fd_sc_hd__or2_1)
     1    0.01    0.09    0.19    2.15 ^ _248_/X (sky130_fd_sc_hd__or2_1)
                                         _090_ (net)
                  0.09    0.00    2.15 ^ _249_/A (sky130_fd_sc_hd__clkbuf_2)
     5    0.04    0.24    0.26    2.41 ^ _249_/X (sky130_fd_sc_hd__clkbuf_2)
                                         _091_ (net)
                  0.24    0.00    2.41 ^ _276_/A (sky130_fd_sc_hd__buf_1)
     1    0.01    0.15    0.20    2.61 ^ _276_/X (sky130_fd_sc_hd__buf_1)
                                         _118_ (net)
                  0.15    0.00    2.61 ^ _277_/A (sky130_fd_sc_hd__buf_1)
     1    0.03    0.31    0.29    2.90 ^ _277_/X (sky130_fd_sc_hd__buf_1)
                                         _119_ (net)
                  0.31    0.00    2.90 ^ _278_/A (sky130_fd_sc_hd__clkbuf_1)
     1    0.01    0.16    0.21    3.11 ^ _278_/X (sky130_fd_sc_hd__clkbuf_1)
                                         _120_ (net)
                  0.16    0.00    3.11 ^ _279_/A2 (sky130_fd_sc_hd__a21oi_1)
     2    0.02    0.17    0.18    3.29 v _279_/Y (sky130_fd_sc_hd__a21oi_1)
                                         _121_ (net)
                  0.17    0.00    3.29 v _303_/A0 (sky130_fd_sc_hd__mux2_1)
     1    0.01    0.09    0.37    3.66 v _303_/X (sky130_fd_sc_hd__mux2_1)
                                         _145_ (net)
                  0.09    0.00    3.66 v _306_/A0 (sky130_fd_sc_hd__mux2_1)
     1    0.01    0.09    0.34    4.00 v _306_/X (sky130_fd_sc_hd__mux2_1)
                                         _148_ (net)
                  0.09    0.00    4.00 v _315_/A2_N (sky130_fd_sc_hd__a2bb2o_4)
     9    0.06    0.20    0.32    4.32 ^ _315_/X (sky130_fd_sc_hd__a2bb2o_4)
                                         _157_ (net)
                  0.20    0.01    4.33 ^ _369_/A1 (sky130_fd_sc_hd__mux2_1)
     1    0.02    0.22    0.30    4.62 ^ _369_/X (sky130_fd_sc_hd__mux2_1)
                                         _202_ (net)
                  0.22    0.00    4.63 ^ _370_/A (sky130_fd_sc_hd__clkbuf_1)
     1    0.01    0.15    0.19    4.82 ^ _370_/X (sky130_fd_sc_hd__clkbuf_1)
                                         _005_ (net)
                  0.15    0.00    4.82 ^ _439_/D (sky130_fd_sc_hd__dfxtp_1)
                                  4.82   data arrival time

                         10.00   10.00   clock CLK100MHZ (rise edge)
                          0.00   10.00   clock source latency
     1    0.03    0.00    0.00   10.00 ^ CLK100MHZ (in)
                                         CLK100MHZ (net)
                  0.00    0.00   10.00 ^ clkbuf_0_CLK100MHZ/A (sky130_fd_sc_hd__clkbuf_16)
     2    0.02    0.04    0.11   10.11 ^ clkbuf_0_CLK100MHZ/X (sky130_fd_sc_hd__clkbuf_16)
                                         clknet_0_CLK100MHZ (net)
                  0.04    0.00   10.11 ^ clkbuf_1_1__f_CLK100MHZ/A (sky130_fd_sc_hd__clkbuf_16)
    13    0.06    0.08    0.16   10.27 ^ clkbuf_1_1__f_CLK100MHZ/X (sky130_fd_sc_hd__clkbuf_16)
                                         clknet_1_1__leaf_CLK100MHZ (net)
                  0.08    0.00   10.27 ^ _439_/CLK (sky130_fd_sc_hd__dfxtp_1)
                         -0.20   10.07   clock uncertainty
                          0.00   10.07   clock reconvergence pessimism
                         -0.07   10.00   library setup time
                                 10.00   data required time
-----------------------------------------------------------------------------
                                 10.00   data required time
                                 -4.82   data arrival time
-----------------------------------------------------------------------------
                                  5.18   slack (MET)


Startpoint: _464_ (rising edge-triggered flip-flop clocked by CLK100MHZ)
Endpoint: _447_ (rising edge-triggered flip-flop clocked by CLK100MHZ)
Path Group: CLK100MHZ
Path Type: max
Corner: Typical

Fanout     Cap    Slew   Delay    Time   Description
-----------------------------------------------------------------------------
                          0.00    0.00   clock CLK100MHZ (rise edge)
                          0.00    0.00   clock source latency
     1    0.03    0.00    0.00    0.00 ^ CLK100MHZ (in)
                                         CLK100MHZ (net)
                  0.00    0.00    0.00 ^ clkbuf_0_CLK100MHZ/A (sky130_fd_sc_hd__clkbuf_16)
     2    0.02    0.04    0.11    0.11 ^ clkbuf_0_CLK100MHZ/X (sky130_fd_sc_hd__clkbuf_16)
                                         clknet_0_CLK100MHZ (net)
                  0.04    0.00    0.11 ^ clkbuf_1_0__f_CLK100MHZ/A (sky130_fd_sc_hd__clkbuf_16)
    16    0.07    0.09    0.16    0.27 ^ clkbuf_1_0__f_CLK100MHZ/X (sky130_fd_sc_hd__clkbuf_16)
                                         clknet_1_0__leaf_CLK100MHZ (net)
                  0.09    0.00    0.28 ^ _464_/CLK (sky130_fd_sc_hd__dfrtp_1)
     3    0.03    0.25    0.49    0.76 ^ _464_/Q (sky130_fd_sc_hd__dfrtp_1)
                                         imem.address[2] (net)
                  0.25    0.00    0.76 ^ _215_/A (sky130_fd_sc_hd__clkbuf_4)
    10    0.06    0.19    0.31    1.08 ^ _215_/X (sky130_fd_sc_hd__clkbuf_4)
                                         _060_ (net)
                  0.19    0.01    1.08 ^ _235_/A_N (sky130_fd_sc_hd__and2b_1)
     1    0.02    0.10    0.27    1.35 v _235_/X (sky130_fd_sc_hd__and2b_1)
                                         _077_ (net)
                  0.10    0.00    1.36 v _236_/A (sky130_fd_sc_hd__clkbuf_2)
     4    0.05    0.19    0.26    1.61 v _236_/X (sky130_fd_sc_hd__clkbuf_2)
                                         _078_ (net)
                  0.19    0.01    1.62 v _237_/B (sky130_fd_sc_hd__nand2_1)
     1    0.02    0.22    0.25    1.87 ^ _237_/Y (sky130_fd_sc_hd__nand2_1)
                                         _079_ (net)
                  0.22    0.00    1.87 ^ _239_/A3 (sky130_fd_sc_hd__a31o_2)
     5    0.04    0.23    0.33    2.20 ^ _239_/X (sky130_fd_sc_hd__a31o_2)
                                         _081_ (net)
                  0.23    0.00    2.20 ^ _240_/A (sky130_fd_sc_hd__buf_1)
     3    0.02    0.27    0.28    2.48 ^ _240_/X (sky130_fd_sc_hd__buf_1)
                                         _082_ (net)
                  0.27    0.00    2.48 ^ _241_/A (sky130_fd_sc_hd__dlymetal6s2s_1)
     3    0.04    0.38    0.38    2.87 ^ _241_/X (sky130_fd_sc_hd__dlymetal6s2s_1)
                                         _083_ (net)
                  0.38    0.00    2.87 ^ _275_/A (sky130_fd_sc_hd__buf_1)
     2    0.02    0.19    0.23    3.10 ^ _275_/X (sky130_fd_sc_hd__buf_1)
                                         _117_ (net)
                  0.19    0.00    3.11 ^ _304_/A (sky130_fd_sc_hd__nand2_1)
     2    0.03    0.22    0.23    3.34 v _304_/Y (sky130_fd_sc_hd__nand2_1)
                                         _146_ (net)
                  0.22    0.00    3.34 v _341_/A2 (sky130_fd_sc_hd__a21oi_1)
     1    0.02    0.52    0.51    3.85 ^ _341_/Y (sky130_fd_sc_hd__a21oi_1)
                                         _183_ (net)
                  0.52    0.00    3.85 ^ _342_/B1 (sky130_fd_sc_hd__a31o_2)
     9    0.05    0.31    0.38    4.23 ^ _342_/X (sky130_fd_sc_hd__a31o_2)
                                         _184_ (net)
                  0.31    0.01    4.23 ^ _400_/A0 (sky130_fd_sc_hd__mux2_1)
     1    0.02    0.17    0.28    4.52 ^ _400_/X (sky130_fd_sc_hd__mux2_1)
                                         _041_ (net)
                  0.17    0.00    4.52 ^ _401_/A (sky130_fd_sc_hd__buf_1)
     1    0.02    0.23    0.24    4.75 ^ _401_/X (sky130_fd_sc_hd__buf_1)
                                         _013_ (net)
                  0.23    0.00    4.76 ^ _447_/D (sky130_fd_sc_hd__dfxtp_1)
                                  4.76   data arrival time

                         10.00   10.00   clock CLK100MHZ (rise edge)
                          0.00   10.00   clock source latency
     1    0.03    0.00    0.00   10.00 ^ CLK100MHZ (in)
                                         CLK100MHZ (net)
                  0.00    0.00   10.00 ^ clkbuf_0_CLK100MHZ/A (sky130_fd_sc_hd__clkbuf_16)
     2    0.02    0.04    0.11   10.11 ^ clkbuf_0_CLK100MHZ/X (sky130_fd_sc_hd__clkbuf_16)
                                         clknet_0_CLK100MHZ (net)
                  0.04    0.00   10.11 ^ clkbuf_1_1__f_CLK100MHZ/A (sky130_fd_sc_hd__clkbuf_16)
    13    0.06    0.08    0.16   10.27 ^ clkbuf_1_1__f_CLK100MHZ/X (sky130_fd_sc_hd__clkbuf_16)
                                         clknet_1_1__leaf_CLK100MHZ (net)
                  0.08    0.00   10.27 ^ _447_/CLK (sky130_fd_sc_hd__dfxtp_1)
                         -0.20   10.07   clock uncertainty
                          0.00   10.07   clock reconvergence pessimism
                         -0.09    9.98   library setup time
                                  9.98   data required time
-----------------------------------------------------------------------------
                                  9.98   data required time
                                 -4.76   data arrival time
-----------------------------------------------------------------------------
                                  5.23   slack (MET)


Startpoint: _464_ (rising edge-triggered flip-flop clocked by CLK100MHZ)
Endpoint: _438_ (rising edge-triggered flip-flop clocked by CLK100MHZ)
Path Group: CLK100MHZ
Path Type: max
Corner: Typical

Fanout     Cap    Slew   Delay    Time   Description
-----------------------------------------------------------------------------
                          0.00    0.00   clock CLK100MHZ (rise edge)
                          0.00    0.00   clock source latency
     1    0.03    0.00    0.00    0.00 ^ CLK100MHZ (in)
                                         CLK100MHZ (net)
                  0.00    0.00    0.00 ^ clkbuf_0_CLK100MHZ/A (sky130_fd_sc_hd__clkbuf_16)
     2    0.02    0.04    0.11    0.11 ^ clkbuf_0_CLK100MHZ/X (sky130_fd_sc_hd__clkbuf_16)
                                         clknet_0_CLK100MHZ (net)
                  0.04    0.00    0.11 ^ clkbuf_1_0__f_CLK100MHZ/A (sky130_fd_sc_hd__clkbuf_16)
    16    0.07    0.09    0.16    0.27 ^ clkbuf_1_0__f_CLK100MHZ/X (sky130_fd_sc_hd__clkbuf_16)
                                         clknet_1_0__leaf_CLK100MHZ (net)
                  0.09    0.00    0.28 ^ _464_/CLK (sky130_fd_sc_hd__dfrtp_1)
     3    0.03    0.14    0.47    0.75 v _464_/Q (sky130_fd_sc_hd__dfrtp_1)
                                         imem.address[2] (net)
                  0.14    0.00    0.75 v _215_/A (sky130_fd_sc_hd__clkbuf_4)
    10    0.06    0.13    0.26    1.02 v _215_/X (sky130_fd_sc_hd__clkbuf_4)
                                         _060_ (net)
                  0.13    0.01    1.02 v _235_/A_N (sky130_fd_sc_hd__and2b_1)
     1    0.02    0.18    0.32    1.34 ^ _235_/X (sky130_fd_sc_hd__and2b_1)
                                         _077_ (net)
                  0.18    0.00    1.35 ^ _236_/A (sky130_fd_sc_hd__clkbuf_2)
     4    0.05    0.29    0.31    1.66 ^ _236_/X (sky130_fd_sc_hd__clkbuf_2)
                                         _078_ (net)
                  0.29    0.01    1.67 ^ _237_/B (sky130_fd_sc_hd__nand2_1)
     1    0.02    0.18    0.22    1.89 v _237_/Y (sky130_fd_sc_hd__nand2_1)
                                         _079_ (net)
                  0.18    0.00    1.89 v _239_/A3 (sky130_fd_sc_hd__a31o_2)
     5    0.04    0.11    0.39    2.28 v _239_/X (sky130_fd_sc_hd__a31o_2)
                                         _081_ (net)
                  0.11    0.00    2.28 v _240_/A (sky130_fd_sc_hd__buf_1)
     3    0.02    0.13    0.20    2.48 v _240_/X (sky130_fd_sc_hd__buf_1)
                                         _082_ (net)
                  0.13    0.00    2.48 v _241_/A (sky130_fd_sc_hd__dlymetal6s2s_1)
     3    0.04    0.19    0.30    2.78 v _241_/X (sky130_fd_sc_hd__dlymetal6s2s_1)
                                         _083_ (net)
                  0.19    0.01    2.79 v _242_/A (sky130_fd_sc_hd__buf_1)
     2    0.03    0.19    0.27    3.06 v _242_/X (sky130_fd_sc_hd__buf_1)
                                         _084_ (net)
                  0.19    0.00    3.06 v _254_/A (sky130_fd_sc_hd__nor2_2)
     3    0.04    0.43    0.42    3.48 ^ _254_/Y (sky130_fd_sc_hd__nor2_2)
                                         _096_ (net)
                  0.43    0.00    3.48 ^ _280_/B1 (sky130_fd_sc_hd__a21oi_1)
     2    0.01    0.15    0.16    3.64 v _280_/Y (sky130_fd_sc_hd__a21oi_1)
                                         _122_ (net)
                  0.15    0.00    3.65 v _281_/B (sky130_fd_sc_hd__and2_1)
     1    0.01    0.06    0.23    3.87 v _281_/X (sky130_fd_sc_hd__and2_1)
                                         _123_ (net)
                  0.06    0.00    3.87 v _296_/B1 (sky130_fd_sc_hd__a22o_4)
     9    0.06    0.11    0.30    4.18 v _296_/X (sky130_fd_sc_hd__a22o_4)
                                         _138_ (net)
                  0.11    0.01    4.19 v _367_/A1 (sky130_fd_sc_hd__mux2_1)
     1    0.01    0.11    0.38    4.57 v _367_/X (sky130_fd_sc_hd__mux2_1)
                                         _201_ (net)
                  0.11    0.00    4.57 v _368_/A (sky130_fd_sc_hd__clkbuf_1)
     1    0.01    0.08    0.16    4.72 v _368_/X (sky130_fd_sc_hd__clkbuf_1)
                                         _004_ (net)
                  0.08    0.00    4.73 v _438_/D (sky130_fd_sc_hd__dfxtp_1)
                                  4.73   data arrival time

                         10.00   10.00   clock CLK100MHZ (rise edge)
                          0.00   10.00   clock source latency
     1    0.03    0.00    0.00   10.00 ^ CLK100MHZ (in)
                                         CLK100MHZ (net)
                  0.00    0.00   10.00 ^ clkbuf_0_CLK100MHZ/A (sky130_fd_sc_hd__clkbuf_16)
     2    0.02    0.04    0.11   10.11 ^ clkbuf_0_CLK100MHZ/X (sky130_fd_sc_hd__clkbuf_16)
                                         clknet_0_CLK100MHZ (net)
                  0.04    0.00   10.11 ^ clkbuf_1_1__f_CLK100MHZ/A (sky130_fd_sc_hd__clkbuf_16)
    13    0.06    0.08    0.16   10.27 ^ clkbuf_1_1__f_CLK100MHZ/X (sky130_fd_sc_hd__clkbuf_16)
                                         clknet_1_1__leaf_CLK100MHZ (net)
                  0.08    0.00   10.27 ^ _438_/CLK (sky130_fd_sc_hd__dfxtp_1)
                         -0.20   10.07   clock uncertainty
                          0.00   10.07   clock reconvergence pessimism
                         -0.12    9.96   library setup time
                                  9.96   data required time
-----------------------------------------------------------------------------
                                  9.96   data required time
                                 -4.73   data arrival time
-----------------------------------------------------------------------------
                                  5.23   slack (MET)


Startpoint: _464_ (rising edge-triggered flip-flop clocked by CLK100MHZ)
Endpoint: _457_ (rising edge-triggered flip-flop clocked by CLK100MHZ)
Path Group: CLK100MHZ
Path Type: max
Corner: Typical

Fanout     Cap    Slew   Delay    Time   Description
-----------------------------------------------------------------------------
                          0.00    0.00   clock CLK100MHZ (rise edge)
                          0.00    0.00   clock source latency
     1    0.03    0.00    0.00    0.00 ^ CLK100MHZ (in)
                                         CLK100MHZ (net)
                  0.00    0.00    0.00 ^ clkbuf_0_CLK100MHZ/A (sky130_fd_sc_hd__clkbuf_16)
     2    0.02    0.04    0.11    0.11 ^ clkbuf_0_CLK100MHZ/X (sky130_fd_sc_hd__clkbuf_16)
                                         clknet_0_CLK100MHZ (net)
                  0.04    0.00    0.11 ^ clkbuf_1_0__f_CLK100MHZ/A (sky130_fd_sc_hd__clkbuf_16)
    16    0.07    0.09    0.16    0.27 ^ clkbuf_1_0__f_CLK100MHZ/X (sky130_fd_sc_hd__clkbuf_16)
                                         clknet_1_0__leaf_CLK100MHZ (net)
                  0.09    0.00    0.28 ^ _464_/CLK (sky130_fd_sc_hd__dfrtp_1)
     3    0.03    0.25    0.49    0.76 ^ _464_/Q (sky130_fd_sc_hd__dfrtp_1)
                                         imem.address[2] (net)
                  0.25    0.00    0.76 ^ _215_/A (sky130_fd_sc_hd__clkbuf_4)
    10    0.06    0.19    0.31    1.08 ^ _215_/X (sky130_fd_sc_hd__clkbuf_4)
                                         _060_ (net)
                  0.19    0.01    1.08 ^ _235_/A_N (sky130_fd_sc_hd__and2b_1)
     1    0.02    0.10    0.27    1.35 v _235_/X (sky130_fd_sc_hd__and2b_1)
                                         _077_ (net)
                  0.10    0.00    1.36 v _236_/A (sky130_fd_sc_hd__clkbuf_2)
     4    0.05    0.19    0.26    1.61 v _236_/X (sky130_fd_sc_hd__clkbuf_2)
                                         _078_ (net)
                  0.19    0.01    1.62 v _237_/B (sky130_fd_sc_hd__nand2_1)
     1    0.02    0.22    0.25    1.87 ^ _237_/Y (sky130_fd_sc_hd__nand2_1)
                                         _079_ (net)
                  0.22    0.00    1.87 ^ _239_/A3 (sky130_fd_sc_hd__a31o_2)
     5    0.04    0.23    0.33    2.20 ^ _239_/X (sky130_fd_sc_hd__a31o_2)
                                         _081_ (net)
                  0.23    0.00    2.20 ^ _240_/A (sky130_fd_sc_hd__buf_1)
     3    0.02    0.27    0.28    2.48 ^ _240_/X (sky130_fd_sc_hd__buf_1)
                                         _082_ (net)
                  0.27    0.00    2.48 ^ _241_/A (sky130_fd_sc_hd__dlymetal6s2s_1)
     3    0.04    0.38    0.38    2.87 ^ _241_/X (sky130_fd_sc_hd__dlymetal6s2s_1)
                                         _083_ (net)
                  0.38    0.00    2.87 ^ _275_/A (sky130_fd_sc_hd__buf_1)
     2    0.02    0.19    0.23    3.10 ^ _275_/X (sky130_fd_sc_hd__buf_1)
                                         _117_ (net)
                  0.19    0.00    3.11 ^ _304_/A (sky130_fd_sc_hd__nand2_1)
     2    0.03    0.22    0.23    3.34 v _304_/Y (sky130_fd_sc_hd__nand2_1)
                                         _146_ (net)
                  0.22    0.00    3.34 v _341_/A2 (sky130_fd_sc_hd__a21oi_1)
     1    0.02    0.52    0.51    3.85 ^ _341_/Y (sky130_fd_sc_hd__a21oi_1)
                                         _183_ (net)
                  0.52    0.00    3.85 ^ _342_/B1 (sky130_fd_sc_hd__a31o_2)
     9    0.05    0.31    0.38    4.23 ^ _342_/X (sky130_fd_sc_hd__a31o_2)
                                         _184_ (net)
                  0.31    0.01    4.23 ^ _424_/A1 (sky130_fd_sc_hd__mux2_1)
     1    0.01    0.13    0.25    4.49 ^ _424_/X (sky130_fd_sc_hd__mux2_1)
                                         _055_ (net)
                  0.13    0.00    4.49 ^ _425_/A (sky130_fd_sc_hd__clkbuf_1)
     1    0.02    0.22    0.23    4.72 ^ _425_/X (sky130_fd_sc_hd__clkbuf_1)
                                         _023_ (net)
                  0.22    0.00    4.72 ^ _457_/D (sky130_fd_sc_hd__dfxtp_1)
                                  4.72   data arrival time

                         10.00   10.00   clock CLK100MHZ (rise edge)
                          0.00   10.00   clock source latency
     1    0.03    0.00    0.00   10.00 ^ CLK100MHZ (in)
                                         CLK100MHZ (net)
                  0.00    0.00   10.00 ^ clkbuf_0_CLK100MHZ/A (sky130_fd_sc_hd__clkbuf_16)
     2    0.02    0.04    0.11   10.11 ^ clkbuf_0_CLK100MHZ/X (sky130_fd_sc_hd__clkbuf_16)
                                         clknet_0_CLK100MHZ (net)
                  0.04    0.00   10.11 ^ clkbuf_1_1__f_CLK100MHZ/A (sky130_fd_sc_hd__clkbuf_16)
    13    0.06    0.08    0.16   10.27 ^ clkbuf_1_1__f_CLK100MHZ/X (sky130_fd_sc_hd__clkbuf_16)
                                         clknet_1_1__leaf_CLK100MHZ (net)
                  0.08    0.00   10.27 ^ _457_/CLK (sky130_fd_sc_hd__dfxtp_1)
                         -0.20   10.07   clock uncertainty
                          0.00   10.07   clock reconvergence pessimism
                         -0.09    9.98   library setup time
                                  9.98   data required time
-----------------------------------------------------------------------------
                                  9.98   data required time
                                 -4.72   data arrival time
-----------------------------------------------------------------------------
                                  5.26   slack (MET)


Startpoint: _462_ (rising edge-triggered flip-flop clocked by CLK100MHZ)
Endpoint: _459_ (rising edge-triggered flip-flop clocked by CLK100MHZ)
Path Group: CLK100MHZ
Path Type: max
Corner: Typical

Fanout     Cap    Slew   Delay    Time   Description
-----------------------------------------------------------------------------
                          0.00    0.00   clock CLK100MHZ (rise edge)
                          0.00    0.00   clock source latency
     1    0.03    0.00    0.00    0.00 ^ CLK100MHZ (in)
                                         CLK100MHZ (net)
                  0.00    0.00    0.00 ^ clkbuf_0_CLK100MHZ/A (sky130_fd_sc_hd__clkbuf_16)
     2    0.02    0.04    0.11    0.11 ^ clkbuf_0_CLK100MHZ/X (sky130_fd_sc_hd__clkbuf_16)
                                         clknet_0_CLK100MHZ (net)
                  0.04    0.00    0.11 ^ clkbuf_1_1__f_CLK100MHZ/A (sky130_fd_sc_hd__clkbuf_16)
    13    0.06    0.08    0.16    0.27 ^ clkbuf_1_1__f_CLK100MHZ/X (sky130_fd_sc_hd__clkbuf_16)
                                         clknet_1_1__leaf_CLK100MHZ (net)
                  0.08    0.00    0.27 ^ _462_/CLK (sky130_fd_sc_hd__dfrtp_2)
     4    0.04    0.21    0.49    0.76 ^ _462_/Q (sky130_fd_sc_hd__dfrtp_2)
                                         imem.address[0] (net)
                  0.21    0.00    0.76 ^ _221_/A (sky130_fd_sc_hd__clkbuf_4)
    10    0.07    0.21    0.31    1.08 ^ _221_/X (sky130_fd_sc_hd__clkbuf_4)
                                         _066_ (net)
                  0.22    0.00    1.08 ^ _222_/A (sky130_fd_sc_hd__clkbuf_4)
     9    0.06    0.19    0.29    1.38 ^ _222_/X (sky130_fd_sc_hd__clkbuf_4)
                                         _067_ (net)
                  0.19    0.01    1.38 ^ _246_/C (sky130_fd_sc_hd__and3b_1)
     1    0.01    0.13    0.25    1.63 ^ _246_/X (sky130_fd_sc_hd__and3b_1)
                                         _088_ (net)
                  0.13    0.00    1.63 ^ _247_/A (sky130_fd_sc_hd__buf_2)
     7    0.06    0.31    0.32    1.95 ^ _247_/X (sky130_fd_sc_hd__buf_2)
                                         _089_ (net)
                  0.31    0.01    1.96 ^ _248_/B (sky130_fd_sc_hd__or2_1)
     1    0.01    0.09    0.19    2.15 ^ _248_/X (sky130_fd_sc_hd__or2_1)
                                         _090_ (net)
                  0.09    0.00    2.15 ^ _249_/A (sky130_fd_sc_hd__clkbuf_2)
     5    0.04    0.24    0.26    2.41 ^ _249_/X (sky130_fd_sc_hd__clkbuf_2)
                                         _091_ (net)
                  0.24    0.00    2.41 ^ _276_/A (sky130_fd_sc_hd__buf_1)
     1    0.01    0.15    0.20    2.61 ^ _276_/X (sky130_fd_sc_hd__buf_1)
                                         _118_ (net)
                  0.15    0.00    2.61 ^ _277_/A (sky130_fd_sc_hd__buf_1)
     1    0.03    0.31    0.29    2.90 ^ _277_/X (sky130_fd_sc_hd__buf_1)
                                         _119_ (net)
                  0.31    0.00    2.90 ^ _278_/A (sky130_fd_sc_hd__clkbuf_1)
     1    0.01    0.16    0.21    3.11 ^ _278_/X (sky130_fd_sc_hd__clkbuf_1)
                                         _120_ (net)
                  0.16    0.00    3.11 ^ _279_/A2 (sky130_fd_sc_hd__a21oi_1)
     2    0.02    0.17    0.18    3.29 v _279_/Y (sky130_fd_sc_hd__a21oi_1)
                                         _121_ (net)
                  0.17    0.00    3.29 v _303_/A0 (sky130_fd_sc_hd__mux2_1)
     1    0.01    0.09    0.37    3.66 v _303_/X (sky130_fd_sc_hd__mux2_1)
                                         _145_ (net)
                  0.09    0.00    3.66 v _306_/A0 (sky130_fd_sc_hd__mux2_1)
     1    0.01    0.09    0.34    4.00 v _306_/X (sky130_fd_sc_hd__mux2_1)
                                         _148_ (net)
                  0.09    0.00    4.00 v _315_/A2_N (sky130_fd_sc_hd__a2bb2o_4)
     9    0.06    0.20    0.32    4.32 ^ _315_/X (sky130_fd_sc_hd__a2bb2o_4)
                                         _157_ (net)
                  0.20    0.01    4.33 ^ _428_/A1 (sky130_fd_sc_hd__mux2_1)
     1    0.01    0.10    0.21    4.54 ^ _428_/X (sky130_fd_sc_hd__mux2_1)
                                         _057_ (net)
                  0.10    0.00    4.54 ^ _429_/A (sky130_fd_sc_hd__buf_1)
     1    0.01    0.17    0.19    4.72 ^ _429_/X (sky130_fd_sc_hd__buf_1)
                                         _025_ (net)
                  0.17    0.00    4.73 ^ _459_/D (sky130_fd_sc_hd__dfxtp_1)
                                  4.73   data arrival time

                         10.00   10.00   clock CLK100MHZ (rise edge)
                          0.00   10.00   clock source latency
     1    0.03    0.00    0.00   10.00 ^ CLK100MHZ (in)
                                         CLK100MHZ (net)
                  0.00    0.00   10.00 ^ clkbuf_0_CLK100MHZ/A (sky130_fd_sc_hd__clkbuf_16)
     2    0.02    0.04    0.11   10.11 ^ clkbuf_0_CLK100MHZ/X (sky130_fd_sc_hd__clkbuf_16)
                                         clknet_0_CLK100MHZ (net)
                  0.04    0.00   10.11 ^ clkbuf_1_0__f_CLK100MHZ/A (sky130_fd_sc_hd__clkbuf_16)
    16    0.07    0.09    0.16   10.27 ^ clkbuf_1_0__f_CLK100MHZ/X (sky130_fd_sc_hd__clkbuf_16)
                                         clknet_1_0__leaf_CLK100MHZ (net)
                  0.09    0.01   10.28 ^ _459_/CLK (sky130_fd_sc_hd__dfxtp_1)
                         -0.20   10.08   clock uncertainty
                          0.00   10.08   clock reconvergence pessimism
                         -0.08   10.00   library setup time
                                 10.00   data required time
-----------------------------------------------------------------------------
                                 10.00   data required time
                                 -4.73   data arrival time
-----------------------------------------------------------------------------
                                  5.27   slack (MET)


Startpoint: _464_ (rising edge-triggered flip-flop clocked by CLK100MHZ)
Endpoint: _448_ (rising edge-triggered flip-flop clocked by CLK100MHZ)
Path Group: CLK100MHZ
Path Type: max
Corner: Typical

Fanout     Cap    Slew   Delay    Time   Description
-----------------------------------------------------------------------------
                          0.00    0.00   clock CLK100MHZ (rise edge)
                          0.00    0.00   clock source latency
     1    0.03    0.00    0.00    0.00 ^ CLK100MHZ (in)
                                         CLK100MHZ (net)
                  0.00    0.00    0.00 ^ clkbuf_0_CLK100MHZ/A (sky130_fd_sc_hd__clkbuf_16)
     2    0.02    0.04    0.11    0.11 ^ clkbuf_0_CLK100MHZ/X (sky130_fd_sc_hd__clkbuf_16)
                                         clknet_0_CLK100MHZ (net)
                  0.04    0.00    0.11 ^ clkbuf_1_0__f_CLK100MHZ/A (sky130_fd_sc_hd__clkbuf_16)
    16    0.07    0.09    0.16    0.27 ^ clkbuf_1_0__f_CLK100MHZ/X (sky130_fd_sc_hd__clkbuf_16)
                                         clknet_1_0__leaf_CLK100MHZ (net)
                  0.09    0.00    0.28 ^ _464_/CLK (sky130_fd_sc_hd__dfrtp_1)
     3    0.03    0.14    0.47    0.75 v _464_/Q (sky130_fd_sc_hd__dfrtp_1)
                                         imem.address[2] (net)
                  0.14    0.00    0.75 v _215_/A (sky130_fd_sc_hd__clkbuf_4)
    10    0.06    0.13    0.26    1.02 v _215_/X (sky130_fd_sc_hd__clkbuf_4)
                                         _060_ (net)
                  0.13    0.01    1.02 v _235_/A_N (sky130_fd_sc_hd__and2b_1)
     1    0.02    0.18    0.32    1.34 ^ _235_/X (sky130_fd_sc_hd__and2b_1)
                                         _077_ (net)
                  0.18    0.00    1.35 ^ _236_/A (sky130_fd_sc_hd__clkbuf_2)
     4    0.05    0.29    0.31    1.66 ^ _236_/X (sky130_fd_sc_hd__clkbuf_2)
                                         _078_ (net)
                  0.29    0.01    1.67 ^ _237_/B (sky130_fd_sc_hd__nand2_1)
     1    0.02    0.18    0.22    1.89 v _237_/Y (sky130_fd_sc_hd__nand2_1)
                                         _079_ (net)
                  0.18    0.00    1.89 v _239_/A3 (sky130_fd_sc_hd__a31o_2)
     5    0.04    0.11    0.39    2.28 v _239_/X (sky130_fd_sc_hd__a31o_2)
                                         _081_ (net)
                  0.11    0.00    2.28 v _240_/A (sky130_fd_sc_hd__buf_1)
     3    0.02    0.13    0.20    2.48 v _240_/X (sky130_fd_sc_hd__buf_1)
                                         _082_ (net)
                  0.13    0.00    2.48 v _241_/A (sky130_fd_sc_hd__dlymetal6s2s_1)
     3    0.04    0.19    0.30    2.78 v _241_/X (sky130_fd_sc_hd__dlymetal6s2s_1)
                                         _083_ (net)
                  0.19    0.01    2.79 v _242_/A (sky130_fd_sc_hd__buf_1)
     2    0.03    0.19    0.27    3.06 v _242_/X (sky130_fd_sc_hd__buf_1)
                                         _084_ (net)
                  0.19    0.00    3.06 v _254_/A (sky130_fd_sc_hd__nor2_2)
     3    0.04    0.43    0.42    3.48 ^ _254_/Y (sky130_fd_sc_hd__nor2_2)
                                         _096_ (net)
                  0.43    0.00    3.48 ^ _280_/B1 (sky130_fd_sc_hd__a21oi_1)
     2    0.01    0.15    0.16    3.64 v _280_/Y (sky130_fd_sc_hd__a21oi_1)
                                         _122_ (net)
                  0.15    0.00    3.65 v _281_/B (sky130_fd_sc_hd__and2_1)
     1    0.01    0.06    0.23    3.87 v _281_/X (sky130_fd_sc_hd__and2_1)
                                         _123_ (net)
                  0.06    0.00    3.87 v _296_/B1 (sky130_fd_sc_hd__a22o_4)
     9    0.06    0.11    0.30    4.18 v _296_/X (sky130_fd_sc_hd__a22o_4)
                                         _138_ (net)
                  0.11    0.00    4.18 v _402_/A0 (sky130_fd_sc_hd__mux2_1)
     1    0.01    0.08    0.34    4.52 v _402_/X (sky130_fd_sc_hd__mux2_1)
                                         _042_ (net)
                  0.08    0.00    4.52 v _403_/A (sky130_fd_sc_hd__clkbuf_1)
     1    0.01    0.09    0.15    4.67 v _403_/X (sky130_fd_sc_hd__clkbuf_1)
                                         _014_ (net)
                  0.09    0.00    4.67 v _448_/D (sky130_fd_sc_hd__dfxtp_1)
                                  4.67   data arrival time

                         10.00   10.00   clock CLK100MHZ (rise edge)
                          0.00   10.00   clock source latency
     1    0.03    0.00    0.00   10.00 ^ CLK100MHZ (in)
                                         CLK100MHZ (net)
                  0.00    0.00   10.00 ^ clkbuf_0_CLK100MHZ/A (sky130_fd_sc_hd__clkbuf_16)
     2    0.02    0.04    0.11   10.11 ^ clkbuf_0_CLK100MHZ/X (sky130_fd_sc_hd__clkbuf_16)
                                         clknet_0_CLK100MHZ (net)
                  0.04    0.00   10.11 ^ clkbuf_1_0__f_CLK100MHZ/A (sky130_fd_sc_hd__clkbuf_16)
    16    0.07    0.09    0.16   10.27 ^ clkbuf_1_0__f_CLK100MHZ/X (sky130_fd_sc_hd__clkbuf_16)
                                         clknet_1_0__leaf_CLK100MHZ (net)
                  0.09    0.00   10.27 ^ _448_/CLK (sky130_fd_sc_hd__dfxtp_1)
                         -0.20   10.07   clock uncertainty
                          0.00   10.07   clock reconvergence pessimism
                         -0.12    9.96   library setup time
                                  9.96   data required time
-----------------------------------------------------------------------------
                                  9.96   data required time
                                 -4.67   data arrival time
-----------------------------------------------------------------------------
                                  5.28   slack (MET)


Startpoint: _464_ (rising edge-triggered flip-flop clocked by CLK100MHZ)
Endpoint: _458_ (rising edge-triggered flip-flop clocked by CLK100MHZ)
Path Group: CLK100MHZ
Path Type: max
Corner: Typical

Fanout     Cap    Slew   Delay    Time   Description
-----------------------------------------------------------------------------
                          0.00    0.00   clock CLK100MHZ (rise edge)
                          0.00    0.00   clock source latency
     1    0.03    0.00    0.00    0.00 ^ CLK100MHZ (in)
                                         CLK100MHZ (net)
                  0.00    0.00    0.00 ^ clkbuf_0_CLK100MHZ/A (sky130_fd_sc_hd__clkbuf_16)
     2    0.02    0.04    0.11    0.11 ^ clkbuf_0_CLK100MHZ/X (sky130_fd_sc_hd__clkbuf_16)
                                         clknet_0_CLK100MHZ (net)
                  0.04    0.00    0.11 ^ clkbuf_1_0__f_CLK100MHZ/A (sky130_fd_sc_hd__clkbuf_16)
    16    0.07    0.09    0.16    0.27 ^ clkbuf_1_0__f_CLK100MHZ/X (sky130_fd_sc_hd__clkbuf_16)
                                         clknet_1_0__leaf_CLK100MHZ (net)
                  0.09    0.00    0.28 ^ _464_/CLK (sky130_fd_sc_hd__dfrtp_1)
     3    0.03    0.14    0.47    0.75 v _464_/Q (sky130_fd_sc_hd__dfrtp_1)
                                         imem.address[2] (net)
                  0.14    0.00    0.75 v _215_/A (sky130_fd_sc_hd__clkbuf_4)
    10    0.06    0.13    0.26    1.02 v _215_/X (sky130_fd_sc_hd__clkbuf_4)
                                         _060_ (net)
                  0.13    0.01    1.02 v _235_/A_N (sky130_fd_sc_hd__and2b_1)
     1    0.02    0.18    0.32    1.34 ^ _235_/X (sky130_fd_sc_hd__and2b_1)
                                         _077_ (net)
                  0.18    0.00    1.35 ^ _236_/A (sky130_fd_sc_hd__clkbuf_2)
     4    0.05    0.29    0.31    1.66 ^ _236_/X (sky130_fd_sc_hd__clkbuf_2)
                                         _078_ (net)
                  0.29    0.01    1.67 ^ _237_/B (sky130_fd_sc_hd__nand2_1)
     1    0.02    0.18    0.22    1.89 v _237_/Y (sky130_fd_sc_hd__nand2_1)
                                         _079_ (net)
                  0.18    0.00    1.89 v _239_/A3 (sky130_fd_sc_hd__a31o_2)
     5    0.04    0.11    0.39    2.28 v _239_/X (sky130_fd_sc_hd__a31o_2)
                                         _081_ (net)
                  0.11    0.00    2.28 v _240_/A (sky130_fd_sc_hd__buf_1)
     3    0.02    0.13    0.20    2.48 v _240_/X (sky130_fd_sc_hd__buf_1)
                                         _082_ (net)
                  0.13    0.00    2.48 v _241_/A (sky130_fd_sc_hd__dlymetal6s2s_1)
     3    0.04    0.19    0.30    2.78 v _241_/X (sky130_fd_sc_hd__dlymetal6s2s_1)
                                         _083_ (net)
                  0.19    0.01    2.79 v _242_/A (sky130_fd_sc_hd__buf_1)
     2    0.03    0.19    0.27    3.06 v _242_/X (sky130_fd_sc_hd__buf_1)
                                         _084_ (net)
                  0.19    0.00    3.06 v _254_/A (sky130_fd_sc_hd__nor2_2)
     3    0.04    0.43    0.42    3.48 ^ _254_/Y (sky130_fd_sc_hd__nor2_2)
                                         _096_ (net)
                  0.43    0.00    3.48 ^ _280_/B1 (sky130_fd_sc_hd__a21oi_1)
     2    0.01    0.15    0.16    3.64 v _280_/Y (sky130_fd_sc_hd__a21oi_1)
                                         _122_ (net)
                  0.15    0.00    3.65 v _281_/B (sky130_fd_sc_hd__and2_1)
     1    0.01    0.06    0.23    3.87 v _281_/X (sky130_fd_sc_hd__and2_1)
                                         _123_ (net)
                  0.06    0.00    3.87 v _296_/B1 (sky130_fd_sc_hd__a22o_4)
     9    0.06    0.11    0.30    4.18 v _296_/X (sky130_fd_sc_hd__a22o_4)
                                         _138_ (net)
                  0.11    0.01    4.19 v _426_/A1 (sky130_fd_sc_hd__mux2_1)
     1    0.01    0.08    0.35    4.54 v _426_/X (sky130_fd_sc_hd__mux2_1)
                                         _056_ (net)
                  0.08    0.00    4.54 v _427_/A (sky130_fd_sc_hd__clkbuf_1)
     1    0.01    0.06    0.14    4.67 v _427_/X (sky130_fd_sc_hd__clkbuf_1)
                                         _024_ (net)
                  0.06    0.00    4.68 v _458_/D (sky130_fd_sc_hd__dfxtp_1)
                                  4.68   data arrival time

                         10.00   10.00   clock CLK100MHZ (rise edge)
                          0.00   10.00   clock source latency
     1    0.03    0.00    0.00   10.00 ^ CLK100MHZ (in)
                                         CLK100MHZ (net)
                  0.00    0.00   10.00 ^ clkbuf_0_CLK100MHZ/A (sky130_fd_sc_hd__clkbuf_16)
     2    0.02    0.04    0.11   10.11 ^ clkbuf_0_CLK100MHZ/X (sky130_fd_sc_hd__clkbuf_16)
                                         clknet_0_CLK100MHZ (net)
                  0.04    0.00   10.11 ^ clkbuf_1_1__f_CLK100MHZ/A (sky130_fd_sc_hd__clkbuf_16)
    13    0.06    0.08    0.16   10.27 ^ clkbuf_1_1__f_CLK100MHZ/X (sky130_fd_sc_hd__clkbuf_16)
                                         clknet_1_1__leaf_CLK100MHZ (net)
                  0.08    0.00   10.27 ^ _458_/CLK (sky130_fd_sc_hd__dfxtp_1)
                         -0.20   10.07   clock uncertainty
                          0.00   10.07   clock reconvergence pessimism
                         -0.11    9.96   library setup time
                                  9.96   data required time
-----------------------------------------------------------------------------
                                  9.96   data required time
                                 -4.68   data arrival time
-----------------------------------------------------------------------------
                                  5.29   slack (MET)


Startpoint: _462_ (rising edge-triggered flip-flop clocked by CLK100MHZ)
Endpoint: _444_ (rising edge-triggered flip-flop clocked by CLK100MHZ)
Path Group: CLK100MHZ
Path Type: max
Corner: Typical

Fanout     Cap    Slew   Delay    Time   Description
-----------------------------------------------------------------------------
                          0.00    0.00   clock CLK100MHZ (rise edge)
                          0.00    0.00   clock source latency
     1    0.03    0.00    0.00    0.00 ^ CLK100MHZ (in)
                                         CLK100MHZ (net)
                  0.00    0.00    0.00 ^ clkbuf_0_CLK100MHZ/A (sky130_fd_sc_hd__clkbuf_16)
     2    0.02    0.04    0.11    0.11 ^ clkbuf_0_CLK100MHZ/X (sky130_fd_sc_hd__clkbuf_16)
                                         clknet_0_CLK100MHZ (net)
                  0.04    0.00    0.11 ^ clkbuf_1_1__f_CLK100MHZ/A (sky130_fd_sc_hd__clkbuf_16)
    13    0.06    0.08    0.16    0.27 ^ clkbuf_1_1__f_CLK100MHZ/X (sky130_fd_sc_hd__clkbuf_16)
                                         clknet_1_1__leaf_CLK100MHZ (net)
                  0.08    0.00    0.27 ^ _462_/CLK (sky130_fd_sc_hd__dfrtp_2)
     4    0.04    0.21    0.49    0.76 ^ _462_/Q (sky130_fd_sc_hd__dfrtp_2)
                                         imem.address[0] (net)
                  0.21    0.00    0.76 ^ _221_/A (sky130_fd_sc_hd__clkbuf_4)
    10    0.07    0.21    0.31    1.08 ^ _221_/X (sky130_fd_sc_hd__clkbuf_4)
                                         _066_ (net)
                  0.22    0.00    1.08 ^ _222_/A (sky130_fd_sc_hd__clkbuf_4)
     9    0.06    0.19    0.29    1.38 ^ _222_/X (sky130_fd_sc_hd__clkbuf_4)
                                         _067_ (net)
                  0.19    0.01    1.38 ^ _246_/C (sky130_fd_sc_hd__and3b_1)
     1    0.01    0.13    0.25    1.63 ^ _246_/X (sky130_fd_sc_hd__and3b_1)
                                         _088_ (net)
                  0.13    0.00    1.63 ^ _247_/A (sky130_fd_sc_hd__buf_2)
     7    0.06    0.31    0.32    1.95 ^ _247_/X (sky130_fd_sc_hd__buf_2)
                                         _089_ (net)
                  0.31    0.01    1.96 ^ _248_/B (sky130_fd_sc_hd__or2_1)
     1    0.01    0.09    0.19    2.15 ^ _248_/X (sky130_fd_sc_hd__or2_1)
                                         _090_ (net)
                  0.09    0.00    2.15 ^ _249_/A (sky130_fd_sc_hd__clkbuf_2)
     5    0.04    0.24    0.26    2.41 ^ _249_/X (sky130_fd_sc_hd__clkbuf_2)
                                         _091_ (net)
                  0.24    0.00    2.41 ^ _276_/A (sky130_fd_sc_hd__buf_1)
     1    0.01    0.15    0.20    2.61 ^ _276_/X (sky130_fd_sc_hd__buf_1)
                                         _118_ (net)
                  0.15    0.00    2.61 ^ _277_/A (sky130_fd_sc_hd__buf_1)
     1    0.03    0.31    0.29    2.90 ^ _277_/X (sky130_fd_sc_hd__buf_1)
                                         _119_ (net)
                  0.31    0.00    2.90 ^ _278_/A (sky130_fd_sc_hd__clkbuf_1)
     1    0.01    0.16    0.21    3.11 ^ _278_/X (sky130_fd_sc_hd__clkbuf_1)
                                         _120_ (net)
                  0.16    0.00    3.11 ^ _279_/A2 (sky130_fd_sc_hd__a21oi_1)
     2    0.02    0.17    0.18    3.29 v _279_/Y (sky130_fd_sc_hd__a21oi_1)
                                         _121_ (net)
                  0.17    0.00    3.29 v _303_/A0 (sky130_fd_sc_hd__mux2_1)
     1    0.01    0.09    0.37    3.66 v _303_/X (sky130_fd_sc_hd__mux2_1)
                                         _145_ (net)
                  0.09    0.00    3.66 v _306_/A0 (sky130_fd_sc_hd__mux2_1)
     1    0.01    0.09    0.34    4.00 v _306_/X (sky130_fd_sc_hd__mux2_1)
                                         _148_ (net)
                  0.09    0.00    4.00 v _315_/A2_N (sky130_fd_sc_hd__a2bb2o_4)
     9    0.06    0.20    0.32    4.32 ^ _315_/X (sky130_fd_sc_hd__a2bb2o_4)
                                         _157_ (net)
                  0.20    0.01    4.34 ^ _391_/A1 (sky130_fd_sc_hd__mux2_1)
     1    0.00    0.05    0.16    4.50 ^ _391_/X (sky130_fd_sc_hd__mux2_1)
                                         _035_ (net)
                  0.05    0.00    4.50 ^ _392_/A (sky130_fd_sc_hd__clkbuf_1)
     1    0.01    0.14    0.15    4.65 ^ _392_/X (sky130_fd_sc_hd__clkbuf_1)
                                         _010_ (net)
                  0.14    0.00    4.65 ^ _444_/D (sky130_fd_sc_hd__dfxtp_1)
                                  4.65   data arrival time

                         10.00   10.00   clock CLK100MHZ (rise edge)
                          0.00   10.00   clock source latency
     1    0.03    0.00    0.00   10.00 ^ CLK100MHZ (in)
                                         CLK100MHZ (net)
                  0.00    0.00   10.00 ^ clkbuf_0_CLK100MHZ/A (sky130_fd_sc_hd__clkbuf_16)
     2    0.02    0.04    0.11   10.11 ^ clkbuf_0_CLK100MHZ/X (sky130_fd_sc_hd__clkbuf_16)
                                         clknet_0_CLK100MHZ (net)
                  0.04    0.00   10.11 ^ clkbuf_1_1__f_CLK100MHZ/A (sky130_fd_sc_hd__clkbuf_16)
    13    0.06    0.08    0.16   10.27 ^ clkbuf_1_1__f_CLK100MHZ/X (sky130_fd_sc_hd__clkbuf_16)
                                         clknet_1_1__leaf_CLK100MHZ (net)
                  0.08    0.00   10.27 ^ _444_/CLK (sky130_fd_sc_hd__dfxtp_1)
                         -0.20   10.07   clock uncertainty
                          0.00   10.07   clock reconvergence pessimism
                         -0.07   10.00   library setup time
                                 10.00   data required time
-----------------------------------------------------------------------------
                                 10.00   data required time
                                 -4.65   data arrival time
-----------------------------------------------------------------------------
                                  5.36   slack (MET)


Startpoint: _464_ (rising edge-triggered flip-flop clocked by CLK100MHZ)
Endpoint: _442_ (rising edge-triggered flip-flop clocked by CLK100MHZ)
Path Group: CLK100MHZ
Path Type: max
Corner: Typical

Fanout     Cap    Slew   Delay    Time   Description
-----------------------------------------------------------------------------
                          0.00    0.00   clock CLK100MHZ (rise edge)
                          0.00    0.00   clock source latency
     1    0.03    0.00    0.00    0.00 ^ CLK100MHZ (in)
                                         CLK100MHZ (net)
                  0.00    0.00    0.00 ^ clkbuf_0_CLK100MHZ/A (sky130_fd_sc_hd__clkbuf_16)
     2    0.02    0.04    0.11    0.11 ^ clkbuf_0_CLK100MHZ/X (sky130_fd_sc_hd__clkbuf_16)
                                         clknet_0_CLK100MHZ (net)
                  0.04    0.00    0.11 ^ clkbuf_1_0__f_CLK100MHZ/A (sky130_fd_sc_hd__clkbuf_16)
    16    0.07    0.09    0.16    0.27 ^ clkbuf_1_0__f_CLK100MHZ/X (sky130_fd_sc_hd__clkbuf_16)
                                         clknet_1_0__leaf_CLK100MHZ (net)
                  0.09    0.00    0.28 ^ _464_/CLK (sky130_fd_sc_hd__dfrtp_1)
     3    0.03    0.25    0.49    0.76 ^ _464_/Q (sky130_fd_sc_hd__dfrtp_1)
                                         imem.address[2] (net)
                  0.25    0.00    0.76 ^ _215_/A (sky130_fd_sc_hd__clkbuf_4)
    10    0.06    0.19    0.31    1.08 ^ _215_/X (sky130_fd_sc_hd__clkbuf_4)
                                         _060_ (net)
                  0.19    0.01    1.08 ^ _235_/A_N (sky130_fd_sc_hd__and2b_1)
     1    0.02    0.10    0.27    1.35 v _235_/X (sky130_fd_sc_hd__and2b_1)
                                         _077_ (net)
                  0.10    0.00    1.36 v _236_/A (sky130_fd_sc_hd__clkbuf_2)
     4    0.05    0.19    0.26    1.61 v _236_/X (sky130_fd_sc_hd__clkbuf_2)
                                         _078_ (net)
                  0.19    0.01    1.62 v _237_/B (sky130_fd_sc_hd__nand2_1)
     1    0.02    0.22    0.25    1.87 ^ _237_/Y (sky130_fd_sc_hd__nand2_1)
                                         _079_ (net)
                  0.22    0.00    1.87 ^ _239_/A3 (sky130_fd_sc_hd__a31o_2)
     5    0.04    0.23    0.33    2.20 ^ _239_/X (sky130_fd_sc_hd__a31o_2)
                                         _081_ (net)
                  0.23    0.00    2.20 ^ _240_/A (sky130_fd_sc_hd__buf_1)
     3    0.02    0.27    0.28    2.48 ^ _240_/X (sky130_fd_sc_hd__buf_1)
                                         _082_ (net)
                  0.27    0.00    2.48 ^ _241_/A (sky130_fd_sc_hd__dlymetal6s2s_1)
     3    0.04    0.38    0.38    2.87 ^ _241_/X (sky130_fd_sc_hd__dlymetal6s2s_1)
                                         _083_ (net)
                  0.38    0.00    2.87 ^ _275_/A (sky130_fd_sc_hd__buf_1)
     2    0.02    0.19    0.23    3.10 ^ _275_/X (sky130_fd_sc_hd__buf_1)
                                         _117_ (net)
                  0.19    0.00    3.11 ^ _304_/A (sky130_fd_sc_hd__nand2_1)
     2    0.03    0.22    0.23    3.34 v _304_/Y (sky130_fd_sc_hd__nand2_1)
                                         _146_ (net)
                  0.22    0.00    3.34 v _341_/A2 (sky130_fd_sc_hd__a21oi_1)
     1    0.02    0.52    0.51    3.85 ^ _341_/Y (sky130_fd_sc_hd__a21oi_1)
                                         _183_ (net)
                  0.52    0.00    3.85 ^ _342_/B1 (sky130_fd_sc_hd__a31o_2)
     9    0.05    0.31    0.38    4.23 ^ _342_/X (sky130_fd_sc_hd__a31o_2)
                                         _184_ (net)
                  0.31    0.00    4.23 ^ _387_/A1 (sky130_fd_sc_hd__mux2_1)
     1    0.01    0.14    0.26    4.50 ^ _387_/X (sky130_fd_sc_hd__mux2_1)
                                         _033_ (net)
                  0.14    0.00    4.50 ^ _388_/A (sky130_fd_sc_hd__clkbuf_1)
     1    0.01    0.10    0.14    4.64 ^ _388_/X (sky130_fd_sc_hd__clkbuf_1)
                                         _008_ (net)
                  0.10    0.00    4.64 ^ _442_/D (sky130_fd_sc_hd__dfxtp_1)
                                  4.64   data arrival time

                         10.00   10.00   clock CLK100MHZ (rise edge)
                          0.00   10.00   clock source latency
     1    0.03    0.00    0.00   10.00 ^ CLK100MHZ (in)
                                         CLK100MHZ (net)
                  0.00    0.00   10.00 ^ clkbuf_0_CLK100MHZ/A (sky130_fd_sc_hd__clkbuf_16)
     2    0.02    0.04    0.11   10.11 ^ clkbuf_0_CLK100MHZ/X (sky130_fd_sc_hd__clkbuf_16)
                                         clknet_0_CLK100MHZ (net)
                  0.04    0.00   10.11 ^ clkbuf_1_1__f_CLK100MHZ/A (sky130_fd_sc_hd__clkbuf_16)
    13    0.06    0.08    0.16   10.27 ^ clkbuf_1_1__f_CLK100MHZ/X (sky130_fd_sc_hd__clkbuf_16)
                                         clknet_1_1__leaf_CLK100MHZ (net)
                  0.08    0.00   10.27 ^ _442_/CLK (sky130_fd_sc_hd__dfxtp_1)
                         -0.20   10.07   clock uncertainty
                          0.00   10.07   clock reconvergence pessimism
                         -0.06   10.01   library setup time
                                 10.01   data required time
-----------------------------------------------------------------------------
                                 10.01   data required time
                                 -4.64   data arrival time
-----------------------------------------------------------------------------
                                  5.37   slack (MET)


Startpoint: _464_ (rising edge-triggered flip-flop clocked by CLK100MHZ)
Endpoint: _437_ (rising edge-triggered flip-flop clocked by CLK100MHZ)
Path Group: CLK100MHZ
Path Type: max
Corner: Typical

Fanout     Cap    Slew   Delay    Time   Description
-----------------------------------------------------------------------------
                          0.00    0.00   clock CLK100MHZ (rise edge)
                          0.00    0.00   clock source latency
     1    0.03    0.00    0.00    0.00 ^ CLK100MHZ (in)
                                         CLK100MHZ (net)
                  0.00    0.00    0.00 ^ clkbuf_0_CLK100MHZ/A (sky130_fd_sc_hd__clkbuf_16)
     2    0.02    0.04    0.11    0.11 ^ clkbuf_0_CLK100MHZ/X (sky130_fd_sc_hd__clkbuf_16)
                                         clknet_0_CLK100MHZ (net)
                  0.04    0.00    0.11 ^ clkbuf_1_0__f_CLK100MHZ/A (sky130_fd_sc_hd__clkbuf_16)
    16    0.07    0.09    0.16    0.27 ^ clkbuf_1_0__f_CLK100MHZ/X (sky130_fd_sc_hd__clkbuf_16)
                                         clknet_1_0__leaf_CLK100MHZ (net)
                  0.09    0.00    0.28 ^ _464_/CLK (sky130_fd_sc_hd__dfrtp_1)
     3    0.03    0.25    0.49    0.76 ^ _464_/Q (sky130_fd_sc_hd__dfrtp_1)
                                         imem.address[2] (net)
                  0.25    0.00    0.76 ^ _215_/A (sky130_fd_sc_hd__clkbuf_4)
    10    0.06    0.19    0.31    1.08 ^ _215_/X (sky130_fd_sc_hd__clkbuf_4)
                                         _060_ (net)
                  0.19    0.01    1.08 ^ _235_/A_N (sky130_fd_sc_hd__and2b_1)
     1    0.02    0.10    0.27    1.35 v _235_/X (sky130_fd_sc_hd__and2b_1)
                                         _077_ (net)
                  0.10    0.00    1.36 v _236_/A (sky130_fd_sc_hd__clkbuf_2)
     4    0.05    0.19    0.26    1.61 v _236_/X (sky130_fd_sc_hd__clkbuf_2)
                                         _078_ (net)
                  0.19    0.01    1.62 v _237_/B (sky130_fd_sc_hd__nand2_1)
     1    0.02    0.22    0.25    1.87 ^ _237_/Y (sky130_fd_sc_hd__nand2_1)
                                         _079_ (net)
                  0.22    0.00    1.87 ^ _239_/A3 (sky130_fd_sc_hd__a31o_2)
     5    0.04    0.23    0.33    2.20 ^ _239_/X (sky130_fd_sc_hd__a31o_2)
                                         _081_ (net)
                  0.23    0.00    2.20 ^ _240_/A (sky130_fd_sc_hd__buf_1)
     3    0.02    0.27    0.28    2.48 ^ _240_/X (sky130_fd_sc_hd__buf_1)
                                         _082_ (net)
                  0.27    0.00    2.48 ^ _241_/A (sky130_fd_sc_hd__dlymetal6s2s_1)
     3    0.04    0.38    0.38    2.87 ^ _241_/X (sky130_fd_sc_hd__dlymetal6s2s_1)
                                         _083_ (net)
                  0.38    0.00    2.87 ^ _275_/A (sky130_fd_sc_hd__buf_1)
     2    0.02    0.19    0.23    3.10 ^ _275_/X (sky130_fd_sc_hd__buf_1)
                                         _117_ (net)
                  0.19    0.00    3.11 ^ _304_/A (sky130_fd_sc_hd__nand2_1)
     2    0.03    0.22    0.23    3.34 v _304_/Y (sky130_fd_sc_hd__nand2_1)
                                         _146_ (net)
                  0.22    0.00    3.34 v _341_/A2 (sky130_fd_sc_hd__a21oi_1)
     1    0.02    0.52    0.51    3.85 ^ _341_/Y (sky130_fd_sc_hd__a21oi_1)
                                         _183_ (net)
                  0.52    0.00    3.85 ^ _342_/B1 (sky130_fd_sc_hd__a31o_2)
     9    0.05    0.31    0.38    4.23 ^ _342_/X (sky130_fd_sc_hd__a31o_2)
                                         _184_ (net)
                  0.31    0.00    4.23 ^ _365_/A1 (sky130_fd_sc_hd__mux2_1)
     1    0.01    0.10    0.24    4.47 ^ _365_/X (sky130_fd_sc_hd__mux2_1)
                                         _200_ (net)
                  0.10    0.00    4.47 ^ _366_/A (sky130_fd_sc_hd__clkbuf_1)
     1    0.01    0.11    0.14    4.61 ^ _366_/X (sky130_fd_sc_hd__clkbuf_1)
                                         _003_ (net)
                  0.11    0.00    4.61 ^ _437_/D (sky130_fd_sc_hd__dfxtp_1)
                                  4.61   data arrival time

                         10.00   10.00   clock CLK100MHZ (rise edge)
                          0.00   10.00   clock source latency
     1    0.03    0.00    0.00   10.00 ^ CLK100MHZ (in)
                                         CLK100MHZ (net)
                  0.00    0.00   10.00 ^ clkbuf_0_CLK100MHZ/A (sky130_fd_sc_hd__clkbuf_16)
     2    0.02    0.04    0.11   10.11 ^ clkbuf_0_CLK100MHZ/X (sky130_fd_sc_hd__clkbuf_16)
                                         clknet_0_CLK100MHZ (net)
                  0.04    0.00   10.11 ^ clkbuf_1_0__f_CLK100MHZ/A (sky130_fd_sc_hd__clkbuf_16)
    16    0.07    0.09    0.16   10.27 ^ clkbuf_1_0__f_CLK100MHZ/X (sky130_fd_sc_hd__clkbuf_16)
                                         clknet_1_0__leaf_CLK100MHZ (net)
                  0.09    0.00   10.27 ^ _437_/CLK (sky130_fd_sc_hd__dfxtp_1)
                         -0.20   10.07   clock uncertainty
                          0.00   10.07   clock reconvergence pessimism
                         -0.06   10.01   library setup time
                                 10.01   data required time
-----------------------------------------------------------------------------
                                 10.01   data required time
                                 -4.61   data arrival time
-----------------------------------------------------------------------------
                                  5.40   slack (MET)


Startpoint: _464_ (rising edge-triggered flip-flop clocked by CLK100MHZ)
Endpoint: _454_ (rising edge-triggered flip-flop clocked by CLK100MHZ)
Path Group: CLK100MHZ
Path Type: max
Corner: Typical

Fanout     Cap    Slew   Delay    Time   Description
-----------------------------------------------------------------------------
                          0.00    0.00   clock CLK100MHZ (rise edge)
                          0.00    0.00   clock source latency
     1    0.03    0.00    0.00    0.00 ^ CLK100MHZ (in)
                                         CLK100MHZ (net)
                  0.00    0.00    0.00 ^ clkbuf_0_CLK100MHZ/A (sky130_fd_sc_hd__clkbuf_16)
     2    0.02    0.04    0.11    0.11 ^ clkbuf_0_CLK100MHZ/X (sky130_fd_sc_hd__clkbuf_16)
                                         clknet_0_CLK100MHZ (net)
                  0.04    0.00    0.11 ^ clkbuf_1_0__f_CLK100MHZ/A (sky130_fd_sc_hd__clkbuf_16)
    16    0.07    0.09    0.16    0.27 ^ clkbuf_1_0__f_CLK100MHZ/X (sky130_fd_sc_hd__clkbuf_16)
                                         clknet_1_0__leaf_CLK100MHZ (net)
                  0.09    0.00    0.28 ^ _464_/CLK (sky130_fd_sc_hd__dfrtp_1)
     3    0.03    0.25    0.49    0.76 ^ _464_/Q (sky130_fd_sc_hd__dfrtp_1)
                                         imem.address[2] (net)
                  0.25    0.00    0.76 ^ _215_/A (sky130_fd_sc_hd__clkbuf_4)
    10    0.06    0.19    0.31    1.08 ^ _215_/X (sky130_fd_sc_hd__clkbuf_4)
                                         _060_ (net)
                  0.19    0.00    1.08 ^ _216_/A (sky130_fd_sc_hd__clkbuf_2)
     5    0.04    0.25    0.29    1.37 ^ _216_/X (sky130_fd_sc_hd__clkbuf_2)
                                         _061_ (net)
                  0.25    0.00    1.38 ^ _217_/A (sky130_fd_sc_hd__clkbuf_1)
     1    0.01    0.15    0.19    1.57 ^ _217_/X (sky130_fd_sc_hd__clkbuf_1)
                                         _062_ (net)
                  0.15    0.00    1.57 ^ _218_/A (sky130_fd_sc_hd__buf_1)
     1    0.03    0.39    0.35    1.92 ^ _218_/X (sky130_fd_sc_hd__buf_1)
                                         _063_ (net)
                  0.39    0.00    1.93 ^ _219_/A (sky130_fd_sc_hd__buf_2)
     6    0.06    0.30    0.37    2.30 ^ _219_/X (sky130_fd_sc_hd__buf_2)
                                         _064_ (net)
                  0.30    0.01    2.30 ^ _410_/A (sky130_fd_sc_hd__nand3_1)
     1    0.02    0.24    0.28    2.58 v _410_/Y (sky130_fd_sc_hd__nand3_1)
                                         _046_ (net)
                  0.24    0.00    2.58 v _411_/A (sky130_fd_sc_hd__clkbuf_2)
     5    0.05    0.19    0.31    2.90 v _411_/X (sky130_fd_sc_hd__clkbuf_2)
                                         _047_ (net)
                  0.19    0.00    2.90 v _416_/B (sky130_fd_sc_hd__and2_1)
     1    0.02    0.12    0.30    3.20 v _416_/X (sky130_fd_sc_hd__and2_1)
                                         _050_ (net)
                  0.12    0.00    3.21 v _417_/A (sky130_fd_sc_hd__buf_1)
     1    0.01    0.09    0.17    3.38 v _417_/X (sky130_fd_sc_hd__buf_1)
                                         _020_ (net)
                  0.09    0.00    3.38 v _454_/D (sky130_fd_sc_hd__dfxtp_1)
                                  3.38   data arrival time

                         10.00   10.00   clock CLK100MHZ (rise edge)
                          0.00   10.00   clock source latency
     1    0.03    0.00    0.00   10.00 ^ CLK100MHZ (in)
                                         CLK100MHZ (net)
                  0.00    0.00   10.00 ^ clkbuf_0_CLK100MHZ/A (sky130_fd_sc_hd__clkbuf_16)
     2    0.02    0.04    0.11   10.11 ^ clkbuf_0_CLK100MHZ/X (sky130_fd_sc_hd__clkbuf_16)
                                         clknet_0_CLK100MHZ (net)
                  0.04    0.00   10.11 ^ clkbuf_1_0__f_CLK100MHZ/A (sky130_fd_sc_hd__clkbuf_16)
    16    0.07    0.09    0.16   10.27 ^ clkbuf_1_0__f_CLK100MHZ/X (sky130_fd_sc_hd__clkbuf_16)
                                         clknet_1_0__leaf_CLK100MHZ (net)
                  0.09    0.01   10.28 ^ _454_/CLK (sky130_fd_sc_hd__dfxtp_1)
                         -0.20   10.08   clock uncertainty
                          0.00   10.08   clock reconvergence pessimism
                         -0.12    9.96   library setup time
                                  9.96   data required time
-----------------------------------------------------------------------------
                                  9.96   data required time
                                 -3.38   data arrival time
-----------------------------------------------------------------------------
                                  6.58   slack (MET)


Startpoint: _464_ (rising edge-triggered flip-flop clocked by CLK100MHZ)
Endpoint: _456_ (rising edge-triggered flip-flop clocked by CLK100MHZ)
Path Group: CLK100MHZ
Path Type: max
Corner: Typical

Fanout     Cap    Slew   Delay    Time   Description
-----------------------------------------------------------------------------
                          0.00    0.00   clock CLK100MHZ (rise edge)
                          0.00    0.00   clock source latency
     1    0.03    0.00    0.00    0.00 ^ CLK100MHZ (in)
                                         CLK100MHZ (net)
                  0.00    0.00    0.00 ^ clkbuf_0_CLK100MHZ/A (sky130_fd_sc_hd__clkbuf_16)
     2    0.02    0.04    0.11    0.11 ^ clkbuf_0_CLK100MHZ/X (sky130_fd_sc_hd__clkbuf_16)
                                         clknet_0_CLK100MHZ (net)
                  0.04    0.00    0.11 ^ clkbuf_1_0__f_CLK100MHZ/A (sky130_fd_sc_hd__clkbuf_16)
    16    0.07    0.09    0.16    0.27 ^ clkbuf_1_0__f_CLK100MHZ/X (sky130_fd_sc_hd__clkbuf_16)
                                         clknet_1_0__leaf_CLK100MHZ (net)
                  0.09    0.00    0.28 ^ _464_/CLK (sky130_fd_sc_hd__dfrtp_1)
     3    0.03    0.25    0.49    0.76 ^ _464_/Q (sky130_fd_sc_hd__dfrtp_1)
                                         imem.address[2] (net)
                  0.25    0.00    0.76 ^ _215_/A (sky130_fd_sc_hd__clkbuf_4)
    10    0.06    0.19    0.31    1.08 ^ _215_/X (sky130_fd_sc_hd__clkbuf_4)
                                         _060_ (net)
                  0.19    0.00    1.08 ^ _216_/A (sky130_fd_sc_hd__clkbuf_2)
     5    0.04    0.25    0.29    1.37 ^ _216_/X (sky130_fd_sc_hd__clkbuf_2)
                                         _061_ (net)
                  0.25    0.00    1.38 ^ _217_/A (sky130_fd_sc_hd__clkbuf_1)
     1    0.01    0.15    0.19    1.57 ^ _217_/X (sky130_fd_sc_hd__clkbuf_1)
                                         _062_ (net)
                  0.15    0.00    1.57 ^ _218_/A (sky130_fd_sc_hd__buf_1)
     1    0.03    0.39    0.35    1.92 ^ _218_/X (sky130_fd_sc_hd__buf_1)
                                         _063_ (net)
                  0.39    0.00    1.93 ^ _219_/A (sky130_fd_sc_hd__buf_2)
     6    0.06    0.30    0.37    2.30 ^ _219_/X (sky130_fd_sc_hd__buf_2)
                                         _064_ (net)
                  0.30    0.01    2.30 ^ _410_/A (sky130_fd_sc_hd__nand3_1)
     1    0.02    0.24    0.28    2.58 v _410_/Y (sky130_fd_sc_hd__nand3_1)
                                         _046_ (net)
                  0.24    0.00    2.58 v _411_/A (sky130_fd_sc_hd__clkbuf_2)
     5    0.05    0.19    0.31    2.90 v _411_/X (sky130_fd_sc_hd__clkbuf_2)
                                         _047_ (net)
                  0.19    0.00    2.90 v _420_/B (sky130_fd_sc_hd__and2_1)
     1    0.01    0.06    0.24    3.14 v _420_/X (sky130_fd_sc_hd__and2_1)
                                         _052_ (net)
                  0.06    0.00    3.14 v _421_/A (sky130_fd_sc_hd__clkbuf_1)
     1    0.02    0.12    0.16    3.31 v _421_/X (sky130_fd_sc_hd__clkbuf_1)
                                         _022_ (net)
                  0.12    0.00    3.31 v _456_/D (sky130_fd_sc_hd__dfxtp_1)
                                  3.31   data arrival time

                         10.00   10.00   clock CLK100MHZ (rise edge)
                          0.00   10.00   clock source latency
     1    0.03    0.00    0.00   10.00 ^ CLK100MHZ (in)
                                         CLK100MHZ (net)
                  0.00    0.00   10.00 ^ clkbuf_0_CLK100MHZ/A (sky130_fd_sc_hd__clkbuf_16)
     2    0.02    0.04    0.11   10.11 ^ clkbuf_0_CLK100MHZ/X (sky130_fd_sc_hd__clkbuf_16)
                                         clknet_0_CLK100MHZ (net)
                  0.04    0.00   10.11 ^ clkbuf_1_1__f_CLK100MHZ/A (sky130_fd_sc_hd__clkbuf_16)
    13    0.06    0.08    0.16   10.27 ^ clkbuf_1_1__f_CLK100MHZ/X (sky130_fd_sc_hd__clkbuf_16)
                                         clknet_1_1__leaf_CLK100MHZ (net)
                  0.08    0.00   10.27 ^ _456_/CLK (sky130_fd_sc_hd__dfxtp_1)
                         -0.20   10.07   clock uncertainty
                          0.00   10.07   clock reconvergence pessimism
                         -0.13    9.94   library setup time
                                  9.94   data required time
-----------------------------------------------------------------------------
                                  9.94   data required time
                                 -3.31   data arrival time
-----------------------------------------------------------------------------
                                  6.63   slack (MET)


Startpoint: _464_ (rising edge-triggered flip-flop clocked by CLK100MHZ)
Endpoint: _452_ (rising edge-triggered flip-flop clocked by CLK100MHZ)
Path Group: CLK100MHZ
Path Type: max
Corner: Typical

Fanout     Cap    Slew   Delay    Time   Description
-----------------------------------------------------------------------------
                          0.00    0.00   clock CLK100MHZ (rise edge)
                          0.00    0.00   clock source latency
     1    0.03    0.00    0.00    0.00 ^ CLK100MHZ (in)
                                         CLK100MHZ (net)
                  0.00    0.00    0.00 ^ clkbuf_0_CLK100MHZ/A (sky130_fd_sc_hd__clkbuf_16)
     2    0.02    0.04    0.11    0.11 ^ clkbuf_0_CLK100MHZ/X (sky130_fd_sc_hd__clkbuf_16)
                                         clknet_0_CLK100MHZ (net)
                  0.04    0.00    0.11 ^ clkbuf_1_0__f_CLK100MHZ/A (sky130_fd_sc_hd__clkbuf_16)
    16    0.07    0.09    0.16    0.27 ^ clkbuf_1_0__f_CLK100MHZ/X (sky130_fd_sc_hd__clkbuf_16)
                                         clknet_1_0__leaf_CLK100MHZ (net)
                  0.09    0.00    0.28 ^ _464_/CLK (sky130_fd_sc_hd__dfrtp_1)
     3    0.03    0.25    0.49    0.76 ^ _464_/Q (sky130_fd_sc_hd__dfrtp_1)
                                         imem.address[2] (net)
                  0.25    0.00    0.76 ^ _215_/A (sky130_fd_sc_hd__clkbuf_4)
    10    0.06    0.19    0.31    1.08 ^ _215_/X (sky130_fd_sc_hd__clkbuf_4)
                                         _060_ (net)
                  0.19    0.00    1.08 ^ _216_/A (sky130_fd_sc_hd__clkbuf_2)
     5    0.04    0.25    0.29    1.37 ^ _216_/X (sky130_fd_sc_hd__clkbuf_2)
                                         _061_ (net)
                  0.25    0.00    1.38 ^ _217_/A (sky130_fd_sc_hd__clkbuf_1)
     1    0.01    0.15    0.19    1.57 ^ _217_/X (sky130_fd_sc_hd__clkbuf_1)
                                         _062_ (net)
                  0.15    0.00    1.57 ^ _218_/A (sky130_fd_sc_hd__buf_1)
     1    0.03    0.39    0.35    1.92 ^ _218_/X (sky130_fd_sc_hd__buf_1)
                                         _063_ (net)
                  0.39    0.00    1.93 ^ _219_/A (sky130_fd_sc_hd__buf_2)
     6    0.06    0.30    0.37    2.30 ^ _219_/X (sky130_fd_sc_hd__buf_2)
                                         _064_ (net)
                  0.30    0.01    2.30 ^ _410_/A (sky130_fd_sc_hd__nand3_1)
     1    0.02    0.24    0.28    2.58 v _410_/Y (sky130_fd_sc_hd__nand3_1)
                                         _046_ (net)
                  0.24    0.00    2.58 v _411_/A (sky130_fd_sc_hd__clkbuf_2)
     5    0.05    0.19    0.31    2.90 v _411_/X (sky130_fd_sc_hd__clkbuf_2)
                                         _047_ (net)
                  0.19    0.00    2.90 v _412_/B (sky130_fd_sc_hd__and2_1)
     1    0.02    0.11    0.29    3.19 v _412_/X (sky130_fd_sc_hd__and2_1)
                                         _048_ (net)
                  0.11    0.00    3.19 v _413_/A (sky130_fd_sc_hd__clkbuf_1)
     1    0.01    0.04    0.13    3.32 v _413_/X (sky130_fd_sc_hd__clkbuf_1)
                                         _018_ (net)
                  0.04    0.00    3.32 v _452_/D (sky130_fd_sc_hd__dfxtp_1)
                                  3.32   data arrival time

                         10.00   10.00   clock CLK100MHZ (rise edge)
                          0.00   10.00   clock source latency
     1    0.03    0.00    0.00   10.00 ^ CLK100MHZ (in)
                                         CLK100MHZ (net)
                  0.00    0.00   10.00 ^ clkbuf_0_CLK100MHZ/A (sky130_fd_sc_hd__clkbuf_16)
     2    0.02    0.04    0.11   10.11 ^ clkbuf_0_CLK100MHZ/X (sky130_fd_sc_hd__clkbuf_16)
                                         clknet_0_CLK100MHZ (net)
                  0.04    0.00   10.11 ^ clkbuf_1_1__f_CLK100MHZ/A (sky130_fd_sc_hd__clkbuf_16)
    13    0.06    0.08    0.16   10.27 ^ clkbuf_1_1__f_CLK100MHZ/X (sky130_fd_sc_hd__clkbuf_16)
                                         clknet_1_1__leaf_CLK100MHZ (net)
                  0.08    0.00   10.27 ^ _452_/CLK (sky130_fd_sc_hd__dfxtp_1)
                         -0.20   10.07   clock uncertainty
                          0.00   10.07   clock reconvergence pessimism
                         -0.10    9.97   library setup time
                                  9.97   data required time
-----------------------------------------------------------------------------
                                  9.97   data required time
                                 -3.32   data arrival time
-----------------------------------------------------------------------------
                                  6.65   slack (MET)


Startpoint: _464_ (rising edge-triggered flip-flop clocked by CLK100MHZ)
Endpoint: _453_ (rising edge-triggered flip-flop clocked by CLK100MHZ)
Path Group: CLK100MHZ
Path Type: max
Corner: Typical

Fanout     Cap    Slew   Delay    Time   Description
-----------------------------------------------------------------------------
                          0.00    0.00   clock CLK100MHZ (rise edge)
                          0.00    0.00   clock source latency
     1    0.03    0.00    0.00    0.00 ^ CLK100MHZ (in)
                                         CLK100MHZ (net)
                  0.00    0.00    0.00 ^ clkbuf_0_CLK100MHZ/A (sky130_fd_sc_hd__clkbuf_16)
     2    0.02    0.04    0.11    0.11 ^ clkbuf_0_CLK100MHZ/X (sky130_fd_sc_hd__clkbuf_16)
                                         clknet_0_CLK100MHZ (net)
                  0.04    0.00    0.11 ^ clkbuf_1_0__f_CLK100MHZ/A (sky130_fd_sc_hd__clkbuf_16)
    16    0.07    0.09    0.16    0.27 ^ clkbuf_1_0__f_CLK100MHZ/X (sky130_fd_sc_hd__clkbuf_16)
                                         clknet_1_0__leaf_CLK100MHZ (net)
                  0.09    0.00    0.28 ^ _464_/CLK (sky130_fd_sc_hd__dfrtp_1)
     3    0.03    0.25    0.49    0.76 ^ _464_/Q (sky130_fd_sc_hd__dfrtp_1)
                                         imem.address[2] (net)
                  0.25    0.00    0.76 ^ _215_/A (sky130_fd_sc_hd__clkbuf_4)
    10    0.06    0.19    0.31    1.08 ^ _215_/X (sky130_fd_sc_hd__clkbuf_4)
                                         _060_ (net)
                  0.19    0.00    1.08 ^ _216_/A (sky130_fd_sc_hd__clkbuf_2)
     5    0.04    0.25    0.29    1.37 ^ _216_/X (sky130_fd_sc_hd__clkbuf_2)
                                         _061_ (net)
                  0.25    0.00    1.38 ^ _217_/A (sky130_fd_sc_hd__clkbuf_1)
     1    0.01    0.15    0.19    1.57 ^ _217_/X (sky130_fd_sc_hd__clkbuf_1)
                                         _062_ (net)
                  0.15    0.00    1.57 ^ _218_/A (sky130_fd_sc_hd__buf_1)
     1    0.03    0.39    0.35    1.92 ^ _218_/X (sky130_fd_sc_hd__buf_1)
                                         _063_ (net)
                  0.39    0.00    1.93 ^ _219_/A (sky130_fd_sc_hd__buf_2)
     6    0.06    0.30    0.37    2.30 ^ _219_/X (sky130_fd_sc_hd__buf_2)
                                         _064_ (net)
                  0.30    0.01    2.30 ^ _410_/A (sky130_fd_sc_hd__nand3_1)
     1    0.02    0.24    0.28    2.58 v _410_/Y (sky130_fd_sc_hd__nand3_1)
                                         _046_ (net)
                  0.24    0.00    2.58 v _411_/A (sky130_fd_sc_hd__clkbuf_2)
     5    0.05    0.19    0.31    2.90 v _411_/X (sky130_fd_sc_hd__clkbuf_2)
                                         _047_ (net)
                  0.19    0.00    2.90 v _414_/B (sky130_fd_sc_hd__and2_1)
     1    0.01    0.06    0.24    3.14 v _414_/X (sky130_fd_sc_hd__and2_1)
                                         _049_ (net)
                  0.06    0.00    3.14 v _415_/A (sky130_fd_sc_hd__clkbuf_1)
     1    0.01    0.05    0.11    3.26 v _415_/X (sky130_fd_sc_hd__clkbuf_1)
                                         _019_ (net)
                  0.05    0.00    3.26 v _453_/D (sky130_fd_sc_hd__dfxtp_1)
                                  3.26   data arrival time

                         10.00   10.00   clock CLK100MHZ (rise edge)
                          0.00   10.00   clock source latency
     1    0.03    0.00    0.00   10.00 ^ CLK100MHZ (in)
                                         CLK100MHZ (net)
                  0.00    0.00   10.00 ^ clkbuf_0_CLK100MHZ/A (sky130_fd_sc_hd__clkbuf_16)
     2    0.02    0.04    0.11   10.11 ^ clkbuf_0_CLK100MHZ/X (sky130_fd_sc_hd__clkbuf_16)
                                         clknet_0_CLK100MHZ (net)
                  0.04    0.00   10.11 ^ clkbuf_1_0__f_CLK100MHZ/A (sky130_fd_sc_hd__clkbuf_16)
    16    0.07    0.09    0.16   10.27 ^ clkbuf_1_0__f_CLK100MHZ/X (sky130_fd_sc_hd__clkbuf_16)
                                         clknet_1_0__leaf_CLK100MHZ (net)
                  0.09    0.00   10.27 ^ _453_/CLK (sky130_fd_sc_hd__dfxtp_1)
                         -0.20   10.07   clock uncertainty
                          0.00   10.07   clock reconvergence pessimism
                         -0.10    9.97   library setup time
                                  9.97   data required time
-----------------------------------------------------------------------------
                                  9.97   data required time
                                 -3.26   data arrival time
-----------------------------------------------------------------------------
                                  6.71   slack (MET)


Startpoint: _464_ (rising edge-triggered flip-flop clocked by CLK100MHZ)
Endpoint: _455_ (rising edge-triggered flip-flop clocked by CLK100MHZ)
Path Group: CLK100MHZ
Path Type: max
Corner: Typical

Fanout     Cap    Slew   Delay    Time   Description
-----------------------------------------------------------------------------
                          0.00    0.00   clock CLK100MHZ (rise edge)
                          0.00    0.00   clock source latency
     1    0.03    0.00    0.00    0.00 ^ CLK100MHZ (in)
                                         CLK100MHZ (net)
                  0.00    0.00    0.00 ^ clkbuf_0_CLK100MHZ/A (sky130_fd_sc_hd__clkbuf_16)
     2    0.02    0.04    0.11    0.11 ^ clkbuf_0_CLK100MHZ/X (sky130_fd_sc_hd__clkbuf_16)
                                         clknet_0_CLK100MHZ (net)
                  0.04    0.00    0.11 ^ clkbuf_1_0__f_CLK100MHZ/A (sky130_fd_sc_hd__clkbuf_16)
    16    0.07    0.09    0.16    0.27 ^ clkbuf_1_0__f_CLK100MHZ/X (sky130_fd_sc_hd__clkbuf_16)
                                         clknet_1_0__leaf_CLK100MHZ (net)
                  0.09    0.00    0.28 ^ _464_/CLK (sky130_fd_sc_hd__dfrtp_1)
     3    0.03    0.25    0.49    0.76 ^ _464_/Q (sky130_fd_sc_hd__dfrtp_1)
                                         imem.address[2] (net)
                  0.25    0.00    0.76 ^ _215_/A (sky130_fd_sc_hd__clkbuf_4)
    10    0.06    0.19    0.31    1.08 ^ _215_/X (sky130_fd_sc_hd__clkbuf_4)
                                         _060_ (net)
                  0.19    0.00    1.08 ^ _216_/A (sky130_fd_sc_hd__clkbuf_2)
     5    0.04    0.25    0.29    1.37 ^ _216_/X (sky130_fd_sc_hd__clkbuf_2)
                                         _061_ (net)
                  0.25    0.00    1.38 ^ _217_/A (sky130_fd_sc_hd__clkbuf_1)
     1    0.01    0.15    0.19    1.57 ^ _217_/X (sky130_fd_sc_hd__clkbuf_1)
                                         _062_ (net)
                  0.15    0.00    1.57 ^ _218_/A (sky130_fd_sc_hd__buf_1)
     1    0.03    0.39    0.35    1.92 ^ _218_/X (sky130_fd_sc_hd__buf_1)
                                         _063_ (net)
                  0.39    0.00    1.93 ^ _219_/A (sky130_fd_sc_hd__buf_2)
     6    0.06    0.30    0.37    2.30 ^ _219_/X (sky130_fd_sc_hd__buf_2)
                                         _064_ (net)
                  0.30    0.01    2.30 ^ _410_/A (sky130_fd_sc_hd__nand3_1)
     1    0.02    0.24    0.28    2.58 v _410_/Y (sky130_fd_sc_hd__nand3_1)
                                         _046_ (net)
                  0.24    0.00    2.58 v _411_/A (sky130_fd_sc_hd__clkbuf_2)
     5    0.05    0.19    0.31    2.90 v _411_/X (sky130_fd_sc_hd__clkbuf_2)
                                         _047_ (net)
                  0.19    0.00    2.90 v _418_/B (sky130_fd_sc_hd__and2_1)
     1    0.00    0.04    0.23    3.13 v _418_/X (sky130_fd_sc_hd__and2_1)
                                         _051_ (net)
                  0.04    0.00    3.13 v _419_/A (sky130_fd_sc_hd__clkbuf_1)
     1    0.00    0.04    0.10    3.23 v _419_/X (sky130_fd_sc_hd__clkbuf_1)
                                         _021_ (net)
                  0.04    0.00    3.23 v _455_/D (sky130_fd_sc_hd__dfxtp_1)
                                  3.23   data arrival time

                         10.00   10.00   clock CLK100MHZ (rise edge)
                          0.00   10.00   clock source latency
     1    0.03    0.00    0.00   10.00 ^ CLK100MHZ (in)
                                         CLK100MHZ (net)
                  0.00    0.00   10.00 ^ clkbuf_0_CLK100MHZ/A (sky130_fd_sc_hd__clkbuf_16)
     2    0.02    0.04    0.11   10.11 ^ clkbuf_0_CLK100MHZ/X (sky130_fd_sc_hd__clkbuf_16)
                                         clknet_0_CLK100MHZ (net)
                  0.04    0.00   10.11 ^ clkbuf_1_0__f_CLK100MHZ/A (sky130_fd_sc_hd__clkbuf_16)
    16    0.07    0.09    0.16   10.27 ^ clkbuf_1_0__f_CLK100MHZ/X (sky130_fd_sc_hd__clkbuf_16)
                                         clknet_1_0__leaf_CLK100MHZ (net)
                  0.09    0.01   10.28 ^ _455_/CLK (sky130_fd_sc_hd__dfxtp_1)
                         -0.20   10.08   clock uncertainty
                          0.00   10.08   clock reconvergence pessimism
                         -0.10    9.98   library setup time
                                  9.98   data required time
-----------------------------------------------------------------------------
                                  9.98   data required time
                                 -3.23   data arrival time
-----------------------------------------------------------------------------
                                  6.75   slack (MET)


Startpoint: _464_ (rising edge-triggered flip-flop clocked by CLK100MHZ)
Endpoint: _464_ (rising edge-triggered flip-flop clocked by CLK100MHZ)
Path Group: CLK100MHZ
Path Type: max
Corner: Typical

Fanout     Cap    Slew   Delay    Time   Description
-----------------------------------------------------------------------------
                          0.00    0.00   clock CLK100MHZ (rise edge)
                          0.00    0.00   clock source latency
     1    0.03    0.00    0.00    0.00 ^ CLK100MHZ (in)
                                         CLK100MHZ (net)
                  0.00    0.00    0.00 ^ clkbuf_0_CLK100MHZ/A (sky130_fd_sc_hd__clkbuf_16)
     2    0.02    0.04    0.11    0.11 ^ clkbuf_0_CLK100MHZ/X (sky130_fd_sc_hd__clkbuf_16)
                                         clknet_0_CLK100MHZ (net)
                  0.04    0.00    0.11 ^ clkbuf_1_0__f_CLK100MHZ/A (sky130_fd_sc_hd__clkbuf_16)
    16    0.07    0.09    0.16    0.27 ^ clkbuf_1_0__f_CLK100MHZ/X (sky130_fd_sc_hd__clkbuf_16)
                                         clknet_1_0__leaf_CLK100MHZ (net)
                  0.09    0.00    0.28 ^ _464_/CLK (sky130_fd_sc_hd__dfrtp_1)
     3    0.03    0.25    0.49    0.76 ^ _464_/Q (sky130_fd_sc_hd__dfrtp_1)
                                         imem.address[2] (net)
                  0.25    0.00    0.76 ^ _215_/A (sky130_fd_sc_hd__clkbuf_4)
    10    0.06    0.19    0.31    1.08 ^ _215_/X (sky130_fd_sc_hd__clkbuf_4)
                                         _060_ (net)
                  0.19    0.00    1.08 ^ _216_/A (sky130_fd_sc_hd__clkbuf_2)
     5    0.04    0.25    0.29    1.37 ^ _216_/X (sky130_fd_sc_hd__clkbuf_2)
                                         _061_ (net)
                  0.25    0.00    1.38 ^ _217_/A (sky130_fd_sc_hd__clkbuf_1)
     1    0.01    0.15    0.19    1.57 ^ _217_/X (sky130_fd_sc_hd__clkbuf_1)
                                         _062_ (net)
                  0.15    0.00    1.57 ^ _218_/A (sky130_fd_sc_hd__buf_1)
     1    0.03    0.39    0.35    1.92 ^ _218_/X (sky130_fd_sc_hd__buf_1)
                                         _063_ (net)
                  0.39    0.00    1.93 ^ _219_/A (sky130_fd_sc_hd__buf_2)
     6    0.06    0.30    0.37    2.30 ^ _219_/X (sky130_fd_sc_hd__buf_2)
                                         _064_ (net)
                  0.30    0.00    2.30 ^ _224_/A (sky130_fd_sc_hd__xor2_1)
     1    0.00    0.11    0.17    2.47 ^ _224_/X (sky130_fd_sc_hd__xor2_1)
                                         _030_ (net)
                  0.11    0.00    2.47 ^ _464_/D (sky130_fd_sc_hd__dfrtp_1)
                                  2.47   data arrival time

                         10.00   10.00   clock CLK100MHZ (rise edge)
                          0.00   10.00   clock source latency
     1    0.03    0.00    0.00   10.00 ^ CLK100MHZ (in)
                                         CLK100MHZ (net)
                  0.00    0.00   10.00 ^ clkbuf_0_CLK100MHZ/A (sky130_fd_sc_hd__clkbuf_16)
     2    0.02    0.04    0.11   10.11 ^ clkbuf_0_CLK100MHZ/X (sky130_fd_sc_hd__clkbuf_16)
                                         clknet_0_CLK100MHZ (net)
                  0.04    0.00   10.11 ^ clkbuf_1_0__f_CLK100MHZ/A (sky130_fd_sc_hd__clkbuf_16)
    16    0.07    0.09    0.16   10.27 ^ clkbuf_1_0__f_CLK100MHZ/X (sky130_fd_sc_hd__clkbuf_16)
                                         clknet_1_0__leaf_CLK100MHZ (net)
                  0.09    0.00   10.28 ^ _464_/CLK (sky130_fd_sc_hd__dfrtp_1)
                         -0.20   10.08   clock uncertainty
                          0.00   10.08   clock reconvergence pessimism
                         -0.07   10.01   library setup time
                                 10.01   data required time
-----------------------------------------------------------------------------
                                 10.01   data required time
                                 -2.47   data arrival time
-----------------------------------------------------------------------------
                                  7.53   slack (MET)


Startpoint: _462_ (rising edge-triggered flip-flop clocked by CLK100MHZ)
Endpoint: _463_ (rising edge-triggered flip-flop clocked by CLK100MHZ)
Path Group: CLK100MHZ
Path Type: max
Corner: Typical

Fanout     Cap    Slew   Delay    Time   Description
-----------------------------------------------------------------------------
                          0.00    0.00   clock CLK100MHZ (rise edge)
                          0.00    0.00   clock source latency
     1    0.03    0.00    0.00    0.00 ^ CLK100MHZ (in)
                                         CLK100MHZ (net)
                  0.00    0.00    0.00 ^ clkbuf_0_CLK100MHZ/A (sky130_fd_sc_hd__clkbuf_16)
     2    0.02    0.04    0.11    0.11 ^ clkbuf_0_CLK100MHZ/X (sky130_fd_sc_hd__clkbuf_16)
                                         clknet_0_CLK100MHZ (net)
                  0.04    0.00    0.11 ^ clkbuf_1_1__f_CLK100MHZ/A (sky130_fd_sc_hd__clkbuf_16)
    13    0.06    0.08    0.16    0.27 ^ clkbuf_1_1__f_CLK100MHZ/X (sky130_fd_sc_hd__clkbuf_16)
                                         clknet_1_1__leaf_CLK100MHZ (net)
                  0.08    0.00    0.27 ^ _462_/CLK (sky130_fd_sc_hd__dfrtp_2)
     4    0.04    0.12    0.50    0.77 v _462_/Q (sky130_fd_sc_hd__dfrtp_2)
                                         imem.address[0] (net)
                  0.12    0.00    0.77 v _221_/A (sky130_fd_sc_hd__clkbuf_4)
    10    0.07    0.14    0.27    1.04 v _221_/X (sky130_fd_sc_hd__clkbuf_4)
                                         _066_ (net)
                  0.14    0.00    1.04 v _222_/A (sky130_fd_sc_hd__clkbuf_4)
     9    0.06    0.12    0.26    1.30 v _222_/X (sky130_fd_sc_hd__clkbuf_4)
                                         _067_ (net)
                  0.13    0.01    1.31 v _223_/C (sky130_fd_sc_hd__and3_1)
     2    0.03    0.16    0.33    1.64 v _223_/X (sky130_fd_sc_hd__and3_1)
                                         _068_ (net)
                  0.16    0.00    1.64 v _226_/A (sky130_fd_sc_hd__nor2_1)
     1    0.02    0.40    0.38    2.02 ^ _226_/Y (sky130_fd_sc_hd__nor2_1)
                                         _029_ (net)
                  0.40    0.00    2.02 ^ _463_/D (sky130_fd_sc_hd__dfrtp_4)
                                  2.02   data arrival time

                         10.00   10.00   clock CLK100MHZ (rise edge)
                          0.00   10.00   clock source latency
     1    0.03    0.00    0.00   10.00 ^ CLK100MHZ (in)
                                         CLK100MHZ (net)
                  0.00    0.00   10.00 ^ clkbuf_0_CLK100MHZ/A (sky130_fd_sc_hd__clkbuf_16)
     2    0.02    0.04    0.11   10.11 ^ clkbuf_0_CLK100MHZ/X (sky130_fd_sc_hd__clkbuf_16)
                                         clknet_0_CLK100MHZ (net)
                  0.04    0.00   10.11 ^ clkbuf_1_0__f_CLK100MHZ/A (sky130_fd_sc_hd__clkbuf_16)
    16    0.07    0.09    0.16   10.27 ^ clkbuf_1_0__f_CLK100MHZ/X (sky130_fd_sc_hd__clkbuf_16)
                                         clknet_1_0__leaf_CLK100MHZ (net)
                  0.09    0.00   10.28 ^ _463_/CLK (sky130_fd_sc_hd__dfrtp_4)
                         -0.20   10.08   clock uncertainty
                          0.00   10.08   clock reconvergence pessimism
                         -0.14    9.94   library setup time
                                  9.94   data required time
-----------------------------------------------------------------------------
                                  9.94   data required time
                                 -2.02   data arrival time
-----------------------------------------------------------------------------
                                  7.91   slack (MET)


Startpoint: _462_ (rising edge-triggered flip-flop clocked by CLK100MHZ)
Endpoint: _462_ (rising edge-triggered flip-flop clocked by CLK100MHZ)
Path Group: CLK100MHZ
Path Type: max
Corner: Typical

Fanout     Cap    Slew   Delay    Time   Description
-----------------------------------------------------------------------------
                          0.00    0.00   clock CLK100MHZ (rise edge)
                          0.00    0.00   clock source latency
     1    0.03    0.00    0.00    0.00 ^ CLK100MHZ (in)
                                         CLK100MHZ (net)
                  0.00    0.00    0.00 ^ clkbuf_0_CLK100MHZ/A (sky130_fd_sc_hd__clkbuf_16)
     2    0.02    0.04    0.11    0.11 ^ clkbuf_0_CLK100MHZ/X (sky130_fd_sc_hd__clkbuf_16)
                                         clknet_0_CLK100MHZ (net)
                  0.04    0.00    0.11 ^ clkbuf_1_1__f_CLK100MHZ/A (sky130_fd_sc_hd__clkbuf_16)
    13    0.06    0.08    0.16    0.27 ^ clkbuf_1_1__f_CLK100MHZ/X (sky130_fd_sc_hd__clkbuf_16)
                                         clknet_1_1__leaf_CLK100MHZ (net)
                  0.08    0.00    0.27 ^ _462_/CLK (sky130_fd_sc_hd__dfrtp_2)
     4    0.04    0.21    0.49    0.76 ^ _462_/Q (sky130_fd_sc_hd__dfrtp_2)
                                         imem.address[0] (net)
                  0.21    0.00    0.76 ^ _221_/A (sky130_fd_sc_hd__clkbuf_4)
    10    0.07    0.21    0.31    1.08 ^ _221_/X (sky130_fd_sc_hd__clkbuf_4)
                                         _066_ (net)
                  0.22    0.00    1.08 ^ _222_/A (sky130_fd_sc_hd__clkbuf_4)
     9    0.06    0.19    0.29    1.38 ^ _222_/X (sky130_fd_sc_hd__clkbuf_4)
                                         _067_ (net)
                  0.19    0.01    1.39 ^ _227_/B (sky130_fd_sc_hd__xor2_1)
     1    0.02    0.43    0.40    1.79 ^ _227_/X (sky130_fd_sc_hd__xor2_1)
                                         _028_ (net)
                  0.43    0.00    1.79 ^ _462_/D (sky130_fd_sc_hd__dfrtp_2)
                                  1.79   data arrival time

                         10.00   10.00   clock CLK100MHZ (rise edge)
                          0.00   10.00   clock source latency
     1    0.03    0.00    0.00   10.00 ^ CLK100MHZ (in)
                                         CLK100MHZ (net)
                  0.00    0.00   10.00 ^ clkbuf_0_CLK100MHZ/A (sky130_fd_sc_hd__clkbuf_16)
     2    0.02    0.04    0.11   10.11 ^ clkbuf_0_CLK100MHZ/X (sky130_fd_sc_hd__clkbuf_16)
                                         clknet_0_CLK100MHZ (net)
                  0.04    0.00   10.11 ^ clkbuf_1_1__f_CLK100MHZ/A (sky130_fd_sc_hd__clkbuf_16)
    13    0.06    0.08    0.16   10.27 ^ clkbuf_1_1__f_CLK100MHZ/X (sky130_fd_sc_hd__clkbuf_16)
                                         clknet_1_1__leaf_CLK100MHZ (net)
                  0.08    0.00   10.27 ^ _462_/CLK (sky130_fd_sc_hd__dfrtp_2)
                         -0.20   10.07   clock uncertainty
                          0.00   10.07   clock reconvergence pessimism
                         -0.15    9.93   library setup time
                                  9.93   data required time
-----------------------------------------------------------------------------
                                  9.93   data required time
                                 -1.79   data arrival time
-----------------------------------------------------------------------------
                                  8.14   slack (MET)



worst slack corner Typical: 4.3986
