
===========================================================================
report_checks -path_delay min (Hold)
============================================================================
======================= Fastest Corner ===================================

Startpoint: _453_ (rising edge-triggered flip-flop clocked by CLK100MHZ)
Endpoint: _453_ (rising edge-triggered flip-flop clocked by CLK100MHZ)
Path Group: CLK100MHZ
Path Type: min
Corner: Fastest

Fanout     Cap    Slew   Delay    Time   Description
-----------------------------------------------------------------------------
                          0.00    0.00   clock CLK100MHZ (rise edge)
                          0.00    0.00   clock source latency
     1    0.03    0.00    0.00    0.00 ^ CLK100MHZ (in)
                                         CLK100MHZ (net)
                  0.00    0.00    0.00 ^ clkbuf_0_CLK100MHZ/A (sky130_fd_sc_hd__clkbuf_16)
     2    0.02    0.03    0.08    0.08 ^ clkbuf_0_CLK100MHZ/X (sky130_fd_sc_hd__clkbuf_16)
                                         clknet_0_CLK100MHZ (net)
                  0.03    0.00    0.08 ^ clkbuf_1_0__f_CLK100MHZ/A (sky130_fd_sc_hd__clkbuf_16)
    16    0.07    0.07    0.11    0.19 ^ clkbuf_1_0__f_CLK100MHZ/X (sky130_fd_sc_hd__clkbuf_16)
                                         clknet_1_0__leaf_CLK100MHZ (net)
                  0.07    0.00    0.19 ^ _453_/CLK (sky130_fd_sc_hd__dfxtp_1)
     3    0.02    0.08    0.24    0.43 v _453_/Q (sky130_fd_sc_hd__dfxtp_1)
                                         rf.regs[0][1] (net)
                  0.08    0.00    0.44 v _414_/A (sky130_fd_sc_hd__and2_1)
     1    0.01    0.04    0.12    0.55 v _414_/X (sky130_fd_sc_hd__and2_1)
                                         _049_ (net)
                  0.04    0.00    0.55 v _415_/A (sky130_fd_sc_hd__clkbuf_1)
     1    0.01    0.04    0.08    0.63 v _415_/X (sky130_fd_sc_hd__clkbuf_1)
                                         _019_ (net)
                  0.04    0.00    0.63 v _453_/D (sky130_fd_sc_hd__dfxtp_1)
                                  0.63   data arrival time

                          0.00    0.00   clock CLK100MHZ (rise edge)
                          0.00    0.00   clock source latency
     1    0.03    0.00    0.00    0.00 ^ CLK100MHZ (in)
                                         CLK100MHZ (net)
                  0.00    0.00    0.00 ^ clkbuf_0_CLK100MHZ/A (sky130_fd_sc_hd__clkbuf_16)
     2    0.02    0.03    0.08    0.08 ^ clkbuf_0_CLK100MHZ/X (sky130_fd_sc_hd__clkbuf_16)
                                         clknet_0_CLK100MHZ (net)
                  0.03    0.00    0.08 ^ clkbuf_1_0__f_CLK100MHZ/A (sky130_fd_sc_hd__clkbuf_16)
    16    0.07    0.07    0.11    0.19 ^ clkbuf_1_0__f_CLK100MHZ/X (sky130_fd_sc_hd__clkbuf_16)
                                         clknet_1_0__leaf_CLK100MHZ (net)
                  0.07    0.00    0.19 ^ _453_/CLK (sky130_fd_sc_hd__dfxtp_1)
                          0.20    0.39   clock uncertainty
                          0.00    0.39   clock reconvergence pessimism
                         -0.04    0.35   library hold time
                                  0.35   data required time
-----------------------------------------------------------------------------
                                  0.35   data required time
                                 -0.63   data arrival time
-----------------------------------------------------------------------------
                                  0.27   slack (MET)


Startpoint: _458_ (rising edge-triggered flip-flop clocked by CLK100MHZ)
Endpoint: _458_ (rising edge-triggered flip-flop clocked by CLK100MHZ)
Path Group: CLK100MHZ
Path Type: min
Corner: Fastest

Fanout     Cap    Slew   Delay    Time   Description
-----------------------------------------------------------------------------
                          0.00    0.00   clock CLK100MHZ (rise edge)
                          0.00    0.00   clock source latency
     1    0.03    0.00    0.00    0.00 ^ CLK100MHZ (in)
                                         CLK100MHZ (net)
                  0.00    0.00    0.00 ^ clkbuf_0_CLK100MHZ/A (sky130_fd_sc_hd__clkbuf_16)
     2    0.02    0.03    0.08    0.08 ^ clkbuf_0_CLK100MHZ/X (sky130_fd_sc_hd__clkbuf_16)
                                         clknet_0_CLK100MHZ (net)
                  0.03    0.00    0.08 ^ clkbuf_1_1__f_CLK100MHZ/A (sky130_fd_sc_hd__clkbuf_16)
    13    0.06    0.06    0.11    0.19 ^ clkbuf_1_1__f_CLK100MHZ/X (sky130_fd_sc_hd__clkbuf_16)
                                         clknet_1_1__leaf_CLK100MHZ (net)
                  0.06    0.00    0.19 ^ _458_/CLK (sky130_fd_sc_hd__dfxtp_1)
     2    0.01    0.10    0.25    0.44 ^ _458_/Q (sky130_fd_sc_hd__dfxtp_1)
                                         rf.regs[5][1] (net)
                  0.10    0.00    0.44 ^ _426_/A0 (sky130_fd_sc_hd__mux2_1)
     1    0.01    0.07    0.12    0.55 ^ _426_/X (sky130_fd_sc_hd__mux2_1)
                                         _056_ (net)
                  0.07    0.00    0.55 ^ _427_/A (sky130_fd_sc_hd__clkbuf_1)
     1    0.01    0.09    0.10    0.65 ^ _427_/X (sky130_fd_sc_hd__clkbuf_1)
                                         _024_ (net)
                  0.09    0.00    0.65 ^ _458_/D (sky130_fd_sc_hd__dfxtp_1)
                                  0.65   data arrival time

                          0.00    0.00   clock CLK100MHZ (rise edge)
                          0.00    0.00   clock source latency
     1    0.03    0.00    0.00    0.00 ^ CLK100MHZ (in)
                                         CLK100MHZ (net)
                  0.00    0.00    0.00 ^ clkbuf_0_CLK100MHZ/A (sky130_fd_sc_hd__clkbuf_16)
     2    0.02    0.03    0.08    0.08 ^ clkbuf_0_CLK100MHZ/X (sky130_fd_sc_hd__clkbuf_16)
                                         clknet_0_CLK100MHZ (net)
                  0.03    0.00    0.08 ^ clkbuf_1_1__f_CLK100MHZ/A (sky130_fd_sc_hd__clkbuf_16)
    13    0.06    0.06    0.11    0.19 ^ clkbuf_1_1__f_CLK100MHZ/X (sky130_fd_sc_hd__clkbuf_16)
                                         clknet_1_1__leaf_CLK100MHZ (net)
                  0.06    0.00    0.19 ^ _458_/CLK (sky130_fd_sc_hd__dfxtp_1)
                          0.20    0.39   clock uncertainty
                          0.00    0.39   clock reconvergence pessimism
                         -0.02    0.37   library hold time
                                  0.37   data required time
-----------------------------------------------------------------------------
                                  0.37   data required time
                                 -0.65   data arrival time
-----------------------------------------------------------------------------
                                  0.28   slack (MET)


Startpoint: _455_ (rising edge-triggered flip-flop clocked by CLK100MHZ)
Endpoint: _455_ (rising edge-triggered flip-flop clocked by CLK100MHZ)
Path Group: CLK100MHZ
Path Type: min
Corner: Fastest

Fanout     Cap    Slew   Delay    Time   Description
-----------------------------------------------------------------------------
                          0.00    0.00   clock CLK100MHZ (rise edge)
                          0.00    0.00   clock source latency
     1    0.03    0.00    0.00    0.00 ^ CLK100MHZ (in)
                                         CLK100MHZ (net)
                  0.00    0.00    0.00 ^ clkbuf_0_CLK100MHZ/A (sky130_fd_sc_hd__clkbuf_16)
     2    0.02    0.03    0.08    0.08 ^ clkbuf_0_CLK100MHZ/X (sky130_fd_sc_hd__clkbuf_16)
                                         clknet_0_CLK100MHZ (net)
                  0.03    0.00    0.08 ^ clkbuf_1_0__f_CLK100MHZ/A (sky130_fd_sc_hd__clkbuf_16)
    16    0.07    0.07    0.11    0.19 ^ clkbuf_1_0__f_CLK100MHZ/X (sky130_fd_sc_hd__clkbuf_16)
                                         clknet_1_0__leaf_CLK100MHZ (net)
                  0.07    0.01    0.19 ^ _455_/CLK (sky130_fd_sc_hd__dfxtp_1)
     3    0.03    0.11    0.27    0.46 v _455_/Q (sky130_fd_sc_hd__dfxtp_1)
                                         rf.regs[0][3] (net)
                  0.11    0.00    0.46 v _418_/A (sky130_fd_sc_hd__and2_1)
     1    0.00    0.03    0.12    0.59 v _418_/X (sky130_fd_sc_hd__and2_1)
                                         _051_ (net)
                  0.03    0.00    0.59 v _419_/A (sky130_fd_sc_hd__clkbuf_1)
     1    0.01    0.03    0.06    0.65 v _419_/X (sky130_fd_sc_hd__clkbuf_1)
                                         _021_ (net)
                  0.03    0.00    0.65 v _455_/D (sky130_fd_sc_hd__dfxtp_1)
                                  0.65   data arrival time

                          0.00    0.00   clock CLK100MHZ (rise edge)
                          0.00    0.00   clock source latency
     1    0.03    0.00    0.00    0.00 ^ CLK100MHZ (in)
                                         CLK100MHZ (net)
                  0.00    0.00    0.00 ^ clkbuf_0_CLK100MHZ/A (sky130_fd_sc_hd__clkbuf_16)
     2    0.02    0.03    0.08    0.08 ^ clkbuf_0_CLK100MHZ/X (sky130_fd_sc_hd__clkbuf_16)
                                         clknet_0_CLK100MHZ (net)
                  0.03    0.00    0.08 ^ clkbuf_1_0__f_CLK100MHZ/A (sky130_fd_sc_hd__clkbuf_16)
    16    0.07    0.07    0.11    0.19 ^ clkbuf_1_0__f_CLK100MHZ/X (sky130_fd_sc_hd__clkbuf_16)
                                         clknet_1_0__leaf_CLK100MHZ (net)
                  0.07    0.01    0.19 ^ _455_/CLK (sky130_fd_sc_hd__dfxtp_1)
                          0.20    0.39   clock uncertainty
                          0.00    0.39   clock reconvergence pessimism
                         -0.03    0.36   library hold time
                                  0.36   data required time
-----------------------------------------------------------------------------
                                  0.36   data required time
                                 -0.65   data arrival time
-----------------------------------------------------------------------------
                                  0.29   slack (MET)


Startpoint: _448_ (rising edge-triggered flip-flop clocked by CLK100MHZ)
Endpoint: _448_ (rising edge-triggered flip-flop clocked by CLK100MHZ)
Path Group: CLK100MHZ
Path Type: min
Corner: Fastest

Fanout     Cap    Slew   Delay    Time   Description
-----------------------------------------------------------------------------
                          0.00    0.00   clock CLK100MHZ (rise edge)
                          0.00    0.00   clock source latency
     1    0.03    0.00    0.00    0.00 ^ CLK100MHZ (in)
                                         CLK100MHZ (net)
                  0.00    0.00    0.00 ^ clkbuf_0_CLK100MHZ/A (sky130_fd_sc_hd__clkbuf_16)
     2    0.02    0.03    0.08    0.08 ^ clkbuf_0_CLK100MHZ/X (sky130_fd_sc_hd__clkbuf_16)
                                         clknet_0_CLK100MHZ (net)
                  0.03    0.00    0.08 ^ clkbuf_1_0__f_CLK100MHZ/A (sky130_fd_sc_hd__clkbuf_16)
    16    0.07    0.07    0.11    0.19 ^ clkbuf_1_0__f_CLK100MHZ/X (sky130_fd_sc_hd__clkbuf_16)
                                         clknet_1_0__leaf_CLK100MHZ (net)
                  0.07    0.00    0.19 ^ _448_/CLK (sky130_fd_sc_hd__dfxtp_1)
     2    0.01    0.10    0.24    0.44 ^ _448_/Q (sky130_fd_sc_hd__dfxtp_1)
                                         rf.regs[10][1] (net)
                  0.10    0.00    0.44 ^ _402_/A1 (sky130_fd_sc_hd__mux2_1)
     1    0.01    0.06    0.12    0.55 ^ _402_/X (sky130_fd_sc_hd__mux2_1)
                                         _042_ (net)
                  0.06    0.00    0.56 ^ _403_/A (sky130_fd_sc_hd__clkbuf_1)
     1    0.01    0.13    0.12    0.68 ^ _403_/X (sky130_fd_sc_hd__clkbuf_1)
                                         _014_ (net)
                  0.13    0.00    0.68 ^ _448_/D (sky130_fd_sc_hd__dfxtp_1)
                                  0.68   data arrival time

                          0.00    0.00   clock CLK100MHZ (rise edge)
                          0.00    0.00   clock source latency
     1    0.03    0.00    0.00    0.00 ^ CLK100MHZ (in)
                                         CLK100MHZ (net)
                  0.00    0.00    0.00 ^ clkbuf_0_CLK100MHZ/A (sky130_fd_sc_hd__clkbuf_16)
     2    0.02    0.03    0.08    0.08 ^ clkbuf_0_CLK100MHZ/X (sky130_fd_sc_hd__clkbuf_16)
                                         clknet_0_CLK100MHZ (net)
                  0.03    0.00    0.08 ^ clkbuf_1_0__f_CLK100MHZ/A (sky130_fd_sc_hd__clkbuf_16)
    16    0.07    0.07    0.11    0.19 ^ clkbuf_1_0__f_CLK100MHZ/X (sky130_fd_sc_hd__clkbuf_16)
                                         clknet_1_0__leaf_CLK100MHZ (net)
                  0.07    0.00    0.19 ^ _448_/CLK (sky130_fd_sc_hd__dfxtp_1)
                          0.20    0.39   clock uncertainty
                          0.00    0.39   clock reconvergence pessimism
                         -0.02    0.37   library hold time
                                  0.37   data required time
-----------------------------------------------------------------------------
                                  0.37   data required time
                                 -0.68   data arrival time
-----------------------------------------------------------------------------
                                  0.31   slack (MET)


Startpoint: _437_ (rising edge-triggered flip-flop clocked by CLK100MHZ)
Endpoint: _437_ (rising edge-triggered flip-flop clocked by CLK100MHZ)
Path Group: CLK100MHZ
Path Type: min
Corner: Fastest

Fanout     Cap    Slew   Delay    Time   Description
-----------------------------------------------------------------------------
                          0.00    0.00   clock CLK100MHZ (rise edge)
                          0.00    0.00   clock source latency
     1    0.03    0.00    0.00    0.00 ^ CLK100MHZ (in)
                                         CLK100MHZ (net)
                  0.00    0.00    0.00 ^ clkbuf_0_CLK100MHZ/A (sky130_fd_sc_hd__clkbuf_16)
     2    0.02    0.03    0.08    0.08 ^ clkbuf_0_CLK100MHZ/X (sky130_fd_sc_hd__clkbuf_16)
                                         clknet_0_CLK100MHZ (net)
                  0.03    0.00    0.08 ^ clkbuf_1_0__f_CLK100MHZ/A (sky130_fd_sc_hd__clkbuf_16)
    16    0.07    0.07    0.11    0.19 ^ clkbuf_1_0__f_CLK100MHZ/X (sky130_fd_sc_hd__clkbuf_16)
                                         clknet_1_0__leaf_CLK100MHZ (net)
                  0.07    0.00    0.19 ^ _437_/CLK (sky130_fd_sc_hd__dfxtp_1)
     2    0.02    0.14    0.27    0.46 ^ _437_/Q (sky130_fd_sc_hd__dfxtp_1)
                                         rf.regs[25][0] (net)
                  0.14    0.00    0.47 ^ _365_/A0 (sky130_fd_sc_hd__mux2_1)
     1    0.01    0.07    0.13    0.59 ^ _365_/X (sky130_fd_sc_hd__mux2_1)
                                         _200_ (net)
                  0.07    0.00    0.59 ^ _366_/A (sky130_fd_sc_hd__clkbuf_1)
     1    0.01    0.08    0.09    0.68 ^ _366_/X (sky130_fd_sc_hd__clkbuf_1)
                                         _003_ (net)
                  0.08    0.00    0.68 ^ _437_/D (sky130_fd_sc_hd__dfxtp_1)
                                  0.68   data arrival time

                          0.00    0.00   clock CLK100MHZ (rise edge)
                          0.00    0.00   clock source latency
     1    0.03    0.00    0.00    0.00 ^ CLK100MHZ (in)
                                         CLK100MHZ (net)
                  0.00    0.00    0.00 ^ clkbuf_0_CLK100MHZ/A (sky130_fd_sc_hd__clkbuf_16)
     2    0.02    0.03    0.08    0.08 ^ clkbuf_0_CLK100MHZ/X (sky130_fd_sc_hd__clkbuf_16)
                                         clknet_0_CLK100MHZ (net)
                  0.03    0.00    0.08 ^ clkbuf_1_0__f_CLK100MHZ/A (sky130_fd_sc_hd__clkbuf_16)
    16    0.07    0.07    0.11    0.19 ^ clkbuf_1_0__f_CLK100MHZ/X (sky130_fd_sc_hd__clkbuf_16)
                                         clknet_1_0__leaf_CLK100MHZ (net)
                  0.07    0.00    0.19 ^ _437_/CLK (sky130_fd_sc_hd__dfxtp_1)
                          0.20    0.39   clock uncertainty
                          0.00    0.39   clock reconvergence pessimism
                         -0.02    0.37   library hold time
                                  0.37   data required time
-----------------------------------------------------------------------------
                                  0.37   data required time
                                 -0.68   data arrival time
-----------------------------------------------------------------------------
                                  0.31   slack (MET)


Startpoint: _444_ (rising edge-triggered flip-flop clocked by CLK100MHZ)
Endpoint: _444_ (rising edge-triggered flip-flop clocked by CLK100MHZ)
Path Group: CLK100MHZ
Path Type: min
Corner: Fastest

Fanout     Cap    Slew   Delay    Time   Description
-----------------------------------------------------------------------------
                          0.00    0.00   clock CLK100MHZ (rise edge)
                          0.00    0.00   clock source latency
     1    0.03    0.00    0.00    0.00 ^ CLK100MHZ (in)
                                         CLK100MHZ (net)
                  0.00    0.00    0.00 ^ clkbuf_0_CLK100MHZ/A (sky130_fd_sc_hd__clkbuf_16)
     2    0.02    0.03    0.08    0.08 ^ clkbuf_0_CLK100MHZ/X (sky130_fd_sc_hd__clkbuf_16)
                                         clknet_0_CLK100MHZ (net)
                  0.03    0.00    0.08 ^ clkbuf_1_1__f_CLK100MHZ/A (sky130_fd_sc_hd__clkbuf_16)
    13    0.06    0.06    0.11    0.19 ^ clkbuf_1_1__f_CLK100MHZ/X (sky130_fd_sc_hd__clkbuf_16)
                                         clknet_1_1__leaf_CLK100MHZ (net)
                  0.06    0.00    0.19 ^ _444_/CLK (sky130_fd_sc_hd__dfxtp_1)
     2    0.02    0.18    0.30    0.49 ^ _444_/Q (sky130_fd_sc_hd__dfxtp_1)
                                         rf.regs[15][2] (net)
                  0.18    0.00    0.49 ^ _391_/A0 (sky130_fd_sc_hd__mux2_1)
     1    0.00    0.03    0.10    0.59 ^ _391_/X (sky130_fd_sc_hd__mux2_1)
                                         _035_ (net)
                  0.03    0.00    0.59 ^ _392_/A (sky130_fd_sc_hd__clkbuf_1)
     1    0.01    0.10    0.10    0.69 ^ _392_/X (sky130_fd_sc_hd__clkbuf_1)
                                         _010_ (net)
                  0.10    0.00    0.69 ^ _444_/D (sky130_fd_sc_hd__dfxtp_1)
                                  0.69   data arrival time

                          0.00    0.00   clock CLK100MHZ (rise edge)
                          0.00    0.00   clock source latency
     1    0.03    0.00    0.00    0.00 ^ CLK100MHZ (in)
                                         CLK100MHZ (net)
                  0.00    0.00    0.00 ^ clkbuf_0_CLK100MHZ/A (sky130_fd_sc_hd__clkbuf_16)
     2    0.02    0.03    0.08    0.08 ^ clkbuf_0_CLK100MHZ/X (sky130_fd_sc_hd__clkbuf_16)
                                         clknet_0_CLK100MHZ (net)
                  0.03    0.00    0.08 ^ clkbuf_1_1__f_CLK100MHZ/A (sky130_fd_sc_hd__clkbuf_16)
    13    0.06    0.06    0.11    0.19 ^ clkbuf_1_1__f_CLK100MHZ/X (sky130_fd_sc_hd__clkbuf_16)
                                         clknet_1_1__leaf_CLK100MHZ (net)
                  0.06    0.00    0.19 ^ _444_/CLK (sky130_fd_sc_hd__dfxtp_1)
                          0.20    0.39   clock uncertainty
                          0.00    0.39   clock reconvergence pessimism
                         -0.02    0.37   library hold time
                                  0.37   data required time
-----------------------------------------------------------------------------
                                  0.37   data required time
                                 -0.69   data arrival time
-----------------------------------------------------------------------------
                                  0.32   slack (MET)


Startpoint: _451_ (rising edge-triggered flip-flop clocked by CLK100MHZ)
Endpoint: _451_ (rising edge-triggered flip-flop clocked by CLK100MHZ)
Path Group: CLK100MHZ
Path Type: min
Corner: Fastest

Fanout     Cap    Slew   Delay    Time   Description
-----------------------------------------------------------------------------
                          0.00    0.00   clock CLK100MHZ (rise edge)
                          0.00    0.00   clock source latency
     1    0.03    0.00    0.00    0.00 ^ CLK100MHZ (in)
                                         CLK100MHZ (net)
                  0.00    0.00    0.00 ^ clkbuf_0_CLK100MHZ/A (sky130_fd_sc_hd__clkbuf_16)
     2    0.02    0.03    0.08    0.08 ^ clkbuf_0_CLK100MHZ/X (sky130_fd_sc_hd__clkbuf_16)
                                         clknet_0_CLK100MHZ (net)
                  0.03    0.00    0.08 ^ clkbuf_1_0__f_CLK100MHZ/A (sky130_fd_sc_hd__clkbuf_16)
    16    0.07    0.07    0.11    0.19 ^ clkbuf_1_0__f_CLK100MHZ/X (sky130_fd_sc_hd__clkbuf_16)
                                         clknet_1_0__leaf_CLK100MHZ (net)
                  0.07    0.00    0.19 ^ _451_/CLK (sky130_fd_sc_hd__dfxtp_1)
     2    0.02    0.14    0.28    0.47 ^ _451_/Q (sky130_fd_sc_hd__dfxtp_1)
                                         rf.regs[10][4] (net)
                  0.14    0.00    0.47 ^ _408_/A1 (sky130_fd_sc_hd__mux2_1)
     1    0.01    0.06    0.12    0.59 ^ _408_/X (sky130_fd_sc_hd__mux2_1)
                                         _045_ (net)
                  0.06    0.00    0.59 ^ _409_/A (sky130_fd_sc_hd__clkbuf_1)
     1    0.01    0.09    0.10    0.69 ^ _409_/X (sky130_fd_sc_hd__clkbuf_1)
                                         _017_ (net)
                  0.09    0.00    0.69 ^ _451_/D (sky130_fd_sc_hd__dfxtp_1)
                                  0.69   data arrival time

                          0.00    0.00   clock CLK100MHZ (rise edge)
                          0.00    0.00   clock source latency
     1    0.03    0.00    0.00    0.00 ^ CLK100MHZ (in)
                                         CLK100MHZ (net)
                  0.00    0.00    0.00 ^ clkbuf_0_CLK100MHZ/A (sky130_fd_sc_hd__clkbuf_16)
     2    0.02    0.03    0.08    0.08 ^ clkbuf_0_CLK100MHZ/X (sky130_fd_sc_hd__clkbuf_16)
                                         clknet_0_CLK100MHZ (net)
                  0.03    0.00    0.08 ^ clkbuf_1_0__f_CLK100MHZ/A (sky130_fd_sc_hd__clkbuf_16)
    16    0.07    0.07    0.11    0.19 ^ clkbuf_1_0__f_CLK100MHZ/X (sky130_fd_sc_hd__clkbuf_16)
                                         clknet_1_0__leaf_CLK100MHZ (net)
                  0.07    0.00    0.19 ^ _451_/CLK (sky130_fd_sc_hd__dfxtp_1)
                          0.20    0.39   clock uncertainty
                          0.00    0.39   clock reconvergence pessimism
                         -0.02    0.37   library hold time
                                  0.37   data required time
-----------------------------------------------------------------------------
                                  0.37   data required time
                                 -0.69   data arrival time
-----------------------------------------------------------------------------
                                  0.32   slack (MET)


Startpoint: _456_ (rising edge-triggered flip-flop clocked by CLK100MHZ)
Endpoint: _456_ (rising edge-triggered flip-flop clocked by CLK100MHZ)
Path Group: CLK100MHZ
Path Type: min
Corner: Fastest

Fanout     Cap    Slew   Delay    Time   Description
-----------------------------------------------------------------------------
                          0.00    0.00   clock CLK100MHZ (rise edge)
                          0.00    0.00   clock source latency
     1    0.03    0.00    0.00    0.00 ^ CLK100MHZ (in)
                                         CLK100MHZ (net)
                  0.00    0.00    0.00 ^ clkbuf_0_CLK100MHZ/A (sky130_fd_sc_hd__clkbuf_16)
     2    0.02    0.03    0.08    0.08 ^ clkbuf_0_CLK100MHZ/X (sky130_fd_sc_hd__clkbuf_16)
                                         clknet_0_CLK100MHZ (net)
                  0.03    0.00    0.08 ^ clkbuf_1_1__f_CLK100MHZ/A (sky130_fd_sc_hd__clkbuf_16)
    13    0.06    0.06    0.11    0.19 ^ clkbuf_1_1__f_CLK100MHZ/X (sky130_fd_sc_hd__clkbuf_16)
                                         clknet_1_1__leaf_CLK100MHZ (net)
                  0.06    0.00    0.19 ^ _456_/CLK (sky130_fd_sc_hd__dfxtp_1)
     3    0.02    0.08    0.25    0.44 v _456_/Q (sky130_fd_sc_hd__dfxtp_1)
                                         rf.regs[0][4] (net)
                  0.08    0.00    0.44 v _420_/A (sky130_fd_sc_hd__and2_1)
     1    0.01    0.04    0.12    0.56 v _420_/X (sky130_fd_sc_hd__and2_1)
                                         _052_ (net)
                  0.04    0.00    0.56 v _421_/A (sky130_fd_sc_hd__clkbuf_1)
     1    0.02    0.08    0.11    0.67 v _421_/X (sky130_fd_sc_hd__clkbuf_1)
                                         _022_ (net)
                  0.08    0.00    0.67 v _456_/D (sky130_fd_sc_hd__dfxtp_1)
                                  0.67   data arrival time

                          0.00    0.00   clock CLK100MHZ (rise edge)
                          0.00    0.00   clock source latency
     1    0.03    0.00    0.00    0.00 ^ CLK100MHZ (in)
                                         CLK100MHZ (net)
                  0.00    0.00    0.00 ^ clkbuf_0_CLK100MHZ/A (sky130_fd_sc_hd__clkbuf_16)
     2    0.02    0.03    0.08    0.08 ^ clkbuf_0_CLK100MHZ/X (sky130_fd_sc_hd__clkbuf_16)
                                         clknet_0_CLK100MHZ (net)
                  0.03    0.00    0.08 ^ clkbuf_1_1__f_CLK100MHZ/A (sky130_fd_sc_hd__clkbuf_16)
    13    0.06    0.06    0.11    0.19 ^ clkbuf_1_1__f_CLK100MHZ/X (sky130_fd_sc_hd__clkbuf_16)
                                         clknet_1_1__leaf_CLK100MHZ (net)
                  0.06    0.00    0.19 ^ _456_/CLK (sky130_fd_sc_hd__dfxtp_1)
                          0.20    0.39   clock uncertainty
                          0.00    0.39   clock reconvergence pessimism
                         -0.05    0.34   library hold time
                                  0.34   data required time
-----------------------------------------------------------------------------
                                  0.34   data required time
                                 -0.67   data arrival time
-----------------------------------------------------------------------------
                                  0.33   slack (MET)


Startpoint: _460_ (rising edge-triggered flip-flop clocked by CLK100MHZ)
Endpoint: _460_ (rising edge-triggered flip-flop clocked by CLK100MHZ)
Path Group: CLK100MHZ
Path Type: min
Corner: Fastest

Fanout     Cap    Slew   Delay    Time   Description
-----------------------------------------------------------------------------
                          0.00    0.00   clock CLK100MHZ (rise edge)
                          0.00    0.00   clock source latency
     1    0.03    0.00    0.00    0.00 ^ CLK100MHZ (in)
                                         CLK100MHZ (net)
                  0.00    0.00    0.00 ^ clkbuf_0_CLK100MHZ/A (sky130_fd_sc_hd__clkbuf_16)
     2    0.02    0.03    0.08    0.08 ^ clkbuf_0_CLK100MHZ/X (sky130_fd_sc_hd__clkbuf_16)
                                         clknet_0_CLK100MHZ (net)
                  0.03    0.00    0.08 ^ clkbuf_1_0__f_CLK100MHZ/A (sky130_fd_sc_hd__clkbuf_16)
    16    0.07    0.07    0.11    0.19 ^ clkbuf_1_0__f_CLK100MHZ/X (sky130_fd_sc_hd__clkbuf_16)
                                         clknet_1_0__leaf_CLK100MHZ (net)
                  0.07    0.00    0.19 ^ _460_/CLK (sky130_fd_sc_hd__dfxtp_1)
     2    0.02    0.15    0.28    0.47 ^ _460_/Q (sky130_fd_sc_hd__dfxtp_1)
                                         rf.regs[5][3] (net)
                  0.15    0.00    0.48 ^ _430_/A0 (sky130_fd_sc_hd__mux2_1)
     1    0.00    0.03    0.10    0.58 ^ _430_/X (sky130_fd_sc_hd__mux2_1)
                                         _058_ (net)
                  0.03    0.00    0.58 ^ _431_/A (sky130_fd_sc_hd__buf_1)
     1    0.02    0.15    0.13    0.71 ^ _431_/X (sky130_fd_sc_hd__buf_1)
                                         _026_ (net)
                  0.15    0.00    0.71 ^ _460_/D (sky130_fd_sc_hd__dfxtp_1)
                                  0.71   data arrival time

                          0.00    0.00   clock CLK100MHZ (rise edge)
                          0.00    0.00   clock source latency
     1    0.03    0.00    0.00    0.00 ^ CLK100MHZ (in)
                                         CLK100MHZ (net)
                  0.00    0.00    0.00 ^ clkbuf_0_CLK100MHZ/A (sky130_fd_sc_hd__clkbuf_16)
     2    0.02    0.03    0.08    0.08 ^ clkbuf_0_CLK100MHZ/X (sky130_fd_sc_hd__clkbuf_16)
                                         clknet_0_CLK100MHZ (net)
                  0.03    0.00    0.08 ^ clkbuf_1_0__f_CLK100MHZ/A (sky130_fd_sc_hd__clkbuf_16)
    16    0.07    0.07    0.11    0.19 ^ clkbuf_1_0__f_CLK100MHZ/X (sky130_fd_sc_hd__clkbuf_16)
                                         clknet_1_0__leaf_CLK100MHZ (net)
                  0.07    0.00    0.19 ^ _460_/CLK (sky130_fd_sc_hd__dfxtp_1)
                          0.20    0.39   clock uncertainty
                          0.00    0.39   clock reconvergence pessimism
                         -0.03    0.37   library hold time
                                  0.37   data required time
-----------------------------------------------------------------------------
                                  0.37   data required time
                                 -0.71   data arrival time
-----------------------------------------------------------------------------
                                  0.35   slack (MET)


Startpoint: _450_ (rising edge-triggered flip-flop clocked by CLK100MHZ)
Endpoint: _450_ (rising edge-triggered flip-flop clocked by CLK100MHZ)
Path Group: CLK100MHZ
Path Type: min
Corner: Fastest

Fanout     Cap    Slew   Delay    Time   Description
-----------------------------------------------------------------------------
                          0.00    0.00   clock CLK100MHZ (rise edge)
                          0.00    0.00   clock source latency
     1    0.03    0.00    0.00    0.00 ^ CLK100MHZ (in)
                                         CLK100MHZ (net)
                  0.00    0.00    0.00 ^ clkbuf_0_CLK100MHZ/A (sky130_fd_sc_hd__clkbuf_16)
     2    0.02    0.03    0.08    0.08 ^ clkbuf_0_CLK100MHZ/X (sky130_fd_sc_hd__clkbuf_16)
                                         clknet_0_CLK100MHZ (net)
                  0.03    0.00    0.08 ^ clkbuf_1_0__f_CLK100MHZ/A (sky130_fd_sc_hd__clkbuf_16)
    16    0.07    0.07    0.11    0.19 ^ clkbuf_1_0__f_CLK100MHZ/X (sky130_fd_sc_hd__clkbuf_16)
                                         clknet_1_0__leaf_CLK100MHZ (net)
                  0.07    0.01    0.20 ^ _450_/CLK (sky130_fd_sc_hd__dfxtp_1)
     2    0.03    0.20    0.32    0.51 ^ _450_/Q (sky130_fd_sc_hd__dfxtp_1)
                                         rf.regs[10][3] (net)
                  0.20    0.00    0.51 ^ _406_/A1 (sky130_fd_sc_hd__mux2_1)
     1    0.01    0.05    0.11    0.63 ^ _406_/X (sky130_fd_sc_hd__mux2_1)
                                         _044_ (net)
                  0.05    0.00    0.63 ^ _407_/A (sky130_fd_sc_hd__clkbuf_1)
     1    0.01    0.09    0.09    0.72 ^ _407_/X (sky130_fd_sc_hd__clkbuf_1)
                                         _016_ (net)
                  0.09    0.00    0.72 ^ _450_/D (sky130_fd_sc_hd__dfxtp_1)
                                  0.72   data arrival time

                          0.00    0.00   clock CLK100MHZ (rise edge)
                          0.00    0.00   clock source latency
     1    0.03    0.00    0.00    0.00 ^ CLK100MHZ (in)
                                         CLK100MHZ (net)
                  0.00    0.00    0.00 ^ clkbuf_0_CLK100MHZ/A (sky130_fd_sc_hd__clkbuf_16)
     2    0.02    0.03    0.08    0.08 ^ clkbuf_0_CLK100MHZ/X (sky130_fd_sc_hd__clkbuf_16)
                                         clknet_0_CLK100MHZ (net)
                  0.03    0.00    0.08 ^ clkbuf_1_0__f_CLK100MHZ/A (sky130_fd_sc_hd__clkbuf_16)
    16    0.07    0.07    0.11    0.19 ^ clkbuf_1_0__f_CLK100MHZ/X (sky130_fd_sc_hd__clkbuf_16)
                                         clknet_1_0__leaf_CLK100MHZ (net)
                  0.07    0.01    0.20 ^ _450_/CLK (sky130_fd_sc_hd__dfxtp_1)
                          0.20    0.40   clock uncertainty
                          0.00    0.40   clock reconvergence pessimism
                         -0.02    0.38   library hold time
                                  0.38   data required time
-----------------------------------------------------------------------------
                                  0.38   data required time
                                 -0.72   data arrival time
-----------------------------------------------------------------------------
                                  0.35   slack (MET)


Startpoint: _442_ (rising edge-triggered flip-flop clocked by CLK100MHZ)
Endpoint: _442_ (rising edge-triggered flip-flop clocked by CLK100MHZ)
Path Group: CLK100MHZ
Path Type: min
Corner: Fastest

Fanout     Cap    Slew   Delay    Time   Description
-----------------------------------------------------------------------------
                          0.00    0.00   clock CLK100MHZ (rise edge)
                          0.00    0.00   clock source latency
     1    0.03    0.00    0.00    0.00 ^ CLK100MHZ (in)
                                         CLK100MHZ (net)
                  0.00    0.00    0.00 ^ clkbuf_0_CLK100MHZ/A (sky130_fd_sc_hd__clkbuf_16)
     2    0.02    0.03    0.08    0.08 ^ clkbuf_0_CLK100MHZ/X (sky130_fd_sc_hd__clkbuf_16)
                                         clknet_0_CLK100MHZ (net)
                  0.03    0.00    0.08 ^ clkbuf_1_1__f_CLK100MHZ/A (sky130_fd_sc_hd__clkbuf_16)
    13    0.06    0.06    0.11    0.19 ^ clkbuf_1_1__f_CLK100MHZ/X (sky130_fd_sc_hd__clkbuf_16)
                                         clknet_1_1__leaf_CLK100MHZ (net)
                  0.06    0.00    0.19 ^ _442_/CLK (sky130_fd_sc_hd__dfxtp_1)
     2    0.02    0.17    0.29    0.48 ^ _442_/Q (sky130_fd_sc_hd__dfxtp_1)
                                         rf.regs[15][0] (net)
                  0.17    0.00    0.48 ^ _387_/A0 (sky130_fd_sc_hd__mux2_1)
     1    0.01    0.10    0.15    0.63 ^ _387_/X (sky130_fd_sc_hd__mux2_1)
                                         _033_ (net)
                  0.10    0.00    0.64 ^ _388_/A (sky130_fd_sc_hd__clkbuf_1)
     1    0.01    0.07    0.09    0.72 ^ _388_/X (sky130_fd_sc_hd__clkbuf_1)
                                         _008_ (net)
                  0.07    0.00    0.72 ^ _442_/D (sky130_fd_sc_hd__dfxtp_1)
                                  0.72   data arrival time

                          0.00    0.00   clock CLK100MHZ (rise edge)
                          0.00    0.00   clock source latency
     1    0.03    0.00    0.00    0.00 ^ CLK100MHZ (in)
                                         CLK100MHZ (net)
                  0.00    0.00    0.00 ^ clkbuf_0_CLK100MHZ/A (sky130_fd_sc_hd__clkbuf_16)
     2    0.02    0.03    0.08    0.08 ^ clkbuf_0_CLK100MHZ/X (sky130_fd_sc_hd__clkbuf_16)
                                         clknet_0_CLK100MHZ (net)
                  0.03    0.00    0.08 ^ clkbuf_1_1__f_CLK100MHZ/A (sky130_fd_sc_hd__clkbuf_16)
    13    0.06    0.06    0.11    0.19 ^ clkbuf_1_1__f_CLK100MHZ/X (sky130_fd_sc_hd__clkbuf_16)
                                         clknet_1_1__leaf_CLK100MHZ (net)
                  0.06    0.00    0.19 ^ _442_/CLK (sky130_fd_sc_hd__dfxtp_1)
                          0.20    0.39   clock uncertainty
                          0.00    0.39   clock reconvergence pessimism
                         -0.02    0.37   library hold time
                                  0.37   data required time
-----------------------------------------------------------------------------
                                  0.37   data required time
                                 -0.72   data arrival time
-----------------------------------------------------------------------------
                                  0.35   slack (MET)


Startpoint: _446_ (rising edge-triggered flip-flop clocked by CLK100MHZ)
Endpoint: _446_ (rising edge-triggered flip-flop clocked by CLK100MHZ)
Path Group: CLK100MHZ
Path Type: min
Corner: Fastest

Fanout     Cap    Slew   Delay    Time   Description
-----------------------------------------------------------------------------
                          0.00    0.00   clock CLK100MHZ (rise edge)
                          0.00    0.00   clock source latency
     1    0.03    0.00    0.00    0.00 ^ CLK100MHZ (in)
                                         CLK100MHZ (net)
                  0.00    0.00    0.00 ^ clkbuf_0_CLK100MHZ/A (sky130_fd_sc_hd__clkbuf_16)
     2    0.02    0.03    0.08    0.08 ^ clkbuf_0_CLK100MHZ/X (sky130_fd_sc_hd__clkbuf_16)
                                         clknet_0_CLK100MHZ (net)
                  0.03    0.00    0.08 ^ clkbuf_1_1__f_CLK100MHZ/A (sky130_fd_sc_hd__clkbuf_16)
    13    0.06    0.06    0.11    0.19 ^ clkbuf_1_1__f_CLK100MHZ/X (sky130_fd_sc_hd__clkbuf_16)
                                         clknet_1_1__leaf_CLK100MHZ (net)
                  0.06    0.00    0.19 ^ _446_/CLK (sky130_fd_sc_hd__dfxtp_1)
     2    0.02    0.14    0.27    0.46 ^ _446_/Q (sky130_fd_sc_hd__dfxtp_1)
                                         rf.regs[15][4] (net)
                  0.14    0.00    0.46 ^ _395_/A0 (sky130_fd_sc_hd__mux2_1)
     1    0.01    0.10    0.14    0.61 ^ _395_/X (sky130_fd_sc_hd__mux2_1)
                                         _037_ (net)
                  0.10    0.00    0.61 ^ _396_/A (sky130_fd_sc_hd__clkbuf_1)
     1    0.01    0.11    0.11    0.72 ^ _396_/X (sky130_fd_sc_hd__clkbuf_1)
                                         _012_ (net)
                  0.11    0.00    0.72 ^ _446_/D (sky130_fd_sc_hd__dfxtp_1)
                                  0.72   data arrival time

                          0.00    0.00   clock CLK100MHZ (rise edge)
                          0.00    0.00   clock source latency
     1    0.03    0.00    0.00    0.00 ^ CLK100MHZ (in)
                                         CLK100MHZ (net)
                  0.00    0.00    0.00 ^ clkbuf_0_CLK100MHZ/A (sky130_fd_sc_hd__clkbuf_16)
     2    0.02    0.03    0.08    0.08 ^ clkbuf_0_CLK100MHZ/X (sky130_fd_sc_hd__clkbuf_16)
                                         clknet_0_CLK100MHZ (net)
                  0.03    0.00    0.08 ^ clkbuf_1_1__f_CLK100MHZ/A (sky130_fd_sc_hd__clkbuf_16)
    13    0.06    0.06    0.11    0.19 ^ clkbuf_1_1__f_CLK100MHZ/X (sky130_fd_sc_hd__clkbuf_16)
                                         clknet_1_1__leaf_CLK100MHZ (net)
                  0.06    0.00    0.19 ^ _446_/CLK (sky130_fd_sc_hd__dfxtp_1)
                          0.20    0.39   clock uncertainty
                          0.00    0.39   clock reconvergence pessimism
                         -0.02    0.37   library hold time
                                  0.37   data required time
-----------------------------------------------------------------------------
                                  0.37   data required time
                                 -0.72   data arrival time
-----------------------------------------------------------------------------
                                  0.35   slack (MET)


Startpoint: _452_ (rising edge-triggered flip-flop clocked by CLK100MHZ)
Endpoint: _452_ (rising edge-triggered flip-flop clocked by CLK100MHZ)
Path Group: CLK100MHZ
Path Type: min
Corner: Fastest

Fanout     Cap    Slew   Delay    Time   Description
-----------------------------------------------------------------------------
                          0.00    0.00   clock CLK100MHZ (rise edge)
                          0.00    0.00   clock source latency
     1    0.03    0.00    0.00    0.00 ^ CLK100MHZ (in)
                                         CLK100MHZ (net)
                  0.00    0.00    0.00 ^ clkbuf_0_CLK100MHZ/A (sky130_fd_sc_hd__clkbuf_16)
     2    0.02    0.03    0.08    0.08 ^ clkbuf_0_CLK100MHZ/X (sky130_fd_sc_hd__clkbuf_16)
                                         clknet_0_CLK100MHZ (net)
                  0.03    0.00    0.08 ^ clkbuf_1_1__f_CLK100MHZ/A (sky130_fd_sc_hd__clkbuf_16)
    13    0.06    0.06    0.11    0.19 ^ clkbuf_1_1__f_CLK100MHZ/X (sky130_fd_sc_hd__clkbuf_16)
                                         clknet_1_1__leaf_CLK100MHZ (net)
                  0.06    0.00    0.19 ^ _452_/CLK (sky130_fd_sc_hd__dfxtp_1)
     3    0.04    0.12    0.28    0.47 v _452_/Q (sky130_fd_sc_hd__dfxtp_1)
                                         rf.regs[0][0] (net)
                  0.12    0.00    0.47 v _412_/A (sky130_fd_sc_hd__and2_1)
     1    0.02    0.08    0.17    0.64 v _412_/X (sky130_fd_sc_hd__and2_1)
                                         _048_ (net)
                  0.08    0.00    0.64 v _413_/A (sky130_fd_sc_hd__clkbuf_1)
     1    0.01    0.03    0.08    0.72 v _413_/X (sky130_fd_sc_hd__clkbuf_1)
                                         _018_ (net)
                  0.03    0.00    0.72 v _452_/D (sky130_fd_sc_hd__dfxtp_1)
                                  0.72   data arrival time

                          0.00    0.00   clock CLK100MHZ (rise edge)
                          0.00    0.00   clock source latency
     1    0.03    0.00    0.00    0.00 ^ CLK100MHZ (in)
                                         CLK100MHZ (net)
                  0.00    0.00    0.00 ^ clkbuf_0_CLK100MHZ/A (sky130_fd_sc_hd__clkbuf_16)
     2    0.02    0.03    0.08    0.08 ^ clkbuf_0_CLK100MHZ/X (sky130_fd_sc_hd__clkbuf_16)
                                         clknet_0_CLK100MHZ (net)
                  0.03    0.00    0.08 ^ clkbuf_1_1__f_CLK100MHZ/A (sky130_fd_sc_hd__clkbuf_16)
    13    0.06    0.06    0.11    0.19 ^ clkbuf_1_1__f_CLK100MHZ/X (sky130_fd_sc_hd__clkbuf_16)
                                         clknet_1_1__leaf_CLK100MHZ (net)
                  0.06    0.00    0.19 ^ _452_/CLK (sky130_fd_sc_hd__dfxtp_1)
                          0.20    0.39   clock uncertainty
                          0.00    0.39   clock reconvergence pessimism
                         -0.04    0.35   library hold time
                                  0.35   data required time
-----------------------------------------------------------------------------
                                  0.35   data required time
                                 -0.72   data arrival time
-----------------------------------------------------------------------------
                                  0.37   slack (MET)


Startpoint: _454_ (rising edge-triggered flip-flop clocked by CLK100MHZ)
Endpoint: _454_ (rising edge-triggered flip-flop clocked by CLK100MHZ)
Path Group: CLK100MHZ
Path Type: min
Corner: Fastest

Fanout     Cap    Slew   Delay    Time   Description
-----------------------------------------------------------------------------
                          0.00    0.00   clock CLK100MHZ (rise edge)
                          0.00    0.00   clock source latency
     1    0.03    0.00    0.00    0.00 ^ CLK100MHZ (in)
                                         CLK100MHZ (net)
                  0.00    0.00    0.00 ^ clkbuf_0_CLK100MHZ/A (sky130_fd_sc_hd__clkbuf_16)
     2    0.02    0.03    0.08    0.08 ^ clkbuf_0_CLK100MHZ/X (sky130_fd_sc_hd__clkbuf_16)
                                         clknet_0_CLK100MHZ (net)
                  0.03    0.00    0.08 ^ clkbuf_1_0__f_CLK100MHZ/A (sky130_fd_sc_hd__clkbuf_16)
    16    0.07    0.07    0.11    0.19 ^ clkbuf_1_0__f_CLK100MHZ/X (sky130_fd_sc_hd__clkbuf_16)
                                         clknet_1_0__leaf_CLK100MHZ (net)
                  0.07    0.01    0.20 ^ _454_/CLK (sky130_fd_sc_hd__dfxtp_1)
     3    0.02    0.08    0.25    0.44 v _454_/Q (sky130_fd_sc_hd__dfxtp_1)
                                         rf.regs[0][2] (net)
                  0.08    0.00    0.44 v _416_/A (sky130_fd_sc_hd__and2_1)
     1    0.02    0.09    0.16    0.60 v _416_/X (sky130_fd_sc_hd__and2_1)
                                         _050_ (net)
                  0.09    0.00    0.60 v _417_/A (sky130_fd_sc_hd__buf_1)
     1    0.01    0.06    0.11    0.72 v _417_/X (sky130_fd_sc_hd__buf_1)
                                         _020_ (net)
                  0.06    0.00    0.72 v _454_/D (sky130_fd_sc_hd__dfxtp_1)
                                  0.72   data arrival time

                          0.00    0.00   clock CLK100MHZ (rise edge)
                          0.00    0.00   clock source latency
     1    0.03    0.00    0.00    0.00 ^ CLK100MHZ (in)
                                         CLK100MHZ (net)
                  0.00    0.00    0.00 ^ clkbuf_0_CLK100MHZ/A (sky130_fd_sc_hd__clkbuf_16)
     2    0.02    0.03    0.08    0.08 ^ clkbuf_0_CLK100MHZ/X (sky130_fd_sc_hd__clkbuf_16)
                                         clknet_0_CLK100MHZ (net)
                  0.03    0.00    0.08 ^ clkbuf_1_0__f_CLK100MHZ/A (sky130_fd_sc_hd__clkbuf_16)
    16    0.07    0.07    0.11    0.19 ^ clkbuf_1_0__f_CLK100MHZ/X (sky130_fd_sc_hd__clkbuf_16)
                                         clknet_1_0__leaf_CLK100MHZ (net)
                  0.07    0.01    0.20 ^ _454_/CLK (sky130_fd_sc_hd__dfxtp_1)
                          0.20    0.40   clock uncertainty
                          0.00    0.40   clock reconvergence pessimism
                         -0.05    0.35   library hold time
                                  0.35   data required time
-----------------------------------------------------------------------------
                                  0.35   data required time
                                 -0.72   data arrival time
-----------------------------------------------------------------------------
                                  0.37   slack (MET)


Startpoint: _439_ (rising edge-triggered flip-flop clocked by CLK100MHZ)
Endpoint: _439_ (rising edge-triggered flip-flop clocked by CLK100MHZ)
Path Group: CLK100MHZ
Path Type: min
Corner: Fastest

Fanout     Cap    Slew   Delay    Time   Description
-----------------------------------------------------------------------------
                          0.00    0.00   clock CLK100MHZ (rise edge)
                          0.00    0.00   clock source latency
     1    0.03    0.00    0.00    0.00 ^ CLK100MHZ (in)
                                         CLK100MHZ (net)
                  0.00    0.00    0.00 ^ clkbuf_0_CLK100MHZ/A (sky130_fd_sc_hd__clkbuf_16)
     2    0.02    0.03    0.08    0.08 ^ clkbuf_0_CLK100MHZ/X (sky130_fd_sc_hd__clkbuf_16)
                                         clknet_0_CLK100MHZ (net)
                  0.03    0.00    0.08 ^ clkbuf_1_1__f_CLK100MHZ/A (sky130_fd_sc_hd__clkbuf_16)
    13    0.06    0.06    0.11    0.19 ^ clkbuf_1_1__f_CLK100MHZ/X (sky130_fd_sc_hd__clkbuf_16)
                                         clknet_1_1__leaf_CLK100MHZ (net)
                  0.06    0.00    0.19 ^ _439_/CLK (sky130_fd_sc_hd__dfxtp_1)
     2    0.01    0.11    0.25    0.44 ^ _439_/Q (sky130_fd_sc_hd__dfxtp_1)
                                         rf.regs[25][2] (net)
                  0.11    0.00    0.44 ^ _369_/A0 (sky130_fd_sc_hd__mux2_1)
     1    0.02    0.16    0.19    0.63 ^ _369_/X (sky130_fd_sc_hd__mux2_1)
                                         _202_ (net)
                  0.16    0.00    0.63 ^ _370_/A (sky130_fd_sc_hd__clkbuf_1)
     1    0.01    0.11    0.12    0.75 ^ _370_/X (sky130_fd_sc_hd__clkbuf_1)
                                         _005_ (net)
                  0.11    0.00    0.75 ^ _439_/D (sky130_fd_sc_hd__dfxtp_1)
                                  0.75   data arrival time

                          0.00    0.00   clock CLK100MHZ (rise edge)
                          0.00    0.00   clock source latency
     1    0.03    0.00    0.00    0.00 ^ CLK100MHZ (in)
                                         CLK100MHZ (net)
                  0.00    0.00    0.00 ^ clkbuf_0_CLK100MHZ/A (sky130_fd_sc_hd__clkbuf_16)
     2    0.02    0.03    0.08    0.08 ^ clkbuf_0_CLK100MHZ/X (sky130_fd_sc_hd__clkbuf_16)
                                         clknet_0_CLK100MHZ (net)
                  0.03    0.00    0.08 ^ clkbuf_1_1__f_CLK100MHZ/A (sky130_fd_sc_hd__clkbuf_16)
    13    0.06    0.06    0.11    0.19 ^ clkbuf_1_1__f_CLK100MHZ/X (sky130_fd_sc_hd__clkbuf_16)
                                         clknet_1_1__leaf_CLK100MHZ (net)
                  0.06    0.00    0.19 ^ _439_/CLK (sky130_fd_sc_hd__dfxtp_1)
                          0.20    0.39   clock uncertainty
                          0.00    0.39   clock reconvergence pessimism
                         -0.02    0.37   library hold time
                                  0.37   data required time
-----------------------------------------------------------------------------
                                  0.37   data required time
                                 -0.75   data arrival time
-----------------------------------------------------------------------------
                                  0.38   slack (MET)


Startpoint: _459_ (rising edge-triggered flip-flop clocked by CLK100MHZ)
Endpoint: _459_ (rising edge-triggered flip-flop clocked by CLK100MHZ)
Path Group: CLK100MHZ
Path Type: min
Corner: Fastest

Fanout     Cap    Slew   Delay    Time   Description
-----------------------------------------------------------------------------
                          0.00    0.00   clock CLK100MHZ (rise edge)
                          0.00    0.00   clock source latency
     1    0.03    0.00    0.00    0.00 ^ CLK100MHZ (in)
                                         CLK100MHZ (net)
                  0.00    0.00    0.00 ^ clkbuf_0_CLK100MHZ/A (sky130_fd_sc_hd__clkbuf_16)
     2    0.02    0.03    0.08    0.08 ^ clkbuf_0_CLK100MHZ/X (sky130_fd_sc_hd__clkbuf_16)
                                         clknet_0_CLK100MHZ (net)
                  0.03    0.00    0.08 ^ clkbuf_1_0__f_CLK100MHZ/A (sky130_fd_sc_hd__clkbuf_16)
    16    0.07    0.07    0.11    0.19 ^ clkbuf_1_0__f_CLK100MHZ/X (sky130_fd_sc_hd__clkbuf_16)
                                         clknet_1_0__leaf_CLK100MHZ (net)
                  0.07    0.01    0.20 ^ _459_/CLK (sky130_fd_sc_hd__dfxtp_1)
     2    0.03    0.20    0.31    0.51 ^ _459_/Q (sky130_fd_sc_hd__dfxtp_1)
                                         rf.regs[5][2] (net)
                  0.20    0.00    0.51 ^ _428_/A0 (sky130_fd_sc_hd__mux2_1)
     1    0.01    0.07    0.13    0.64 ^ _428_/X (sky130_fd_sc_hd__mux2_1)
                                         _057_ (net)
                  0.07    0.00    0.64 ^ _429_/A (sky130_fd_sc_hd__buf_1)
     1    0.01    0.13    0.12    0.77 ^ _429_/X (sky130_fd_sc_hd__buf_1)
                                         _025_ (net)
                  0.13    0.00    0.77 ^ _459_/D (sky130_fd_sc_hd__dfxtp_1)
                                  0.77   data arrival time

                          0.00    0.00   clock CLK100MHZ (rise edge)
                          0.00    0.00   clock source latency
     1    0.03    0.00    0.00    0.00 ^ CLK100MHZ (in)
                                         CLK100MHZ (net)
                  0.00    0.00    0.00 ^ clkbuf_0_CLK100MHZ/A (sky130_fd_sc_hd__clkbuf_16)
     2    0.02    0.03    0.08    0.08 ^ clkbuf_0_CLK100MHZ/X (sky130_fd_sc_hd__clkbuf_16)
                                         clknet_0_CLK100MHZ (net)
                  0.03    0.00    0.08 ^ clkbuf_1_0__f_CLK100MHZ/A (sky130_fd_sc_hd__clkbuf_16)
    16    0.07    0.07    0.11    0.19 ^ clkbuf_1_0__f_CLK100MHZ/X (sky130_fd_sc_hd__clkbuf_16)
                                         clknet_1_0__leaf_CLK100MHZ (net)
                  0.07    0.01    0.20 ^ _459_/CLK (sky130_fd_sc_hd__dfxtp_1)
                          0.20    0.40   clock uncertainty
                          0.00    0.40   clock reconvergence pessimism
                         -0.02    0.37   library hold time
                                  0.37   data required time
-----------------------------------------------------------------------------
                                  0.37   data required time
                                 -0.77   data arrival time
-----------------------------------------------------------------------------
                                  0.40   slack (MET)


Startpoint: _457_ (rising edge-triggered flip-flop clocked by CLK100MHZ)
Endpoint: _457_ (rising edge-triggered flip-flop clocked by CLK100MHZ)
Path Group: CLK100MHZ
Path Type: min
Corner: Fastest

Fanout     Cap    Slew   Delay    Time   Description
-----------------------------------------------------------------------------
                          0.00    0.00   clock CLK100MHZ (rise edge)
                          0.00    0.00   clock source latency
     1    0.03    0.00    0.00    0.00 ^ CLK100MHZ (in)
                                         CLK100MHZ (net)
                  0.00    0.00    0.00 ^ clkbuf_0_CLK100MHZ/A (sky130_fd_sc_hd__clkbuf_16)
     2    0.02    0.03    0.08    0.08 ^ clkbuf_0_CLK100MHZ/X (sky130_fd_sc_hd__clkbuf_16)
                                         clknet_0_CLK100MHZ (net)
                  0.03    0.00    0.08 ^ clkbuf_1_1__f_CLK100MHZ/A (sky130_fd_sc_hd__clkbuf_16)
    13    0.06    0.06    0.11    0.19 ^ clkbuf_1_1__f_CLK100MHZ/X (sky130_fd_sc_hd__clkbuf_16)
                                         clknet_1_1__leaf_CLK100MHZ (net)
                  0.06    0.00    0.19 ^ _457_/CLK (sky130_fd_sc_hd__dfxtp_1)
     2    0.02    0.15    0.28    0.47 ^ _457_/Q (sky130_fd_sc_hd__dfxtp_1)
                                         rf.regs[5][0] (net)
                  0.15    0.00    0.47 ^ _424_/A0 (sky130_fd_sc_hd__mux2_1)
     1    0.01    0.09    0.14    0.61 ^ _424_/X (sky130_fd_sc_hd__mux2_1)
                                         _055_ (net)
                  0.09    0.00    0.62 ^ _425_/A (sky130_fd_sc_hd__clkbuf_1)
     1    0.02    0.17    0.15    0.77 ^ _425_/X (sky130_fd_sc_hd__clkbuf_1)
                                         _023_ (net)
                  0.17    0.00    0.77 ^ _457_/D (sky130_fd_sc_hd__dfxtp_1)
                                  0.77   data arrival time

                          0.00    0.00   clock CLK100MHZ (rise edge)
                          0.00    0.00   clock source latency
     1    0.03    0.00    0.00    0.00 ^ CLK100MHZ (in)
                                         CLK100MHZ (net)
                  0.00    0.00    0.00 ^ clkbuf_0_CLK100MHZ/A (sky130_fd_sc_hd__clkbuf_16)
     2    0.02    0.03    0.08    0.08 ^ clkbuf_0_CLK100MHZ/X (sky130_fd_sc_hd__clkbuf_16)
                                         clknet_0_CLK100MHZ (net)
                  0.03    0.00    0.08 ^ clkbuf_1_1__f_CLK100MHZ/A (sky130_fd_sc_hd__clkbuf_16)
    13    0.06    0.06    0.11    0.19 ^ clkbuf_1_1__f_CLK100MHZ/X (sky130_fd_sc_hd__clkbuf_16)
                                         clknet_1_1__leaf_CLK100MHZ (net)
                  0.06    0.00    0.19 ^ _457_/CLK (sky130_fd_sc_hd__dfxtp_1)
                          0.20    0.39   clock uncertainty
                          0.00    0.39   clock reconvergence pessimism
                         -0.03    0.36   library hold time
                                  0.36   data required time
-----------------------------------------------------------------------------
                                  0.36   data required time
                                 -0.77   data arrival time
-----------------------------------------------------------------------------
                                  0.40   slack (MET)


Startpoint: _438_ (rising edge-triggered flip-flop clocked by CLK100MHZ)
Endpoint: _438_ (rising edge-triggered flip-flop clocked by CLK100MHZ)
Path Group: CLK100MHZ
Path Type: min
Corner: Fastest

Fanout     Cap    Slew   Delay    Time   Description
-----------------------------------------------------------------------------
                          0.00    0.00   clock CLK100MHZ (rise edge)
                          0.00    0.00   clock source latency
     1    0.03    0.00    0.00    0.00 ^ CLK100MHZ (in)
                                         CLK100MHZ (net)
                  0.00    0.00    0.00 ^ clkbuf_0_CLK100MHZ/A (sky130_fd_sc_hd__clkbuf_16)
     2    0.02    0.03    0.08    0.08 ^ clkbuf_0_CLK100MHZ/X (sky130_fd_sc_hd__clkbuf_16)
                                         clknet_0_CLK100MHZ (net)
                  0.03    0.00    0.08 ^ clkbuf_1_1__f_CLK100MHZ/A (sky130_fd_sc_hd__clkbuf_16)
    13    0.06    0.06    0.11    0.19 ^ clkbuf_1_1__f_CLK100MHZ/X (sky130_fd_sc_hd__clkbuf_16)
                                         clknet_1_1__leaf_CLK100MHZ (net)
                  0.06    0.00    0.19 ^ _438_/CLK (sky130_fd_sc_hd__dfxtp_1)
     3    0.03    0.21    0.32    0.51 ^ _438_/Q (sky130_fd_sc_hd__dfxtp_1)
                                         rf.regs[25][1] (net)
                  0.21    0.00    0.52 ^ _367_/A0 (sky130_fd_sc_hd__mux2_1)
     1    0.01    0.10    0.15    0.67 ^ _367_/X (sky130_fd_sc_hd__mux2_1)
                                         _201_ (net)
                  0.10    0.00    0.67 ^ _368_/A (sky130_fd_sc_hd__clkbuf_1)
     1    0.01    0.11    0.11    0.79 ^ _368_/X (sky130_fd_sc_hd__clkbuf_1)
                                         _004_ (net)
                  0.11    0.00    0.79 ^ _438_/D (sky130_fd_sc_hd__dfxtp_1)
                                  0.79   data arrival time

                          0.00    0.00   clock CLK100MHZ (rise edge)
                          0.00    0.00   clock source latency
     1    0.03    0.00    0.00    0.00 ^ CLK100MHZ (in)
                                         CLK100MHZ (net)
                  0.00    0.00    0.00 ^ clkbuf_0_CLK100MHZ/A (sky130_fd_sc_hd__clkbuf_16)
     2    0.02    0.03    0.08    0.08 ^ clkbuf_0_CLK100MHZ/X (sky130_fd_sc_hd__clkbuf_16)
                                         clknet_0_CLK100MHZ (net)
                  0.03    0.00    0.08 ^ clkbuf_1_1__f_CLK100MHZ/A (sky130_fd_sc_hd__clkbuf_16)
    13    0.06    0.06    0.11    0.19 ^ clkbuf_1_1__f_CLK100MHZ/X (sky130_fd_sc_hd__clkbuf_16)
                                         clknet_1_1__leaf_CLK100MHZ (net)
                  0.06    0.00    0.19 ^ _438_/CLK (sky130_fd_sc_hd__dfxtp_1)
                          0.20    0.39   clock uncertainty
                          0.00    0.39   clock reconvergence pessimism
                         -0.02    0.37   library hold time
                                  0.37   data required time
-----------------------------------------------------------------------------
                                  0.37   data required time
                                 -0.79   data arrival time
-----------------------------------------------------------------------------
                                  0.42   slack (MET)


Startpoint: _443_ (rising edge-triggered flip-flop clocked by CLK100MHZ)
Endpoint: _443_ (rising edge-triggered flip-flop clocked by CLK100MHZ)
Path Group: CLK100MHZ
Path Type: min
Corner: Fastest

Fanout     Cap    Slew   Delay    Time   Description
-----------------------------------------------------------------------------
                          0.00    0.00   clock CLK100MHZ (rise edge)
                          0.00    0.00   clock source latency
     1    0.03    0.00    0.00    0.00 ^ CLK100MHZ (in)
                                         CLK100MHZ (net)
                  0.00    0.00    0.00 ^ clkbuf_0_CLK100MHZ/A (sky130_fd_sc_hd__clkbuf_16)
     2    0.02    0.03    0.08    0.08 ^ clkbuf_0_CLK100MHZ/X (sky130_fd_sc_hd__clkbuf_16)
                                         clknet_0_CLK100MHZ (net)
                  0.03    0.00    0.08 ^ clkbuf_1_0__f_CLK100MHZ/A (sky130_fd_sc_hd__clkbuf_16)
    16    0.07    0.07    0.11    0.19 ^ clkbuf_1_0__f_CLK100MHZ/X (sky130_fd_sc_hd__clkbuf_16)
                                         clknet_1_0__leaf_CLK100MHZ (net)
                  0.07    0.00    0.19 ^ _443_/CLK (sky130_fd_sc_hd__dfxtp_1)
     2    0.02    0.07    0.24    0.43 v _443_/Q (sky130_fd_sc_hd__dfxtp_1)
                                         rf.regs[15][1] (net)
                  0.07    0.00    0.43 v _389_/A0 (sky130_fd_sc_hd__mux2_1)
     1    0.01    0.06    0.19    0.62 v _389_/X (sky130_fd_sc_hd__mux2_1)
                                         _034_ (net)
                  0.06    0.00    0.62 v _390_/A (sky130_fd_sc_hd__buf_1)
     1    0.03    0.11    0.14    0.76 v _390_/X (sky130_fd_sc_hd__buf_1)
                                         _009_ (net)
                  0.11    0.00    0.76 v _443_/D (sky130_fd_sc_hd__dfxtp_1)
                                  0.76   data arrival time

                          0.00    0.00   clock CLK100MHZ (rise edge)
                          0.00    0.00   clock source latency
     1    0.03    0.00    0.00    0.00 ^ CLK100MHZ (in)
                                         CLK100MHZ (net)
                  0.00    0.00    0.00 ^ clkbuf_0_CLK100MHZ/A (sky130_fd_sc_hd__clkbuf_16)
     2    0.02    0.03    0.08    0.08 ^ clkbuf_0_CLK100MHZ/X (sky130_fd_sc_hd__clkbuf_16)
                                         clknet_0_CLK100MHZ (net)
                  0.03    0.00    0.08 ^ clkbuf_1_0__f_CLK100MHZ/A (sky130_fd_sc_hd__clkbuf_16)
    16    0.07    0.07    0.11    0.19 ^ clkbuf_1_0__f_CLK100MHZ/X (sky130_fd_sc_hd__clkbuf_16)
                                         clknet_1_0__leaf_CLK100MHZ (net)
                  0.07    0.00    0.19 ^ _443_/CLK (sky130_fd_sc_hd__dfxtp_1)
                          0.20    0.39   clock uncertainty
                          0.00    0.39   clock reconvergence pessimism
                         -0.06    0.33   library hold time
                                  0.33   data required time
-----------------------------------------------------------------------------
                                  0.33   data required time
                                 -0.76   data arrival time
-----------------------------------------------------------------------------
                                  0.43   slack (MET)


Startpoint: _441_ (rising edge-triggered flip-flop clocked by CLK100MHZ)
Endpoint: _441_ (rising edge-triggered flip-flop clocked by CLK100MHZ)
Path Group: CLK100MHZ
Path Type: min
Corner: Fastest

Fanout     Cap    Slew   Delay    Time   Description
-----------------------------------------------------------------------------
                          0.00    0.00   clock CLK100MHZ (rise edge)
                          0.00    0.00   clock source latency
     1    0.03    0.00    0.00    0.00 ^ CLK100MHZ (in)
                                         CLK100MHZ (net)
                  0.00    0.00    0.00 ^ clkbuf_0_CLK100MHZ/A (sky130_fd_sc_hd__clkbuf_16)
     2    0.02    0.03    0.08    0.08 ^ clkbuf_0_CLK100MHZ/X (sky130_fd_sc_hd__clkbuf_16)
                                         clknet_0_CLK100MHZ (net)
                  0.03    0.00    0.08 ^ clkbuf_1_0__f_CLK100MHZ/A (sky130_fd_sc_hd__clkbuf_16)
    16    0.07    0.07    0.11    0.19 ^ clkbuf_1_0__f_CLK100MHZ/X (sky130_fd_sc_hd__clkbuf_16)
                                         clknet_1_0__leaf_CLK100MHZ (net)
                  0.07    0.00    0.19 ^ _441_/CLK (sky130_fd_sc_hd__dfxtp_1)
     2    0.03    0.11    0.27    0.46 v _441_/Q (sky130_fd_sc_hd__dfxtp_1)
                                         rf.regs[25][4] (net)
                  0.11    0.00    0.46 v _383_/A0 (sky130_fd_sc_hd__mux2_1)
     1    0.01    0.08    0.22    0.68 v _383_/X (sky130_fd_sc_hd__mux2_1)
                                         _214_ (net)
                  0.08    0.00    0.68 v _384_/A (sky130_fd_sc_hd__buf_1)
     1    0.02    0.08    0.12    0.80 v _384_/X (sky130_fd_sc_hd__buf_1)
                                         _007_ (net)
                  0.08    0.00    0.80 v _441_/D (sky130_fd_sc_hd__dfxtp_1)
                                  0.80   data arrival time

                          0.00    0.00   clock CLK100MHZ (rise edge)
                          0.00    0.00   clock source latency
     1    0.03    0.00    0.00    0.00 ^ CLK100MHZ (in)
                                         CLK100MHZ (net)
                  0.00    0.00    0.00 ^ clkbuf_0_CLK100MHZ/A (sky130_fd_sc_hd__clkbuf_16)
     2    0.02    0.03    0.08    0.08 ^ clkbuf_0_CLK100MHZ/X (sky130_fd_sc_hd__clkbuf_16)
                                         clknet_0_CLK100MHZ (net)
                  0.03    0.00    0.08 ^ clkbuf_1_0__f_CLK100MHZ/A (sky130_fd_sc_hd__clkbuf_16)
    16    0.07    0.07    0.11    0.19 ^ clkbuf_1_0__f_CLK100MHZ/X (sky130_fd_sc_hd__clkbuf_16)
                                         clknet_1_0__leaf_CLK100MHZ (net)
                  0.07    0.00    0.19 ^ _441_/CLK (sky130_fd_sc_hd__dfxtp_1)
                          0.20    0.39   clock uncertainty
                          0.00    0.39   clock reconvergence pessimism
                         -0.05    0.34   library hold time
                                  0.34   data required time
-----------------------------------------------------------------------------
                                  0.34   data required time
                                 -0.80   data arrival time
-----------------------------------------------------------------------------
                                  0.46   slack (MET)


Startpoint: _449_ (rising edge-triggered flip-flop clocked by CLK100MHZ)
Endpoint: _449_ (rising edge-triggered flip-flop clocked by CLK100MHZ)
Path Group: CLK100MHZ
Path Type: min
Corner: Fastest

Fanout     Cap    Slew   Delay    Time   Description
-----------------------------------------------------------------------------
                          0.00    0.00   clock CLK100MHZ (rise edge)
                          0.00    0.00   clock source latency
     1    0.03    0.00    0.00    0.00 ^ CLK100MHZ (in)
                                         CLK100MHZ (net)
                  0.00    0.00    0.00 ^ clkbuf_0_CLK100MHZ/A (sky130_fd_sc_hd__clkbuf_16)
     2    0.02    0.03    0.08    0.08 ^ clkbuf_0_CLK100MHZ/X (sky130_fd_sc_hd__clkbuf_16)
                                         clknet_0_CLK100MHZ (net)
                  0.03    0.00    0.08 ^ clkbuf_1_0__f_CLK100MHZ/A (sky130_fd_sc_hd__clkbuf_16)
    16    0.07    0.07    0.11    0.19 ^ clkbuf_1_0__f_CLK100MHZ/X (sky130_fd_sc_hd__clkbuf_16)
                                         clknet_1_0__leaf_CLK100MHZ (net)
                  0.07    0.00    0.19 ^ _449_/CLK (sky130_fd_sc_hd__dfxtp_1)
     2    0.03    0.10    0.26    0.46 v _449_/Q (sky130_fd_sc_hd__dfxtp_1)
                                         rf.regs[10][2] (net)
                  0.10    0.00    0.46 v _404_/A1 (sky130_fd_sc_hd__mux2_1)
     1    0.02    0.08    0.23    0.69 v _404_/X (sky130_fd_sc_hd__mux2_1)
                                         _043_ (net)
                  0.08    0.00    0.69 v _405_/A (sky130_fd_sc_hd__buf_1)
     1    0.02    0.08    0.13    0.82 v _405_/X (sky130_fd_sc_hd__buf_1)
                                         _015_ (net)
                  0.08    0.00    0.82 v _449_/D (sky130_fd_sc_hd__dfxtp_1)
                                  0.82   data arrival time

                          0.00    0.00   clock CLK100MHZ (rise edge)
                          0.00    0.00   clock source latency
     1    0.03    0.00    0.00    0.00 ^ CLK100MHZ (in)
                                         CLK100MHZ (net)
                  0.00    0.00    0.00 ^ clkbuf_0_CLK100MHZ/A (sky130_fd_sc_hd__clkbuf_16)
     2    0.02    0.03    0.08    0.08 ^ clkbuf_0_CLK100MHZ/X (sky130_fd_sc_hd__clkbuf_16)
                                         clknet_0_CLK100MHZ (net)
                  0.03    0.00    0.08 ^ clkbuf_1_0__f_CLK100MHZ/A (sky130_fd_sc_hd__clkbuf_16)
    16    0.07    0.07    0.11    0.19 ^ clkbuf_1_0__f_CLK100MHZ/X (sky130_fd_sc_hd__clkbuf_16)
                                         clknet_1_0__leaf_CLK100MHZ (net)
                  0.07    0.00    0.19 ^ _449_/CLK (sky130_fd_sc_hd__dfxtp_1)
                          0.20    0.39   clock uncertainty
                          0.00    0.39   clock reconvergence pessimism
                         -0.05    0.34   library hold time
                                  0.34   data required time
-----------------------------------------------------------------------------
                                  0.34   data required time
                                 -0.82   data arrival time
-----------------------------------------------------------------------------
                                  0.48   slack (MET)


Startpoint: _445_ (rising edge-triggered flip-flop clocked by CLK100MHZ)
Endpoint: _445_ (rising edge-triggered flip-flop clocked by CLK100MHZ)
Path Group: CLK100MHZ
Path Type: min
Corner: Fastest

Fanout     Cap    Slew   Delay    Time   Description
-----------------------------------------------------------------------------
                          0.00    0.00   clock CLK100MHZ (rise edge)
                          0.00    0.00   clock source latency
     1    0.03    0.00    0.00    0.00 ^ CLK100MHZ (in)
                                         CLK100MHZ (net)
                  0.00    0.00    0.00 ^ clkbuf_0_CLK100MHZ/A (sky130_fd_sc_hd__clkbuf_16)
     2    0.02    0.03    0.08    0.08 ^ clkbuf_0_CLK100MHZ/X (sky130_fd_sc_hd__clkbuf_16)
                                         clknet_0_CLK100MHZ (net)
                  0.03    0.00    0.08 ^ clkbuf_1_1__f_CLK100MHZ/A (sky130_fd_sc_hd__clkbuf_16)
    13    0.06    0.06    0.11    0.19 ^ clkbuf_1_1__f_CLK100MHZ/X (sky130_fd_sc_hd__clkbuf_16)
                                         clknet_1_1__leaf_CLK100MHZ (net)
                  0.06    0.00    0.19 ^ _445_/CLK (sky130_fd_sc_hd__dfxtp_1)
     2    0.02    0.07    0.24    0.43 v _445_/Q (sky130_fd_sc_hd__dfxtp_1)
                                         rf.regs[15][3] (net)
                  0.07    0.00    0.43 v _393_/A0 (sky130_fd_sc_hd__mux2_1)
     1    0.01    0.07    0.20    0.63 v _393_/X (sky130_fd_sc_hd__mux2_1)
                                         _036_ (net)
                  0.07    0.00    0.63 v _394_/A (sky130_fd_sc_hd__buf_1)
     1    0.03    0.14    0.16    0.79 v _394_/X (sky130_fd_sc_hd__buf_1)
                                         _011_ (net)
                  0.14    0.01    0.80 v _445_/D (sky130_fd_sc_hd__dfxtp_1)
                                  0.80   data arrival time

                          0.00    0.00   clock CLK100MHZ (rise edge)
                          0.00    0.00   clock source latency
     1    0.03    0.00    0.00    0.00 ^ CLK100MHZ (in)
                                         CLK100MHZ (net)
                  0.00    0.00    0.00 ^ clkbuf_0_CLK100MHZ/A (sky130_fd_sc_hd__clkbuf_16)
     2    0.02    0.03    0.08    0.08 ^ clkbuf_0_CLK100MHZ/X (sky130_fd_sc_hd__clkbuf_16)
                                         clknet_0_CLK100MHZ (net)
                  0.03    0.00    0.08 ^ clkbuf_1_1__f_CLK100MHZ/A (sky130_fd_sc_hd__clkbuf_16)
    13    0.06    0.06    0.11    0.19 ^ clkbuf_1_1__f_CLK100MHZ/X (sky130_fd_sc_hd__clkbuf_16)
                                         clknet_1_1__leaf_CLK100MHZ (net)
                  0.06    0.00    0.19 ^ _445_/CLK (sky130_fd_sc_hd__dfxtp_1)
                          0.20    0.39   clock uncertainty
                          0.00    0.39   clock reconvergence pessimism
                         -0.07    0.32   library hold time
                                  0.32   data required time
-----------------------------------------------------------------------------
                                  0.32   data required time
                                 -0.80   data arrival time
-----------------------------------------------------------------------------
                                  0.48   slack (MET)


Startpoint: _440_ (rising edge-triggered flip-flop clocked by CLK100MHZ)
Endpoint: _440_ (rising edge-triggered flip-flop clocked by CLK100MHZ)
Path Group: CLK100MHZ
Path Type: min
Corner: Fastest

Fanout     Cap    Slew   Delay    Time   Description
-----------------------------------------------------------------------------
                          0.00    0.00   clock CLK100MHZ (rise edge)
                          0.00    0.00   clock source latency
     1    0.03    0.00    0.00    0.00 ^ CLK100MHZ (in)
                                         CLK100MHZ (net)
                  0.00    0.00    0.00 ^ clkbuf_0_CLK100MHZ/A (sky130_fd_sc_hd__clkbuf_16)
     2    0.02    0.03    0.08    0.08 ^ clkbuf_0_CLK100MHZ/X (sky130_fd_sc_hd__clkbuf_16)
                                         clknet_0_CLK100MHZ (net)
                  0.03    0.00    0.08 ^ clkbuf_1_0__f_CLK100MHZ/A (sky130_fd_sc_hd__clkbuf_16)
    16    0.07    0.07    0.11    0.19 ^ clkbuf_1_0__f_CLK100MHZ/X (sky130_fd_sc_hd__clkbuf_16)
                                         clknet_1_0__leaf_CLK100MHZ (net)
                  0.07    0.00    0.19 ^ _440_/CLK (sky130_fd_sc_hd__dfxtp_1)
     2    0.03    0.09    0.26    0.45 v _440_/Q (sky130_fd_sc_hd__dfxtp_1)
                                         rf.regs[25][3] (net)
                  0.09    0.00    0.45 v _371_/A0 (sky130_fd_sc_hd__mux2_1)
     1    0.02    0.09    0.23    0.68 v _371_/X (sky130_fd_sc_hd__mux2_1)
                                         _203_ (net)
                  0.09    0.00    0.68 v _372_/A (sky130_fd_sc_hd__buf_1)
     1    0.02    0.10    0.14    0.82 v _372_/X (sky130_fd_sc_hd__buf_1)
                                         _006_ (net)
                  0.10    0.00    0.82 v _440_/D (sky130_fd_sc_hd__dfxtp_1)
                                  0.82   data arrival time

                          0.00    0.00   clock CLK100MHZ (rise edge)
                          0.00    0.00   clock source latency
     1    0.03    0.00    0.00    0.00 ^ CLK100MHZ (in)
                                         CLK100MHZ (net)
                  0.00    0.00    0.00 ^ clkbuf_0_CLK100MHZ/A (sky130_fd_sc_hd__clkbuf_16)
     2    0.02    0.03    0.08    0.08 ^ clkbuf_0_CLK100MHZ/X (sky130_fd_sc_hd__clkbuf_16)
                                         clknet_0_CLK100MHZ (net)
                  0.03    0.00    0.08 ^ clkbuf_1_0__f_CLK100MHZ/A (sky130_fd_sc_hd__clkbuf_16)
    16    0.07    0.07    0.11    0.19 ^ clkbuf_1_0__f_CLK100MHZ/X (sky130_fd_sc_hd__clkbuf_16)
                                         clknet_1_0__leaf_CLK100MHZ (net)
                  0.07    0.00    0.19 ^ _440_/CLK (sky130_fd_sc_hd__dfxtp_1)
                          0.20    0.39   clock uncertainty
                          0.00    0.39   clock reconvergence pessimism
                         -0.06    0.33   library hold time
                                  0.33   data required time
-----------------------------------------------------------------------------
                                  0.33   data required time
                                 -0.82   data arrival time
-----------------------------------------------------------------------------
                                  0.49   slack (MET)


Startpoint: _461_ (rising edge-triggered flip-flop clocked by CLK100MHZ)
Endpoint: _461_ (rising edge-triggered flip-flop clocked by CLK100MHZ)
Path Group: CLK100MHZ
Path Type: min
Corner: Fastest

Fanout     Cap    Slew   Delay    Time   Description
-----------------------------------------------------------------------------
                          0.00    0.00   clock CLK100MHZ (rise edge)
                          0.00    0.00   clock source latency
     1    0.03    0.00    0.00    0.00 ^ CLK100MHZ (in)
                                         CLK100MHZ (net)
                  0.00    0.00    0.00 ^ clkbuf_0_CLK100MHZ/A (sky130_fd_sc_hd__clkbuf_16)
     2    0.02    0.03    0.08    0.08 ^ clkbuf_0_CLK100MHZ/X (sky130_fd_sc_hd__clkbuf_16)
                                         clknet_0_CLK100MHZ (net)
                  0.03    0.00    0.08 ^ clkbuf_1_0__f_CLK100MHZ/A (sky130_fd_sc_hd__clkbuf_16)
    16    0.07    0.07    0.11    0.19 ^ clkbuf_1_0__f_CLK100MHZ/X (sky130_fd_sc_hd__clkbuf_16)
                                         clknet_1_0__leaf_CLK100MHZ (net)
                  0.07    0.01    0.20 ^ _461_/CLK (sky130_fd_sc_hd__dfxtp_1)
     3    0.03    0.11    0.26    0.46 v _461_/Q (sky130_fd_sc_hd__dfxtp_1)
                                         rf.regs[5][4] (net)
                  0.11    0.00    0.46 v _432_/A0 (sky130_fd_sc_hd__mux2_1)
     1    0.02    0.10    0.24    0.70 v _432_/X (sky130_fd_sc_hd__mux2_1)
                                         _059_ (net)
                  0.10    0.00    0.71 v _433_/A (sky130_fd_sc_hd__buf_1)
     1    0.02    0.08    0.13    0.84 v _433_/X (sky130_fd_sc_hd__buf_1)
                                         _027_ (net)
                  0.08    0.00    0.84 v _461_/D (sky130_fd_sc_hd__dfxtp_1)
                                  0.84   data arrival time

                          0.00    0.00   clock CLK100MHZ (rise edge)
                          0.00    0.00   clock source latency
     1    0.03    0.00    0.00    0.00 ^ CLK100MHZ (in)
                                         CLK100MHZ (net)
                  0.00    0.00    0.00 ^ clkbuf_0_CLK100MHZ/A (sky130_fd_sc_hd__clkbuf_16)
     2    0.02    0.03    0.08    0.08 ^ clkbuf_0_CLK100MHZ/X (sky130_fd_sc_hd__clkbuf_16)
                                         clknet_0_CLK100MHZ (net)
                  0.03    0.00    0.08 ^ clkbuf_1_0__f_CLK100MHZ/A (sky130_fd_sc_hd__clkbuf_16)
    16    0.07    0.07    0.11    0.19 ^ clkbuf_1_0__f_CLK100MHZ/X (sky130_fd_sc_hd__clkbuf_16)
                                         clknet_1_0__leaf_CLK100MHZ (net)
                  0.07    0.01    0.20 ^ _461_/CLK (sky130_fd_sc_hd__dfxtp_1)
                          0.20    0.40   clock uncertainty
                          0.00    0.40   clock reconvergence pessimism
                         -0.05    0.34   library hold time
                                  0.34   data required time
-----------------------------------------------------------------------------
                                  0.34   data required time
                                 -0.84   data arrival time
-----------------------------------------------------------------------------
                                  0.50   slack (MET)


Startpoint: _447_ (rising edge-triggered flip-flop clocked by CLK100MHZ)
Endpoint: _447_ (rising edge-triggered flip-flop clocked by CLK100MHZ)
Path Group: CLK100MHZ
Path Type: min
Corner: Fastest

Fanout     Cap    Slew   Delay    Time   Description
-----------------------------------------------------------------------------
                          0.00    0.00   clock CLK100MHZ (rise edge)
                          0.00    0.00   clock source latency
     1    0.03    0.00    0.00    0.00 ^ CLK100MHZ (in)
                                         CLK100MHZ (net)
                  0.00    0.00    0.00 ^ clkbuf_0_CLK100MHZ/A (sky130_fd_sc_hd__clkbuf_16)
     2    0.02    0.03    0.08    0.08 ^ clkbuf_0_CLK100MHZ/X (sky130_fd_sc_hd__clkbuf_16)
                                         clknet_0_CLK100MHZ (net)
                  0.03    0.00    0.08 ^ clkbuf_1_1__f_CLK100MHZ/A (sky130_fd_sc_hd__clkbuf_16)
    13    0.06    0.06    0.11    0.19 ^ clkbuf_1_1__f_CLK100MHZ/X (sky130_fd_sc_hd__clkbuf_16)
                                         clknet_1_1__leaf_CLK100MHZ (net)
                  0.06    0.00    0.19 ^ _447_/CLK (sky130_fd_sc_hd__dfxtp_1)
     3    0.04    0.12    0.27    0.46 v _447_/Q (sky130_fd_sc_hd__dfxtp_1)
                                         rf.regs[10][0] (net)
                  0.12    0.00    0.47 v _400_/A1 (sky130_fd_sc_hd__mux2_1)
     1    0.02    0.08    0.24    0.70 v _400_/X (sky130_fd_sc_hd__mux2_1)
                                         _041_ (net)
                  0.08    0.00    0.71 v _401_/A (sky130_fd_sc_hd__buf_1)
     1    0.02    0.08    0.12    0.83 v _401_/X (sky130_fd_sc_hd__buf_1)
                                         _013_ (net)
                  0.08    0.00    0.83 v _447_/D (sky130_fd_sc_hd__dfxtp_1)
                                  0.83   data arrival time

                          0.00    0.00   clock CLK100MHZ (rise edge)
                          0.00    0.00   clock source latency
     1    0.03    0.00    0.00    0.00 ^ CLK100MHZ (in)
                                         CLK100MHZ (net)
                  0.00    0.00    0.00 ^ clkbuf_0_CLK100MHZ/A (sky130_fd_sc_hd__clkbuf_16)
     2    0.02    0.03    0.08    0.08 ^ clkbuf_0_CLK100MHZ/X (sky130_fd_sc_hd__clkbuf_16)
                                         clknet_0_CLK100MHZ (net)
                  0.03    0.00    0.08 ^ clkbuf_1_1__f_CLK100MHZ/A (sky130_fd_sc_hd__clkbuf_16)
    13    0.06    0.06    0.11    0.19 ^ clkbuf_1_1__f_CLK100MHZ/X (sky130_fd_sc_hd__clkbuf_16)
                                         clknet_1_1__leaf_CLK100MHZ (net)
                  0.06    0.00    0.19 ^ _447_/CLK (sky130_fd_sc_hd__dfxtp_1)
                          0.20    0.39   clock uncertainty
                          0.00    0.39   clock reconvergence pessimism
                         -0.05    0.34   library hold time
                                  0.34   data required time
-----------------------------------------------------------------------------
                                  0.34   data required time
                                 -0.83   data arrival time
-----------------------------------------------------------------------------
                                  0.50   slack (MET)


Startpoint: _463_ (rising edge-triggered flip-flop clocked by CLK100MHZ)
Endpoint: _463_ (rising edge-triggered flip-flop clocked by CLK100MHZ)
Path Group: CLK100MHZ
Path Type: min
Corner: Fastest

Fanout     Cap    Slew   Delay    Time   Description
-----------------------------------------------------------------------------
                          0.00    0.00   clock CLK100MHZ (rise edge)
                          0.00    0.00   clock source latency
     1    0.03    0.00    0.00    0.00 ^ CLK100MHZ (in)
                                         CLK100MHZ (net)
                  0.00    0.00    0.00 ^ clkbuf_0_CLK100MHZ/A (sky130_fd_sc_hd__clkbuf_16)
     2    0.02    0.03    0.08    0.08 ^ clkbuf_0_CLK100MHZ/X (sky130_fd_sc_hd__clkbuf_16)
                                         clknet_0_CLK100MHZ (net)
                  0.03    0.00    0.08 ^ clkbuf_1_0__f_CLK100MHZ/A (sky130_fd_sc_hd__clkbuf_16)
    16    0.07    0.07    0.11    0.19 ^ clkbuf_1_0__f_CLK100MHZ/X (sky130_fd_sc_hd__clkbuf_16)
                                         clknet_1_0__leaf_CLK100MHZ (net)
                  0.07    0.00    0.19 ^ _463_/CLK (sky130_fd_sc_hd__dfrtp_4)
    10    0.06    0.10    0.37    0.56 v _463_/Q (sky130_fd_sc_hd__dfrtp_4)
                                         imem.address[1] (net)
                  0.10    0.01    0.57 v _220_/A (sky130_fd_sc_hd__clkbuf_4)
    10    0.08    0.12    0.19    0.76 v _220_/X (sky130_fd_sc_hd__clkbuf_4)
                                         _065_ (net)
                  0.12    0.01    0.77 v _225_/B1 (sky130_fd_sc_hd__a21oi_1)
     1    0.01    0.09    0.11    0.88 ^ _225_/Y (sky130_fd_sc_hd__a21oi_1)
                                         _069_ (net)
                  0.09    0.00    0.88 ^ _226_/B (sky130_fd_sc_hd__nor2_1)
     1    0.02    0.08    0.08    0.96 v _226_/Y (sky130_fd_sc_hd__nor2_1)
                                         _029_ (net)
                  0.08    0.00    0.96 v _463_/D (sky130_fd_sc_hd__dfrtp_4)
                                  0.96   data arrival time

                          0.00    0.00   clock CLK100MHZ (rise edge)
                          0.00    0.00   clock source latency
     1    0.03    0.00    0.00    0.00 ^ CLK100MHZ (in)
                                         CLK100MHZ (net)
                  0.00    0.00    0.00 ^ clkbuf_0_CLK100MHZ/A (sky130_fd_sc_hd__clkbuf_16)
     2    0.02    0.03    0.08    0.08 ^ clkbuf_0_CLK100MHZ/X (sky130_fd_sc_hd__clkbuf_16)
                                         clknet_0_CLK100MHZ (net)
                  0.03    0.00    0.08 ^ clkbuf_1_0__f_CLK100MHZ/A (sky130_fd_sc_hd__clkbuf_16)
    16    0.07    0.07    0.11    0.19 ^ clkbuf_1_0__f_CLK100MHZ/X (sky130_fd_sc_hd__clkbuf_16)
                                         clknet_1_0__leaf_CLK100MHZ (net)
                  0.07    0.00    0.19 ^ _463_/CLK (sky130_fd_sc_hd__dfrtp_4)
                          0.20    0.39   clock uncertainty
                          0.00    0.39   clock reconvergence pessimism
                         -0.04    0.35   library hold time
                                  0.35   data required time
-----------------------------------------------------------------------------
                                  0.35   data required time
                                 -0.96   data arrival time
-----------------------------------------------------------------------------
                                  0.61   slack (MET)


Startpoint: _462_ (rising edge-triggered flip-flop clocked by CLK100MHZ)
Endpoint: _462_ (rising edge-triggered flip-flop clocked by CLK100MHZ)
Path Group: CLK100MHZ
Path Type: min
Corner: Fastest

Fanout     Cap    Slew   Delay    Time   Description
-----------------------------------------------------------------------------
                          0.00    0.00   clock CLK100MHZ (rise edge)
                          0.00    0.00   clock source latency
     1    0.03    0.00    0.00    0.00 ^ CLK100MHZ (in)
                                         CLK100MHZ (net)
                  0.00    0.00    0.00 ^ clkbuf_0_CLK100MHZ/A (sky130_fd_sc_hd__clkbuf_16)
     2    0.02    0.03    0.08    0.08 ^ clkbuf_0_CLK100MHZ/X (sky130_fd_sc_hd__clkbuf_16)
                                         clknet_0_CLK100MHZ (net)
                  0.03    0.00    0.08 ^ clkbuf_1_1__f_CLK100MHZ/A (sky130_fd_sc_hd__clkbuf_16)
    13    0.06    0.06    0.11    0.19 ^ clkbuf_1_1__f_CLK100MHZ/X (sky130_fd_sc_hd__clkbuf_16)
                                         clknet_1_1__leaf_CLK100MHZ (net)
                  0.06    0.00    0.19 ^ _462_/CLK (sky130_fd_sc_hd__dfrtp_2)
     4    0.04    0.09    0.32    0.51 v _462_/Q (sky130_fd_sc_hd__dfrtp_2)
                                         imem.address[0] (net)
                  0.09    0.00    0.51 v _221_/A (sky130_fd_sc_hd__clkbuf_4)
    10    0.07    0.10    0.18    0.69 v _221_/X (sky130_fd_sc_hd__clkbuf_4)
                                         _066_ (net)
                  0.10    0.00    0.70 v _222_/A (sky130_fd_sc_hd__clkbuf_4)
     9    0.06    0.09    0.17    0.87 v _222_/X (sky130_fd_sc_hd__clkbuf_4)
                                         _067_ (net)
                  0.10    0.01    0.88 v _227_/B (sky130_fd_sc_hd__xor2_1)
     1    0.02    0.07    0.16    1.04 v _227_/X (sky130_fd_sc_hd__xor2_1)
                                         _028_ (net)
                  0.07    0.00    1.04 v _462_/D (sky130_fd_sc_hd__dfrtp_2)
                                  1.04   data arrival time

                          0.00    0.00   clock CLK100MHZ (rise edge)
                          0.00    0.00   clock source latency
     1    0.03    0.00    0.00    0.00 ^ CLK100MHZ (in)
                                         CLK100MHZ (net)
                  0.00    0.00    0.00 ^ clkbuf_0_CLK100MHZ/A (sky130_fd_sc_hd__clkbuf_16)
     2    0.02    0.03    0.08    0.08 ^ clkbuf_0_CLK100MHZ/X (sky130_fd_sc_hd__clkbuf_16)
                                         clknet_0_CLK100MHZ (net)
                  0.03    0.00    0.08 ^ clkbuf_1_1__f_CLK100MHZ/A (sky130_fd_sc_hd__clkbuf_16)
    13    0.06    0.06    0.11    0.19 ^ clkbuf_1_1__f_CLK100MHZ/X (sky130_fd_sc_hd__clkbuf_16)
                                         clknet_1_1__leaf_CLK100MHZ (net)
                  0.06    0.00    0.19 ^ _462_/CLK (sky130_fd_sc_hd__dfrtp_2)
                          0.20    0.39   clock uncertainty
                          0.00    0.39   clock reconvergence pessimism
                         -0.04    0.35   library hold time
                                  0.35   data required time
-----------------------------------------------------------------------------
                                  0.35   data required time
                                 -1.04   data arrival time
-----------------------------------------------------------------------------
                                  0.69   slack (MET)


Startpoint: _463_ (rising edge-triggered flip-flop clocked by CLK100MHZ)
Endpoint: _464_ (rising edge-triggered flip-flop clocked by CLK100MHZ)
Path Group: CLK100MHZ
Path Type: min
Corner: Fastest

Fanout     Cap    Slew   Delay    Time   Description
-----------------------------------------------------------------------------
                          0.00    0.00   clock CLK100MHZ (rise edge)
                          0.00    0.00   clock source latency
     1    0.03    0.00    0.00    0.00 ^ CLK100MHZ (in)
                                         CLK100MHZ (net)
                  0.00    0.00    0.00 ^ clkbuf_0_CLK100MHZ/A (sky130_fd_sc_hd__clkbuf_16)
     2    0.02    0.03    0.08    0.08 ^ clkbuf_0_CLK100MHZ/X (sky130_fd_sc_hd__clkbuf_16)
                                         clknet_0_CLK100MHZ (net)
                  0.03    0.00    0.08 ^ clkbuf_1_0__f_CLK100MHZ/A (sky130_fd_sc_hd__clkbuf_16)
    16    0.07    0.07    0.11    0.19 ^ clkbuf_1_0__f_CLK100MHZ/X (sky130_fd_sc_hd__clkbuf_16)
                                         clknet_1_0__leaf_CLK100MHZ (net)
                  0.07    0.00    0.19 ^ _463_/CLK (sky130_fd_sc_hd__dfrtp_4)
    10    0.07    0.15    0.35    0.54 ^ _463_/Q (sky130_fd_sc_hd__dfrtp_4)
                                         imem.address[1] (net)
                  0.15    0.01    0.55 ^ _220_/A (sky130_fd_sc_hd__clkbuf_4)
    10    0.08    0.19    0.22    0.78 ^ _220_/X (sky130_fd_sc_hd__clkbuf_4)
                                         _065_ (net)
                  0.19    0.01    0.79 ^ _223_/B (sky130_fd_sc_hd__and3_1)
     2    0.03    0.25    0.27    1.06 ^ _223_/X (sky130_fd_sc_hd__and3_1)
                                         _068_ (net)
                  0.25    0.00    1.06 ^ _224_/B (sky130_fd_sc_hd__xor2_1)
     1    0.00    0.03    0.04    1.10 v _224_/X (sky130_fd_sc_hd__xor2_1)
                                         _030_ (net)
                  0.03    0.00    1.10 v _464_/D (sky130_fd_sc_hd__dfrtp_1)
                                  1.10   data arrival time

                          0.00    0.00   clock CLK100MHZ (rise edge)
                          0.00    0.00   clock source latency
     1    0.03    0.00    0.00    0.00 ^ CLK100MHZ (in)
                                         CLK100MHZ (net)
                  0.00    0.00    0.00 ^ clkbuf_0_CLK100MHZ/A (sky130_fd_sc_hd__clkbuf_16)
     2    0.02    0.03    0.08    0.08 ^ clkbuf_0_CLK100MHZ/X (sky130_fd_sc_hd__clkbuf_16)
                                         clknet_0_CLK100MHZ (net)
                  0.03    0.00    0.08 ^ clkbuf_1_0__f_CLK100MHZ/A (sky130_fd_sc_hd__clkbuf_16)
    16    0.07    0.07    0.11    0.19 ^ clkbuf_1_0__f_CLK100MHZ/X (sky130_fd_sc_hd__clkbuf_16)
                                         clknet_1_0__leaf_CLK100MHZ (net)
                  0.07    0.00    0.19 ^ _464_/CLK (sky130_fd_sc_hd__dfrtp_1)
                          0.20    0.39   clock uncertainty
                          0.00    0.39   clock reconvergence pessimism
                         -0.03    0.37   library hold time
                                  0.37   data required time
-----------------------------------------------------------------------------
                                  0.37   data required time
                                 -1.10   data arrival time
-----------------------------------------------------------------------------
                                  0.74   slack (MET)



worst slack corner Fastest: 0.2745
======================= Slowest Corner ===================================

Startpoint: _453_ (rising edge-triggered flip-flop clocked by CLK100MHZ)
Endpoint: _453_ (rising edge-triggered flip-flop clocked by CLK100MHZ)
Path Group: CLK100MHZ
Path Type: min
Corner: Slowest

Fanout     Cap    Slew   Delay    Time   Description
-----------------------------------------------------------------------------
                          0.00    0.00   clock CLK100MHZ (rise edge)
                          0.00    0.00   clock source latency
     1    0.03    0.00    0.00    0.00 ^ CLK100MHZ (in)
                                         CLK100MHZ (net)
                  0.00    0.00    0.00 ^ clkbuf_0_CLK100MHZ/A (sky130_fd_sc_hd__clkbuf_16)
     2    0.02    0.07    0.19    0.19 ^ clkbuf_0_CLK100MHZ/X (sky130_fd_sc_hd__clkbuf_16)
                                         clknet_0_CLK100MHZ (net)
                  0.07    0.00    0.19 ^ clkbuf_1_0__f_CLK100MHZ/A (sky130_fd_sc_hd__clkbuf_16)
    16    0.07    0.13    0.28    0.47 ^ clkbuf_1_0__f_CLK100MHZ/X (sky130_fd_sc_hd__clkbuf_16)
                                         clknet_1_0__leaf_CLK100MHZ (net)
                  0.13    0.00    0.47 ^ _453_/CLK (sky130_fd_sc_hd__dfxtp_1)
     3    0.02    0.20    0.73    1.20 v _453_/Q (sky130_fd_sc_hd__dfxtp_1)
                                         rf.regs[0][1] (net)
                  0.20    0.00    1.20 v _414_/A (sky130_fd_sc_hd__and2_1)
     1    0.01    0.11    0.38    1.58 v _414_/X (sky130_fd_sc_hd__and2_1)
                                         _049_ (net)
                  0.11    0.00    1.58 v _415_/A (sky130_fd_sc_hd__clkbuf_1)
     1    0.01    0.10    0.22    1.80 v _415_/X (sky130_fd_sc_hd__clkbuf_1)
                                         _019_ (net)
                  0.10    0.00    1.80 v _453_/D (sky130_fd_sc_hd__dfxtp_1)
                                  1.80   data arrival time

                          0.00    0.00   clock CLK100MHZ (rise edge)
                          0.00    0.00   clock source latency
     1    0.03    0.00    0.00    0.00 ^ CLK100MHZ (in)
                                         CLK100MHZ (net)
                  0.00    0.00    0.00 ^ clkbuf_0_CLK100MHZ/A (sky130_fd_sc_hd__clkbuf_16)
     2    0.02    0.07    0.19    0.19 ^ clkbuf_0_CLK100MHZ/X (sky130_fd_sc_hd__clkbuf_16)
                                         clknet_0_CLK100MHZ (net)
                  0.07    0.00    0.19 ^ clkbuf_1_0__f_CLK100MHZ/A (sky130_fd_sc_hd__clkbuf_16)
    16    0.07    0.13    0.28    0.47 ^ clkbuf_1_0__f_CLK100MHZ/X (sky130_fd_sc_hd__clkbuf_16)
                                         clknet_1_0__leaf_CLK100MHZ (net)
                  0.13    0.00    0.47 ^ _453_/CLK (sky130_fd_sc_hd__dfxtp_1)
                          0.20    0.67   clock uncertainty
                          0.00    0.67   clock reconvergence pessimism
                         -0.10    0.57   library hold time
                                  0.57   data required time
-----------------------------------------------------------------------------
                                  0.57   data required time
                                 -1.80   data arrival time
-----------------------------------------------------------------------------
                                  1.23   slack (MET)


Startpoint: _458_ (rising edge-triggered flip-flop clocked by CLK100MHZ)
Endpoint: _458_ (rising edge-triggered flip-flop clocked by CLK100MHZ)
Path Group: CLK100MHZ
Path Type: min
Corner: Slowest

Fanout     Cap    Slew   Delay    Time   Description
-----------------------------------------------------------------------------
                          0.00    0.00   clock CLK100MHZ (rise edge)
                          0.00    0.00   clock source latency
     1    0.03    0.00    0.00    0.00 ^ CLK100MHZ (in)
                                         CLK100MHZ (net)
                  0.00    0.00    0.00 ^ clkbuf_0_CLK100MHZ/A (sky130_fd_sc_hd__clkbuf_16)
     2    0.02    0.07    0.19    0.19 ^ clkbuf_0_CLK100MHZ/X (sky130_fd_sc_hd__clkbuf_16)
                                         clknet_0_CLK100MHZ (net)
                  0.07    0.00    0.19 ^ clkbuf_1_1__f_CLK100MHZ/A (sky130_fd_sc_hd__clkbuf_16)
    13    0.06    0.12    0.27    0.47 ^ clkbuf_1_1__f_CLK100MHZ/X (sky130_fd_sc_hd__clkbuf_16)
                                         clknet_1_1__leaf_CLK100MHZ (net)
                  0.12    0.00    0.47 ^ _458_/CLK (sky130_fd_sc_hd__dfxtp_1)
     2    0.01    0.21    0.76    1.23 ^ _458_/Q (sky130_fd_sc_hd__dfxtp_1)
                                         rf.regs[5][1] (net)
                  0.21    0.00    1.23 ^ _426_/A0 (sky130_fd_sc_hd__mux2_1)
     1    0.01    0.15    0.35    1.58 ^ _426_/X (sky130_fd_sc_hd__mux2_1)
                                         _056_ (net)
                  0.15    0.00    1.58 ^ _427_/A (sky130_fd_sc_hd__clkbuf_1)
     1    0.01    0.19    0.27    1.85 ^ _427_/X (sky130_fd_sc_hd__clkbuf_1)
                                         _024_ (net)
                  0.19    0.00    1.85 ^ _458_/D (sky130_fd_sc_hd__dfxtp_1)
                                  1.85   data arrival time

                          0.00    0.00   clock CLK100MHZ (rise edge)
                          0.00    0.00   clock source latency
     1    0.03    0.00    0.00    0.00 ^ CLK100MHZ (in)
                                         CLK100MHZ (net)
                  0.00    0.00    0.00 ^ clkbuf_0_CLK100MHZ/A (sky130_fd_sc_hd__clkbuf_16)
     2    0.02    0.07    0.19    0.19 ^ clkbuf_0_CLK100MHZ/X (sky130_fd_sc_hd__clkbuf_16)
                                         clknet_0_CLK100MHZ (net)
                  0.07    0.00    0.19 ^ clkbuf_1_1__f_CLK100MHZ/A (sky130_fd_sc_hd__clkbuf_16)
    13    0.06    0.12    0.27    0.47 ^ clkbuf_1_1__f_CLK100MHZ/X (sky130_fd_sc_hd__clkbuf_16)
                                         clknet_1_1__leaf_CLK100MHZ (net)
                  0.12    0.00    0.47 ^ _458_/CLK (sky130_fd_sc_hd__dfxtp_1)
                          0.20    0.67   clock uncertainty
                          0.00    0.67   clock reconvergence pessimism
                         -0.09    0.58   library hold time
                                  0.58   data required time
-----------------------------------------------------------------------------
                                  0.58   data required time
                                 -1.85   data arrival time
-----------------------------------------------------------------------------
                                  1.28   slack (MET)


Startpoint: _455_ (rising edge-triggered flip-flop clocked by CLK100MHZ)
Endpoint: _455_ (rising edge-triggered flip-flop clocked by CLK100MHZ)
Path Group: CLK100MHZ
Path Type: min
Corner: Slowest

Fanout     Cap    Slew   Delay    Time   Description
-----------------------------------------------------------------------------
                          0.00    0.00   clock CLK100MHZ (rise edge)
                          0.00    0.00   clock source latency
     1    0.03    0.00    0.00    0.00 ^ CLK100MHZ (in)
                                         CLK100MHZ (net)
                  0.00    0.00    0.00 ^ clkbuf_0_CLK100MHZ/A (sky130_fd_sc_hd__clkbuf_16)
     2    0.02    0.07    0.19    0.19 ^ clkbuf_0_CLK100MHZ/X (sky130_fd_sc_hd__clkbuf_16)
                                         clknet_0_CLK100MHZ (net)
                  0.07    0.00    0.19 ^ clkbuf_1_0__f_CLK100MHZ/A (sky130_fd_sc_hd__clkbuf_16)
    16    0.07    0.13    0.28    0.47 ^ clkbuf_1_0__f_CLK100MHZ/X (sky130_fd_sc_hd__clkbuf_16)
                                         clknet_1_0__leaf_CLK100MHZ (net)
                  0.13    0.01    0.47 ^ _455_/CLK (sky130_fd_sc_hd__dfxtp_1)
     3    0.03    0.29    0.80    1.27 v _455_/Q (sky130_fd_sc_hd__dfxtp_1)
                                         rf.regs[0][3] (net)
                  0.29    0.00    1.27 v _418_/A (sky130_fd_sc_hd__and2_1)
     1    0.00    0.08    0.40    1.68 v _418_/X (sky130_fd_sc_hd__and2_1)
                                         _051_ (net)
                  0.08    0.00    1.68 v _419_/A (sky130_fd_sc_hd__clkbuf_1)
     1    0.00    0.07    0.19    1.86 v _419_/X (sky130_fd_sc_hd__clkbuf_1)
                                         _021_ (net)
                  0.07    0.00    1.86 v _455_/D (sky130_fd_sc_hd__dfxtp_1)
                                  1.86   data arrival time

                          0.00    0.00   clock CLK100MHZ (rise edge)
                          0.00    0.00   clock source latency
     1    0.03    0.00    0.00    0.00 ^ CLK100MHZ (in)
                                         CLK100MHZ (net)
                  0.00    0.00    0.00 ^ clkbuf_0_CLK100MHZ/A (sky130_fd_sc_hd__clkbuf_16)
     2    0.02    0.07    0.19    0.19 ^ clkbuf_0_CLK100MHZ/X (sky130_fd_sc_hd__clkbuf_16)
                                         clknet_0_CLK100MHZ (net)
                  0.07    0.00    0.19 ^ clkbuf_1_0__f_CLK100MHZ/A (sky130_fd_sc_hd__clkbuf_16)
    16    0.07    0.13    0.28    0.47 ^ clkbuf_1_0__f_CLK100MHZ/X (sky130_fd_sc_hd__clkbuf_16)
                                         clknet_1_0__leaf_CLK100MHZ (net)
                  0.13    0.01    0.47 ^ _455_/CLK (sky130_fd_sc_hd__dfxtp_1)
                          0.20    0.67   clock uncertainty
                          0.00    0.67   clock reconvergence pessimism
                         -0.09    0.58   library hold time
                                  0.58   data required time
-----------------------------------------------------------------------------
                                  0.58   data required time
                                 -1.86   data arrival time
-----------------------------------------------------------------------------
                                  1.28   slack (MET)


Startpoint: _448_ (rising edge-triggered flip-flop clocked by CLK100MHZ)
Endpoint: _448_ (rising edge-triggered flip-flop clocked by CLK100MHZ)
Path Group: CLK100MHZ
Path Type: min
Corner: Slowest

Fanout     Cap    Slew   Delay    Time   Description
-----------------------------------------------------------------------------
                          0.00    0.00   clock CLK100MHZ (rise edge)
                          0.00    0.00   clock source latency
     1    0.03    0.00    0.00    0.00 ^ CLK100MHZ (in)
                                         CLK100MHZ (net)
                  0.00    0.00    0.00 ^ clkbuf_0_CLK100MHZ/A (sky130_fd_sc_hd__clkbuf_16)
     2    0.02    0.07    0.19    0.19 ^ clkbuf_0_CLK100MHZ/X (sky130_fd_sc_hd__clkbuf_16)
                                         clknet_0_CLK100MHZ (net)
                  0.07    0.00    0.19 ^ clkbuf_1_0__f_CLK100MHZ/A (sky130_fd_sc_hd__clkbuf_16)
    16    0.07    0.13    0.28    0.47 ^ clkbuf_1_0__f_CLK100MHZ/X (sky130_fd_sc_hd__clkbuf_16)
                                         clknet_1_0__leaf_CLK100MHZ (net)
                  0.13    0.00    0.47 ^ _448_/CLK (sky130_fd_sc_hd__dfxtp_1)
     2    0.01    0.21    0.76    1.23 ^ _448_/Q (sky130_fd_sc_hd__dfxtp_1)
                                         rf.regs[10][1] (net)
                  0.21    0.00    1.24 ^ _402_/A1 (sky130_fd_sc_hd__mux2_1)
     1    0.01    0.14    0.35    1.59 ^ _402_/X (sky130_fd_sc_hd__mux2_1)
                                         _042_ (net)
                  0.14    0.00    1.59 ^ _403_/A (sky130_fd_sc_hd__clkbuf_1)
     1    0.01    0.28    0.33    1.92 ^ _403_/X (sky130_fd_sc_hd__clkbuf_1)
                                         _014_ (net)
                  0.28    0.00    1.92 ^ _448_/D (sky130_fd_sc_hd__dfxtp_1)
                                  1.92   data arrival time

                          0.00    0.00   clock CLK100MHZ (rise edge)
                          0.00    0.00   clock source latency
     1    0.03    0.00    0.00    0.00 ^ CLK100MHZ (in)
                                         CLK100MHZ (net)
                  0.00    0.00    0.00 ^ clkbuf_0_CLK100MHZ/A (sky130_fd_sc_hd__clkbuf_16)
     2    0.02    0.07    0.19    0.19 ^ clkbuf_0_CLK100MHZ/X (sky130_fd_sc_hd__clkbuf_16)
                                         clknet_0_CLK100MHZ (net)
                  0.07    0.00    0.19 ^ clkbuf_1_0__f_CLK100MHZ/A (sky130_fd_sc_hd__clkbuf_16)
    16    0.07    0.13    0.28    0.47 ^ clkbuf_1_0__f_CLK100MHZ/X (sky130_fd_sc_hd__clkbuf_16)
                                         clknet_1_0__leaf_CLK100MHZ (net)
                  0.13    0.00    0.47 ^ _448_/CLK (sky130_fd_sc_hd__dfxtp_1)
                          0.20    0.67   clock uncertainty
                          0.00    0.67   clock reconvergence pessimism
                         -0.11    0.56   library hold time
                                  0.56   data required time
-----------------------------------------------------------------------------
                                  0.56   data required time
                                 -1.92   data arrival time
-----------------------------------------------------------------------------
                                  1.36   slack (MET)


Startpoint: _437_ (rising edge-triggered flip-flop clocked by CLK100MHZ)
Endpoint: _437_ (rising edge-triggered flip-flop clocked by CLK100MHZ)
Path Group: CLK100MHZ
Path Type: min
Corner: Slowest

Fanout     Cap    Slew   Delay    Time   Description
-----------------------------------------------------------------------------
                          0.00    0.00   clock CLK100MHZ (rise edge)
                          0.00    0.00   clock source latency
     1    0.03    0.00    0.00    0.00 ^ CLK100MHZ (in)
                                         CLK100MHZ (net)
                  0.00    0.00    0.00 ^ clkbuf_0_CLK100MHZ/A (sky130_fd_sc_hd__clkbuf_16)
     2    0.02    0.07    0.19    0.19 ^ clkbuf_0_CLK100MHZ/X (sky130_fd_sc_hd__clkbuf_16)
                                         clknet_0_CLK100MHZ (net)
                  0.07    0.00    0.19 ^ clkbuf_1_0__f_CLK100MHZ/A (sky130_fd_sc_hd__clkbuf_16)
    16    0.07    0.13    0.28    0.47 ^ clkbuf_1_0__f_CLK100MHZ/X (sky130_fd_sc_hd__clkbuf_16)
                                         clknet_1_0__leaf_CLK100MHZ (net)
                  0.13    0.00    0.47 ^ _437_/CLK (sky130_fd_sc_hd__dfxtp_1)
     2    0.02    0.29    0.82    1.29 ^ _437_/Q (sky130_fd_sc_hd__dfxtp_1)
                                         rf.regs[25][0] (net)
                  0.29    0.00    1.29 ^ _365_/A0 (sky130_fd_sc_hd__mux2_1)
     1    0.01    0.16    0.39    1.69 ^ _365_/X (sky130_fd_sc_hd__mux2_1)
                                         _200_ (net)
                  0.16    0.00    1.69 ^ _366_/A (sky130_fd_sc_hd__clkbuf_1)
     1    0.01    0.17    0.26    1.95 ^ _366_/X (sky130_fd_sc_hd__clkbuf_1)
                                         _003_ (net)
                  0.17    0.00    1.95 ^ _437_/D (sky130_fd_sc_hd__dfxtp_1)
                                  1.95   data arrival time

                          0.00    0.00   clock CLK100MHZ (rise edge)
                          0.00    0.00   clock source latency
     1    0.03    0.00    0.00    0.00 ^ CLK100MHZ (in)
                                         CLK100MHZ (net)
                  0.00    0.00    0.00 ^ clkbuf_0_CLK100MHZ/A (sky130_fd_sc_hd__clkbuf_16)
     2    0.02    0.07    0.19    0.19 ^ clkbuf_0_CLK100MHZ/X (sky130_fd_sc_hd__clkbuf_16)
                                         clknet_0_CLK100MHZ (net)
                  0.07    0.00    0.19 ^ clkbuf_1_0__f_CLK100MHZ/A (sky130_fd_sc_hd__clkbuf_16)
    16    0.07    0.13    0.28    0.47 ^ clkbuf_1_0__f_CLK100MHZ/X (sky130_fd_sc_hd__clkbuf_16)
                                         clknet_1_0__leaf_CLK100MHZ (net)
                  0.13    0.00    0.47 ^ _437_/CLK (sky130_fd_sc_hd__dfxtp_1)
                          0.20    0.67   clock uncertainty
                          0.00    0.67   clock reconvergence pessimism
                         -0.09    0.59   library hold time
                                  0.59   data required time
-----------------------------------------------------------------------------
                                  0.59   data required time
                                 -1.95   data arrival time
-----------------------------------------------------------------------------
                                  1.36   slack (MET)


Startpoint: _444_ (rising edge-triggered flip-flop clocked by CLK100MHZ)
Endpoint: _444_ (rising edge-triggered flip-flop clocked by CLK100MHZ)
Path Group: CLK100MHZ
Path Type: min
Corner: Slowest

Fanout     Cap    Slew   Delay    Time   Description
-----------------------------------------------------------------------------
                          0.00    0.00   clock CLK100MHZ (rise edge)
                          0.00    0.00   clock source latency
     1    0.03    0.00    0.00    0.00 ^ CLK100MHZ (in)
                                         CLK100MHZ (net)
                  0.00    0.00    0.00 ^ clkbuf_0_CLK100MHZ/A (sky130_fd_sc_hd__clkbuf_16)
     2    0.02    0.07    0.19    0.19 ^ clkbuf_0_CLK100MHZ/X (sky130_fd_sc_hd__clkbuf_16)
                                         clknet_0_CLK100MHZ (net)
                  0.07    0.00    0.19 ^ clkbuf_1_1__f_CLK100MHZ/A (sky130_fd_sc_hd__clkbuf_16)
    13    0.06    0.12    0.27    0.47 ^ clkbuf_1_1__f_CLK100MHZ/X (sky130_fd_sc_hd__clkbuf_16)
                                         clknet_1_1__leaf_CLK100MHZ (net)
                  0.12    0.00    0.47 ^ _444_/CLK (sky130_fd_sc_hd__dfxtp_1)
     2    0.02    0.37    0.87    1.34 ^ _444_/Q (sky130_fd_sc_hd__dfxtp_1)
                                         rf.regs[15][2] (net)
                  0.37    0.00    1.35 ^ _391_/A0 (sky130_fd_sc_hd__mux2_1)
     1    0.00    0.07    0.34    1.69 ^ _391_/X (sky130_fd_sc_hd__mux2_1)
                                         _035_ (net)
                  0.07    0.00    1.69 ^ _392_/A (sky130_fd_sc_hd__clkbuf_1)
     1    0.01    0.22    0.26    1.94 ^ _392_/X (sky130_fd_sc_hd__clkbuf_1)
                                         _010_ (net)
                  0.22    0.00    1.94 ^ _444_/D (sky130_fd_sc_hd__dfxtp_1)
                                  1.94   data arrival time

                          0.00    0.00   clock CLK100MHZ (rise edge)
                          0.00    0.00   clock source latency
     1    0.03    0.00    0.00    0.00 ^ CLK100MHZ (in)
                                         CLK100MHZ (net)
                  0.00    0.00    0.00 ^ clkbuf_0_CLK100MHZ/A (sky130_fd_sc_hd__clkbuf_16)
     2    0.02    0.07    0.19    0.19 ^ clkbuf_0_CLK100MHZ/X (sky130_fd_sc_hd__clkbuf_16)
                                         clknet_0_CLK100MHZ (net)
                  0.07    0.00    0.19 ^ clkbuf_1_1__f_CLK100MHZ/A (sky130_fd_sc_hd__clkbuf_16)
    13    0.06    0.12    0.27    0.47 ^ clkbuf_1_1__f_CLK100MHZ/X (sky130_fd_sc_hd__clkbuf_16)
                                         clknet_1_1__leaf_CLK100MHZ (net)
                  0.12    0.00    0.47 ^ _444_/CLK (sky130_fd_sc_hd__dfxtp_1)
                          0.20    0.67   clock uncertainty
                          0.00    0.67   clock reconvergence pessimism
                         -0.10    0.57   library hold time
                                  0.57   data required time
-----------------------------------------------------------------------------
                                  0.57   data required time
                                 -1.94   data arrival time
-----------------------------------------------------------------------------
                                  1.37   slack (MET)


Startpoint: _451_ (rising edge-triggered flip-flop clocked by CLK100MHZ)
Endpoint: _451_ (rising edge-triggered flip-flop clocked by CLK100MHZ)
Path Group: CLK100MHZ
Path Type: min
Corner: Slowest

Fanout     Cap    Slew   Delay    Time   Description
-----------------------------------------------------------------------------
                          0.00    0.00   clock CLK100MHZ (rise edge)
                          0.00    0.00   clock source latency
     1    0.03    0.00    0.00    0.00 ^ CLK100MHZ (in)
                                         CLK100MHZ (net)
                  0.00    0.00    0.00 ^ clkbuf_0_CLK100MHZ/A (sky130_fd_sc_hd__clkbuf_16)
     2    0.02    0.07    0.19    0.19 ^ clkbuf_0_CLK100MHZ/X (sky130_fd_sc_hd__clkbuf_16)
                                         clknet_0_CLK100MHZ (net)
                  0.07    0.00    0.19 ^ clkbuf_1_0__f_CLK100MHZ/A (sky130_fd_sc_hd__clkbuf_16)
    16    0.07    0.13    0.28    0.47 ^ clkbuf_1_0__f_CLK100MHZ/X (sky130_fd_sc_hd__clkbuf_16)
                                         clknet_1_0__leaf_CLK100MHZ (net)
                  0.13    0.00    0.47 ^ _451_/CLK (sky130_fd_sc_hd__dfxtp_1)
     2    0.02    0.30    0.83    1.30 ^ _451_/Q (sky130_fd_sc_hd__dfxtp_1)
                                         rf.regs[10][4] (net)
                  0.30    0.00    1.30 ^ _408_/A1 (sky130_fd_sc_hd__mux2_1)
     1    0.01    0.14    0.39    1.69 ^ _408_/X (sky130_fd_sc_hd__mux2_1)
                                         _045_ (net)
                  0.14    0.00    1.69 ^ _409_/A (sky130_fd_sc_hd__clkbuf_1)
     1    0.01    0.19    0.27    1.96 ^ _409_/X (sky130_fd_sc_hd__clkbuf_1)
                                         _017_ (net)
                  0.19    0.00    1.96 ^ _451_/D (sky130_fd_sc_hd__dfxtp_1)
                                  1.96   data arrival time

                          0.00    0.00   clock CLK100MHZ (rise edge)
                          0.00    0.00   clock source latency
     1    0.03    0.00    0.00    0.00 ^ CLK100MHZ (in)
                                         CLK100MHZ (net)
                  0.00    0.00    0.00 ^ clkbuf_0_CLK100MHZ/A (sky130_fd_sc_hd__clkbuf_16)
     2    0.02    0.07    0.19    0.19 ^ clkbuf_0_CLK100MHZ/X (sky130_fd_sc_hd__clkbuf_16)
                                         clknet_0_CLK100MHZ (net)
                  0.07    0.00    0.19 ^ clkbuf_1_0__f_CLK100MHZ/A (sky130_fd_sc_hd__clkbuf_16)
    16    0.07    0.13    0.28    0.47 ^ clkbuf_1_0__f_CLK100MHZ/X (sky130_fd_sc_hd__clkbuf_16)
                                         clknet_1_0__leaf_CLK100MHZ (net)
                  0.13    0.00    0.47 ^ _451_/CLK (sky130_fd_sc_hd__dfxtp_1)
                          0.20    0.67   clock uncertainty
                          0.00    0.67   clock reconvergence pessimism
                         -0.09    0.58   library hold time
                                  0.58   data required time
-----------------------------------------------------------------------------
                                  0.58   data required time
                                 -1.96   data arrival time
-----------------------------------------------------------------------------
                                  1.38   slack (MET)


Startpoint: _456_ (rising edge-triggered flip-flop clocked by CLK100MHZ)
Endpoint: _456_ (rising edge-triggered flip-flop clocked by CLK100MHZ)
Path Group: CLK100MHZ
Path Type: min
Corner: Slowest

Fanout     Cap    Slew   Delay    Time   Description
-----------------------------------------------------------------------------
                          0.00    0.00   clock CLK100MHZ (rise edge)
                          0.00    0.00   clock source latency
     1    0.03    0.00    0.00    0.00 ^ CLK100MHZ (in)
                                         CLK100MHZ (net)
                  0.00    0.00    0.00 ^ clkbuf_0_CLK100MHZ/A (sky130_fd_sc_hd__clkbuf_16)
     2    0.02    0.07    0.19    0.19 ^ clkbuf_0_CLK100MHZ/X (sky130_fd_sc_hd__clkbuf_16)
                                         clknet_0_CLK100MHZ (net)
                  0.07    0.00    0.19 ^ clkbuf_1_1__f_CLK100MHZ/A (sky130_fd_sc_hd__clkbuf_16)
    13    0.06    0.12    0.27    0.47 ^ clkbuf_1_1__f_CLK100MHZ/X (sky130_fd_sc_hd__clkbuf_16)
                                         clknet_1_1__leaf_CLK100MHZ (net)
                  0.12    0.00    0.47 ^ _456_/CLK (sky130_fd_sc_hd__dfxtp_1)
     3    0.02    0.22    0.74    1.21 v _456_/Q (sky130_fd_sc_hd__dfxtp_1)
                                         rf.regs[0][4] (net)
                  0.22    0.00    1.21 v _420_/A (sky130_fd_sc_hd__and2_1)
     1    0.01    0.10    0.39    1.60 v _420_/X (sky130_fd_sc_hd__and2_1)
                                         _052_ (net)
                  0.10    0.00    1.60 v _421_/A (sky130_fd_sc_hd__clkbuf_1)
     1    0.02    0.22    0.31    1.91 v _421_/X (sky130_fd_sc_hd__clkbuf_1)
                                         _022_ (net)
                  0.22    0.00    1.91 v _456_/D (sky130_fd_sc_hd__dfxtp_1)
                                  1.91   data arrival time

                          0.00    0.00   clock CLK100MHZ (rise edge)
                          0.00    0.00   clock source latency
     1    0.03    0.00    0.00    0.00 ^ CLK100MHZ (in)
                                         CLK100MHZ (net)
                  0.00    0.00    0.00 ^ clkbuf_0_CLK100MHZ/A (sky130_fd_sc_hd__clkbuf_16)
     2    0.02    0.07    0.19    0.19 ^ clkbuf_0_CLK100MHZ/X (sky130_fd_sc_hd__clkbuf_16)
                                         clknet_0_CLK100MHZ (net)
                  0.07    0.00    0.19 ^ clkbuf_1_1__f_CLK100MHZ/A (sky130_fd_sc_hd__clkbuf_16)
    13    0.06    0.12    0.27    0.47 ^ clkbuf_1_1__f_CLK100MHZ/X (sky130_fd_sc_hd__clkbuf_16)
                                         clknet_1_1__leaf_CLK100MHZ (net)
                  0.12    0.00    0.47 ^ _456_/CLK (sky130_fd_sc_hd__dfxtp_1)
                          0.20    0.67   clock uncertainty
                          0.00    0.67   clock reconvergence pessimism
                         -0.15    0.52   library hold time
                                  0.52   data required time
-----------------------------------------------------------------------------
                                  0.52   data required time
                                 -1.91   data arrival time
-----------------------------------------------------------------------------
                                  1.39   slack (MET)


Startpoint: _460_ (rising edge-triggered flip-flop clocked by CLK100MHZ)
Endpoint: _460_ (rising edge-triggered flip-flop clocked by CLK100MHZ)
Path Group: CLK100MHZ
Path Type: min
Corner: Slowest

Fanout     Cap    Slew   Delay    Time   Description
-----------------------------------------------------------------------------
                          0.00    0.00   clock CLK100MHZ (rise edge)
                          0.00    0.00   clock source latency
     1    0.03    0.00    0.00    0.00 ^ CLK100MHZ (in)
                                         CLK100MHZ (net)
                  0.00    0.00    0.00 ^ clkbuf_0_CLK100MHZ/A (sky130_fd_sc_hd__clkbuf_16)
     2    0.02    0.07    0.19    0.19 ^ clkbuf_0_CLK100MHZ/X (sky130_fd_sc_hd__clkbuf_16)
                                         clknet_0_CLK100MHZ (net)
                  0.07    0.00    0.19 ^ clkbuf_1_0__f_CLK100MHZ/A (sky130_fd_sc_hd__clkbuf_16)
    16    0.07    0.13    0.28    0.47 ^ clkbuf_1_0__f_CLK100MHZ/X (sky130_fd_sc_hd__clkbuf_16)
                                         clknet_1_0__leaf_CLK100MHZ (net)
                  0.13    0.00    0.47 ^ _460_/CLK (sky130_fd_sc_hd__dfxtp_1)
     2    0.02    0.32    0.84    1.31 ^ _460_/Q (sky130_fd_sc_hd__dfxtp_1)
                                         rf.regs[5][3] (net)
                  0.32    0.00    1.32 ^ _430_/A0 (sky130_fd_sc_hd__mux2_1)
     1    0.00    0.08    0.33    1.65 ^ _430_/X (sky130_fd_sc_hd__mux2_1)
                                         _058_ (net)
                  0.08    0.00    1.65 ^ _431_/A (sky130_fd_sc_hd__buf_1)
     1    0.02    0.33    0.34    1.99 ^ _431_/X (sky130_fd_sc_hd__buf_1)
                                         _026_ (net)
                  0.33    0.00    1.99 ^ _460_/D (sky130_fd_sc_hd__dfxtp_1)
                                  1.99   data arrival time

                          0.00    0.00   clock CLK100MHZ (rise edge)
                          0.00    0.00   clock source latency
     1    0.03    0.00    0.00    0.00 ^ CLK100MHZ (in)
                                         CLK100MHZ (net)
                  0.00    0.00    0.00 ^ clkbuf_0_CLK100MHZ/A (sky130_fd_sc_hd__clkbuf_16)
     2    0.02    0.07    0.19    0.19 ^ clkbuf_0_CLK100MHZ/X (sky130_fd_sc_hd__clkbuf_16)
                                         clknet_0_CLK100MHZ (net)
                  0.07    0.00    0.19 ^ clkbuf_1_0__f_CLK100MHZ/A (sky130_fd_sc_hd__clkbuf_16)
    16    0.07    0.13    0.28    0.47 ^ clkbuf_1_0__f_CLK100MHZ/X (sky130_fd_sc_hd__clkbuf_16)
                                         clknet_1_0__leaf_CLK100MHZ (net)
                  0.13    0.00    0.47 ^ _460_/CLK (sky130_fd_sc_hd__dfxtp_1)
                          0.20    0.67   clock uncertainty
                          0.00    0.67   clock reconvergence pessimism
                         -0.12    0.55   library hold time
                                  0.55   data required time
-----------------------------------------------------------------------------
                                  0.55   data required time
                                 -1.99   data arrival time
-----------------------------------------------------------------------------
                                  1.44   slack (MET)


Startpoint: _450_ (rising edge-triggered flip-flop clocked by CLK100MHZ)
Endpoint: _450_ (rising edge-triggered flip-flop clocked by CLK100MHZ)
Path Group: CLK100MHZ
Path Type: min
Corner: Slowest

Fanout     Cap    Slew   Delay    Time   Description
-----------------------------------------------------------------------------
                          0.00    0.00   clock CLK100MHZ (rise edge)
                          0.00    0.00   clock source latency
     1    0.03    0.00    0.00    0.00 ^ CLK100MHZ (in)
                                         CLK100MHZ (net)
                  0.00    0.00    0.00 ^ clkbuf_0_CLK100MHZ/A (sky130_fd_sc_hd__clkbuf_16)
     2    0.02    0.07    0.19    0.19 ^ clkbuf_0_CLK100MHZ/X (sky130_fd_sc_hd__clkbuf_16)
                                         clknet_0_CLK100MHZ (net)
                  0.07    0.00    0.19 ^ clkbuf_1_0__f_CLK100MHZ/A (sky130_fd_sc_hd__clkbuf_16)
    16    0.07    0.13    0.28    0.47 ^ clkbuf_1_0__f_CLK100MHZ/X (sky130_fd_sc_hd__clkbuf_16)
                                         clknet_1_0__leaf_CLK100MHZ (net)
                  0.13    0.01    0.48 ^ _450_/CLK (sky130_fd_sc_hd__dfxtp_1)
     2    0.03    0.42    0.91    1.39 ^ _450_/Q (sky130_fd_sc_hd__dfxtp_1)
                                         rf.regs[10][3] (net)
                  0.42    0.00    1.39 ^ _406_/A1 (sky130_fd_sc_hd__mux2_1)
     1    0.01    0.10    0.40    1.79 ^ _406_/X (sky130_fd_sc_hd__mux2_1)
                                         _044_ (net)
                  0.10    0.00    1.79 ^ _407_/A (sky130_fd_sc_hd__clkbuf_1)
     1    0.01    0.19    0.25    2.04 ^ _407_/X (sky130_fd_sc_hd__clkbuf_1)
                                         _016_ (net)
                  0.19    0.00    2.04 ^ _450_/D (sky130_fd_sc_hd__dfxtp_1)
                                  2.04   data arrival time

                          0.00    0.00   clock CLK100MHZ (rise edge)
                          0.00    0.00   clock source latency
     1    0.03    0.00    0.00    0.00 ^ CLK100MHZ (in)
                                         CLK100MHZ (net)
                  0.00    0.00    0.00 ^ clkbuf_0_CLK100MHZ/A (sky130_fd_sc_hd__clkbuf_16)
     2    0.02    0.07    0.19    0.19 ^ clkbuf_0_CLK100MHZ/X (sky130_fd_sc_hd__clkbuf_16)
                                         clknet_0_CLK100MHZ (net)
                  0.07    0.00    0.19 ^ clkbuf_1_0__f_CLK100MHZ/A (sky130_fd_sc_hd__clkbuf_16)
    16    0.07    0.13    0.28    0.47 ^ clkbuf_1_0__f_CLK100MHZ/X (sky130_fd_sc_hd__clkbuf_16)
                                         clknet_1_0__leaf_CLK100MHZ (net)
                  0.13    0.01    0.48 ^ _450_/CLK (sky130_fd_sc_hd__dfxtp_1)
                          0.20    0.68   clock uncertainty
                          0.00    0.68   clock reconvergence pessimism
                         -0.09    0.59   library hold time
                                  0.59   data required time
-----------------------------------------------------------------------------
                                  0.59   data required time
                                 -2.04   data arrival time
-----------------------------------------------------------------------------
                                  1.45   slack (MET)


Startpoint: _446_ (rising edge-triggered flip-flop clocked by CLK100MHZ)
Endpoint: _446_ (rising edge-triggered flip-flop clocked by CLK100MHZ)
Path Group: CLK100MHZ
Path Type: min
Corner: Slowest

Fanout     Cap    Slew   Delay    Time   Description
-----------------------------------------------------------------------------
                          0.00    0.00   clock CLK100MHZ (rise edge)
                          0.00    0.00   clock source latency
     1    0.03    0.00    0.00    0.00 ^ CLK100MHZ (in)
                                         CLK100MHZ (net)
                  0.00    0.00    0.00 ^ clkbuf_0_CLK100MHZ/A (sky130_fd_sc_hd__clkbuf_16)
     2    0.02    0.07    0.19    0.19 ^ clkbuf_0_CLK100MHZ/X (sky130_fd_sc_hd__clkbuf_16)
                                         clknet_0_CLK100MHZ (net)
                  0.07    0.00    0.19 ^ clkbuf_1_1__f_CLK100MHZ/A (sky130_fd_sc_hd__clkbuf_16)
    13    0.06    0.12    0.27    0.47 ^ clkbuf_1_1__f_CLK100MHZ/X (sky130_fd_sc_hd__clkbuf_16)
                                         clknet_1_1__leaf_CLK100MHZ (net)
                  0.12    0.00    0.47 ^ _446_/CLK (sky130_fd_sc_hd__dfxtp_1)
     2    0.02    0.30    0.82    1.29 ^ _446_/Q (sky130_fd_sc_hd__dfxtp_1)
                                         rf.regs[15][4] (net)
                  0.30    0.00    1.29 ^ _395_/A0 (sky130_fd_sc_hd__mux2_1)
     1    0.01    0.21    0.43    1.72 ^ _395_/X (sky130_fd_sc_hd__mux2_1)
                                         _037_ (net)
                  0.21    0.00    1.72 ^ _396_/A (sky130_fd_sc_hd__clkbuf_1)
     1    0.01    0.23    0.32    2.05 ^ _396_/X (sky130_fd_sc_hd__clkbuf_1)
                                         _012_ (net)
                  0.23    0.00    2.05 ^ _446_/D (sky130_fd_sc_hd__dfxtp_1)
                                  2.05   data arrival time

                          0.00    0.00   clock CLK100MHZ (rise edge)
                          0.00    0.00   clock source latency
     1    0.03    0.00    0.00    0.00 ^ CLK100MHZ (in)
                                         CLK100MHZ (net)
                  0.00    0.00    0.00 ^ clkbuf_0_CLK100MHZ/A (sky130_fd_sc_hd__clkbuf_16)
     2    0.02    0.07    0.19    0.19 ^ clkbuf_0_CLK100MHZ/X (sky130_fd_sc_hd__clkbuf_16)
                                         clknet_0_CLK100MHZ (net)
                  0.07    0.00    0.19 ^ clkbuf_1_1__f_CLK100MHZ/A (sky130_fd_sc_hd__clkbuf_16)
    13    0.06    0.12    0.27    0.47 ^ clkbuf_1_1__f_CLK100MHZ/X (sky130_fd_sc_hd__clkbuf_16)
                                         clknet_1_1__leaf_CLK100MHZ (net)
                  0.12    0.00    0.47 ^ _446_/CLK (sky130_fd_sc_hd__dfxtp_1)
                          0.20    0.67   clock uncertainty
                          0.00    0.67   clock reconvergence pessimism
                         -0.10    0.57   library hold time
                                  0.57   data required time
-----------------------------------------------------------------------------
                                  0.57   data required time
                                 -2.05   data arrival time
-----------------------------------------------------------------------------
                                  1.48   slack (MET)


Startpoint: _442_ (rising edge-triggered flip-flop clocked by CLK100MHZ)
Endpoint: _442_ (rising edge-triggered flip-flop clocked by CLK100MHZ)
Path Group: CLK100MHZ
Path Type: min
Corner: Slowest

Fanout     Cap    Slew   Delay    Time   Description
-----------------------------------------------------------------------------
                          0.00    0.00   clock CLK100MHZ (rise edge)
                          0.00    0.00   clock source latency
     1    0.03    0.00    0.00    0.00 ^ CLK100MHZ (in)
                                         CLK100MHZ (net)
                  0.00    0.00    0.00 ^ clkbuf_0_CLK100MHZ/A (sky130_fd_sc_hd__clkbuf_16)
     2    0.02    0.07    0.19    0.19 ^ clkbuf_0_CLK100MHZ/X (sky130_fd_sc_hd__clkbuf_16)
                                         clknet_0_CLK100MHZ (net)
                  0.07    0.00    0.19 ^ clkbuf_1_1__f_CLK100MHZ/A (sky130_fd_sc_hd__clkbuf_16)
    13    0.06    0.12    0.27    0.47 ^ clkbuf_1_1__f_CLK100MHZ/X (sky130_fd_sc_hd__clkbuf_16)
                                         clknet_1_1__leaf_CLK100MHZ (net)
                  0.12    0.00    0.47 ^ _442_/CLK (sky130_fd_sc_hd__dfxtp_1)
     2    0.02    0.35    0.86    1.33 ^ _442_/Q (sky130_fd_sc_hd__dfxtp_1)
                                         rf.regs[15][0] (net)
                  0.35    0.00    1.33 ^ _387_/A0 (sky130_fd_sc_hd__mux2_1)
     1    0.01    0.22    0.46    1.80 ^ _387_/X (sky130_fd_sc_hd__mux2_1)
                                         _033_ (net)
                  0.22    0.00    1.80 ^ _388_/A (sky130_fd_sc_hd__clkbuf_1)
     1    0.01    0.15    0.27    2.07 ^ _388_/X (sky130_fd_sc_hd__clkbuf_1)
                                         _008_ (net)
                  0.15    0.00    2.07 ^ _442_/D (sky130_fd_sc_hd__dfxtp_1)
                                  2.07   data arrival time

                          0.00    0.00   clock CLK100MHZ (rise edge)
                          0.00    0.00   clock source latency
     1    0.03    0.00    0.00    0.00 ^ CLK100MHZ (in)
                                         CLK100MHZ (net)
                  0.00    0.00    0.00 ^ clkbuf_0_CLK100MHZ/A (sky130_fd_sc_hd__clkbuf_16)
     2    0.02    0.07    0.19    0.19 ^ clkbuf_0_CLK100MHZ/X (sky130_fd_sc_hd__clkbuf_16)
                                         clknet_0_CLK100MHZ (net)
                  0.07    0.00    0.19 ^ clkbuf_1_1__f_CLK100MHZ/A (sky130_fd_sc_hd__clkbuf_16)
    13    0.06    0.12    0.27    0.47 ^ clkbuf_1_1__f_CLK100MHZ/X (sky130_fd_sc_hd__clkbuf_16)
                                         clknet_1_1__leaf_CLK100MHZ (net)
                  0.12    0.00    0.47 ^ _442_/CLK (sky130_fd_sc_hd__dfxtp_1)
                          0.20    0.67   clock uncertainty
                          0.00    0.67   clock reconvergence pessimism
                         -0.08    0.59   library hold time
                                  0.59   data required time
-----------------------------------------------------------------------------
                                  0.59   data required time
                                 -2.07   data arrival time
-----------------------------------------------------------------------------
                                  1.48   slack (MET)


Startpoint: _452_ (rising edge-triggered flip-flop clocked by CLK100MHZ)
Endpoint: _452_ (rising edge-triggered flip-flop clocked by CLK100MHZ)
Path Group: CLK100MHZ
Path Type: min
Corner: Slowest

Fanout     Cap    Slew   Delay    Time   Description
-----------------------------------------------------------------------------
                          0.00    0.00   clock CLK100MHZ (rise edge)
                          0.00    0.00   clock source latency
     1    0.03    0.00    0.00    0.00 ^ CLK100MHZ (in)
                                         CLK100MHZ (net)
                  0.00    0.00    0.00 ^ clkbuf_0_CLK100MHZ/A (sky130_fd_sc_hd__clkbuf_16)
     2    0.02    0.07    0.19    0.19 ^ clkbuf_0_CLK100MHZ/X (sky130_fd_sc_hd__clkbuf_16)
                                         clknet_0_CLK100MHZ (net)
                  0.07    0.00    0.19 ^ clkbuf_1_1__f_CLK100MHZ/A (sky130_fd_sc_hd__clkbuf_16)
    13    0.06    0.12    0.27    0.47 ^ clkbuf_1_1__f_CLK100MHZ/X (sky130_fd_sc_hd__clkbuf_16)
                                         clknet_1_1__leaf_CLK100MHZ (net)
                  0.12    0.00    0.47 ^ _452_/CLK (sky130_fd_sc_hd__dfxtp_1)
     3    0.04    0.33    0.82    1.29 v _452_/Q (sky130_fd_sc_hd__dfxtp_1)
                                         rf.regs[0][0] (net)
                  0.33    0.00    1.29 v _412_/A (sky130_fd_sc_hd__and2_1)
     1    0.02    0.21    0.53    1.82 v _412_/X (sky130_fd_sc_hd__and2_1)
                                         _048_ (net)
                  0.21    0.00    1.83 v _413_/A (sky130_fd_sc_hd__clkbuf_1)
     1    0.01    0.07    0.25    2.07 v _413_/X (sky130_fd_sc_hd__clkbuf_1)
                                         _018_ (net)
                  0.07    0.00    2.07 v _452_/D (sky130_fd_sc_hd__dfxtp_1)
                                  2.07   data arrival time

                          0.00    0.00   clock CLK100MHZ (rise edge)
                          0.00    0.00   clock source latency
     1    0.03    0.00    0.00    0.00 ^ CLK100MHZ (in)
                                         CLK100MHZ (net)
                  0.00    0.00    0.00 ^ clkbuf_0_CLK100MHZ/A (sky130_fd_sc_hd__clkbuf_16)
     2    0.02    0.07    0.19    0.19 ^ clkbuf_0_CLK100MHZ/X (sky130_fd_sc_hd__clkbuf_16)
                                         clknet_0_CLK100MHZ (net)
                  0.07    0.00    0.19 ^ clkbuf_1_1__f_CLK100MHZ/A (sky130_fd_sc_hd__clkbuf_16)
    13    0.06    0.12    0.27    0.47 ^ clkbuf_1_1__f_CLK100MHZ/X (sky130_fd_sc_hd__clkbuf_16)
                                         clknet_1_1__leaf_CLK100MHZ (net)
                  0.12    0.00    0.47 ^ _452_/CLK (sky130_fd_sc_hd__dfxtp_1)
                          0.20    0.67   clock uncertainty
                          0.00    0.67   clock reconvergence pessimism
                         -0.09    0.57   library hold time
                                  0.57   data required time
-----------------------------------------------------------------------------
                                  0.57   data required time
                                 -2.07   data arrival time
-----------------------------------------------------------------------------
                                  1.50   slack (MET)


Startpoint: _454_ (rising edge-triggered flip-flop clocked by CLK100MHZ)
Endpoint: _454_ (rising edge-triggered flip-flop clocked by CLK100MHZ)
Path Group: CLK100MHZ
Path Type: min
Corner: Slowest

Fanout     Cap    Slew   Delay    Time   Description
-----------------------------------------------------------------------------
                          0.00    0.00   clock CLK100MHZ (rise edge)
                          0.00    0.00   clock source latency
     1    0.03    0.00    0.00    0.00 ^ CLK100MHZ (in)
                                         CLK100MHZ (net)
                  0.00    0.00    0.00 ^ clkbuf_0_CLK100MHZ/A (sky130_fd_sc_hd__clkbuf_16)
     2    0.02    0.07    0.19    0.19 ^ clkbuf_0_CLK100MHZ/X (sky130_fd_sc_hd__clkbuf_16)
                                         clknet_0_CLK100MHZ (net)
                  0.07    0.00    0.19 ^ clkbuf_1_0__f_CLK100MHZ/A (sky130_fd_sc_hd__clkbuf_16)
    16    0.07    0.13    0.28    0.47 ^ clkbuf_1_0__f_CLK100MHZ/X (sky130_fd_sc_hd__clkbuf_16)
                                         clknet_1_0__leaf_CLK100MHZ (net)
                  0.13    0.01    0.48 ^ _454_/CLK (sky130_fd_sc_hd__dfxtp_1)
     3    0.02    0.21    0.74    1.21 v _454_/Q (sky130_fd_sc_hd__dfxtp_1)
                                         rf.regs[0][2] (net)
                  0.21    0.00    1.21 v _416_/A (sky130_fd_sc_hd__and2_1)
     1    0.02    0.23    0.49    1.71 v _416_/X (sky130_fd_sc_hd__and2_1)
                                         _050_ (net)
                  0.23    0.00    1.71 v _417_/A (sky130_fd_sc_hd__buf_1)
     1    0.01    0.17    0.34    2.04 v _417_/X (sky130_fd_sc_hd__buf_1)
                                         _020_ (net)
                  0.17    0.00    2.05 v _454_/D (sky130_fd_sc_hd__dfxtp_1)
                                  2.05   data arrival time

                          0.00    0.00   clock CLK100MHZ (rise edge)
                          0.00    0.00   clock source latency
     1    0.03    0.00    0.00    0.00 ^ CLK100MHZ (in)
                                         CLK100MHZ (net)
                  0.00    0.00    0.00 ^ clkbuf_0_CLK100MHZ/A (sky130_fd_sc_hd__clkbuf_16)
     2    0.02    0.07    0.19    0.19 ^ clkbuf_0_CLK100MHZ/X (sky130_fd_sc_hd__clkbuf_16)
                                         clknet_0_CLK100MHZ (net)
                  0.07    0.00    0.19 ^ clkbuf_1_0__f_CLK100MHZ/A (sky130_fd_sc_hd__clkbuf_16)
    16    0.07    0.13    0.28    0.47 ^ clkbuf_1_0__f_CLK100MHZ/X (sky130_fd_sc_hd__clkbuf_16)
                                         clknet_1_0__leaf_CLK100MHZ (net)
                  0.13    0.01    0.48 ^ _454_/CLK (sky130_fd_sc_hd__dfxtp_1)
                          0.20    0.68   clock uncertainty
                          0.00    0.68   clock reconvergence pessimism
                         -0.13    0.55   library hold time
                                  0.55   data required time
-----------------------------------------------------------------------------
                                  0.55   data required time
                                 -2.05   data arrival time
-----------------------------------------------------------------------------
                                  1.50   slack (MET)


Startpoint: _439_ (rising edge-triggered flip-flop clocked by CLK100MHZ)
Endpoint: _439_ (rising edge-triggered flip-flop clocked by CLK100MHZ)
Path Group: CLK100MHZ
Path Type: min
Corner: Slowest

Fanout     Cap    Slew   Delay    Time   Description
-----------------------------------------------------------------------------
                          0.00    0.00   clock CLK100MHZ (rise edge)
                          0.00    0.00   clock source latency
     1    0.03    0.00    0.00    0.00 ^ CLK100MHZ (in)
                                         CLK100MHZ (net)
                  0.00    0.00    0.00 ^ clkbuf_0_CLK100MHZ/A (sky130_fd_sc_hd__clkbuf_16)
     2    0.02    0.07    0.19    0.19 ^ clkbuf_0_CLK100MHZ/X (sky130_fd_sc_hd__clkbuf_16)
                                         clknet_0_CLK100MHZ (net)
                  0.07    0.00    0.19 ^ clkbuf_1_1__f_CLK100MHZ/A (sky130_fd_sc_hd__clkbuf_16)
    13    0.06    0.12    0.27    0.47 ^ clkbuf_1_1__f_CLK100MHZ/X (sky130_fd_sc_hd__clkbuf_16)
                                         clknet_1_1__leaf_CLK100MHZ (net)
                  0.12    0.00    0.47 ^ _439_/CLK (sky130_fd_sc_hd__dfxtp_1)
     2    0.01    0.22    0.77    1.24 ^ _439_/Q (sky130_fd_sc_hd__dfxtp_1)
                                         rf.regs[25][2] (net)
                  0.22    0.00    1.24 ^ _369_/A0 (sky130_fd_sc_hd__mux2_1)
     1    0.02    0.35    0.51    1.75 ^ _369_/X (sky130_fd_sc_hd__mux2_1)
                                         _202_ (net)
                  0.35    0.00    1.75 ^ _370_/A (sky130_fd_sc_hd__clkbuf_1)
     1    0.01    0.24    0.37    2.12 ^ _370_/X (sky130_fd_sc_hd__clkbuf_1)
                                         _005_ (net)
                  0.24    0.00    2.12 ^ _439_/D (sky130_fd_sc_hd__dfxtp_1)
                                  2.12   data arrival time

                          0.00    0.00   clock CLK100MHZ (rise edge)
                          0.00    0.00   clock source latency
     1    0.03    0.00    0.00    0.00 ^ CLK100MHZ (in)
                                         CLK100MHZ (net)
                  0.00    0.00    0.00 ^ clkbuf_0_CLK100MHZ/A (sky130_fd_sc_hd__clkbuf_16)
     2    0.02    0.07    0.19    0.19 ^ clkbuf_0_CLK100MHZ/X (sky130_fd_sc_hd__clkbuf_16)
                                         clknet_0_CLK100MHZ (net)
                  0.07    0.00    0.19 ^ clkbuf_1_1__f_CLK100MHZ/A (sky130_fd_sc_hd__clkbuf_16)
    13    0.06    0.12    0.27    0.47 ^ clkbuf_1_1__f_CLK100MHZ/X (sky130_fd_sc_hd__clkbuf_16)
                                         clknet_1_1__leaf_CLK100MHZ (net)
                  0.12    0.00    0.47 ^ _439_/CLK (sky130_fd_sc_hd__dfxtp_1)
                          0.20    0.67   clock uncertainty
                          0.00    0.67   clock reconvergence pessimism
                         -0.10    0.57   library hold time
                                  0.57   data required time
-----------------------------------------------------------------------------
                                  0.57   data required time
                                 -2.12   data arrival time
-----------------------------------------------------------------------------
                                  1.56   slack (MET)


Startpoint: _459_ (rising edge-triggered flip-flop clocked by CLK100MHZ)
Endpoint: _459_ (rising edge-triggered flip-flop clocked by CLK100MHZ)
Path Group: CLK100MHZ
Path Type: min
Corner: Slowest

Fanout     Cap    Slew   Delay    Time   Description
-----------------------------------------------------------------------------
                          0.00    0.00   clock CLK100MHZ (rise edge)
                          0.00    0.00   clock source latency
     1    0.03    0.00    0.00    0.00 ^ CLK100MHZ (in)
                                         CLK100MHZ (net)
                  0.00    0.00    0.00 ^ clkbuf_0_CLK100MHZ/A (sky130_fd_sc_hd__clkbuf_16)
     2    0.02    0.07    0.19    0.19 ^ clkbuf_0_CLK100MHZ/X (sky130_fd_sc_hd__clkbuf_16)
                                         clknet_0_CLK100MHZ (net)
                  0.07    0.00    0.19 ^ clkbuf_1_0__f_CLK100MHZ/A (sky130_fd_sc_hd__clkbuf_16)
    16    0.07    0.13    0.28    0.47 ^ clkbuf_1_0__f_CLK100MHZ/X (sky130_fd_sc_hd__clkbuf_16)
                                         clknet_1_0__leaf_CLK100MHZ (net)
                  0.13    0.01    0.48 ^ _459_/CLK (sky130_fd_sc_hd__dfxtp_1)
     2    0.03    0.41    0.91    1.38 ^ _459_/Q (sky130_fd_sc_hd__dfxtp_1)
                                         rf.regs[5][2] (net)
                  0.41    0.00    1.39 ^ _428_/A0 (sky130_fd_sc_hd__mux2_1)
     1    0.01    0.16    0.43    1.82 ^ _428_/X (sky130_fd_sc_hd__mux2_1)
                                         _057_ (net)
                  0.16    0.00    1.82 ^ _429_/A (sky130_fd_sc_hd__buf_1)
     1    0.01    0.27    0.33    2.15 ^ _429_/X (sky130_fd_sc_hd__buf_1)
                                         _025_ (net)
                  0.27    0.00    2.15 ^ _459_/D (sky130_fd_sc_hd__dfxtp_1)
                                  2.15   data arrival time

                          0.00    0.00   clock CLK100MHZ (rise edge)
                          0.00    0.00   clock source latency
     1    0.03    0.00    0.00    0.00 ^ CLK100MHZ (in)
                                         CLK100MHZ (net)
                  0.00    0.00    0.00 ^ clkbuf_0_CLK100MHZ/A (sky130_fd_sc_hd__clkbuf_16)
     2    0.02    0.07    0.19    0.19 ^ clkbuf_0_CLK100MHZ/X (sky130_fd_sc_hd__clkbuf_16)
                                         clknet_0_CLK100MHZ (net)
                  0.07    0.00    0.19 ^ clkbuf_1_0__f_CLK100MHZ/A (sky130_fd_sc_hd__clkbuf_16)
    16    0.07    0.13    0.28    0.47 ^ clkbuf_1_0__f_CLK100MHZ/X (sky130_fd_sc_hd__clkbuf_16)
                                         clknet_1_0__leaf_CLK100MHZ (net)
                  0.13    0.01    0.48 ^ _459_/CLK (sky130_fd_sc_hd__dfxtp_1)
                          0.20    0.68   clock uncertainty
                          0.00    0.68   clock reconvergence pessimism
                         -0.11    0.57   library hold time
                                  0.57   data required time
-----------------------------------------------------------------------------
                                  0.57   data required time
                                 -2.15   data arrival time
-----------------------------------------------------------------------------
                                  1.59   slack (MET)


Startpoint: _457_ (rising edge-triggered flip-flop clocked by CLK100MHZ)
Endpoint: _457_ (rising edge-triggered flip-flop clocked by CLK100MHZ)
Path Group: CLK100MHZ
Path Type: min
Corner: Slowest

Fanout     Cap    Slew   Delay    Time   Description
-----------------------------------------------------------------------------
                          0.00    0.00   clock CLK100MHZ (rise edge)
                          0.00    0.00   clock source latency
     1    0.03    0.00    0.00    0.00 ^ CLK100MHZ (in)
                                         CLK100MHZ (net)
                  0.00    0.00    0.00 ^ clkbuf_0_CLK100MHZ/A (sky130_fd_sc_hd__clkbuf_16)
     2    0.02    0.07    0.19    0.19 ^ clkbuf_0_CLK100MHZ/X (sky130_fd_sc_hd__clkbuf_16)
                                         clknet_0_CLK100MHZ (net)
                  0.07    0.00    0.19 ^ clkbuf_1_1__f_CLK100MHZ/A (sky130_fd_sc_hd__clkbuf_16)
    13    0.06    0.12    0.27    0.47 ^ clkbuf_1_1__f_CLK100MHZ/X (sky130_fd_sc_hd__clkbuf_16)
                                         clknet_1_1__leaf_CLK100MHZ (net)
                  0.12    0.00    0.47 ^ _457_/CLK (sky130_fd_sc_hd__dfxtp_1)
     2    0.02    0.32    0.83    1.30 ^ _457_/Q (sky130_fd_sc_hd__dfxtp_1)
                                         rf.regs[5][0] (net)
                  0.32    0.00    1.31 ^ _424_/A0 (sky130_fd_sc_hd__mux2_1)
     1    0.01    0.20    0.43    1.74 ^ _424_/X (sky130_fd_sc_hd__mux2_1)
                                         _055_ (net)
                  0.20    0.00    1.74 ^ _425_/A (sky130_fd_sc_hd__clkbuf_1)
     1    0.02    0.36    0.41    2.15 ^ _425_/X (sky130_fd_sc_hd__clkbuf_1)
                                         _023_ (net)
                  0.36    0.00    2.15 ^ _457_/D (sky130_fd_sc_hd__dfxtp_1)
                                  2.15   data arrival time

                          0.00    0.00   clock CLK100MHZ (rise edge)
                          0.00    0.00   clock source latency
     1    0.03    0.00    0.00    0.00 ^ CLK100MHZ (in)
                                         CLK100MHZ (net)
                  0.00    0.00    0.00 ^ clkbuf_0_CLK100MHZ/A (sky130_fd_sc_hd__clkbuf_16)
     2    0.02    0.07    0.19    0.19 ^ clkbuf_0_CLK100MHZ/X (sky130_fd_sc_hd__clkbuf_16)
                                         clknet_0_CLK100MHZ (net)
                  0.07    0.00    0.19 ^ clkbuf_1_1__f_CLK100MHZ/A (sky130_fd_sc_hd__clkbuf_16)
    13    0.06    0.12    0.27    0.47 ^ clkbuf_1_1__f_CLK100MHZ/X (sky130_fd_sc_hd__clkbuf_16)
                                         clknet_1_1__leaf_CLK100MHZ (net)
                  0.12    0.00    0.47 ^ _457_/CLK (sky130_fd_sc_hd__dfxtp_1)
                          0.20    0.67   clock uncertainty
                          0.00    0.67   clock reconvergence pessimism
                         -0.13    0.54   library hold time
                                  0.54   data required time
-----------------------------------------------------------------------------
                                  0.54   data required time
                                 -2.15   data arrival time
-----------------------------------------------------------------------------
                                  1.61   slack (MET)


Startpoint: _438_ (rising edge-triggered flip-flop clocked by CLK100MHZ)
Endpoint: _438_ (rising edge-triggered flip-flop clocked by CLK100MHZ)
Path Group: CLK100MHZ
Path Type: min
Corner: Slowest

Fanout     Cap    Slew   Delay    Time   Description
-----------------------------------------------------------------------------
                          0.00    0.00   clock CLK100MHZ (rise edge)
                          0.00    0.00   clock source latency
     1    0.03    0.00    0.00    0.00 ^ CLK100MHZ (in)
                                         CLK100MHZ (net)
                  0.00    0.00    0.00 ^ clkbuf_0_CLK100MHZ/A (sky130_fd_sc_hd__clkbuf_16)
     2    0.02    0.07    0.19    0.19 ^ clkbuf_0_CLK100MHZ/X (sky130_fd_sc_hd__clkbuf_16)
                                         clknet_0_CLK100MHZ (net)
                  0.07    0.00    0.19 ^ clkbuf_1_1__f_CLK100MHZ/A (sky130_fd_sc_hd__clkbuf_16)
    13    0.06    0.12    0.27    0.47 ^ clkbuf_1_1__f_CLK100MHZ/X (sky130_fd_sc_hd__clkbuf_16)
                                         clknet_1_1__leaf_CLK100MHZ (net)
                  0.12    0.00    0.47 ^ _438_/CLK (sky130_fd_sc_hd__dfxtp_1)
     3    0.03    0.45    0.93    1.40 ^ _438_/Q (sky130_fd_sc_hd__dfxtp_1)
                                         rf.regs[25][1] (net)
                  0.45    0.00    1.40 ^ _367_/A0 (sky130_fd_sc_hd__mux2_1)
     1    0.01    0.22    0.50    1.90 ^ _367_/X (sky130_fd_sc_hd__mux2_1)
                                         _201_ (net)
                  0.22    0.00    1.90 ^ _368_/A (sky130_fd_sc_hd__clkbuf_1)
     1    0.01    0.24    0.33    2.23 ^ _368_/X (sky130_fd_sc_hd__clkbuf_1)
                                         _004_ (net)
                  0.24    0.00    2.23 ^ _438_/D (sky130_fd_sc_hd__dfxtp_1)
                                  2.23   data arrival time

                          0.00    0.00   clock CLK100MHZ (rise edge)
                          0.00    0.00   clock source latency
     1    0.03    0.00    0.00    0.00 ^ CLK100MHZ (in)
                                         CLK100MHZ (net)
                  0.00    0.00    0.00 ^ clkbuf_0_CLK100MHZ/A (sky130_fd_sc_hd__clkbuf_16)
     2    0.02    0.07    0.19    0.19 ^ clkbuf_0_CLK100MHZ/X (sky130_fd_sc_hd__clkbuf_16)
                                         clknet_0_CLK100MHZ (net)
                  0.07    0.00    0.19 ^ clkbuf_1_1__f_CLK100MHZ/A (sky130_fd_sc_hd__clkbuf_16)
    13    0.06    0.12    0.27    0.47 ^ clkbuf_1_1__f_CLK100MHZ/X (sky130_fd_sc_hd__clkbuf_16)
                                         clknet_1_1__leaf_CLK100MHZ (net)
                  0.12    0.00    0.47 ^ _438_/CLK (sky130_fd_sc_hd__dfxtp_1)
                          0.20    0.67   clock uncertainty
                          0.00    0.67   clock reconvergence pessimism
                         -0.10    0.57   library hold time
                                  0.57   data required time
-----------------------------------------------------------------------------
                                  0.57   data required time
                                 -2.23   data arrival time
-----------------------------------------------------------------------------
                                  1.67   slack (MET)


Startpoint: _443_ (rising edge-triggered flip-flop clocked by CLK100MHZ)
Endpoint: _443_ (rising edge-triggered flip-flop clocked by CLK100MHZ)
Path Group: CLK100MHZ
Path Type: min
Corner: Slowest

Fanout     Cap    Slew   Delay    Time   Description
-----------------------------------------------------------------------------
                          0.00    0.00   clock CLK100MHZ (rise edge)
                          0.00    0.00   clock source latency
     1    0.03    0.00    0.00    0.00 ^ CLK100MHZ (in)
                                         CLK100MHZ (net)
                  0.00    0.00    0.00 ^ clkbuf_0_CLK100MHZ/A (sky130_fd_sc_hd__clkbuf_16)
     2    0.02    0.07    0.19    0.19 ^ clkbuf_0_CLK100MHZ/X (sky130_fd_sc_hd__clkbuf_16)
                                         clknet_0_CLK100MHZ (net)
                  0.07    0.00    0.19 ^ clkbuf_1_0__f_CLK100MHZ/A (sky130_fd_sc_hd__clkbuf_16)
    16    0.07    0.13    0.28    0.47 ^ clkbuf_1_0__f_CLK100MHZ/X (sky130_fd_sc_hd__clkbuf_16)
                                         clknet_1_0__leaf_CLK100MHZ (net)
                  0.13    0.00    0.47 ^ _443_/CLK (sky130_fd_sc_hd__dfxtp_1)
     2    0.02    0.29    0.82    1.29 ^ _443_/Q (sky130_fd_sc_hd__dfxtp_1)
                                         rf.regs[15][1] (net)
                  0.29    0.00    1.30 ^ _389_/A0 (sky130_fd_sc_hd__mux2_1)
     1    0.01    0.16    0.40    1.69 ^ _389_/X (sky130_fd_sc_hd__mux2_1)
                                         _034_ (net)
                  0.16    0.00    1.69 ^ _390_/A (sky130_fd_sc_hd__buf_1)
     1    0.03    0.49    0.49    2.18 ^ _390_/X (sky130_fd_sc_hd__buf_1)
                                         _009_ (net)
                  0.49    0.00    2.19 ^ _443_/D (sky130_fd_sc_hd__dfxtp_1)
                                  2.19   data arrival time

                          0.00    0.00   clock CLK100MHZ (rise edge)
                          0.00    0.00   clock source latency
     1    0.03    0.00    0.00    0.00 ^ CLK100MHZ (in)
                                         CLK100MHZ (net)
                  0.00    0.00    0.00 ^ clkbuf_0_CLK100MHZ/A (sky130_fd_sc_hd__clkbuf_16)
     2    0.02    0.07    0.19    0.19 ^ clkbuf_0_CLK100MHZ/X (sky130_fd_sc_hd__clkbuf_16)
                                         clknet_0_CLK100MHZ (net)
                  0.07    0.00    0.19 ^ clkbuf_1_0__f_CLK100MHZ/A (sky130_fd_sc_hd__clkbuf_16)
    16    0.07    0.13    0.28    0.47 ^ clkbuf_1_0__f_CLK100MHZ/X (sky130_fd_sc_hd__clkbuf_16)
                                         clknet_1_0__leaf_CLK100MHZ (net)
                  0.13    0.00    0.47 ^ _443_/CLK (sky130_fd_sc_hd__dfxtp_1)
                          0.20    0.67   clock uncertainty
                          0.00    0.67   clock reconvergence pessimism
                         -0.16    0.51   library hold time
                                  0.51   data required time
-----------------------------------------------------------------------------
                                  0.51   data required time
                                 -2.19   data arrival time
-----------------------------------------------------------------------------
                                  1.67   slack (MET)


Startpoint: _441_ (rising edge-triggered flip-flop clocked by CLK100MHZ)
Endpoint: _441_ (rising edge-triggered flip-flop clocked by CLK100MHZ)
Path Group: CLK100MHZ
Path Type: min
Corner: Slowest

Fanout     Cap    Slew   Delay    Time   Description
-----------------------------------------------------------------------------
                          0.00    0.00   clock CLK100MHZ (rise edge)
                          0.00    0.00   clock source latency
     1    0.03    0.00    0.00    0.00 ^ CLK100MHZ (in)
                                         CLK100MHZ (net)
                  0.00    0.00    0.00 ^ clkbuf_0_CLK100MHZ/A (sky130_fd_sc_hd__clkbuf_16)
     2    0.02    0.07    0.19    0.19 ^ clkbuf_0_CLK100MHZ/X (sky130_fd_sc_hd__clkbuf_16)
                                         clknet_0_CLK100MHZ (net)
                  0.07    0.00    0.19 ^ clkbuf_1_0__f_CLK100MHZ/A (sky130_fd_sc_hd__clkbuf_16)
    16    0.07    0.13    0.28    0.47 ^ clkbuf_1_0__f_CLK100MHZ/X (sky130_fd_sc_hd__clkbuf_16)
                                         clknet_1_0__leaf_CLK100MHZ (net)
                  0.13    0.00    0.47 ^ _441_/CLK (sky130_fd_sc_hd__dfxtp_1)
     2    0.03    0.48    0.96    1.43 ^ _441_/Q (sky130_fd_sc_hd__dfxtp_1)
                                         rf.regs[25][4] (net)
                  0.48    0.00    1.43 ^ _383_/A0 (sky130_fd_sc_hd__mux2_1)
     1    0.01    0.22    0.51    1.95 ^ _383_/X (sky130_fd_sc_hd__mux2_1)
                                         _214_ (net)
                  0.22    0.00    1.95 ^ _384_/A (sky130_fd_sc_hd__buf_1)
     1    0.02    0.37    0.42    2.37 ^ _384_/X (sky130_fd_sc_hd__buf_1)
                                         _007_ (net)
                  0.37    0.00    2.37 ^ _441_/D (sky130_fd_sc_hd__dfxtp_1)
                                  2.37   data arrival time

                          0.00    0.00   clock CLK100MHZ (rise edge)
                          0.00    0.00   clock source latency
     1    0.03    0.00    0.00    0.00 ^ CLK100MHZ (in)
                                         CLK100MHZ (net)
                  0.00    0.00    0.00 ^ clkbuf_0_CLK100MHZ/A (sky130_fd_sc_hd__clkbuf_16)
     2    0.02    0.07    0.19    0.19 ^ clkbuf_0_CLK100MHZ/X (sky130_fd_sc_hd__clkbuf_16)
                                         clknet_0_CLK100MHZ (net)
                  0.07    0.00    0.19 ^ clkbuf_1_0__f_CLK100MHZ/A (sky130_fd_sc_hd__clkbuf_16)
    16    0.07    0.13    0.28    0.47 ^ clkbuf_1_0__f_CLK100MHZ/X (sky130_fd_sc_hd__clkbuf_16)
                                         clknet_1_0__leaf_CLK100MHZ (net)
                  0.13    0.00    0.47 ^ _441_/CLK (sky130_fd_sc_hd__dfxtp_1)
                          0.20    0.67   clock uncertainty
                          0.00    0.67   clock reconvergence pessimism
                         -0.13    0.54   library hold time
                                  0.54   data required time
-----------------------------------------------------------------------------
                                  0.54   data required time
                                 -2.37   data arrival time
-----------------------------------------------------------------------------
                                  1.83   slack (MET)


Startpoint: _449_ (rising edge-triggered flip-flop clocked by CLK100MHZ)
Endpoint: _449_ (rising edge-triggered flip-flop clocked by CLK100MHZ)
Path Group: CLK100MHZ
Path Type: min
Corner: Slowest

Fanout     Cap    Slew   Delay    Time   Description
-----------------------------------------------------------------------------
                          0.00    0.00   clock CLK100MHZ (rise edge)
                          0.00    0.00   clock source latency
     1    0.03    0.00    0.00    0.00 ^ CLK100MHZ (in)
                                         CLK100MHZ (net)
                  0.00    0.00    0.00 ^ clkbuf_0_CLK100MHZ/A (sky130_fd_sc_hd__clkbuf_16)
     2    0.02    0.07    0.19    0.19 ^ clkbuf_0_CLK100MHZ/X (sky130_fd_sc_hd__clkbuf_16)
                                         clknet_0_CLK100MHZ (net)
                  0.07    0.00    0.19 ^ clkbuf_1_0__f_CLK100MHZ/A (sky130_fd_sc_hd__clkbuf_16)
    16    0.07    0.13    0.28    0.47 ^ clkbuf_1_0__f_CLK100MHZ/X (sky130_fd_sc_hd__clkbuf_16)
                                         clknet_1_0__leaf_CLK100MHZ (net)
                  0.13    0.00    0.47 ^ _449_/CLK (sky130_fd_sc_hd__dfxtp_1)
     2    0.03    0.47    0.95    1.42 ^ _449_/Q (sky130_fd_sc_hd__dfxtp_1)
                                         rf.regs[10][2] (net)
                  0.47    0.00    1.42 ^ _404_/A1 (sky130_fd_sc_hd__mux2_1)
     1    0.02    0.25    0.53    1.95 ^ _404_/X (sky130_fd_sc_hd__mux2_1)
                                         _043_ (net)
                  0.25    0.00    1.95 ^ _405_/A (sky130_fd_sc_hd__buf_1)
     1    0.02    0.38    0.44    2.40 ^ _405_/X (sky130_fd_sc_hd__buf_1)
                                         _015_ (net)
                  0.38    0.00    2.40 ^ _449_/D (sky130_fd_sc_hd__dfxtp_1)
                                  2.40   data arrival time

                          0.00    0.00   clock CLK100MHZ (rise edge)
                          0.00    0.00   clock source latency
     1    0.03    0.00    0.00    0.00 ^ CLK100MHZ (in)
                                         CLK100MHZ (net)
                  0.00    0.00    0.00 ^ clkbuf_0_CLK100MHZ/A (sky130_fd_sc_hd__clkbuf_16)
     2    0.02    0.07    0.19    0.19 ^ clkbuf_0_CLK100MHZ/X (sky130_fd_sc_hd__clkbuf_16)
                                         clknet_0_CLK100MHZ (net)
                  0.07    0.00    0.19 ^ clkbuf_1_0__f_CLK100MHZ/A (sky130_fd_sc_hd__clkbuf_16)
    16    0.07    0.13    0.28    0.47 ^ clkbuf_1_0__f_CLK100MHZ/X (sky130_fd_sc_hd__clkbuf_16)
                                         clknet_1_0__leaf_CLK100MHZ (net)
                  0.13    0.00    0.47 ^ _449_/CLK (sky130_fd_sc_hd__dfxtp_1)
                          0.20    0.67   clock uncertainty
                          0.00    0.67   clock reconvergence pessimism
                         -0.14    0.54   library hold time
                                  0.54   data required time
-----------------------------------------------------------------------------
                                  0.54   data required time
                                 -2.40   data arrival time
-----------------------------------------------------------------------------
                                  1.86   slack (MET)


Startpoint: _445_ (rising edge-triggered flip-flop clocked by CLK100MHZ)
Endpoint: _445_ (rising edge-triggered flip-flop clocked by CLK100MHZ)
Path Group: CLK100MHZ
Path Type: min
Corner: Slowest

Fanout     Cap    Slew   Delay    Time   Description
-----------------------------------------------------------------------------
                          0.00    0.00   clock CLK100MHZ (rise edge)
                          0.00    0.00   clock source latency
     1    0.03    0.00    0.00    0.00 ^ CLK100MHZ (in)
                                         CLK100MHZ (net)
                  0.00    0.00    0.00 ^ clkbuf_0_CLK100MHZ/A (sky130_fd_sc_hd__clkbuf_16)
     2    0.02    0.07    0.19    0.19 ^ clkbuf_0_CLK100MHZ/X (sky130_fd_sc_hd__clkbuf_16)
                                         clknet_0_CLK100MHZ (net)
                  0.07    0.00    0.19 ^ clkbuf_1_1__f_CLK100MHZ/A (sky130_fd_sc_hd__clkbuf_16)
    13    0.06    0.12    0.27    0.47 ^ clkbuf_1_1__f_CLK100MHZ/X (sky130_fd_sc_hd__clkbuf_16)
                                         clknet_1_1__leaf_CLK100MHZ (net)
                  0.12    0.00    0.47 ^ _445_/CLK (sky130_fd_sc_hd__dfxtp_1)
     2    0.02    0.30    0.83    1.29 ^ _445_/Q (sky130_fd_sc_hd__dfxtp_1)
                                         rf.regs[15][3] (net)
                  0.30    0.00    1.30 ^ _393_/A0 (sky130_fd_sc_hd__mux2_1)
     1    0.01    0.21    0.44    1.74 ^ _393_/X (sky130_fd_sc_hd__mux2_1)
                                         _036_ (net)
                  0.21    0.00    1.74 ^ _394_/A (sky130_fd_sc_hd__buf_1)
     1    0.03    0.64    0.61    2.35 ^ _394_/X (sky130_fd_sc_hd__buf_1)
                                         _011_ (net)
                  0.64    0.01    2.36 ^ _445_/D (sky130_fd_sc_hd__dfxtp_1)
                                  2.36   data arrival time

                          0.00    0.00   clock CLK100MHZ (rise edge)
                          0.00    0.00   clock source latency
     1    0.03    0.00    0.00    0.00 ^ CLK100MHZ (in)
                                         CLK100MHZ (net)
                  0.00    0.00    0.00 ^ clkbuf_0_CLK100MHZ/A (sky130_fd_sc_hd__clkbuf_16)
     2    0.02    0.07    0.19    0.19 ^ clkbuf_0_CLK100MHZ/X (sky130_fd_sc_hd__clkbuf_16)
                                         clknet_0_CLK100MHZ (net)
                  0.07    0.00    0.19 ^ clkbuf_1_1__f_CLK100MHZ/A (sky130_fd_sc_hd__clkbuf_16)
    13    0.06    0.12    0.27    0.47 ^ clkbuf_1_1__f_CLK100MHZ/X (sky130_fd_sc_hd__clkbuf_16)
                                         clknet_1_1__leaf_CLK100MHZ (net)
                  0.12    0.00    0.47 ^ _445_/CLK (sky130_fd_sc_hd__dfxtp_1)
                          0.20    0.67   clock uncertainty
                          0.00    0.67   clock reconvergence pessimism
                         -0.20    0.47   library hold time
                                  0.47   data required time
-----------------------------------------------------------------------------
                                  0.47   data required time
                                 -2.36   data arrival time
-----------------------------------------------------------------------------
                                  1.88   slack (MET)


Startpoint: _440_ (rising edge-triggered flip-flop clocked by CLK100MHZ)
Endpoint: _440_ (rising edge-triggered flip-flop clocked by CLK100MHZ)
Path Group: CLK100MHZ
Path Type: min
Corner: Slowest

Fanout     Cap    Slew   Delay    Time   Description
-----------------------------------------------------------------------------
                          0.00    0.00   clock CLK100MHZ (rise edge)
                          0.00    0.00   clock source latency
     1    0.03    0.00    0.00    0.00 ^ CLK100MHZ (in)
                                         CLK100MHZ (net)
                  0.00    0.00    0.00 ^ clkbuf_0_CLK100MHZ/A (sky130_fd_sc_hd__clkbuf_16)
     2    0.02    0.07    0.19    0.19 ^ clkbuf_0_CLK100MHZ/X (sky130_fd_sc_hd__clkbuf_16)
                                         clknet_0_CLK100MHZ (net)
                  0.07    0.00    0.19 ^ clkbuf_1_0__f_CLK100MHZ/A (sky130_fd_sc_hd__clkbuf_16)
    16    0.07    0.13    0.28    0.47 ^ clkbuf_1_0__f_CLK100MHZ/X (sky130_fd_sc_hd__clkbuf_16)
                                         clknet_1_0__leaf_CLK100MHZ (net)
                  0.13    0.00    0.47 ^ _440_/CLK (sky130_fd_sc_hd__dfxtp_1)
     2    0.03    0.43    0.92    1.39 ^ _440_/Q (sky130_fd_sc_hd__dfxtp_1)
                                         rf.regs[25][3] (net)
                  0.43    0.00    1.39 ^ _371_/A0 (sky130_fd_sc_hd__mux2_1)
     1    0.02    0.27    0.53    1.92 ^ _371_/X (sky130_fd_sc_hd__mux2_1)
                                         _203_ (net)
                  0.27    0.00    1.93 ^ _372_/A (sky130_fd_sc_hd__buf_1)
     1    0.02    0.46    0.51    2.43 ^ _372_/X (sky130_fd_sc_hd__buf_1)
                                         _006_ (net)
                  0.46    0.00    2.44 ^ _440_/D (sky130_fd_sc_hd__dfxtp_1)
                                  2.44   data arrival time

                          0.00    0.00   clock CLK100MHZ (rise edge)
                          0.00    0.00   clock source latency
     1    0.03    0.00    0.00    0.00 ^ CLK100MHZ (in)
                                         CLK100MHZ (net)
                  0.00    0.00    0.00 ^ clkbuf_0_CLK100MHZ/A (sky130_fd_sc_hd__clkbuf_16)
     2    0.02    0.07    0.19    0.19 ^ clkbuf_0_CLK100MHZ/X (sky130_fd_sc_hd__clkbuf_16)
                                         clknet_0_CLK100MHZ (net)
                  0.07    0.00    0.19 ^ clkbuf_1_0__f_CLK100MHZ/A (sky130_fd_sc_hd__clkbuf_16)
    16    0.07    0.13    0.28    0.47 ^ clkbuf_1_0__f_CLK100MHZ/X (sky130_fd_sc_hd__clkbuf_16)
                                         clknet_1_0__leaf_CLK100MHZ (net)
                  0.13    0.00    0.47 ^ _440_/CLK (sky130_fd_sc_hd__dfxtp_1)
                          0.20    0.67   clock uncertainty
                          0.00    0.67   clock reconvergence pessimism
                         -0.15    0.52   library hold time
                                  0.52   data required time
-----------------------------------------------------------------------------
                                  0.52   data required time
                                 -2.44   data arrival time
-----------------------------------------------------------------------------
                                  1.92   slack (MET)


Startpoint: _461_ (rising edge-triggered flip-flop clocked by CLK100MHZ)
Endpoint: _461_ (rising edge-triggered flip-flop clocked by CLK100MHZ)
Path Group: CLK100MHZ
Path Type: min
Corner: Slowest

Fanout     Cap    Slew   Delay    Time   Description
-----------------------------------------------------------------------------
                          0.00    0.00   clock CLK100MHZ (rise edge)
                          0.00    0.00   clock source latency
     1    0.03    0.00    0.00    0.00 ^ CLK100MHZ (in)
                                         CLK100MHZ (net)
                  0.00    0.00    0.00 ^ clkbuf_0_CLK100MHZ/A (sky130_fd_sc_hd__clkbuf_16)
     2    0.02    0.07    0.19    0.19 ^ clkbuf_0_CLK100MHZ/X (sky130_fd_sc_hd__clkbuf_16)
                                         clknet_0_CLK100MHZ (net)
                  0.07    0.00    0.19 ^ clkbuf_1_0__f_CLK100MHZ/A (sky130_fd_sc_hd__clkbuf_16)
    16    0.07    0.13    0.28    0.47 ^ clkbuf_1_0__f_CLK100MHZ/X (sky130_fd_sc_hd__clkbuf_16)
                                         clknet_1_0__leaf_CLK100MHZ (net)
                  0.13    0.01    0.48 ^ _461_/CLK (sky130_fd_sc_hd__dfxtp_1)
     3    0.03    0.48    0.95    1.43 ^ _461_/Q (sky130_fd_sc_hd__dfxtp_1)
                                         rf.regs[5][4] (net)
                  0.48    0.00    1.43 ^ _432_/A0 (sky130_fd_sc_hd__mux2_1)
     1    0.02    0.31    0.58    2.01 ^ _432_/X (sky130_fd_sc_hd__mux2_1)
                                         _059_ (net)
                  0.31    0.00    2.01 ^ _433_/A (sky130_fd_sc_hd__buf_1)
     1    0.02    0.37    0.45    2.47 ^ _433_/X (sky130_fd_sc_hd__buf_1)
                                         _027_ (net)
                  0.37    0.00    2.47 ^ _461_/D (sky130_fd_sc_hd__dfxtp_1)
                                  2.47   data arrival time

                          0.00    0.00   clock CLK100MHZ (rise edge)
                          0.00    0.00   clock source latency
     1    0.03    0.00    0.00    0.00 ^ CLK100MHZ (in)
                                         CLK100MHZ (net)
                  0.00    0.00    0.00 ^ clkbuf_0_CLK100MHZ/A (sky130_fd_sc_hd__clkbuf_16)
     2    0.02    0.07    0.19    0.19 ^ clkbuf_0_CLK100MHZ/X (sky130_fd_sc_hd__clkbuf_16)
                                         clknet_0_CLK100MHZ (net)
                  0.07    0.00    0.19 ^ clkbuf_1_0__f_CLK100MHZ/A (sky130_fd_sc_hd__clkbuf_16)
    16    0.07    0.13    0.28    0.47 ^ clkbuf_1_0__f_CLK100MHZ/X (sky130_fd_sc_hd__clkbuf_16)
                                         clknet_1_0__leaf_CLK100MHZ (net)
                  0.13    0.01    0.48 ^ _461_/CLK (sky130_fd_sc_hd__dfxtp_1)
                          0.20    0.68   clock uncertainty
                          0.00    0.68   clock reconvergence pessimism
                         -0.13    0.54   library hold time
                                  0.54   data required time
-----------------------------------------------------------------------------
                                  0.54   data required time
                                 -2.47   data arrival time
-----------------------------------------------------------------------------
                                  1.92   slack (MET)


Startpoint: _447_ (rising edge-triggered flip-flop clocked by CLK100MHZ)
Endpoint: _447_ (rising edge-triggered flip-flop clocked by CLK100MHZ)
Path Group: CLK100MHZ
Path Type: min
Corner: Slowest

Fanout     Cap    Slew   Delay    Time   Description
-----------------------------------------------------------------------------
                          0.00    0.00   clock CLK100MHZ (rise edge)
                          0.00    0.00   clock source latency
     1    0.03    0.00    0.00    0.00 ^ CLK100MHZ (in)
                                         CLK100MHZ (net)
                  0.00    0.00    0.00 ^ clkbuf_0_CLK100MHZ/A (sky130_fd_sc_hd__clkbuf_16)
     2    0.02    0.07    0.19    0.19 ^ clkbuf_0_CLK100MHZ/X (sky130_fd_sc_hd__clkbuf_16)
                                         clknet_0_CLK100MHZ (net)
                  0.07    0.00    0.19 ^ clkbuf_1_1__f_CLK100MHZ/A (sky130_fd_sc_hd__clkbuf_16)
    13    0.06    0.12    0.27    0.47 ^ clkbuf_1_1__f_CLK100MHZ/X (sky130_fd_sc_hd__clkbuf_16)
                                         clknet_1_1__leaf_CLK100MHZ (net)
                  0.12    0.00    0.47 ^ _447_/CLK (sky130_fd_sc_hd__dfxtp_1)
     3    0.04    0.54    0.99    1.46 ^ _447_/Q (sky130_fd_sc_hd__dfxtp_1)
                                         rf.regs[10][0] (net)
                  0.54    0.00    1.46 ^ _400_/A1 (sky130_fd_sc_hd__mux2_1)
     1    0.02    0.26    0.57    2.03 ^ _400_/X (sky130_fd_sc_hd__mux2_1)
                                         _041_ (net)
                  0.26    0.00    2.03 ^ _401_/A (sky130_fd_sc_hd__buf_1)
     1    0.02    0.36    0.43    2.47 ^ _401_/X (sky130_fd_sc_hd__buf_1)
                                         _013_ (net)
                  0.36    0.00    2.47 ^ _447_/D (sky130_fd_sc_hd__dfxtp_1)
                                  2.47   data arrival time

                          0.00    0.00   clock CLK100MHZ (rise edge)
                          0.00    0.00   clock source latency
     1    0.03    0.00    0.00    0.00 ^ CLK100MHZ (in)
                                         CLK100MHZ (net)
                  0.00    0.00    0.00 ^ clkbuf_0_CLK100MHZ/A (sky130_fd_sc_hd__clkbuf_16)
     2    0.02    0.07    0.19    0.19 ^ clkbuf_0_CLK100MHZ/X (sky130_fd_sc_hd__clkbuf_16)
                                         clknet_0_CLK100MHZ (net)
                  0.07    0.00    0.19 ^ clkbuf_1_1__f_CLK100MHZ/A (sky130_fd_sc_hd__clkbuf_16)
    13    0.06    0.12    0.27    0.47 ^ clkbuf_1_1__f_CLK100MHZ/X (sky130_fd_sc_hd__clkbuf_16)
                                         clknet_1_1__leaf_CLK100MHZ (net)
                  0.12    0.00    0.47 ^ _447_/CLK (sky130_fd_sc_hd__dfxtp_1)
                          0.20    0.67   clock uncertainty
                          0.00    0.67   clock reconvergence pessimism
                         -0.13    0.54   library hold time
                                  0.54   data required time
-----------------------------------------------------------------------------
                                  0.54   data required time
                                 -2.47   data arrival time
-----------------------------------------------------------------------------
                                  1.93   slack (MET)


Startpoint: _463_ (rising edge-triggered flip-flop clocked by CLK100MHZ)
Endpoint: _463_ (rising edge-triggered flip-flop clocked by CLK100MHZ)
Path Group: CLK100MHZ
Path Type: min
Corner: Slowest

Fanout     Cap    Slew   Delay    Time   Description
-----------------------------------------------------------------------------
                          0.00    0.00   clock CLK100MHZ (rise edge)
                          0.00    0.00   clock source latency
     1    0.03    0.00    0.00    0.00 ^ CLK100MHZ (in)
                                         CLK100MHZ (net)
                  0.00    0.00    0.00 ^ clkbuf_0_CLK100MHZ/A (sky130_fd_sc_hd__clkbuf_16)
     2    0.02    0.07    0.19    0.19 ^ clkbuf_0_CLK100MHZ/X (sky130_fd_sc_hd__clkbuf_16)
                                         clknet_0_CLK100MHZ (net)
                  0.07    0.00    0.19 ^ clkbuf_1_0__f_CLK100MHZ/A (sky130_fd_sc_hd__clkbuf_16)
    16    0.07    0.13    0.28    0.47 ^ clkbuf_1_0__f_CLK100MHZ/X (sky130_fd_sc_hd__clkbuf_16)
                                         clknet_1_0__leaf_CLK100MHZ (net)
                  0.13    0.00    0.47 ^ _463_/CLK (sky130_fd_sc_hd__dfrtp_4)
    10    0.06    0.25    1.19    1.66 v _463_/Q (sky130_fd_sc_hd__dfrtp_4)
                                         imem.address[1] (net)
                  0.25    0.01    1.67 v _220_/A (sky130_fd_sc_hd__clkbuf_4)
    10    0.08    0.29    0.52    2.20 v _220_/X (sky130_fd_sc_hd__clkbuf_4)
                                         _065_ (net)
                  0.29    0.01    2.20 v _225_/B1 (sky130_fd_sc_hd__a21oi_1)
     1    0.01    0.25    0.35    2.55 ^ _225_/Y (sky130_fd_sc_hd__a21oi_1)
                                         _069_ (net)
                  0.25    0.00    2.55 ^ _226_/B (sky130_fd_sc_hd__nor2_1)
     1    0.02    0.20    0.27    2.83 v _226_/Y (sky130_fd_sc_hd__nor2_1)
                                         _029_ (net)
                  0.20    0.00    2.83 v _463_/D (sky130_fd_sc_hd__dfrtp_4)
                                  2.83   data arrival time

                          0.00    0.00   clock CLK100MHZ (rise edge)
                          0.00    0.00   clock source latency
     1    0.03    0.00    0.00    0.00 ^ CLK100MHZ (in)
                                         CLK100MHZ (net)
                  0.00    0.00    0.00 ^ clkbuf_0_CLK100MHZ/A (sky130_fd_sc_hd__clkbuf_16)
     2    0.02    0.07    0.19    0.19 ^ clkbuf_0_CLK100MHZ/X (sky130_fd_sc_hd__clkbuf_16)
                                         clknet_0_CLK100MHZ (net)
                  0.07    0.00    0.19 ^ clkbuf_1_0__f_CLK100MHZ/A (sky130_fd_sc_hd__clkbuf_16)
    16    0.07    0.13    0.28    0.47 ^ clkbuf_1_0__f_CLK100MHZ/X (sky130_fd_sc_hd__clkbuf_16)
                                         clknet_1_0__leaf_CLK100MHZ (net)
                  0.13    0.00    0.47 ^ _463_/CLK (sky130_fd_sc_hd__dfrtp_4)
                          0.20    0.67   clock uncertainty
                          0.00    0.67   clock reconvergence pessimism
                         -0.13    0.55   library hold time
                                  0.55   data required time
-----------------------------------------------------------------------------
                                  0.55   data required time
                                 -2.83   data arrival time
-----------------------------------------------------------------------------
                                  2.28   slack (MET)


Startpoint: _462_ (rising edge-triggered flip-flop clocked by CLK100MHZ)
Endpoint: _462_ (rising edge-triggered flip-flop clocked by CLK100MHZ)
Path Group: CLK100MHZ
Path Type: min
Corner: Slowest

Fanout     Cap    Slew   Delay    Time   Description
-----------------------------------------------------------------------------
                          0.00    0.00   clock CLK100MHZ (rise edge)
                          0.00    0.00   clock source latency
     1    0.03    0.00    0.00    0.00 ^ CLK100MHZ (in)
                                         CLK100MHZ (net)
                  0.00    0.00    0.00 ^ clkbuf_0_CLK100MHZ/A (sky130_fd_sc_hd__clkbuf_16)
     2    0.02    0.07    0.19    0.19 ^ clkbuf_0_CLK100MHZ/X (sky130_fd_sc_hd__clkbuf_16)
                                         clknet_0_CLK100MHZ (net)
                  0.07    0.00    0.19 ^ clkbuf_1_1__f_CLK100MHZ/A (sky130_fd_sc_hd__clkbuf_16)
    13    0.06    0.12    0.27    0.47 ^ clkbuf_1_1__f_CLK100MHZ/X (sky130_fd_sc_hd__clkbuf_16)
                                         clknet_1_1__leaf_CLK100MHZ (net)
                  0.12    0.00    0.47 ^ _462_/CLK (sky130_fd_sc_hd__dfrtp_2)
     4    0.04    0.24    1.01    1.48 v _462_/Q (sky130_fd_sc_hd__dfrtp_2)
                                         imem.address[0] (net)
                  0.24    0.00    1.48 v _221_/A (sky130_fd_sc_hd__clkbuf_4)
    10    0.07    0.25    0.49    1.97 v _221_/X (sky130_fd_sc_hd__clkbuf_4)
                                         _066_ (net)
                  0.25    0.00    1.97 v _222_/A (sky130_fd_sc_hd__clkbuf_4)
     9    0.06    0.22    0.47    2.44 v _222_/X (sky130_fd_sc_hd__clkbuf_4)
                                         _067_ (net)
                  0.22    0.01    2.46 v _227_/B (sky130_fd_sc_hd__xor2_1)
     1    0.02    0.19    0.45    2.90 v _227_/X (sky130_fd_sc_hd__xor2_1)
                                         _028_ (net)
                  0.19    0.00    2.90 v _462_/D (sky130_fd_sc_hd__dfrtp_2)
                                  2.90   data arrival time

                          0.00    0.00   clock CLK100MHZ (rise edge)
                          0.00    0.00   clock source latency
     1    0.03    0.00    0.00    0.00 ^ CLK100MHZ (in)
                                         CLK100MHZ (net)
                  0.00    0.00    0.00 ^ clkbuf_0_CLK100MHZ/A (sky130_fd_sc_hd__clkbuf_16)
     2    0.02    0.07    0.19    0.19 ^ clkbuf_0_CLK100MHZ/X (sky130_fd_sc_hd__clkbuf_16)
                                         clknet_0_CLK100MHZ (net)
                  0.07    0.00    0.19 ^ clkbuf_1_1__f_CLK100MHZ/A (sky130_fd_sc_hd__clkbuf_16)
    13    0.06    0.12    0.27    0.47 ^ clkbuf_1_1__f_CLK100MHZ/X (sky130_fd_sc_hd__clkbuf_16)
                                         clknet_1_1__leaf_CLK100MHZ (net)
                  0.12    0.00    0.47 ^ _462_/CLK (sky130_fd_sc_hd__dfrtp_2)
                          0.20    0.67   clock uncertainty
                          0.00    0.67   clock reconvergence pessimism
                         -0.12    0.55   library hold time
                                  0.55   data required time
-----------------------------------------------------------------------------
                                  0.55   data required time
                                 -2.90   data arrival time
-----------------------------------------------------------------------------
                                  2.36   slack (MET)


Startpoint: _463_ (rising edge-triggered flip-flop clocked by CLK100MHZ)
Endpoint: _464_ (rising edge-triggered flip-flop clocked by CLK100MHZ)
Path Group: CLK100MHZ
Path Type: min
Corner: Slowest

Fanout     Cap    Slew   Delay    Time   Description
-----------------------------------------------------------------------------
                          0.00    0.00   clock CLK100MHZ (rise edge)
                          0.00    0.00   clock source latency
     1    0.03    0.00    0.00    0.00 ^ CLK100MHZ (in)
                                         CLK100MHZ (net)
                  0.00    0.00    0.00 ^ clkbuf_0_CLK100MHZ/A (sky130_fd_sc_hd__clkbuf_16)
     2    0.02    0.07    0.19    0.19 ^ clkbuf_0_CLK100MHZ/X (sky130_fd_sc_hd__clkbuf_16)
                                         clknet_0_CLK100MHZ (net)
                  0.07    0.00    0.19 ^ clkbuf_1_0__f_CLK100MHZ/A (sky130_fd_sc_hd__clkbuf_16)
    16    0.07    0.13    0.28    0.47 ^ clkbuf_1_0__f_CLK100MHZ/X (sky130_fd_sc_hd__clkbuf_16)
                                         clknet_1_0__leaf_CLK100MHZ (net)
                  0.13    0.00    0.47 ^ _463_/CLK (sky130_fd_sc_hd__dfrtp_4)
    10    0.06    0.33    1.06    1.53 ^ _463_/Q (sky130_fd_sc_hd__dfrtp_4)
                                         imem.address[1] (net)
                  0.33    0.01    1.54 ^ _220_/A (sky130_fd_sc_hd__clkbuf_4)
    10    0.08    0.39    0.60    2.14 ^ _220_/X (sky130_fd_sc_hd__clkbuf_4)
                                         _065_ (net)
                  0.39    0.01    2.15 ^ _223_/B (sky130_fd_sc_hd__and3_1)
     2    0.03    0.51    0.74    2.89 ^ _223_/X (sky130_fd_sc_hd__and3_1)
                                         _068_ (net)
                  0.51    0.00    2.89 ^ _224_/B (sky130_fd_sc_hd__xor2_1)
     1    0.00    0.07    0.27    3.16 v _224_/X (sky130_fd_sc_hd__xor2_1)
                                         _030_ (net)
                  0.07    0.00    3.16 v _464_/D (sky130_fd_sc_hd__dfrtp_1)
                                  3.16   data arrival time

                          0.00    0.00   clock CLK100MHZ (rise edge)
                          0.00    0.00   clock source latency
     1    0.03    0.00    0.00    0.00 ^ CLK100MHZ (in)
                                         CLK100MHZ (net)
                  0.00    0.00    0.00 ^ clkbuf_0_CLK100MHZ/A (sky130_fd_sc_hd__clkbuf_16)
     2    0.02    0.07    0.19    0.19 ^ clkbuf_0_CLK100MHZ/X (sky130_fd_sc_hd__clkbuf_16)
                                         clknet_0_CLK100MHZ (net)
                  0.07    0.00    0.19 ^ clkbuf_1_0__f_CLK100MHZ/A (sky130_fd_sc_hd__clkbuf_16)
    16    0.07    0.13    0.28    0.47 ^ clkbuf_1_0__f_CLK100MHZ/X (sky130_fd_sc_hd__clkbuf_16)
                                         clknet_1_0__leaf_CLK100MHZ (net)
                  0.13    0.00    0.47 ^ _464_/CLK (sky130_fd_sc_hd__dfrtp_1)
                          0.20    0.67   clock uncertainty
                          0.00    0.67   clock reconvergence pessimism
                         -0.08    0.59   library hold time
                                  0.59   data required time
-----------------------------------------------------------------------------
                                  0.59   data required time
                                 -3.16   data arrival time
-----------------------------------------------------------------------------
                                  2.57   slack (MET)



worst slack corner Slowest: 1.2309
======================= Typical Corner ===================================

Startpoint: _453_ (rising edge-triggered flip-flop clocked by CLK100MHZ)
Endpoint: _453_ (rising edge-triggered flip-flop clocked by CLK100MHZ)
Path Group: CLK100MHZ
Path Type: min
Corner: Typical

Fanout     Cap    Slew   Delay    Time   Description
-----------------------------------------------------------------------------
                          0.00    0.00   clock CLK100MHZ (rise edge)
                          0.00    0.00   clock source latency
     1    0.03    0.00    0.00    0.00 ^ CLK100MHZ (in)
                                         CLK100MHZ (net)
                  0.00    0.00    0.00 ^ clkbuf_0_CLK100MHZ/A (sky130_fd_sc_hd__clkbuf_16)
     2    0.02    0.04    0.11    0.11 ^ clkbuf_0_CLK100MHZ/X (sky130_fd_sc_hd__clkbuf_16)
                                         clknet_0_CLK100MHZ (net)
                  0.04    0.00    0.11 ^ clkbuf_1_0__f_CLK100MHZ/A (sky130_fd_sc_hd__clkbuf_16)
    16    0.07    0.09    0.16    0.27 ^ clkbuf_1_0__f_CLK100MHZ/X (sky130_fd_sc_hd__clkbuf_16)
                                         clknet_1_0__leaf_CLK100MHZ (net)
                  0.09    0.00    0.27 ^ _453_/CLK (sky130_fd_sc_hd__dfxtp_1)
     3    0.02    0.11    0.38    0.65 v _453_/Q (sky130_fd_sc_hd__dfxtp_1)
                                         rf.regs[0][1] (net)
                  0.11    0.00    0.65 v _414_/A (sky130_fd_sc_hd__and2_1)
     1    0.01    0.06    0.18    0.83 v _414_/X (sky130_fd_sc_hd__and2_1)
                                         _049_ (net)
                  0.06    0.00    0.83 v _415_/A (sky130_fd_sc_hd__clkbuf_1)
     1    0.01    0.05    0.11    0.95 v _415_/X (sky130_fd_sc_hd__clkbuf_1)
                                         _019_ (net)
                  0.05    0.00    0.95 v _453_/D (sky130_fd_sc_hd__dfxtp_1)
                                  0.95   data arrival time

                          0.00    0.00   clock CLK100MHZ (rise edge)
                          0.00    0.00   clock source latency
     1    0.03    0.00    0.00    0.00 ^ CLK100MHZ (in)
                                         CLK100MHZ (net)
                  0.00    0.00    0.00 ^ clkbuf_0_CLK100MHZ/A (sky130_fd_sc_hd__clkbuf_16)
     2    0.02    0.04    0.11    0.11 ^ clkbuf_0_CLK100MHZ/X (sky130_fd_sc_hd__clkbuf_16)
                                         clknet_0_CLK100MHZ (net)
                  0.04    0.00    0.11 ^ clkbuf_1_0__f_CLK100MHZ/A (sky130_fd_sc_hd__clkbuf_16)
    16    0.07    0.09    0.16    0.27 ^ clkbuf_1_0__f_CLK100MHZ/X (sky130_fd_sc_hd__clkbuf_16)
                                         clknet_1_0__leaf_CLK100MHZ (net)
                  0.09    0.00    0.27 ^ _453_/CLK (sky130_fd_sc_hd__dfxtp_1)
                          0.20    0.47   clock uncertainty
                          0.00    0.47   clock reconvergence pessimism
                         -0.05    0.43   library hold time
                                  0.43   data required time
-----------------------------------------------------------------------------
                                  0.43   data required time
                                 -0.95   data arrival time
-----------------------------------------------------------------------------
                                  0.52   slack (MET)


Startpoint: _455_ (rising edge-triggered flip-flop clocked by CLK100MHZ)
Endpoint: _455_ (rising edge-triggered flip-flop clocked by CLK100MHZ)
Path Group: CLK100MHZ
Path Type: min
Corner: Typical

Fanout     Cap    Slew   Delay    Time   Description
-----------------------------------------------------------------------------
                          0.00    0.00   clock CLK100MHZ (rise edge)
                          0.00    0.00   clock source latency
     1    0.03    0.00    0.00    0.00 ^ CLK100MHZ (in)
                                         CLK100MHZ (net)
                  0.00    0.00    0.00 ^ clkbuf_0_CLK100MHZ/A (sky130_fd_sc_hd__clkbuf_16)
     2    0.02    0.04    0.11    0.11 ^ clkbuf_0_CLK100MHZ/X (sky130_fd_sc_hd__clkbuf_16)
                                         clknet_0_CLK100MHZ (net)
                  0.04    0.00    0.11 ^ clkbuf_1_0__f_CLK100MHZ/A (sky130_fd_sc_hd__clkbuf_16)
    16    0.07    0.09    0.16    0.27 ^ clkbuf_1_0__f_CLK100MHZ/X (sky130_fd_sc_hd__clkbuf_16)
                                         clknet_1_0__leaf_CLK100MHZ (net)
                  0.09    0.01    0.28 ^ _455_/CLK (sky130_fd_sc_hd__dfxtp_1)
     3    0.03    0.15    0.41    0.69 v _455_/Q (sky130_fd_sc_hd__dfxtp_1)
                                         rf.regs[0][3] (net)
                  0.15    0.00    0.69 v _418_/A (sky130_fd_sc_hd__and2_1)
     1    0.00    0.04    0.19    0.88 v _418_/X (sky130_fd_sc_hd__and2_1)
                                         _051_ (net)
                  0.04    0.00    0.88 v _419_/A (sky130_fd_sc_hd__clkbuf_1)
     1    0.00    0.04    0.10    0.98 v _419_/X (sky130_fd_sc_hd__clkbuf_1)
                                         _021_ (net)
                  0.04    0.00    0.98 v _455_/D (sky130_fd_sc_hd__dfxtp_1)
                                  0.98   data arrival time

                          0.00    0.00   clock CLK100MHZ (rise edge)
                          0.00    0.00   clock source latency
     1    0.03    0.00    0.00    0.00 ^ CLK100MHZ (in)
                                         CLK100MHZ (net)
                  0.00    0.00    0.00 ^ clkbuf_0_CLK100MHZ/A (sky130_fd_sc_hd__clkbuf_16)
     2    0.02    0.04    0.11    0.11 ^ clkbuf_0_CLK100MHZ/X (sky130_fd_sc_hd__clkbuf_16)
                                         clknet_0_CLK100MHZ (net)
                  0.04    0.00    0.11 ^ clkbuf_1_0__f_CLK100MHZ/A (sky130_fd_sc_hd__clkbuf_16)
    16    0.07    0.09    0.16    0.27 ^ clkbuf_1_0__f_CLK100MHZ/X (sky130_fd_sc_hd__clkbuf_16)
                                         clknet_1_0__leaf_CLK100MHZ (net)
                  0.09    0.01    0.28 ^ _455_/CLK (sky130_fd_sc_hd__dfxtp_1)
                          0.20    0.48   clock uncertainty
                          0.00    0.48   clock reconvergence pessimism
                         -0.04    0.44   library hold time
                                  0.44   data required time
-----------------------------------------------------------------------------
                                  0.44   data required time
                                 -0.98   data arrival time
-----------------------------------------------------------------------------
                                  0.54   slack (MET)


Startpoint: _458_ (rising edge-triggered flip-flop clocked by CLK100MHZ)
Endpoint: _458_ (rising edge-triggered flip-flop clocked by CLK100MHZ)
Path Group: CLK100MHZ
Path Type: min
Corner: Typical

Fanout     Cap    Slew   Delay    Time   Description
-----------------------------------------------------------------------------
                          0.00    0.00   clock CLK100MHZ (rise edge)
                          0.00    0.00   clock source latency
     1    0.03    0.00    0.00    0.00 ^ CLK100MHZ (in)
                                         CLK100MHZ (net)
                  0.00    0.00    0.00 ^ clkbuf_0_CLK100MHZ/A (sky130_fd_sc_hd__clkbuf_16)
     2    0.02    0.04    0.11    0.11 ^ clkbuf_0_CLK100MHZ/X (sky130_fd_sc_hd__clkbuf_16)
                                         clknet_0_CLK100MHZ (net)
                  0.04    0.00    0.11 ^ clkbuf_1_1__f_CLK100MHZ/A (sky130_fd_sc_hd__clkbuf_16)
    13    0.06    0.08    0.16    0.27 ^ clkbuf_1_1__f_CLK100MHZ/X (sky130_fd_sc_hd__clkbuf_16)
                                         clknet_1_1__leaf_CLK100MHZ (net)
                  0.08    0.00    0.27 ^ _458_/CLK (sky130_fd_sc_hd__dfxtp_1)
     2    0.01    0.13    0.38    0.65 ^ _458_/Q (sky130_fd_sc_hd__dfxtp_1)
                                         rf.regs[5][1] (net)
                  0.13    0.00    0.66 ^ _426_/A0 (sky130_fd_sc_hd__mux2_1)
     1    0.01    0.09    0.19    0.84 ^ _426_/X (sky130_fd_sc_hd__mux2_1)
                                         _056_ (net)
                  0.09    0.00    0.84 ^ _427_/A (sky130_fd_sc_hd__clkbuf_1)
     1    0.01    0.12    0.15    0.99 ^ _427_/X (sky130_fd_sc_hd__clkbuf_1)
                                         _024_ (net)
                  0.12    0.00    0.99 ^ _458_/D (sky130_fd_sc_hd__dfxtp_1)
                                  0.99   data arrival time

                          0.00    0.00   clock CLK100MHZ (rise edge)
                          0.00    0.00   clock source latency
     1    0.03    0.00    0.00    0.00 ^ CLK100MHZ (in)
                                         CLK100MHZ (net)
                  0.00    0.00    0.00 ^ clkbuf_0_CLK100MHZ/A (sky130_fd_sc_hd__clkbuf_16)
     2    0.02    0.04    0.11    0.11 ^ clkbuf_0_CLK100MHZ/X (sky130_fd_sc_hd__clkbuf_16)
                                         clknet_0_CLK100MHZ (net)
                  0.04    0.00    0.11 ^ clkbuf_1_1__f_CLK100MHZ/A (sky130_fd_sc_hd__clkbuf_16)
    13    0.06    0.08    0.16    0.27 ^ clkbuf_1_1__f_CLK100MHZ/X (sky130_fd_sc_hd__clkbuf_16)
                                         clknet_1_1__leaf_CLK100MHZ (net)
                  0.08    0.00    0.27 ^ _458_/CLK (sky130_fd_sc_hd__dfxtp_1)
                          0.20    0.47   clock uncertainty
                          0.00    0.47   clock reconvergence pessimism
                         -0.04    0.43   library hold time
                                  0.43   data required time
-----------------------------------------------------------------------------
                                  0.43   data required time
                                 -0.99   data arrival time
-----------------------------------------------------------------------------
                                  0.56   slack (MET)


Startpoint: _437_ (rising edge-triggered flip-flop clocked by CLK100MHZ)
Endpoint: _437_ (rising edge-triggered flip-flop clocked by CLK100MHZ)
Path Group: CLK100MHZ
Path Type: min
Corner: Typical

Fanout     Cap    Slew   Delay    Time   Description
-----------------------------------------------------------------------------
                          0.00    0.00   clock CLK100MHZ (rise edge)
                          0.00    0.00   clock source latency
     1    0.03    0.00    0.00    0.00 ^ CLK100MHZ (in)
                                         CLK100MHZ (net)
                  0.00    0.00    0.00 ^ clkbuf_0_CLK100MHZ/A (sky130_fd_sc_hd__clkbuf_16)
     2    0.02    0.04    0.11    0.11 ^ clkbuf_0_CLK100MHZ/X (sky130_fd_sc_hd__clkbuf_16)
                                         clknet_0_CLK100MHZ (net)
                  0.04    0.00    0.11 ^ clkbuf_1_0__f_CLK100MHZ/A (sky130_fd_sc_hd__clkbuf_16)
    16    0.07    0.09    0.16    0.27 ^ clkbuf_1_0__f_CLK100MHZ/X (sky130_fd_sc_hd__clkbuf_16)
                                         clknet_1_0__leaf_CLK100MHZ (net)
                  0.09    0.00    0.27 ^ _437_/CLK (sky130_fd_sc_hd__dfxtp_1)
     2    0.02    0.18    0.42    0.69 ^ _437_/Q (sky130_fd_sc_hd__dfxtp_1)
                                         rf.regs[25][0] (net)
                  0.18    0.00    0.70 ^ _365_/A0 (sky130_fd_sc_hd__mux2_1)
     1    0.01    0.10    0.20    0.90 ^ _365_/X (sky130_fd_sc_hd__mux2_1)
                                         _200_ (net)
                  0.10    0.00    0.90 ^ _366_/A (sky130_fd_sc_hd__clkbuf_1)
     1    0.01    0.11    0.14    1.04 ^ _366_/X (sky130_fd_sc_hd__clkbuf_1)
                                         _003_ (net)
                  0.11    0.00    1.04 ^ _437_/D (sky130_fd_sc_hd__dfxtp_1)
                                  1.04   data arrival time

                          0.00    0.00   clock CLK100MHZ (rise edge)
                          0.00    0.00   clock source latency
     1    0.03    0.00    0.00    0.00 ^ CLK100MHZ (in)
                                         CLK100MHZ (net)
                  0.00    0.00    0.00 ^ clkbuf_0_CLK100MHZ/A (sky130_fd_sc_hd__clkbuf_16)
     2    0.02    0.04    0.11    0.11 ^ clkbuf_0_CLK100MHZ/X (sky130_fd_sc_hd__clkbuf_16)
                                         clknet_0_CLK100MHZ (net)
                  0.04    0.00    0.11 ^ clkbuf_1_0__f_CLK100MHZ/A (sky130_fd_sc_hd__clkbuf_16)
    16    0.07    0.09    0.16    0.27 ^ clkbuf_1_0__f_CLK100MHZ/X (sky130_fd_sc_hd__clkbuf_16)
                                         clknet_1_0__leaf_CLK100MHZ (net)
                  0.09    0.00    0.27 ^ _437_/CLK (sky130_fd_sc_hd__dfxtp_1)
                          0.20    0.47   clock uncertainty
                          0.00    0.47   clock reconvergence pessimism
                         -0.04    0.44   library hold time
                                  0.44   data required time
-----------------------------------------------------------------------------
                                  0.44   data required time
                                 -1.04   data arrival time
-----------------------------------------------------------------------------
                                  0.60   slack (MET)


Startpoint: _448_ (rising edge-triggered flip-flop clocked by CLK100MHZ)
Endpoint: _448_ (rising edge-triggered flip-flop clocked by CLK100MHZ)
Path Group: CLK100MHZ
Path Type: min
Corner: Typical

Fanout     Cap    Slew   Delay    Time   Description
-----------------------------------------------------------------------------
                          0.00    0.00   clock CLK100MHZ (rise edge)
                          0.00    0.00   clock source latency
     1    0.03    0.00    0.00    0.00 ^ CLK100MHZ (in)
                                         CLK100MHZ (net)
                  0.00    0.00    0.00 ^ clkbuf_0_CLK100MHZ/A (sky130_fd_sc_hd__clkbuf_16)
     2    0.02    0.04    0.11    0.11 ^ clkbuf_0_CLK100MHZ/X (sky130_fd_sc_hd__clkbuf_16)
                                         clknet_0_CLK100MHZ (net)
                  0.04    0.00    0.11 ^ clkbuf_1_0__f_CLK100MHZ/A (sky130_fd_sc_hd__clkbuf_16)
    16    0.07    0.09    0.16    0.27 ^ clkbuf_1_0__f_CLK100MHZ/X (sky130_fd_sc_hd__clkbuf_16)
                                         clknet_1_0__leaf_CLK100MHZ (net)
                  0.09    0.00    0.27 ^ _448_/CLK (sky130_fd_sc_hd__dfxtp_1)
     2    0.01    0.13    0.38    0.66 ^ _448_/Q (sky130_fd_sc_hd__dfxtp_1)
                                         rf.regs[10][1] (net)
                  0.13    0.00    0.66 ^ _402_/A1 (sky130_fd_sc_hd__mux2_1)
     1    0.01    0.09    0.18    0.84 ^ _402_/X (sky130_fd_sc_hd__mux2_1)
                                         _042_ (net)
                  0.09    0.00    0.84 ^ _403_/A (sky130_fd_sc_hd__clkbuf_1)
     1    0.01    0.17    0.18    1.03 ^ _403_/X (sky130_fd_sc_hd__clkbuf_1)
                                         _014_ (net)
                  0.17    0.00    1.03 ^ _448_/D (sky130_fd_sc_hd__dfxtp_1)
                                  1.03   data arrival time

                          0.00    0.00   clock CLK100MHZ (rise edge)
                          0.00    0.00   clock source latency
     1    0.03    0.00    0.00    0.00 ^ CLK100MHZ (in)
                                         CLK100MHZ (net)
                  0.00    0.00    0.00 ^ clkbuf_0_CLK100MHZ/A (sky130_fd_sc_hd__clkbuf_16)
     2    0.02    0.04    0.11    0.11 ^ clkbuf_0_CLK100MHZ/X (sky130_fd_sc_hd__clkbuf_16)
                                         clknet_0_CLK100MHZ (net)
                  0.04    0.00    0.11 ^ clkbuf_1_0__f_CLK100MHZ/A (sky130_fd_sc_hd__clkbuf_16)
    16    0.07    0.09    0.16    0.27 ^ clkbuf_1_0__f_CLK100MHZ/X (sky130_fd_sc_hd__clkbuf_16)
                                         clknet_1_0__leaf_CLK100MHZ (net)
                  0.09    0.00    0.27 ^ _448_/CLK (sky130_fd_sc_hd__dfxtp_1)
                          0.20    0.47   clock uncertainty
                          0.00    0.47   clock reconvergence pessimism
                         -0.05    0.42   library hold time
                                  0.42   data required time
-----------------------------------------------------------------------------
                                  0.42   data required time
                                 -1.03   data arrival time
-----------------------------------------------------------------------------
                                  0.61   slack (MET)


Startpoint: _456_ (rising edge-triggered flip-flop clocked by CLK100MHZ)
Endpoint: _456_ (rising edge-triggered flip-flop clocked by CLK100MHZ)
Path Group: CLK100MHZ
Path Type: min
Corner: Typical

Fanout     Cap    Slew   Delay    Time   Description
-----------------------------------------------------------------------------
                          0.00    0.00   clock CLK100MHZ (rise edge)
                          0.00    0.00   clock source latency
     1    0.03    0.00    0.00    0.00 ^ CLK100MHZ (in)
                                         CLK100MHZ (net)
                  0.00    0.00    0.00 ^ clkbuf_0_CLK100MHZ/A (sky130_fd_sc_hd__clkbuf_16)
     2    0.02    0.04    0.11    0.11 ^ clkbuf_0_CLK100MHZ/X (sky130_fd_sc_hd__clkbuf_16)
                                         clknet_0_CLK100MHZ (net)
                  0.04    0.00    0.11 ^ clkbuf_1_1__f_CLK100MHZ/A (sky130_fd_sc_hd__clkbuf_16)
    13    0.06    0.08    0.16    0.27 ^ clkbuf_1_1__f_CLK100MHZ/X (sky130_fd_sc_hd__clkbuf_16)
                                         clknet_1_1__leaf_CLK100MHZ (net)
                  0.08    0.00    0.27 ^ _456_/CLK (sky130_fd_sc_hd__dfxtp_1)
     3    0.02    0.11    0.38    0.65 v _456_/Q (sky130_fd_sc_hd__dfxtp_1)
                                         rf.regs[0][4] (net)
                  0.11    0.00    0.65 v _420_/A (sky130_fd_sc_hd__and2_1)
     1    0.01    0.05    0.19    0.84 v _420_/X (sky130_fd_sc_hd__and2_1)
                                         _052_ (net)
                  0.05    0.00    0.84 v _421_/A (sky130_fd_sc_hd__clkbuf_1)
     1    0.02    0.12    0.16    1.00 v _421_/X (sky130_fd_sc_hd__clkbuf_1)
                                         _022_ (net)
                  0.12    0.00    1.00 v _456_/D (sky130_fd_sc_hd__dfxtp_1)
                                  1.00   data arrival time

                          0.00    0.00   clock CLK100MHZ (rise edge)
                          0.00    0.00   clock source latency
     1    0.03    0.00    0.00    0.00 ^ CLK100MHZ (in)
                                         CLK100MHZ (net)
                  0.00    0.00    0.00 ^ clkbuf_0_CLK100MHZ/A (sky130_fd_sc_hd__clkbuf_16)
     2    0.02    0.04    0.11    0.11 ^ clkbuf_0_CLK100MHZ/X (sky130_fd_sc_hd__clkbuf_16)
                                         clknet_0_CLK100MHZ (net)
                  0.04    0.00    0.11 ^ clkbuf_1_1__f_CLK100MHZ/A (sky130_fd_sc_hd__clkbuf_16)
    13    0.06    0.08    0.16    0.27 ^ clkbuf_1_1__f_CLK100MHZ/X (sky130_fd_sc_hd__clkbuf_16)
                                         clknet_1_1__leaf_CLK100MHZ (net)
                  0.08    0.00    0.27 ^ _456_/CLK (sky130_fd_sc_hd__dfxtp_1)
                          0.20    0.47   clock uncertainty
                          0.00    0.47   clock reconvergence pessimism
                         -0.08    0.40   library hold time
                                  0.40   data required time
-----------------------------------------------------------------------------
                                  0.40   data required time
                                 -1.00   data arrival time
-----------------------------------------------------------------------------
                                  0.61   slack (MET)


Startpoint: _444_ (rising edge-triggered flip-flop clocked by CLK100MHZ)
Endpoint: _444_ (rising edge-triggered flip-flop clocked by CLK100MHZ)
Path Group: CLK100MHZ
Path Type: min
Corner: Typical

Fanout     Cap    Slew   Delay    Time   Description
-----------------------------------------------------------------------------
                          0.00    0.00   clock CLK100MHZ (rise edge)
                          0.00    0.00   clock source latency
     1    0.03    0.00    0.00    0.00 ^ CLK100MHZ (in)
                                         CLK100MHZ (net)
                  0.00    0.00    0.00 ^ clkbuf_0_CLK100MHZ/A (sky130_fd_sc_hd__clkbuf_16)
     2    0.02    0.04    0.11    0.11 ^ clkbuf_0_CLK100MHZ/X (sky130_fd_sc_hd__clkbuf_16)
                                         clknet_0_CLK100MHZ (net)
                  0.04    0.00    0.11 ^ clkbuf_1_1__f_CLK100MHZ/A (sky130_fd_sc_hd__clkbuf_16)
    13    0.06    0.08    0.16    0.27 ^ clkbuf_1_1__f_CLK100MHZ/X (sky130_fd_sc_hd__clkbuf_16)
                                         clknet_1_1__leaf_CLK100MHZ (net)
                  0.08    0.00    0.27 ^ _444_/CLK (sky130_fd_sc_hd__dfxtp_1)
     2    0.02    0.23    0.45    0.73 ^ _444_/Q (sky130_fd_sc_hd__dfxtp_1)
                                         rf.regs[15][2] (net)
                  0.23    0.00    0.73 ^ _391_/A0 (sky130_fd_sc_hd__mux2_1)
     1    0.00    0.04    0.17    0.90 ^ _391_/X (sky130_fd_sc_hd__mux2_1)
                                         _035_ (net)
                  0.04    0.00    0.90 ^ _392_/A (sky130_fd_sc_hd__clkbuf_1)
     1    0.01    0.14    0.14    1.04 ^ _392_/X (sky130_fd_sc_hd__clkbuf_1)
                                         _010_ (net)
                  0.14    0.00    1.04 ^ _444_/D (sky130_fd_sc_hd__dfxtp_1)
                                  1.04   data arrival time

                          0.00    0.00   clock CLK100MHZ (rise edge)
                          0.00    0.00   clock source latency
     1    0.03    0.00    0.00    0.00 ^ CLK100MHZ (in)
                                         CLK100MHZ (net)
                  0.00    0.00    0.00 ^ clkbuf_0_CLK100MHZ/A (sky130_fd_sc_hd__clkbuf_16)
     2    0.02    0.04    0.11    0.11 ^ clkbuf_0_CLK100MHZ/X (sky130_fd_sc_hd__clkbuf_16)
                                         clknet_0_CLK100MHZ (net)
                  0.04    0.00    0.11 ^ clkbuf_1_1__f_CLK100MHZ/A (sky130_fd_sc_hd__clkbuf_16)
    13    0.06    0.08    0.16    0.27 ^ clkbuf_1_1__f_CLK100MHZ/X (sky130_fd_sc_hd__clkbuf_16)
                                         clknet_1_1__leaf_CLK100MHZ (net)
                  0.08    0.00    0.27 ^ _444_/CLK (sky130_fd_sc_hd__dfxtp_1)
                          0.20    0.47   clock uncertainty
                          0.00    0.47   clock reconvergence pessimism
                         -0.05    0.43   library hold time
                                  0.43   data required time
-----------------------------------------------------------------------------
                                  0.43   data required time
                                 -1.04   data arrival time
-----------------------------------------------------------------------------
                                  0.62   slack (MET)


Startpoint: _451_ (rising edge-triggered flip-flop clocked by CLK100MHZ)
Endpoint: _451_ (rising edge-triggered flip-flop clocked by CLK100MHZ)
Path Group: CLK100MHZ
Path Type: min
Corner: Typical

Fanout     Cap    Slew   Delay    Time   Description
-----------------------------------------------------------------------------
                          0.00    0.00   clock CLK100MHZ (rise edge)
                          0.00    0.00   clock source latency
     1    0.03    0.00    0.00    0.00 ^ CLK100MHZ (in)
                                         CLK100MHZ (net)
                  0.00    0.00    0.00 ^ clkbuf_0_CLK100MHZ/A (sky130_fd_sc_hd__clkbuf_16)
     2    0.02    0.04    0.11    0.11 ^ clkbuf_0_CLK100MHZ/X (sky130_fd_sc_hd__clkbuf_16)
                                         clknet_0_CLK100MHZ (net)
                  0.04    0.00    0.11 ^ clkbuf_1_0__f_CLK100MHZ/A (sky130_fd_sc_hd__clkbuf_16)
    16    0.07    0.09    0.16    0.27 ^ clkbuf_1_0__f_CLK100MHZ/X (sky130_fd_sc_hd__clkbuf_16)
                                         clknet_1_0__leaf_CLK100MHZ (net)
                  0.09    0.00    0.28 ^ _451_/CLK (sky130_fd_sc_hd__dfxtp_1)
     2    0.02    0.19    0.42    0.70 ^ _451_/Q (sky130_fd_sc_hd__dfxtp_1)
                                         rf.regs[10][4] (net)
                  0.19    0.00    0.70 ^ _408_/A1 (sky130_fd_sc_hd__mux2_1)
     1    0.01    0.09    0.20    0.90 ^ _408_/X (sky130_fd_sc_hd__mux2_1)
                                         _045_ (net)
                  0.09    0.00    0.90 ^ _409_/A (sky130_fd_sc_hd__clkbuf_1)
     1    0.01    0.12    0.15    1.05 ^ _409_/X (sky130_fd_sc_hd__clkbuf_1)
                                         _017_ (net)
                  0.12    0.00    1.05 ^ _451_/D (sky130_fd_sc_hd__dfxtp_1)
                                  1.05   data arrival time

                          0.00    0.00   clock CLK100MHZ (rise edge)
                          0.00    0.00   clock source latency
     1    0.03    0.00    0.00    0.00 ^ CLK100MHZ (in)
                                         CLK100MHZ (net)
                  0.00    0.00    0.00 ^ clkbuf_0_CLK100MHZ/A (sky130_fd_sc_hd__clkbuf_16)
     2    0.02    0.04    0.11    0.11 ^ clkbuf_0_CLK100MHZ/X (sky130_fd_sc_hd__clkbuf_16)
                                         clknet_0_CLK100MHZ (net)
                  0.04    0.00    0.11 ^ clkbuf_1_0__f_CLK100MHZ/A (sky130_fd_sc_hd__clkbuf_16)
    16    0.07    0.09    0.16    0.27 ^ clkbuf_1_0__f_CLK100MHZ/X (sky130_fd_sc_hd__clkbuf_16)
                                         clknet_1_0__leaf_CLK100MHZ (net)
                  0.09    0.00    0.28 ^ _451_/CLK (sky130_fd_sc_hd__dfxtp_1)
                          0.20    0.48   clock uncertainty
                          0.00    0.48   clock reconvergence pessimism
                         -0.04    0.43   library hold time
                                  0.43   data required time
-----------------------------------------------------------------------------
                                  0.43   data required time
                                 -1.05   data arrival time
-----------------------------------------------------------------------------
                                  0.62   slack (MET)


Startpoint: _460_ (rising edge-triggered flip-flop clocked by CLK100MHZ)
Endpoint: _460_ (rising edge-triggered flip-flop clocked by CLK100MHZ)
Path Group: CLK100MHZ
Path Type: min
Corner: Typical

Fanout     Cap    Slew   Delay    Time   Description
-----------------------------------------------------------------------------
                          0.00    0.00   clock CLK100MHZ (rise edge)
                          0.00    0.00   clock source latency
     1    0.03    0.00    0.00    0.00 ^ CLK100MHZ (in)
                                         CLK100MHZ (net)
                  0.00    0.00    0.00 ^ clkbuf_0_CLK100MHZ/A (sky130_fd_sc_hd__clkbuf_16)
     2    0.02    0.04    0.11    0.11 ^ clkbuf_0_CLK100MHZ/X (sky130_fd_sc_hd__clkbuf_16)
                                         clknet_0_CLK100MHZ (net)
                  0.04    0.00    0.11 ^ clkbuf_1_0__f_CLK100MHZ/A (sky130_fd_sc_hd__clkbuf_16)
    16    0.07    0.09    0.16    0.27 ^ clkbuf_1_0__f_CLK100MHZ/X (sky130_fd_sc_hd__clkbuf_16)
                                         clknet_1_0__leaf_CLK100MHZ (net)
                  0.09    0.00    0.28 ^ _460_/CLK (sky130_fd_sc_hd__dfxtp_1)
     2    0.02    0.20    0.43    0.71 ^ _460_/Q (sky130_fd_sc_hd__dfxtp_1)
                                         rf.regs[5][3] (net)
                  0.20    0.00    0.71 ^ _430_/A0 (sky130_fd_sc_hd__mux2_1)
     1    0.00    0.05    0.17    0.88 ^ _430_/X (sky130_fd_sc_hd__mux2_1)
                                         _058_ (net)
                  0.05    0.00    0.88 ^ _431_/A (sky130_fd_sc_hd__buf_1)
     1    0.02    0.20    0.19    1.07 ^ _431_/X (sky130_fd_sc_hd__buf_1)
                                         _026_ (net)
                  0.20    0.00    1.07 ^ _460_/D (sky130_fd_sc_hd__dfxtp_1)
                                  1.07   data arrival time

                          0.00    0.00   clock CLK100MHZ (rise edge)
                          0.00    0.00   clock source latency
     1    0.03    0.00    0.00    0.00 ^ CLK100MHZ (in)
                                         CLK100MHZ (net)
                  0.00    0.00    0.00 ^ clkbuf_0_CLK100MHZ/A (sky130_fd_sc_hd__clkbuf_16)
     2    0.02    0.04    0.11    0.11 ^ clkbuf_0_CLK100MHZ/X (sky130_fd_sc_hd__clkbuf_16)
                                         clknet_0_CLK100MHZ (net)
                  0.04    0.00    0.11 ^ clkbuf_1_0__f_CLK100MHZ/A (sky130_fd_sc_hd__clkbuf_16)
    16    0.07    0.09    0.16    0.27 ^ clkbuf_1_0__f_CLK100MHZ/X (sky130_fd_sc_hd__clkbuf_16)
                                         clknet_1_0__leaf_CLK100MHZ (net)
                  0.09    0.00    0.28 ^ _460_/CLK (sky130_fd_sc_hd__dfxtp_1)
                          0.20    0.48   clock uncertainty
                          0.00    0.48   clock reconvergence pessimism
                         -0.06    0.42   library hold time
                                  0.42   data required time
-----------------------------------------------------------------------------
                                  0.42   data required time
                                 -1.07   data arrival time
-----------------------------------------------------------------------------
                                  0.66   slack (MET)


Startpoint: _452_ (rising edge-triggered flip-flop clocked by CLK100MHZ)
Endpoint: _452_ (rising edge-triggered flip-flop clocked by CLK100MHZ)
Path Group: CLK100MHZ
Path Type: min
Corner: Typical

Fanout     Cap    Slew   Delay    Time   Description
-----------------------------------------------------------------------------
                          0.00    0.00   clock CLK100MHZ (rise edge)
                          0.00    0.00   clock source latency
     1    0.03    0.00    0.00    0.00 ^ CLK100MHZ (in)
                                         CLK100MHZ (net)
                  0.00    0.00    0.00 ^ clkbuf_0_CLK100MHZ/A (sky130_fd_sc_hd__clkbuf_16)
     2    0.02    0.04    0.11    0.11 ^ clkbuf_0_CLK100MHZ/X (sky130_fd_sc_hd__clkbuf_16)
                                         clknet_0_CLK100MHZ (net)
                  0.04    0.00    0.11 ^ clkbuf_1_1__f_CLK100MHZ/A (sky130_fd_sc_hd__clkbuf_16)
    13    0.06    0.08    0.16    0.27 ^ clkbuf_1_1__f_CLK100MHZ/X (sky130_fd_sc_hd__clkbuf_16)
                                         clknet_1_1__leaf_CLK100MHZ (net)
                  0.08    0.00    0.27 ^ _452_/CLK (sky130_fd_sc_hd__dfxtp_1)
     3    0.04    0.17    0.42    0.69 v _452_/Q (sky130_fd_sc_hd__dfxtp_1)
                                         rf.regs[0][0] (net)
                  0.17    0.00    0.70 v _412_/A (sky130_fd_sc_hd__and2_1)
     1    0.02    0.11    0.26    0.96 v _412_/X (sky130_fd_sc_hd__and2_1)
                                         _048_ (net)
                  0.11    0.00    0.96 v _413_/A (sky130_fd_sc_hd__clkbuf_1)
     1    0.01    0.04    0.13    1.09 v _413_/X (sky130_fd_sc_hd__clkbuf_1)
                                         _018_ (net)
                  0.04    0.00    1.09 v _452_/D (sky130_fd_sc_hd__dfxtp_1)
                                  1.09   data arrival time

                          0.00    0.00   clock CLK100MHZ (rise edge)
                          0.00    0.00   clock source latency
     1    0.03    0.00    0.00    0.00 ^ CLK100MHZ (in)
                                         CLK100MHZ (net)
                  0.00    0.00    0.00 ^ clkbuf_0_CLK100MHZ/A (sky130_fd_sc_hd__clkbuf_16)
     2    0.02    0.04    0.11    0.11 ^ clkbuf_0_CLK100MHZ/X (sky130_fd_sc_hd__clkbuf_16)
                                         clknet_0_CLK100MHZ (net)
                  0.04    0.00    0.11 ^ clkbuf_1_1__f_CLK100MHZ/A (sky130_fd_sc_hd__clkbuf_16)
    13    0.06    0.08    0.16    0.27 ^ clkbuf_1_1__f_CLK100MHZ/X (sky130_fd_sc_hd__clkbuf_16)
                                         clknet_1_1__leaf_CLK100MHZ (net)
                  0.08    0.00    0.27 ^ _452_/CLK (sky130_fd_sc_hd__dfxtp_1)
                          0.20    0.47   clock uncertainty
                          0.00    0.47   clock reconvergence pessimism
                         -0.04    0.43   library hold time
                                  0.43   data required time
-----------------------------------------------------------------------------
                                  0.43   data required time
                                 -1.09   data arrival time
-----------------------------------------------------------------------------
                                  0.66   slack (MET)


Startpoint: _450_ (rising edge-triggered flip-flop clocked by CLK100MHZ)
Endpoint: _450_ (rising edge-triggered flip-flop clocked by CLK100MHZ)
Path Group: CLK100MHZ
Path Type: min
Corner: Typical

Fanout     Cap    Slew   Delay    Time   Description
-----------------------------------------------------------------------------
                          0.00    0.00   clock CLK100MHZ (rise edge)
                          0.00    0.00   clock source latency
     1    0.03    0.00    0.00    0.00 ^ CLK100MHZ (in)
                                         CLK100MHZ (net)
                  0.00    0.00    0.00 ^ clkbuf_0_CLK100MHZ/A (sky130_fd_sc_hd__clkbuf_16)
     2    0.02    0.04    0.11    0.11 ^ clkbuf_0_CLK100MHZ/X (sky130_fd_sc_hd__clkbuf_16)
                                         clknet_0_CLK100MHZ (net)
                  0.04    0.00    0.11 ^ clkbuf_1_0__f_CLK100MHZ/A (sky130_fd_sc_hd__clkbuf_16)
    16    0.07    0.09    0.16    0.27 ^ clkbuf_1_0__f_CLK100MHZ/X (sky130_fd_sc_hd__clkbuf_16)
                                         clknet_1_0__leaf_CLK100MHZ (net)
                  0.09    0.01    0.28 ^ _450_/CLK (sky130_fd_sc_hd__dfxtp_1)
     2    0.03    0.27    0.48    0.76 ^ _450_/Q (sky130_fd_sc_hd__dfxtp_1)
                                         rf.regs[10][3] (net)
                  0.27    0.00    0.76 ^ _406_/A1 (sky130_fd_sc_hd__mux2_1)
     1    0.01    0.06    0.20    0.96 ^ _406_/X (sky130_fd_sc_hd__mux2_1)
                                         _044_ (net)
                  0.06    0.00    0.96 ^ _407_/A (sky130_fd_sc_hd__clkbuf_1)
     1    0.01    0.12    0.14    1.10 ^ _407_/X (sky130_fd_sc_hd__clkbuf_1)
                                         _016_ (net)
                  0.12    0.00    1.10 ^ _450_/D (sky130_fd_sc_hd__dfxtp_1)
                                  1.10   data arrival time

                          0.00    0.00   clock CLK100MHZ (rise edge)
                          0.00    0.00   clock source latency
     1    0.03    0.00    0.00    0.00 ^ CLK100MHZ (in)
                                         CLK100MHZ (net)
                  0.00    0.00    0.00 ^ clkbuf_0_CLK100MHZ/A (sky130_fd_sc_hd__clkbuf_16)
     2    0.02    0.04    0.11    0.11 ^ clkbuf_0_CLK100MHZ/X (sky130_fd_sc_hd__clkbuf_16)
                                         clknet_0_CLK100MHZ (net)
                  0.04    0.00    0.11 ^ clkbuf_1_0__f_CLK100MHZ/A (sky130_fd_sc_hd__clkbuf_16)
    16    0.07    0.09    0.16    0.27 ^ clkbuf_1_0__f_CLK100MHZ/X (sky130_fd_sc_hd__clkbuf_16)
                                         clknet_1_0__leaf_CLK100MHZ (net)
                  0.09    0.01    0.28 ^ _450_/CLK (sky130_fd_sc_hd__dfxtp_1)
                          0.20    0.48   clock uncertainty
                          0.00    0.48   clock reconvergence pessimism
                         -0.04    0.44   library hold time
                                  0.44   data required time
-----------------------------------------------------------------------------
                                  0.44   data required time
                                 -1.10   data arrival time
-----------------------------------------------------------------------------
                                  0.66   slack (MET)


Startpoint: _454_ (rising edge-triggered flip-flop clocked by CLK100MHZ)
Endpoint: _454_ (rising edge-triggered flip-flop clocked by CLK100MHZ)
Path Group: CLK100MHZ
Path Type: min
Corner: Typical

Fanout     Cap    Slew   Delay    Time   Description
-----------------------------------------------------------------------------
                          0.00    0.00   clock CLK100MHZ (rise edge)
                          0.00    0.00   clock source latency
     1    0.03    0.00    0.00    0.00 ^ CLK100MHZ (in)
                                         CLK100MHZ (net)
                  0.00    0.00    0.00 ^ clkbuf_0_CLK100MHZ/A (sky130_fd_sc_hd__clkbuf_16)
     2    0.02    0.04    0.11    0.11 ^ clkbuf_0_CLK100MHZ/X (sky130_fd_sc_hd__clkbuf_16)
                                         clknet_0_CLK100MHZ (net)
                  0.04    0.00    0.11 ^ clkbuf_1_0__f_CLK100MHZ/A (sky130_fd_sc_hd__clkbuf_16)
    16    0.07    0.09    0.16    0.27 ^ clkbuf_1_0__f_CLK100MHZ/X (sky130_fd_sc_hd__clkbuf_16)
                                         clknet_1_0__leaf_CLK100MHZ (net)
                  0.09    0.01    0.28 ^ _454_/CLK (sky130_fd_sc_hd__dfxtp_1)
     3    0.02    0.11    0.38    0.66 v _454_/Q (sky130_fd_sc_hd__dfxtp_1)
                                         rf.regs[0][2] (net)
                  0.11    0.00    0.66 v _416_/A (sky130_fd_sc_hd__and2_1)
     1    0.02    0.12    0.24    0.90 v _416_/X (sky130_fd_sc_hd__and2_1)
                                         _050_ (net)
                  0.12    0.00    0.90 v _417_/A (sky130_fd_sc_hd__buf_1)
     1    0.01    0.09    0.17    1.08 v _417_/X (sky130_fd_sc_hd__buf_1)
                                         _020_ (net)
                  0.09    0.00    1.08 v _454_/D (sky130_fd_sc_hd__dfxtp_1)
                                  1.08   data arrival time

                          0.00    0.00   clock CLK100MHZ (rise edge)
                          0.00    0.00   clock source latency
     1    0.03    0.00    0.00    0.00 ^ CLK100MHZ (in)
                                         CLK100MHZ (net)
                  0.00    0.00    0.00 ^ clkbuf_0_CLK100MHZ/A (sky130_fd_sc_hd__clkbuf_16)
     2    0.02    0.04    0.11    0.11 ^ clkbuf_0_CLK100MHZ/X (sky130_fd_sc_hd__clkbuf_16)
                                         clknet_0_CLK100MHZ (net)
                  0.04    0.00    0.11 ^ clkbuf_1_0__f_CLK100MHZ/A (sky130_fd_sc_hd__clkbuf_16)
    16    0.07    0.09    0.16    0.27 ^ clkbuf_1_0__f_CLK100MHZ/X (sky130_fd_sc_hd__clkbuf_16)
                                         clknet_1_0__leaf_CLK100MHZ (net)
                  0.09    0.01    0.28 ^ _454_/CLK (sky130_fd_sc_hd__dfxtp_1)
                          0.20    0.48   clock uncertainty
                          0.00    0.48   clock reconvergence pessimism
                         -0.06    0.41   library hold time
                                  0.41   data required time
-----------------------------------------------------------------------------
                                  0.41   data required time
                                 -1.08   data arrival time
-----------------------------------------------------------------------------
                                  0.66   slack (MET)


Startpoint: _442_ (rising edge-triggered flip-flop clocked by CLK100MHZ)
Endpoint: _442_ (rising edge-triggered flip-flop clocked by CLK100MHZ)
Path Group: CLK100MHZ
Path Type: min
Corner: Typical

Fanout     Cap    Slew   Delay    Time   Description
-----------------------------------------------------------------------------
                          0.00    0.00   clock CLK100MHZ (rise edge)
                          0.00    0.00   clock source latency
     1    0.03    0.00    0.00    0.00 ^ CLK100MHZ (in)
                                         CLK100MHZ (net)
                  0.00    0.00    0.00 ^ clkbuf_0_CLK100MHZ/A (sky130_fd_sc_hd__clkbuf_16)
     2    0.02    0.04    0.11    0.11 ^ clkbuf_0_CLK100MHZ/X (sky130_fd_sc_hd__clkbuf_16)
                                         clknet_0_CLK100MHZ (net)
                  0.04    0.00    0.11 ^ clkbuf_1_1__f_CLK100MHZ/A (sky130_fd_sc_hd__clkbuf_16)
    13    0.06    0.08    0.16    0.27 ^ clkbuf_1_1__f_CLK100MHZ/X (sky130_fd_sc_hd__clkbuf_16)
                                         clknet_1_1__leaf_CLK100MHZ (net)
                  0.08    0.00    0.27 ^ _442_/CLK (sky130_fd_sc_hd__dfxtp_1)
     2    0.02    0.22    0.45    0.72 ^ _442_/Q (sky130_fd_sc_hd__dfxtp_1)
                                         rf.regs[15][0] (net)
                  0.22    0.00    0.72 ^ _387_/A0 (sky130_fd_sc_hd__mux2_1)
     1    0.01    0.14    0.24    0.96 ^ _387_/X (sky130_fd_sc_hd__mux2_1)
                                         _033_ (net)
                  0.14    0.00    0.96 ^ _388_/A (sky130_fd_sc_hd__clkbuf_1)
     1    0.01    0.10    0.14    1.10 ^ _388_/X (sky130_fd_sc_hd__clkbuf_1)
                                         _008_ (net)
                  0.10    0.00    1.10 ^ _442_/D (sky130_fd_sc_hd__dfxtp_1)
                                  1.10   data arrival time

                          0.00    0.00   clock CLK100MHZ (rise edge)
                          0.00    0.00   clock source latency
     1    0.03    0.00    0.00    0.00 ^ CLK100MHZ (in)
                                         CLK100MHZ (net)
                  0.00    0.00    0.00 ^ clkbuf_0_CLK100MHZ/A (sky130_fd_sc_hd__clkbuf_16)
     2    0.02    0.04    0.11    0.11 ^ clkbuf_0_CLK100MHZ/X (sky130_fd_sc_hd__clkbuf_16)
                                         clknet_0_CLK100MHZ (net)
                  0.04    0.00    0.11 ^ clkbuf_1_1__f_CLK100MHZ/A (sky130_fd_sc_hd__clkbuf_16)
    13    0.06    0.08    0.16    0.27 ^ clkbuf_1_1__f_CLK100MHZ/X (sky130_fd_sc_hd__clkbuf_16)
                                         clknet_1_1__leaf_CLK100MHZ (net)
                  0.08    0.00    0.27 ^ _442_/CLK (sky130_fd_sc_hd__dfxtp_1)
                          0.20    0.47   clock uncertainty
                          0.00    0.47   clock reconvergence pessimism
                         -0.04    0.44   library hold time
                                  0.44   data required time
-----------------------------------------------------------------------------
                                  0.44   data required time
                                 -1.10   data arrival time
-----------------------------------------------------------------------------
                                  0.67   slack (MET)


Startpoint: _446_ (rising edge-triggered flip-flop clocked by CLK100MHZ)
Endpoint: _446_ (rising edge-triggered flip-flop clocked by CLK100MHZ)
Path Group: CLK100MHZ
Path Type: min
Corner: Typical

Fanout     Cap    Slew   Delay    Time   Description
-----------------------------------------------------------------------------
                          0.00    0.00   clock CLK100MHZ (rise edge)
                          0.00    0.00   clock source latency
     1    0.03    0.00    0.00    0.00 ^ CLK100MHZ (in)
                                         CLK100MHZ (net)
                  0.00    0.00    0.00 ^ clkbuf_0_CLK100MHZ/A (sky130_fd_sc_hd__clkbuf_16)
     2    0.02    0.04    0.11    0.11 ^ clkbuf_0_CLK100MHZ/X (sky130_fd_sc_hd__clkbuf_16)
                                         clknet_0_CLK100MHZ (net)
                  0.04    0.00    0.11 ^ clkbuf_1_1__f_CLK100MHZ/A (sky130_fd_sc_hd__clkbuf_16)
    13    0.06    0.08    0.16    0.27 ^ clkbuf_1_1__f_CLK100MHZ/X (sky130_fd_sc_hd__clkbuf_16)
                                         clknet_1_1__leaf_CLK100MHZ (net)
                  0.08    0.00    0.27 ^ _446_/CLK (sky130_fd_sc_hd__dfxtp_1)
     2    0.02    0.19    0.42    0.69 ^ _446_/Q (sky130_fd_sc_hd__dfxtp_1)
                                         rf.regs[15][4] (net)
                  0.19    0.00    0.69 ^ _395_/A0 (sky130_fd_sc_hd__mux2_1)
     1    0.01    0.13    0.23    0.92 ^ _395_/X (sky130_fd_sc_hd__mux2_1)
                                         _037_ (net)
                  0.13    0.00    0.92 ^ _396_/A (sky130_fd_sc_hd__clkbuf_1)
     1    0.01    0.15    0.17    1.09 ^ _396_/X (sky130_fd_sc_hd__clkbuf_1)
                                         _012_ (net)
                  0.15    0.00    1.10 ^ _446_/D (sky130_fd_sc_hd__dfxtp_1)
                                  1.10   data arrival time

                          0.00    0.00   clock CLK100MHZ (rise edge)
                          0.00    0.00   clock source latency
     1    0.03    0.00    0.00    0.00 ^ CLK100MHZ (in)
                                         CLK100MHZ (net)
                  0.00    0.00    0.00 ^ clkbuf_0_CLK100MHZ/A (sky130_fd_sc_hd__clkbuf_16)
     2    0.02    0.04    0.11    0.11 ^ clkbuf_0_CLK100MHZ/X (sky130_fd_sc_hd__clkbuf_16)
                                         clknet_0_CLK100MHZ (net)
                  0.04    0.00    0.11 ^ clkbuf_1_1__f_CLK100MHZ/A (sky130_fd_sc_hd__clkbuf_16)
    13    0.06    0.08    0.16    0.27 ^ clkbuf_1_1__f_CLK100MHZ/X (sky130_fd_sc_hd__clkbuf_16)
                                         clknet_1_1__leaf_CLK100MHZ (net)
                  0.08    0.00    0.27 ^ _446_/CLK (sky130_fd_sc_hd__dfxtp_1)
                          0.20    0.47   clock uncertainty
                          0.00    0.47   clock reconvergence pessimism
                         -0.05    0.42   library hold time
                                  0.42   data required time
-----------------------------------------------------------------------------
                                  0.42   data required time
                                 -1.10   data arrival time
-----------------------------------------------------------------------------
                                  0.67   slack (MET)


Startpoint: _439_ (rising edge-triggered flip-flop clocked by CLK100MHZ)
Endpoint: _439_ (rising edge-triggered flip-flop clocked by CLK100MHZ)
Path Group: CLK100MHZ
Path Type: min
Corner: Typical

Fanout     Cap    Slew   Delay    Time   Description
-----------------------------------------------------------------------------
                          0.00    0.00   clock CLK100MHZ (rise edge)
                          0.00    0.00   clock source latency
     1    0.03    0.00    0.00    0.00 ^ CLK100MHZ (in)
                                         CLK100MHZ (net)
                  0.00    0.00    0.00 ^ clkbuf_0_CLK100MHZ/A (sky130_fd_sc_hd__clkbuf_16)
     2    0.02    0.04    0.11    0.11 ^ clkbuf_0_CLK100MHZ/X (sky130_fd_sc_hd__clkbuf_16)
                                         clknet_0_CLK100MHZ (net)
                  0.04    0.00    0.11 ^ clkbuf_1_1__f_CLK100MHZ/A (sky130_fd_sc_hd__clkbuf_16)
    13    0.06    0.08    0.16    0.27 ^ clkbuf_1_1__f_CLK100MHZ/X (sky130_fd_sc_hd__clkbuf_16)
                                         clknet_1_1__leaf_CLK100MHZ (net)
                  0.08    0.00    0.27 ^ _439_/CLK (sky130_fd_sc_hd__dfxtp_1)
     2    0.01    0.14    0.39    0.66 ^ _439_/Q (sky130_fd_sc_hd__dfxtp_1)
                                         rf.regs[25][2] (net)
                  0.14    0.00    0.66 ^ _369_/A0 (sky130_fd_sc_hd__mux2_1)
     1    0.02    0.22    0.28    0.94 ^ _369_/X (sky130_fd_sc_hd__mux2_1)
                                         _202_ (net)
                  0.22    0.00    0.94 ^ _370_/A (sky130_fd_sc_hd__clkbuf_1)
     1    0.01    0.15    0.19    1.13 ^ _370_/X (sky130_fd_sc_hd__clkbuf_1)
                                         _005_ (net)
                  0.15    0.00    1.13 ^ _439_/D (sky130_fd_sc_hd__dfxtp_1)
                                  1.13   data arrival time

                          0.00    0.00   clock CLK100MHZ (rise edge)
                          0.00    0.00   clock source latency
     1    0.03    0.00    0.00    0.00 ^ CLK100MHZ (in)
                                         CLK100MHZ (net)
                  0.00    0.00    0.00 ^ clkbuf_0_CLK100MHZ/A (sky130_fd_sc_hd__clkbuf_16)
     2    0.02    0.04    0.11    0.11 ^ clkbuf_0_CLK100MHZ/X (sky130_fd_sc_hd__clkbuf_16)
                                         clknet_0_CLK100MHZ (net)
                  0.04    0.00    0.11 ^ clkbuf_1_1__f_CLK100MHZ/A (sky130_fd_sc_hd__clkbuf_16)
    13    0.06    0.08    0.16    0.27 ^ clkbuf_1_1__f_CLK100MHZ/X (sky130_fd_sc_hd__clkbuf_16)
                                         clknet_1_1__leaf_CLK100MHZ (net)
                  0.08    0.00    0.27 ^ _439_/CLK (sky130_fd_sc_hd__dfxtp_1)
                          0.20    0.47   clock uncertainty
                          0.00    0.47   clock reconvergence pessimism
                         -0.05    0.42   library hold time
                                  0.42   data required time
-----------------------------------------------------------------------------
                                  0.42   data required time
                                 -1.13   data arrival time
-----------------------------------------------------------------------------
                                  0.71   slack (MET)


Startpoint: _459_ (rising edge-triggered flip-flop clocked by CLK100MHZ)
Endpoint: _459_ (rising edge-triggered flip-flop clocked by CLK100MHZ)
Path Group: CLK100MHZ
Path Type: min
Corner: Typical

Fanout     Cap    Slew   Delay    Time   Description
-----------------------------------------------------------------------------
                          0.00    0.00   clock CLK100MHZ (rise edge)
                          0.00    0.00   clock source latency
     1    0.03    0.00    0.00    0.00 ^ CLK100MHZ (in)
                                         CLK100MHZ (net)
                  0.00    0.00    0.00 ^ clkbuf_0_CLK100MHZ/A (sky130_fd_sc_hd__clkbuf_16)
     2    0.02    0.04    0.11    0.11 ^ clkbuf_0_CLK100MHZ/X (sky130_fd_sc_hd__clkbuf_16)
                                         clknet_0_CLK100MHZ (net)
                  0.04    0.00    0.11 ^ clkbuf_1_0__f_CLK100MHZ/A (sky130_fd_sc_hd__clkbuf_16)
    16    0.07    0.09    0.16    0.27 ^ clkbuf_1_0__f_CLK100MHZ/X (sky130_fd_sc_hd__clkbuf_16)
                                         clknet_1_0__leaf_CLK100MHZ (net)
                  0.09    0.01    0.28 ^ _459_/CLK (sky130_fd_sc_hd__dfxtp_1)
     2    0.03    0.26    0.47    0.75 ^ _459_/Q (sky130_fd_sc_hd__dfxtp_1)
                                         rf.regs[5][2] (net)
                  0.26    0.00    0.75 ^ _428_/A0 (sky130_fd_sc_hd__mux2_1)
     1    0.01    0.10    0.22    0.98 ^ _428_/X (sky130_fd_sc_hd__mux2_1)
                                         _057_ (net)
                  0.10    0.00    0.98 ^ _429_/A (sky130_fd_sc_hd__buf_1)
     1    0.01    0.17    0.18    1.16 ^ _429_/X (sky130_fd_sc_hd__buf_1)
                                         _025_ (net)
                  0.17    0.00    1.16 ^ _459_/D (sky130_fd_sc_hd__dfxtp_1)
                                  1.16   data arrival time

                          0.00    0.00   clock CLK100MHZ (rise edge)
                          0.00    0.00   clock source latency
     1    0.03    0.00    0.00    0.00 ^ CLK100MHZ (in)
                                         CLK100MHZ (net)
                  0.00    0.00    0.00 ^ clkbuf_0_CLK100MHZ/A (sky130_fd_sc_hd__clkbuf_16)
     2    0.02    0.04    0.11    0.11 ^ clkbuf_0_CLK100MHZ/X (sky130_fd_sc_hd__clkbuf_16)
                                         clknet_0_CLK100MHZ (net)
                  0.04    0.00    0.11 ^ clkbuf_1_0__f_CLK100MHZ/A (sky130_fd_sc_hd__clkbuf_16)
    16    0.07    0.09    0.16    0.27 ^ clkbuf_1_0__f_CLK100MHZ/X (sky130_fd_sc_hd__clkbuf_16)
                                         clknet_1_0__leaf_CLK100MHZ (net)
                  0.09    0.01    0.28 ^ _459_/CLK (sky130_fd_sc_hd__dfxtp_1)
                          0.20    0.48   clock uncertainty
                          0.00    0.48   clock reconvergence pessimism
                         -0.05    0.43   library hold time
                                  0.43   data required time
-----------------------------------------------------------------------------
                                  0.43   data required time
                                 -1.16   data arrival time
-----------------------------------------------------------------------------
                                  0.74   slack (MET)


Startpoint: _457_ (rising edge-triggered flip-flop clocked by CLK100MHZ)
Endpoint: _457_ (rising edge-triggered flip-flop clocked by CLK100MHZ)
Path Group: CLK100MHZ
Path Type: min
Corner: Typical

Fanout     Cap    Slew   Delay    Time   Description
-----------------------------------------------------------------------------
                          0.00    0.00   clock CLK100MHZ (rise edge)
                          0.00    0.00   clock source latency
     1    0.03    0.00    0.00    0.00 ^ CLK100MHZ (in)
                                         CLK100MHZ (net)
                  0.00    0.00    0.00 ^ clkbuf_0_CLK100MHZ/A (sky130_fd_sc_hd__clkbuf_16)
     2    0.02    0.04    0.11    0.11 ^ clkbuf_0_CLK100MHZ/X (sky130_fd_sc_hd__clkbuf_16)
                                         clknet_0_CLK100MHZ (net)
                  0.04    0.00    0.11 ^ clkbuf_1_1__f_CLK100MHZ/A (sky130_fd_sc_hd__clkbuf_16)
    13    0.06    0.08    0.16    0.27 ^ clkbuf_1_1__f_CLK100MHZ/X (sky130_fd_sc_hd__clkbuf_16)
                                         clknet_1_1__leaf_CLK100MHZ (net)
                  0.08    0.00    0.27 ^ _457_/CLK (sky130_fd_sc_hd__dfxtp_1)
     2    0.02    0.20    0.43    0.70 ^ _457_/Q (sky130_fd_sc_hd__dfxtp_1)
                                         rf.regs[5][0] (net)
                  0.20    0.00    0.70 ^ _424_/A0 (sky130_fd_sc_hd__mux2_1)
     1    0.01    0.12    0.23    0.93 ^ _424_/X (sky130_fd_sc_hd__mux2_1)
                                         _055_ (net)
                  0.12    0.00    0.93 ^ _425_/A (sky130_fd_sc_hd__clkbuf_1)
     1    0.02    0.22    0.23    1.16 ^ _425_/X (sky130_fd_sc_hd__clkbuf_1)
                                         _023_ (net)
                  0.22    0.00    1.16 ^ _457_/D (sky130_fd_sc_hd__dfxtp_1)
                                  1.16   data arrival time

                          0.00    0.00   clock CLK100MHZ (rise edge)
                          0.00    0.00   clock source latency
     1    0.03    0.00    0.00    0.00 ^ CLK100MHZ (in)
                                         CLK100MHZ (net)
                  0.00    0.00    0.00 ^ clkbuf_0_CLK100MHZ/A (sky130_fd_sc_hd__clkbuf_16)
     2    0.02    0.04    0.11    0.11 ^ clkbuf_0_CLK100MHZ/X (sky130_fd_sc_hd__clkbuf_16)
                                         clknet_0_CLK100MHZ (net)
                  0.04    0.00    0.11 ^ clkbuf_1_1__f_CLK100MHZ/A (sky130_fd_sc_hd__clkbuf_16)
    13    0.06    0.08    0.16    0.27 ^ clkbuf_1_1__f_CLK100MHZ/X (sky130_fd_sc_hd__clkbuf_16)
                                         clknet_1_1__leaf_CLK100MHZ (net)
                  0.08    0.00    0.27 ^ _457_/CLK (sky130_fd_sc_hd__dfxtp_1)
                          0.20    0.47   clock uncertainty
                          0.00    0.47   clock reconvergence pessimism
                         -0.06    0.41   library hold time
                                  0.41   data required time
-----------------------------------------------------------------------------
                                  0.41   data required time
                                 -1.16   data arrival time
-----------------------------------------------------------------------------
                                  0.75   slack (MET)


Startpoint: _438_ (rising edge-triggered flip-flop clocked by CLK100MHZ)
Endpoint: _438_ (rising edge-triggered flip-flop clocked by CLK100MHZ)
Path Group: CLK100MHZ
Path Type: min
Corner: Typical

Fanout     Cap    Slew   Delay    Time   Description
-----------------------------------------------------------------------------
                          0.00    0.00   clock CLK100MHZ (rise edge)
                          0.00    0.00   clock source latency
     1    0.03    0.00    0.00    0.00 ^ CLK100MHZ (in)
                                         CLK100MHZ (net)
                  0.00    0.00    0.00 ^ clkbuf_0_CLK100MHZ/A (sky130_fd_sc_hd__clkbuf_16)
     2    0.02    0.04    0.11    0.11 ^ clkbuf_0_CLK100MHZ/X (sky130_fd_sc_hd__clkbuf_16)
                                         clknet_0_CLK100MHZ (net)
                  0.04    0.00    0.11 ^ clkbuf_1_1__f_CLK100MHZ/A (sky130_fd_sc_hd__clkbuf_16)
    13    0.06    0.08    0.16    0.27 ^ clkbuf_1_1__f_CLK100MHZ/X (sky130_fd_sc_hd__clkbuf_16)
                                         clknet_1_1__leaf_CLK100MHZ (net)
                  0.08    0.00    0.27 ^ _438_/CLK (sky130_fd_sc_hd__dfxtp_1)
     3    0.03    0.28    0.49    0.76 ^ _438_/Q (sky130_fd_sc_hd__dfxtp_1)
                                         rf.regs[25][1] (net)
                  0.28    0.00    0.76 ^ _367_/A0 (sky130_fd_sc_hd__mux2_1)
     1    0.01    0.14    0.26    1.02 ^ _367_/X (sky130_fd_sc_hd__mux2_1)
                                         _201_ (net)
                  0.14    0.00    1.02 ^ _368_/A (sky130_fd_sc_hd__clkbuf_1)
     1    0.01    0.15    0.18    1.20 ^ _368_/X (sky130_fd_sc_hd__clkbuf_1)
                                         _004_ (net)
                  0.15    0.00    1.20 ^ _438_/D (sky130_fd_sc_hd__dfxtp_1)
                                  1.20   data arrival time

                          0.00    0.00   clock CLK100MHZ (rise edge)
                          0.00    0.00   clock source latency
     1    0.03    0.00    0.00    0.00 ^ CLK100MHZ (in)
                                         CLK100MHZ (net)
                  0.00    0.00    0.00 ^ clkbuf_0_CLK100MHZ/A (sky130_fd_sc_hd__clkbuf_16)
     2    0.02    0.04    0.11    0.11 ^ clkbuf_0_CLK100MHZ/X (sky130_fd_sc_hd__clkbuf_16)
                                         clknet_0_CLK100MHZ (net)
                  0.04    0.00    0.11 ^ clkbuf_1_1__f_CLK100MHZ/A (sky130_fd_sc_hd__clkbuf_16)
    13    0.06    0.08    0.16    0.27 ^ clkbuf_1_1__f_CLK100MHZ/X (sky130_fd_sc_hd__clkbuf_16)
                                         clknet_1_1__leaf_CLK100MHZ (net)
                  0.08    0.00    0.27 ^ _438_/CLK (sky130_fd_sc_hd__dfxtp_1)
                          0.20    0.47   clock uncertainty
                          0.00    0.47   clock reconvergence pessimism
                         -0.05    0.42   library hold time
                                  0.42   data required time
-----------------------------------------------------------------------------
                                  0.42   data required time
                                 -1.20   data arrival time
-----------------------------------------------------------------------------
                                  0.78   slack (MET)


Startpoint: _443_ (rising edge-triggered flip-flop clocked by CLK100MHZ)
Endpoint: _443_ (rising edge-triggered flip-flop clocked by CLK100MHZ)
Path Group: CLK100MHZ
Path Type: min
Corner: Typical

Fanout     Cap    Slew   Delay    Time   Description
-----------------------------------------------------------------------------
                          0.00    0.00   clock CLK100MHZ (rise edge)
                          0.00    0.00   clock source latency
     1    0.03    0.00    0.00    0.00 ^ CLK100MHZ (in)
                                         CLK100MHZ (net)
                  0.00    0.00    0.00 ^ clkbuf_0_CLK100MHZ/A (sky130_fd_sc_hd__clkbuf_16)
     2    0.02    0.04    0.11    0.11 ^ clkbuf_0_CLK100MHZ/X (sky130_fd_sc_hd__clkbuf_16)
                                         clknet_0_CLK100MHZ (net)
                  0.04    0.00    0.11 ^ clkbuf_1_0__f_CLK100MHZ/A (sky130_fd_sc_hd__clkbuf_16)
    16    0.07    0.09    0.16    0.27 ^ clkbuf_1_0__f_CLK100MHZ/X (sky130_fd_sc_hd__clkbuf_16)
                                         clknet_1_0__leaf_CLK100MHZ (net)
                  0.09    0.00    0.28 ^ _443_/CLK (sky130_fd_sc_hd__dfxtp_1)
     2    0.02    0.18    0.42    0.70 ^ _443_/Q (sky130_fd_sc_hd__dfxtp_1)
                                         rf.regs[15][1] (net)
                  0.18    0.00    0.70 ^ _389_/A0 (sky130_fd_sc_hd__mux2_1)
     1    0.01    0.10    0.21    0.90 ^ _389_/X (sky130_fd_sc_hd__mux2_1)
                                         _034_ (net)
                  0.10    0.00    0.90 ^ _390_/A (sky130_fd_sc_hd__buf_1)
     1    0.03    0.31    0.28    1.18 ^ _390_/X (sky130_fd_sc_hd__buf_1)
                                         _009_ (net)
                  0.31    0.00    1.19 ^ _443_/D (sky130_fd_sc_hd__dfxtp_1)
                                  1.19   data arrival time

                          0.00    0.00   clock CLK100MHZ (rise edge)
                          0.00    0.00   clock source latency
     1    0.03    0.00    0.00    0.00 ^ CLK100MHZ (in)
                                         CLK100MHZ (net)
                  0.00    0.00    0.00 ^ clkbuf_0_CLK100MHZ/A (sky130_fd_sc_hd__clkbuf_16)
     2    0.02    0.04    0.11    0.11 ^ clkbuf_0_CLK100MHZ/X (sky130_fd_sc_hd__clkbuf_16)
                                         clknet_0_CLK100MHZ (net)
                  0.04    0.00    0.11 ^ clkbuf_1_0__f_CLK100MHZ/A (sky130_fd_sc_hd__clkbuf_16)
    16    0.07    0.09    0.16    0.27 ^ clkbuf_1_0__f_CLK100MHZ/X (sky130_fd_sc_hd__clkbuf_16)
                                         clknet_1_0__leaf_CLK100MHZ (net)
                  0.09    0.00    0.28 ^ _443_/CLK (sky130_fd_sc_hd__dfxtp_1)
                          0.20    0.48   clock uncertainty
                          0.00    0.48   clock reconvergence pessimism
                         -0.08    0.40   library hold time
                                  0.40   data required time
-----------------------------------------------------------------------------
                                  0.40   data required time
                                 -1.19   data arrival time
-----------------------------------------------------------------------------
                                  0.79   slack (MET)


Startpoint: _441_ (rising edge-triggered flip-flop clocked by CLK100MHZ)
Endpoint: _441_ (rising edge-triggered flip-flop clocked by CLK100MHZ)
Path Group: CLK100MHZ
Path Type: min
Corner: Typical

Fanout     Cap    Slew   Delay    Time   Description
-----------------------------------------------------------------------------
                          0.00    0.00   clock CLK100MHZ (rise edge)
                          0.00    0.00   clock source latency
     1    0.03    0.00    0.00    0.00 ^ CLK100MHZ (in)
                                         CLK100MHZ (net)
                  0.00    0.00    0.00 ^ clkbuf_0_CLK100MHZ/A (sky130_fd_sc_hd__clkbuf_16)
     2    0.02    0.04    0.11    0.11 ^ clkbuf_0_CLK100MHZ/X (sky130_fd_sc_hd__clkbuf_16)
                                         clknet_0_CLK100MHZ (net)
                  0.04    0.00    0.11 ^ clkbuf_1_0__f_CLK100MHZ/A (sky130_fd_sc_hd__clkbuf_16)
    16    0.07    0.09    0.16    0.27 ^ clkbuf_1_0__f_CLK100MHZ/X (sky130_fd_sc_hd__clkbuf_16)
                                         clknet_1_0__leaf_CLK100MHZ (net)
                  0.09    0.00    0.28 ^ _441_/CLK (sky130_fd_sc_hd__dfxtp_1)
     2    0.03    0.15    0.41    0.68 v _441_/Q (sky130_fd_sc_hd__dfxtp_1)
                                         rf.regs[25][4] (net)
                  0.15    0.00    0.69 v _383_/A0 (sky130_fd_sc_hd__mux2_1)
     1    0.01    0.11    0.39    1.07 v _383_/X (sky130_fd_sc_hd__mux2_1)
                                         _214_ (net)
                  0.11    0.00    1.07 v _384_/A (sky130_fd_sc_hd__buf_1)
     1    0.02    0.12    0.19    1.26 v _384_/X (sky130_fd_sc_hd__buf_1)
                                         _007_ (net)
                  0.12    0.00    1.26 v _441_/D (sky130_fd_sc_hd__dfxtp_1)
                                  1.26   data arrival time

                          0.00    0.00   clock CLK100MHZ (rise edge)
                          0.00    0.00   clock source latency
     1    0.03    0.00    0.00    0.00 ^ CLK100MHZ (in)
                                         CLK100MHZ (net)
                  0.00    0.00    0.00 ^ clkbuf_0_CLK100MHZ/A (sky130_fd_sc_hd__clkbuf_16)
     2    0.02    0.04    0.11    0.11 ^ clkbuf_0_CLK100MHZ/X (sky130_fd_sc_hd__clkbuf_16)
                                         clknet_0_CLK100MHZ (net)
                  0.04    0.00    0.11 ^ clkbuf_1_0__f_CLK100MHZ/A (sky130_fd_sc_hd__clkbuf_16)
    16    0.07    0.09    0.16    0.27 ^ clkbuf_1_0__f_CLK100MHZ/X (sky130_fd_sc_hd__clkbuf_16)
                                         clknet_1_0__leaf_CLK100MHZ (net)
                  0.09    0.00    0.28 ^ _441_/CLK (sky130_fd_sc_hd__dfxtp_1)
                          0.20    0.48   clock uncertainty
                          0.00    0.48   clock reconvergence pessimism
                         -0.07    0.40   library hold time
                                  0.40   data required time
-----------------------------------------------------------------------------
                                  0.40   data required time
                                 -1.26   data arrival time
-----------------------------------------------------------------------------
                                  0.86   slack (MET)


Startpoint: _449_ (rising edge-triggered flip-flop clocked by CLK100MHZ)
Endpoint: _449_ (rising edge-triggered flip-flop clocked by CLK100MHZ)
Path Group: CLK100MHZ
Path Type: min
Corner: Typical

Fanout     Cap    Slew   Delay    Time   Description
-----------------------------------------------------------------------------
                          0.00    0.00   clock CLK100MHZ (rise edge)
                          0.00    0.00   clock source latency
     1    0.03    0.00    0.00    0.00 ^ CLK100MHZ (in)
                                         CLK100MHZ (net)
                  0.00    0.00    0.00 ^ clkbuf_0_CLK100MHZ/A (sky130_fd_sc_hd__clkbuf_16)
     2    0.02    0.04    0.11    0.11 ^ clkbuf_0_CLK100MHZ/X (sky130_fd_sc_hd__clkbuf_16)
                                         clknet_0_CLK100MHZ (net)
                  0.04    0.00    0.11 ^ clkbuf_1_0__f_CLK100MHZ/A (sky130_fd_sc_hd__clkbuf_16)
    16    0.07    0.09    0.16    0.27 ^ clkbuf_1_0__f_CLK100MHZ/X (sky130_fd_sc_hd__clkbuf_16)
                                         clknet_1_0__leaf_CLK100MHZ (net)
                  0.09    0.00    0.28 ^ _449_/CLK (sky130_fd_sc_hd__dfxtp_1)
     2    0.03    0.15    0.41    0.68 v _449_/Q (sky130_fd_sc_hd__dfxtp_1)
                                         rf.regs[10][2] (net)
                  0.15    0.00    0.68 v _404_/A1 (sky130_fd_sc_hd__mux2_1)
     1    0.02    0.12    0.40    1.09 v _404_/X (sky130_fd_sc_hd__mux2_1)
                                         _043_ (net)
                  0.12    0.00    1.09 v _405_/A (sky130_fd_sc_hd__buf_1)
     1    0.02    0.12    0.19    1.28 v _405_/X (sky130_fd_sc_hd__buf_1)
                                         _015_ (net)
                  0.12    0.00    1.28 v _449_/D (sky130_fd_sc_hd__dfxtp_1)
                                  1.28   data arrival time

                          0.00    0.00   clock CLK100MHZ (rise edge)
                          0.00    0.00   clock source latency
     1    0.03    0.00    0.00    0.00 ^ CLK100MHZ (in)
                                         CLK100MHZ (net)
                  0.00    0.00    0.00 ^ clkbuf_0_CLK100MHZ/A (sky130_fd_sc_hd__clkbuf_16)
     2    0.02    0.04    0.11    0.11 ^ clkbuf_0_CLK100MHZ/X (sky130_fd_sc_hd__clkbuf_16)
                                         clknet_0_CLK100MHZ (net)
                  0.04    0.00    0.11 ^ clkbuf_1_0__f_CLK100MHZ/A (sky130_fd_sc_hd__clkbuf_16)
    16    0.07    0.09    0.16    0.27 ^ clkbuf_1_0__f_CLK100MHZ/X (sky130_fd_sc_hd__clkbuf_16)
                                         clknet_1_0__leaf_CLK100MHZ (net)
                  0.09    0.00    0.28 ^ _449_/CLK (sky130_fd_sc_hd__dfxtp_1)
                          0.20    0.48   clock uncertainty
                          0.00    0.48   clock reconvergence pessimism
                         -0.08    0.40   library hold time
                                  0.40   data required time
-----------------------------------------------------------------------------
                                  0.40   data required time
                                 -1.28   data arrival time
-----------------------------------------------------------------------------
                                  0.88   slack (MET)


Startpoint: _445_ (rising edge-triggered flip-flop clocked by CLK100MHZ)
Endpoint: _445_ (rising edge-triggered flip-flop clocked by CLK100MHZ)
Path Group: CLK100MHZ
Path Type: min
Corner: Typical

Fanout     Cap    Slew   Delay    Time   Description
-----------------------------------------------------------------------------
                          0.00    0.00   clock CLK100MHZ (rise edge)
                          0.00    0.00   clock source latency
     1    0.03    0.00    0.00    0.00 ^ CLK100MHZ (in)
                                         CLK100MHZ (net)
                  0.00    0.00    0.00 ^ clkbuf_0_CLK100MHZ/A (sky130_fd_sc_hd__clkbuf_16)
     2    0.02    0.04    0.11    0.11 ^ clkbuf_0_CLK100MHZ/X (sky130_fd_sc_hd__clkbuf_16)
                                         clknet_0_CLK100MHZ (net)
                  0.04    0.00    0.11 ^ clkbuf_1_1__f_CLK100MHZ/A (sky130_fd_sc_hd__clkbuf_16)
    13    0.06    0.08    0.16    0.27 ^ clkbuf_1_1__f_CLK100MHZ/X (sky130_fd_sc_hd__clkbuf_16)
                                         clknet_1_1__leaf_CLK100MHZ (net)
                  0.08    0.00    0.27 ^ _445_/CLK (sky130_fd_sc_hd__dfxtp_1)
     2    0.02    0.10    0.37    0.64 v _445_/Q (sky130_fd_sc_hd__dfxtp_1)
                                         rf.regs[15][3] (net)
                  0.10    0.00    0.64 v _393_/A0 (sky130_fd_sc_hd__mux2_1)
     1    0.01    0.10    0.36    1.00 v _393_/X (sky130_fd_sc_hd__mux2_1)
                                         _036_ (net)
                  0.10    0.00    1.00 v _394_/A (sky130_fd_sc_hd__buf_1)
     1    0.03    0.20    0.24    1.25 v _394_/X (sky130_fd_sc_hd__buf_1)
                                         _011_ (net)
                  0.20    0.01    1.25 v _445_/D (sky130_fd_sc_hd__dfxtp_1)
                                  1.25   data arrival time

                          0.00    0.00   clock CLK100MHZ (rise edge)
                          0.00    0.00   clock source latency
     1    0.03    0.00    0.00    0.00 ^ CLK100MHZ (in)
                                         CLK100MHZ (net)
                  0.00    0.00    0.00 ^ clkbuf_0_CLK100MHZ/A (sky130_fd_sc_hd__clkbuf_16)
     2    0.02    0.04    0.11    0.11 ^ clkbuf_0_CLK100MHZ/X (sky130_fd_sc_hd__clkbuf_16)
                                         clknet_0_CLK100MHZ (net)
                  0.04    0.00    0.11 ^ clkbuf_1_1__f_CLK100MHZ/A (sky130_fd_sc_hd__clkbuf_16)
    13    0.06    0.08    0.16    0.27 ^ clkbuf_1_1__f_CLK100MHZ/X (sky130_fd_sc_hd__clkbuf_16)
                                         clknet_1_1__leaf_CLK100MHZ (net)
                  0.08    0.00    0.27 ^ _445_/CLK (sky130_fd_sc_hd__dfxtp_1)
                          0.20    0.47   clock uncertainty
                          0.00    0.47   clock reconvergence pessimism
                         -0.11    0.36   library hold time
                                  0.36   data required time
-----------------------------------------------------------------------------
                                  0.36   data required time
                                 -1.25   data arrival time
-----------------------------------------------------------------------------
                                  0.89   slack (MET)


Startpoint: _440_ (rising edge-triggered flip-flop clocked by CLK100MHZ)
Endpoint: _440_ (rising edge-triggered flip-flop clocked by CLK100MHZ)
Path Group: CLK100MHZ
Path Type: min
Corner: Typical

Fanout     Cap    Slew   Delay    Time   Description
-----------------------------------------------------------------------------
                          0.00    0.00   clock CLK100MHZ (rise edge)
                          0.00    0.00   clock source latency
     1    0.03    0.00    0.00    0.00 ^ CLK100MHZ (in)
                                         CLK100MHZ (net)
                  0.00    0.00    0.00 ^ clkbuf_0_CLK100MHZ/A (sky130_fd_sc_hd__clkbuf_16)
     2    0.02    0.04    0.11    0.11 ^ clkbuf_0_CLK100MHZ/X (sky130_fd_sc_hd__clkbuf_16)
                                         clknet_0_CLK100MHZ (net)
                  0.04    0.00    0.11 ^ clkbuf_1_0__f_CLK100MHZ/A (sky130_fd_sc_hd__clkbuf_16)
    16    0.07    0.09    0.16    0.27 ^ clkbuf_1_0__f_CLK100MHZ/X (sky130_fd_sc_hd__clkbuf_16)
                                         clknet_1_0__leaf_CLK100MHZ (net)
                  0.09    0.00    0.28 ^ _440_/CLK (sky130_fd_sc_hd__dfxtp_1)
     2    0.03    0.14    0.40    0.67 v _440_/Q (sky130_fd_sc_hd__dfxtp_1)
                                         rf.regs[25][3] (net)
                  0.14    0.00    0.67 v _371_/A0 (sky130_fd_sc_hd__mux2_1)
     1    0.02    0.13    0.40    1.07 v _371_/X (sky130_fd_sc_hd__mux2_1)
                                         _203_ (net)
                  0.13    0.00    1.07 v _372_/A (sky130_fd_sc_hd__buf_1)
     1    0.02    0.14    0.22    1.29 v _372_/X (sky130_fd_sc_hd__buf_1)
                                         _006_ (net)
                  0.15    0.00    1.29 v _440_/D (sky130_fd_sc_hd__dfxtp_1)
                                  1.29   data arrival time

                          0.00    0.00   clock CLK100MHZ (rise edge)
                          0.00    0.00   clock source latency
     1    0.03    0.00    0.00    0.00 ^ CLK100MHZ (in)
                                         CLK100MHZ (net)
                  0.00    0.00    0.00 ^ clkbuf_0_CLK100MHZ/A (sky130_fd_sc_hd__clkbuf_16)
     2    0.02    0.04    0.11    0.11 ^ clkbuf_0_CLK100MHZ/X (sky130_fd_sc_hd__clkbuf_16)
                                         clknet_0_CLK100MHZ (net)
                  0.04    0.00    0.11 ^ clkbuf_1_0__f_CLK100MHZ/A (sky130_fd_sc_hd__clkbuf_16)
    16    0.07    0.09    0.16    0.27 ^ clkbuf_1_0__f_CLK100MHZ/X (sky130_fd_sc_hd__clkbuf_16)
                                         clknet_1_0__leaf_CLK100MHZ (net)
                  0.09    0.00    0.28 ^ _440_/CLK (sky130_fd_sc_hd__dfxtp_1)
                          0.20    0.48   clock uncertainty
                          0.00    0.48   clock reconvergence pessimism
                         -0.09    0.39   library hold time
                                  0.39   data required time
-----------------------------------------------------------------------------
                                  0.39   data required time
                                 -1.29   data arrival time
-----------------------------------------------------------------------------
                                  0.90   slack (MET)


Startpoint: _461_ (rising edge-triggered flip-flop clocked by CLK100MHZ)
Endpoint: _461_ (rising edge-triggered flip-flop clocked by CLK100MHZ)
Path Group: CLK100MHZ
Path Type: min
Corner: Typical

Fanout     Cap    Slew   Delay    Time   Description
-----------------------------------------------------------------------------
                          0.00    0.00   clock CLK100MHZ (rise edge)
                          0.00    0.00   clock source latency
     1    0.03    0.00    0.00    0.00 ^ CLK100MHZ (in)
                                         CLK100MHZ (net)
                  0.00    0.00    0.00 ^ clkbuf_0_CLK100MHZ/A (sky130_fd_sc_hd__clkbuf_16)
     2    0.02    0.04    0.11    0.11 ^ clkbuf_0_CLK100MHZ/X (sky130_fd_sc_hd__clkbuf_16)
                                         clknet_0_CLK100MHZ (net)
                  0.04    0.00    0.11 ^ clkbuf_1_0__f_CLK100MHZ/A (sky130_fd_sc_hd__clkbuf_16)
    16    0.07    0.09    0.16    0.27 ^ clkbuf_1_0__f_CLK100MHZ/X (sky130_fd_sc_hd__clkbuf_16)
                                         clknet_1_0__leaf_CLK100MHZ (net)
                  0.09    0.01    0.28 ^ _461_/CLK (sky130_fd_sc_hd__dfxtp_1)
     3    0.03    0.15    0.41    0.69 v _461_/Q (sky130_fd_sc_hd__dfxtp_1)
                                         rf.regs[5][4] (net)
                  0.15    0.00    0.69 v _432_/A0 (sky130_fd_sc_hd__mux2_1)
     1    0.02    0.14    0.42    1.11 v _432_/X (sky130_fd_sc_hd__mux2_1)
                                         _059_ (net)
                  0.14    0.00    1.11 v _433_/A (sky130_fd_sc_hd__buf_1)
     1    0.02    0.12    0.20    1.31 v _433_/X (sky130_fd_sc_hd__buf_1)
                                         _027_ (net)
                  0.12    0.00    1.31 v _461_/D (sky130_fd_sc_hd__dfxtp_1)
                                  1.31   data arrival time

                          0.00    0.00   clock CLK100MHZ (rise edge)
                          0.00    0.00   clock source latency
     1    0.03    0.00    0.00    0.00 ^ CLK100MHZ (in)
                                         CLK100MHZ (net)
                  0.00    0.00    0.00 ^ clkbuf_0_CLK100MHZ/A (sky130_fd_sc_hd__clkbuf_16)
     2    0.02    0.04    0.11    0.11 ^ clkbuf_0_CLK100MHZ/X (sky130_fd_sc_hd__clkbuf_16)
                                         clknet_0_CLK100MHZ (net)
                  0.04    0.00    0.11 ^ clkbuf_1_0__f_CLK100MHZ/A (sky130_fd_sc_hd__clkbuf_16)
    16    0.07    0.09    0.16    0.27 ^ clkbuf_1_0__f_CLK100MHZ/X (sky130_fd_sc_hd__clkbuf_16)
                                         clknet_1_0__leaf_CLK100MHZ (net)
                  0.09    0.01    0.28 ^ _461_/CLK (sky130_fd_sc_hd__dfxtp_1)
                          0.20    0.48   clock uncertainty
                          0.00    0.48   clock reconvergence pessimism
                         -0.07    0.40   library hold time
                                  0.40   data required time
-----------------------------------------------------------------------------
                                  0.40   data required time
                                 -1.31   data arrival time
-----------------------------------------------------------------------------
                                  0.91   slack (MET)


Startpoint: _447_ (rising edge-triggered flip-flop clocked by CLK100MHZ)
Endpoint: _447_ (rising edge-triggered flip-flop clocked by CLK100MHZ)
Path Group: CLK100MHZ
Path Type: min
Corner: Typical

Fanout     Cap    Slew   Delay    Time   Description
-----------------------------------------------------------------------------
                          0.00    0.00   clock CLK100MHZ (rise edge)
                          0.00    0.00   clock source latency
     1    0.03    0.00    0.00    0.00 ^ CLK100MHZ (in)
                                         CLK100MHZ (net)
                  0.00    0.00    0.00 ^ clkbuf_0_CLK100MHZ/A (sky130_fd_sc_hd__clkbuf_16)
     2    0.02    0.04    0.11    0.11 ^ clkbuf_0_CLK100MHZ/X (sky130_fd_sc_hd__clkbuf_16)
                                         clknet_0_CLK100MHZ (net)
                  0.04    0.00    0.11 ^ clkbuf_1_1__f_CLK100MHZ/A (sky130_fd_sc_hd__clkbuf_16)
    13    0.06    0.08    0.16    0.27 ^ clkbuf_1_1__f_CLK100MHZ/X (sky130_fd_sc_hd__clkbuf_16)
                                         clknet_1_1__leaf_CLK100MHZ (net)
                  0.08    0.00    0.27 ^ _447_/CLK (sky130_fd_sc_hd__dfxtp_1)
     3    0.04    0.17    0.42    0.69 v _447_/Q (sky130_fd_sc_hd__dfxtp_1)
                                         rf.regs[10][0] (net)
                  0.17    0.00    0.69 v _400_/A1 (sky130_fd_sc_hd__mux2_1)
     1    0.02    0.12    0.42    1.11 v _400_/X (sky130_fd_sc_hd__mux2_1)
                                         _041_ (net)
                  0.12    0.00    1.11 v _401_/A (sky130_fd_sc_hd__buf_1)
     1    0.02    0.11    0.19    1.30 v _401_/X (sky130_fd_sc_hd__buf_1)
                                         _013_ (net)
                  0.11    0.00    1.31 v _447_/D (sky130_fd_sc_hd__dfxtp_1)
                                  1.31   data arrival time

                          0.00    0.00   clock CLK100MHZ (rise edge)
                          0.00    0.00   clock source latency
     1    0.03    0.00    0.00    0.00 ^ CLK100MHZ (in)
                                         CLK100MHZ (net)
                  0.00    0.00    0.00 ^ clkbuf_0_CLK100MHZ/A (sky130_fd_sc_hd__clkbuf_16)
     2    0.02    0.04    0.11    0.11 ^ clkbuf_0_CLK100MHZ/X (sky130_fd_sc_hd__clkbuf_16)
                                         clknet_0_CLK100MHZ (net)
                  0.04    0.00    0.11 ^ clkbuf_1_1__f_CLK100MHZ/A (sky130_fd_sc_hd__clkbuf_16)
    13    0.06    0.08    0.16    0.27 ^ clkbuf_1_1__f_CLK100MHZ/X (sky130_fd_sc_hd__clkbuf_16)
                                         clknet_1_1__leaf_CLK100MHZ (net)
                  0.08    0.00    0.27 ^ _447_/CLK (sky130_fd_sc_hd__dfxtp_1)
                          0.20    0.47   clock uncertainty
                          0.00    0.47   clock reconvergence pessimism
                         -0.07    0.40   library hold time
                                  0.40   data required time
-----------------------------------------------------------------------------
                                  0.40   data required time
                                 -1.31   data arrival time
-----------------------------------------------------------------------------
                                  0.91   slack (MET)


Startpoint: _463_ (rising edge-triggered flip-flop clocked by CLK100MHZ)
Endpoint: _463_ (rising edge-triggered flip-flop clocked by CLK100MHZ)
Path Group: CLK100MHZ
Path Type: min
Corner: Typical

Fanout     Cap    Slew   Delay    Time   Description
-----------------------------------------------------------------------------
                          0.00    0.00   clock CLK100MHZ (rise edge)
                          0.00    0.00   clock source latency
     1    0.03    0.00    0.00    0.00 ^ CLK100MHZ (in)
                                         CLK100MHZ (net)
                  0.00    0.00    0.00 ^ clkbuf_0_CLK100MHZ/A (sky130_fd_sc_hd__clkbuf_16)
     2    0.02    0.04    0.11    0.11 ^ clkbuf_0_CLK100MHZ/X (sky130_fd_sc_hd__clkbuf_16)
                                         clknet_0_CLK100MHZ (net)
                  0.04    0.00    0.11 ^ clkbuf_1_0__f_CLK100MHZ/A (sky130_fd_sc_hd__clkbuf_16)
    16    0.07    0.09    0.16    0.27 ^ clkbuf_1_0__f_CLK100MHZ/X (sky130_fd_sc_hd__clkbuf_16)
                                         clknet_1_0__leaf_CLK100MHZ (net)
                  0.09    0.00    0.28 ^ _463_/CLK (sky130_fd_sc_hd__dfrtp_4)
    10    0.06    0.13    0.58    0.85 v _463_/Q (sky130_fd_sc_hd__dfrtp_4)
                                         imem.address[1] (net)
                  0.13    0.01    0.86 v _220_/A (sky130_fd_sc_hd__clkbuf_4)
    10    0.08    0.16    0.28    1.15 v _220_/X (sky130_fd_sc_hd__clkbuf_4)
                                         _065_ (net)
                  0.16    0.01    1.16 v _225_/B1 (sky130_fd_sc_hd__a21oi_1)
     1    0.01    0.15    0.20    1.36 ^ _225_/Y (sky130_fd_sc_hd__a21oi_1)
                                         _069_ (net)
                  0.15    0.00    1.36 ^ _226_/B (sky130_fd_sc_hd__nor2_1)
     1    0.02    0.11    0.14    1.50 v _226_/Y (sky130_fd_sc_hd__nor2_1)
                                         _029_ (net)
                  0.11    0.00    1.50 v _463_/D (sky130_fd_sc_hd__dfrtp_4)
                                  1.50   data arrival time

                          0.00    0.00   clock CLK100MHZ (rise edge)
                          0.00    0.00   clock source latency
     1    0.03    0.00    0.00    0.00 ^ CLK100MHZ (in)
                                         CLK100MHZ (net)
                  0.00    0.00    0.00 ^ clkbuf_0_CLK100MHZ/A (sky130_fd_sc_hd__clkbuf_16)
     2    0.02    0.04    0.11    0.11 ^ clkbuf_0_CLK100MHZ/X (sky130_fd_sc_hd__clkbuf_16)
                                         clknet_0_CLK100MHZ (net)
                  0.04    0.00    0.11 ^ clkbuf_1_0__f_CLK100MHZ/A (sky130_fd_sc_hd__clkbuf_16)
    16    0.07    0.09    0.16    0.27 ^ clkbuf_1_0__f_CLK100MHZ/X (sky130_fd_sc_hd__clkbuf_16)
                                         clknet_1_0__leaf_CLK100MHZ (net)
                  0.09    0.00    0.28 ^ _463_/CLK (sky130_fd_sc_hd__dfrtp_4)
                          0.20    0.48   clock uncertainty
                          0.00    0.48   clock reconvergence pessimism
                         -0.06    0.42   library hold time
                                  0.42   data required time
-----------------------------------------------------------------------------
                                  0.42   data required time
                                 -1.50   data arrival time
-----------------------------------------------------------------------------
                                  1.08   slack (MET)


Startpoint: _462_ (rising edge-triggered flip-flop clocked by CLK100MHZ)
Endpoint: _462_ (rising edge-triggered flip-flop clocked by CLK100MHZ)
Path Group: CLK100MHZ
Path Type: min
Corner: Typical

Fanout     Cap    Slew   Delay    Time   Description
-----------------------------------------------------------------------------
                          0.00    0.00   clock CLK100MHZ (rise edge)
                          0.00    0.00   clock source latency
     1    0.03    0.00    0.00    0.00 ^ CLK100MHZ (in)
                                         CLK100MHZ (net)
                  0.00    0.00    0.00 ^ clkbuf_0_CLK100MHZ/A (sky130_fd_sc_hd__clkbuf_16)
     2    0.02    0.04    0.11    0.11 ^ clkbuf_0_CLK100MHZ/X (sky130_fd_sc_hd__clkbuf_16)
                                         clknet_0_CLK100MHZ (net)
                  0.04    0.00    0.11 ^ clkbuf_1_1__f_CLK100MHZ/A (sky130_fd_sc_hd__clkbuf_16)
    13    0.06    0.08    0.16    0.27 ^ clkbuf_1_1__f_CLK100MHZ/X (sky130_fd_sc_hd__clkbuf_16)
                                         clknet_1_1__leaf_CLK100MHZ (net)
                  0.08    0.00    0.27 ^ _462_/CLK (sky130_fd_sc_hd__dfrtp_2)
     4    0.04    0.12    0.50    0.77 v _462_/Q (sky130_fd_sc_hd__dfrtp_2)
                                         imem.address[0] (net)
                  0.12    0.00    0.77 v _221_/A (sky130_fd_sc_hd__clkbuf_4)
    10    0.07    0.14    0.27    1.04 v _221_/X (sky130_fd_sc_hd__clkbuf_4)
                                         _066_ (net)
                  0.14    0.00    1.04 v _222_/A (sky130_fd_sc_hd__clkbuf_4)
     9    0.06    0.12    0.26    1.30 v _222_/X (sky130_fd_sc_hd__clkbuf_4)
                                         _067_ (net)
                  0.13    0.01    1.31 v _227_/B (sky130_fd_sc_hd__xor2_1)
     1    0.02    0.10    0.23    1.55 v _227_/X (sky130_fd_sc_hd__xor2_1)
                                         _028_ (net)
                  0.10    0.00    1.55 v _462_/D (sky130_fd_sc_hd__dfrtp_2)
                                  1.55   data arrival time

                          0.00    0.00   clock CLK100MHZ (rise edge)
                          0.00    0.00   clock source latency
     1    0.03    0.00    0.00    0.00 ^ CLK100MHZ (in)
                                         CLK100MHZ (net)
                  0.00    0.00    0.00 ^ clkbuf_0_CLK100MHZ/A (sky130_fd_sc_hd__clkbuf_16)
     2    0.02    0.04    0.11    0.11 ^ clkbuf_0_CLK100MHZ/X (sky130_fd_sc_hd__clkbuf_16)
                                         clknet_0_CLK100MHZ (net)
                  0.04    0.00    0.11 ^ clkbuf_1_1__f_CLK100MHZ/A (sky130_fd_sc_hd__clkbuf_16)
    13    0.06    0.08    0.16    0.27 ^ clkbuf_1_1__f_CLK100MHZ/X (sky130_fd_sc_hd__clkbuf_16)
                                         clknet_1_1__leaf_CLK100MHZ (net)
                  0.08    0.00    0.27 ^ _462_/CLK (sky130_fd_sc_hd__dfrtp_2)
                          0.20    0.47   clock uncertainty
                          0.00    0.47   clock reconvergence pessimism
                         -0.06    0.41   library hold time
                                  0.41   data required time
-----------------------------------------------------------------------------
                                  0.41   data required time
                                 -1.55   data arrival time
-----------------------------------------------------------------------------
                                  1.13   slack (MET)


Startpoint: _463_ (rising edge-triggered flip-flop clocked by CLK100MHZ)
Endpoint: _464_ (rising edge-triggered flip-flop clocked by CLK100MHZ)
Path Group: CLK100MHZ
Path Type: min
Corner: Typical

Fanout     Cap    Slew   Delay    Time   Description
-----------------------------------------------------------------------------
                          0.00    0.00   clock CLK100MHZ (rise edge)
                          0.00    0.00   clock source latency
     1    0.03    0.00    0.00    0.00 ^ CLK100MHZ (in)
                                         CLK100MHZ (net)
                  0.00    0.00    0.00 ^ clkbuf_0_CLK100MHZ/A (sky130_fd_sc_hd__clkbuf_16)
     2    0.02    0.04    0.11    0.11 ^ clkbuf_0_CLK100MHZ/X (sky130_fd_sc_hd__clkbuf_16)
                                         clknet_0_CLK100MHZ (net)
                  0.04    0.00    0.11 ^ clkbuf_1_0__f_CLK100MHZ/A (sky130_fd_sc_hd__clkbuf_16)
    16    0.07    0.09    0.16    0.27 ^ clkbuf_1_0__f_CLK100MHZ/X (sky130_fd_sc_hd__clkbuf_16)
                                         clknet_1_0__leaf_CLK100MHZ (net)
                  0.09    0.00    0.28 ^ _463_/CLK (sky130_fd_sc_hd__dfrtp_4)
    10    0.06    0.13    0.58    0.85 v _463_/Q (sky130_fd_sc_hd__dfrtp_4)
                                         imem.address[1] (net)
                  0.13    0.01    0.86 v _220_/A (sky130_fd_sc_hd__clkbuf_4)
    10    0.08    0.16    0.28    1.15 v _220_/X (sky130_fd_sc_hd__clkbuf_4)
                                         _065_ (net)
                  0.16    0.01    1.16 v _223_/B (sky130_fd_sc_hd__and3_1)
     2    0.03    0.16    0.33    1.49 v _223_/X (sky130_fd_sc_hd__and3_1)
                                         _068_ (net)
                  0.16    0.00    1.49 v _224_/B (sky130_fd_sc_hd__xor2_1)
     1    0.00    0.10    0.16    1.66 ^ _224_/X (sky130_fd_sc_hd__xor2_1)
                                         _030_ (net)
                  0.10    0.00    1.66 ^ _464_/D (sky130_fd_sc_hd__dfrtp_1)
                                  1.66   data arrival time

                          0.00    0.00   clock CLK100MHZ (rise edge)
                          0.00    0.00   clock source latency
     1    0.03    0.00    0.00    0.00 ^ CLK100MHZ (in)
                                         CLK100MHZ (net)
                  0.00    0.00    0.00 ^ clkbuf_0_CLK100MHZ/A (sky130_fd_sc_hd__clkbuf_16)
     2    0.02    0.04    0.11    0.11 ^ clkbuf_0_CLK100MHZ/X (sky130_fd_sc_hd__clkbuf_16)
                                         clknet_0_CLK100MHZ (net)
                  0.04    0.00    0.11 ^ clkbuf_1_0__f_CLK100MHZ/A (sky130_fd_sc_hd__clkbuf_16)
    16    0.07    0.09    0.16    0.27 ^ clkbuf_1_0__f_CLK100MHZ/X (sky130_fd_sc_hd__clkbuf_16)
                                         clknet_1_0__leaf_CLK100MHZ (net)
                  0.09    0.00    0.28 ^ _464_/CLK (sky130_fd_sc_hd__dfrtp_1)
                          0.20    0.48   clock uncertainty
                          0.00    0.48   clock reconvergence pessimism
                         -0.04    0.44   library hold time
                                  0.44   data required time
-----------------------------------------------------------------------------
                                  0.44   data required time
                                 -1.66   data arrival time
-----------------------------------------------------------------------------
                                  1.22   slack (MET)



worst slack corner Typical: 0.5213
