
===========================================================================
report_checks -path_delay min (Hold)
============================================================================
======================= Fastest Corner ===================================

Startpoint: _458_ (rising edge-triggered flip-flop clocked by CLK100MHZ)
Endpoint: _458_ (rising edge-triggered flip-flop clocked by CLK100MHZ)
Path Group: CLK100MHZ
Path Type: min
Corner: Fastest

Fanout     Cap    Slew   Delay    Time   Description
-----------------------------------------------------------------------------
                          0.00    0.00   clock CLK100MHZ (rise edge)
                          0.00    0.00   clock source latency
     1    0.02    0.00    0.00    0.00 ^ CLK100MHZ (in)
                                         CLK100MHZ (net)
                  0.00    0.00    0.00 ^ clkbuf_0_CLK100MHZ/A (sky130_fd_sc_hd__clkbuf_16)
     2    0.02    0.03    0.08    0.08 ^ clkbuf_0_CLK100MHZ/X (sky130_fd_sc_hd__clkbuf_16)
                                         clknet_0_CLK100MHZ (net)
                  0.03    0.00    0.08 ^ clkbuf_1_1__f_CLK100MHZ/A (sky130_fd_sc_hd__clkbuf_16)
    13    0.06    0.06    0.11    0.18 ^ clkbuf_1_1__f_CLK100MHZ/X (sky130_fd_sc_hd__clkbuf_16)
                                         clknet_1_1__leaf_CLK100MHZ (net)
                  0.06    0.00    0.19 ^ _458_/CLK (sky130_fd_sc_hd__dfxtp_1)
     2    0.01    0.09    0.24    0.42 ^ _458_/Q (sky130_fd_sc_hd__dfxtp_1)
                                         rf.regs[5][1] (net)
                  0.09    0.00    0.42 ^ _426_/A0 (sky130_fd_sc_hd__mux2_1)
     1    0.01    0.06    0.11    0.54 ^ _426_/X (sky130_fd_sc_hd__mux2_1)
                                         _056_ (net)
                  0.06    0.00    0.54 ^ _427_/A (sky130_fd_sc_hd__clkbuf_1)
     1    0.01    0.08    0.09    0.63 ^ _427_/X (sky130_fd_sc_hd__clkbuf_1)
                                         _024_ (net)
                  0.08    0.00    0.63 ^ _458_/D (sky130_fd_sc_hd__dfxtp_1)
                                  0.63   data arrival time

                          0.00    0.00   clock CLK100MHZ (rise edge)
                          0.00    0.00   clock source latency
     1    0.02    0.00    0.00    0.00 ^ CLK100MHZ (in)
                                         CLK100MHZ (net)
                  0.00    0.00    0.00 ^ clkbuf_0_CLK100MHZ/A (sky130_fd_sc_hd__clkbuf_16)
     2    0.02    0.03    0.08    0.08 ^ clkbuf_0_CLK100MHZ/X (sky130_fd_sc_hd__clkbuf_16)
                                         clknet_0_CLK100MHZ (net)
                  0.03    0.00    0.08 ^ clkbuf_1_1__f_CLK100MHZ/A (sky130_fd_sc_hd__clkbuf_16)
    13    0.06    0.06    0.11    0.18 ^ clkbuf_1_1__f_CLK100MHZ/X (sky130_fd_sc_hd__clkbuf_16)
                                         clknet_1_1__leaf_CLK100MHZ (net)
                  0.06    0.00    0.19 ^ _458_/CLK (sky130_fd_sc_hd__dfxtp_1)
                          0.20    0.39   clock uncertainty
                          0.00    0.39   clock reconvergence pessimism
                         -0.02    0.37   library hold time
                                  0.37   data required time
-----------------------------------------------------------------------------
                                  0.37   data required time
                                 -0.63   data arrival time
-----------------------------------------------------------------------------
                                  0.26   slack (MET)


Startpoint: _453_ (rising edge-triggered flip-flop clocked by CLK100MHZ)
Endpoint: _453_ (rising edge-triggered flip-flop clocked by CLK100MHZ)
Path Group: CLK100MHZ
Path Type: min
Corner: Fastest

Fanout     Cap    Slew   Delay    Time   Description
-----------------------------------------------------------------------------
                          0.00    0.00   clock CLK100MHZ (rise edge)
                          0.00    0.00   clock source latency
     1    0.02    0.00    0.00    0.00 ^ CLK100MHZ (in)
                                         CLK100MHZ (net)
                  0.00    0.00    0.00 ^ clkbuf_0_CLK100MHZ/A (sky130_fd_sc_hd__clkbuf_16)
     2    0.02    0.03    0.08    0.08 ^ clkbuf_0_CLK100MHZ/X (sky130_fd_sc_hd__clkbuf_16)
                                         clknet_0_CLK100MHZ (net)
                  0.03    0.00    0.08 ^ clkbuf_1_0__f_CLK100MHZ/A (sky130_fd_sc_hd__clkbuf_16)
    16    0.06    0.06    0.11    0.19 ^ clkbuf_1_0__f_CLK100MHZ/X (sky130_fd_sc_hd__clkbuf_16)
                                         clknet_1_0__leaf_CLK100MHZ (net)
                  0.06    0.00    0.19 ^ _453_/CLK (sky130_fd_sc_hd__dfxtp_1)
     3    0.02    0.07    0.24    0.43 v _453_/Q (sky130_fd_sc_hd__dfxtp_1)
                                         rf.regs[0][1] (net)
                  0.07    0.00    0.43 v _414_/A (sky130_fd_sc_hd__and2_1)
     1    0.01    0.04    0.11    0.54 v _414_/X (sky130_fd_sc_hd__and2_1)
                                         _049_ (net)
                  0.04    0.00    0.54 v _415_/A (sky130_fd_sc_hd__clkbuf_1)
     1    0.01    0.03    0.07    0.61 v _415_/X (sky130_fd_sc_hd__clkbuf_1)
                                         _019_ (net)
                  0.03    0.00    0.61 v _453_/D (sky130_fd_sc_hd__dfxtp_1)
                                  0.61   data arrival time

                          0.00    0.00   clock CLK100MHZ (rise edge)
                          0.00    0.00   clock source latency
     1    0.02    0.00    0.00    0.00 ^ CLK100MHZ (in)
                                         CLK100MHZ (net)
                  0.00    0.00    0.00 ^ clkbuf_0_CLK100MHZ/A (sky130_fd_sc_hd__clkbuf_16)
     2    0.02    0.03    0.08    0.08 ^ clkbuf_0_CLK100MHZ/X (sky130_fd_sc_hd__clkbuf_16)
                                         clknet_0_CLK100MHZ (net)
                  0.03    0.00    0.08 ^ clkbuf_1_0__f_CLK100MHZ/A (sky130_fd_sc_hd__clkbuf_16)
    16    0.06    0.06    0.11    0.19 ^ clkbuf_1_0__f_CLK100MHZ/X (sky130_fd_sc_hd__clkbuf_16)
                                         clknet_1_0__leaf_CLK100MHZ (net)
                  0.06    0.00    0.19 ^ _453_/CLK (sky130_fd_sc_hd__dfxtp_1)
                          0.20    0.39   clock uncertainty
                          0.00    0.39   clock reconvergence pessimism
                         -0.04    0.35   library hold time
                                  0.35   data required time
-----------------------------------------------------------------------------
                                  0.35   data required time
                                 -0.61   data arrival time
-----------------------------------------------------------------------------
                                  0.26   slack (MET)


Startpoint: _455_ (rising edge-triggered flip-flop clocked by CLK100MHZ)
Endpoint: _455_ (rising edge-triggered flip-flop clocked by CLK100MHZ)
Path Group: CLK100MHZ
Path Type: min
Corner: Fastest

Fanout     Cap    Slew   Delay    Time   Description
-----------------------------------------------------------------------------
                          0.00    0.00   clock CLK100MHZ (rise edge)
                          0.00    0.00   clock source latency
     1    0.02    0.00    0.00    0.00 ^ CLK100MHZ (in)
                                         CLK100MHZ (net)
                  0.00    0.00    0.00 ^ clkbuf_0_CLK100MHZ/A (sky130_fd_sc_hd__clkbuf_16)
     2    0.02    0.03    0.08    0.08 ^ clkbuf_0_CLK100MHZ/X (sky130_fd_sc_hd__clkbuf_16)
                                         clknet_0_CLK100MHZ (net)
                  0.03    0.00    0.08 ^ clkbuf_1_0__f_CLK100MHZ/A (sky130_fd_sc_hd__clkbuf_16)
    16    0.06    0.06    0.11    0.19 ^ clkbuf_1_0__f_CLK100MHZ/X (sky130_fd_sc_hd__clkbuf_16)
                                         clknet_1_0__leaf_CLK100MHZ (net)
                  0.06    0.00    0.19 ^ _455_/CLK (sky130_fd_sc_hd__dfxtp_1)
     3    0.03    0.10    0.26    0.45 v _455_/Q (sky130_fd_sc_hd__dfxtp_1)
                                         rf.regs[0][3] (net)
                  0.10    0.00    0.45 v _418_/A (sky130_fd_sc_hd__and2_1)
     1    0.00    0.03    0.12    0.57 v _418_/X (sky130_fd_sc_hd__and2_1)
                                         _051_ (net)
                  0.03    0.00    0.57 v _419_/A (sky130_fd_sc_hd__clkbuf_1)
     1    0.00    0.03    0.06    0.63 v _419_/X (sky130_fd_sc_hd__clkbuf_1)
                                         _021_ (net)
                  0.03    0.00    0.63 v _455_/D (sky130_fd_sc_hd__dfxtp_1)
                                  0.63   data arrival time

                          0.00    0.00   clock CLK100MHZ (rise edge)
                          0.00    0.00   clock source latency
     1    0.02    0.00    0.00    0.00 ^ CLK100MHZ (in)
                                         CLK100MHZ (net)
                  0.00    0.00    0.00 ^ clkbuf_0_CLK100MHZ/A (sky130_fd_sc_hd__clkbuf_16)
     2    0.02    0.03    0.08    0.08 ^ clkbuf_0_CLK100MHZ/X (sky130_fd_sc_hd__clkbuf_16)
                                         clknet_0_CLK100MHZ (net)
                  0.03    0.00    0.08 ^ clkbuf_1_0__f_CLK100MHZ/A (sky130_fd_sc_hd__clkbuf_16)
    16    0.06    0.06    0.11    0.19 ^ clkbuf_1_0__f_CLK100MHZ/X (sky130_fd_sc_hd__clkbuf_16)
                                         clknet_1_0__leaf_CLK100MHZ (net)
                  0.06    0.00    0.19 ^ _455_/CLK (sky130_fd_sc_hd__dfxtp_1)
                          0.20    0.39   clock uncertainty
                          0.00    0.39   clock reconvergence pessimism
                         -0.03    0.35   library hold time
                                  0.35   data required time
-----------------------------------------------------------------------------
                                  0.35   data required time
                                 -0.63   data arrival time
-----------------------------------------------------------------------------
                                  0.28   slack (MET)


Startpoint: _448_ (rising edge-triggered flip-flop clocked by CLK100MHZ)
Endpoint: _448_ (rising edge-triggered flip-flop clocked by CLK100MHZ)
Path Group: CLK100MHZ
Path Type: min
Corner: Fastest

Fanout     Cap    Slew   Delay    Time   Description
-----------------------------------------------------------------------------
                          0.00    0.00   clock CLK100MHZ (rise edge)
                          0.00    0.00   clock source latency
     1    0.02    0.00    0.00    0.00 ^ CLK100MHZ (in)
                                         CLK100MHZ (net)
                  0.00    0.00    0.00 ^ clkbuf_0_CLK100MHZ/A (sky130_fd_sc_hd__clkbuf_16)
     2    0.02    0.03    0.08    0.08 ^ clkbuf_0_CLK100MHZ/X (sky130_fd_sc_hd__clkbuf_16)
                                         clknet_0_CLK100MHZ (net)
                  0.03    0.00    0.08 ^ clkbuf_1_0__f_CLK100MHZ/A (sky130_fd_sc_hd__clkbuf_16)
    16    0.06    0.06    0.11    0.19 ^ clkbuf_1_0__f_CLK100MHZ/X (sky130_fd_sc_hd__clkbuf_16)
                                         clknet_1_0__leaf_CLK100MHZ (net)
                  0.06    0.00    0.19 ^ _448_/CLK (sky130_fd_sc_hd__dfxtp_1)
     2    0.01    0.09    0.24    0.43 ^ _448_/Q (sky130_fd_sc_hd__dfxtp_1)
                                         rf.regs[10][1] (net)
                  0.09    0.00    0.43 ^ _402_/A1 (sky130_fd_sc_hd__mux2_1)
     1    0.01    0.06    0.11    0.54 ^ _402_/X (sky130_fd_sc_hd__mux2_1)
                                         _042_ (net)
                  0.06    0.00    0.54 ^ _403_/A (sky130_fd_sc_hd__clkbuf_1)
     1    0.01    0.12    0.11    0.65 ^ _403_/X (sky130_fd_sc_hd__clkbuf_1)
                                         _014_ (net)
                  0.12    0.00    0.66 ^ _448_/D (sky130_fd_sc_hd__dfxtp_1)
                                  0.66   data arrival time

                          0.00    0.00   clock CLK100MHZ (rise edge)
                          0.00    0.00   clock source latency
     1    0.02    0.00    0.00    0.00 ^ CLK100MHZ (in)
                                         CLK100MHZ (net)
                  0.00    0.00    0.00 ^ clkbuf_0_CLK100MHZ/A (sky130_fd_sc_hd__clkbuf_16)
     2    0.02    0.03    0.08    0.08 ^ clkbuf_0_CLK100MHZ/X (sky130_fd_sc_hd__clkbuf_16)
                                         clknet_0_CLK100MHZ (net)
                  0.03    0.00    0.08 ^ clkbuf_1_0__f_CLK100MHZ/A (sky130_fd_sc_hd__clkbuf_16)
    16    0.06    0.06    0.11    0.19 ^ clkbuf_1_0__f_CLK100MHZ/X (sky130_fd_sc_hd__clkbuf_16)
                                         clknet_1_0__leaf_CLK100MHZ (net)
                  0.06    0.00    0.19 ^ _448_/CLK (sky130_fd_sc_hd__dfxtp_1)
                          0.20    0.39   clock uncertainty
                          0.00    0.39   clock reconvergence pessimism
                         -0.02    0.37   library hold time
                                  0.37   data required time
-----------------------------------------------------------------------------
                                  0.37   data required time
                                 -0.66   data arrival time
-----------------------------------------------------------------------------
                                  0.29   slack (MET)


Startpoint: _437_ (rising edge-triggered flip-flop clocked by CLK100MHZ)
Endpoint: _437_ (rising edge-triggered flip-flop clocked by CLK100MHZ)
Path Group: CLK100MHZ
Path Type: min
Corner: Fastest

Fanout     Cap    Slew   Delay    Time   Description
-----------------------------------------------------------------------------
                          0.00    0.00   clock CLK100MHZ (rise edge)
                          0.00    0.00   clock source latency
     1    0.02    0.00    0.00    0.00 ^ CLK100MHZ (in)
                                         CLK100MHZ (net)
                  0.00    0.00    0.00 ^ clkbuf_0_CLK100MHZ/A (sky130_fd_sc_hd__clkbuf_16)
     2    0.02    0.03    0.08    0.08 ^ clkbuf_0_CLK100MHZ/X (sky130_fd_sc_hd__clkbuf_16)
                                         clknet_0_CLK100MHZ (net)
                  0.03    0.00    0.08 ^ clkbuf_1_0__f_CLK100MHZ/A (sky130_fd_sc_hd__clkbuf_16)
    16    0.06    0.06    0.11    0.19 ^ clkbuf_1_0__f_CLK100MHZ/X (sky130_fd_sc_hd__clkbuf_16)
                                         clknet_1_0__leaf_CLK100MHZ (net)
                  0.06    0.00    0.19 ^ _437_/CLK (sky130_fd_sc_hd__dfxtp_1)
     2    0.02    0.13    0.26    0.45 ^ _437_/Q (sky130_fd_sc_hd__dfxtp_1)
                                         rf.regs[25][0] (net)
                  0.13    0.00    0.45 ^ _365_/A0 (sky130_fd_sc_hd__mux2_1)
     1    0.01    0.07    0.12    0.58 ^ _365_/X (sky130_fd_sc_hd__mux2_1)
                                         _200_ (net)
                  0.07    0.00    0.58 ^ _366_/A (sky130_fd_sc_hd__clkbuf_1)
     1    0.01    0.07    0.08    0.66 ^ _366_/X (sky130_fd_sc_hd__clkbuf_1)
                                         _003_ (net)
                  0.07    0.00    0.66 ^ _437_/D (sky130_fd_sc_hd__dfxtp_1)
                                  0.66   data arrival time

                          0.00    0.00   clock CLK100MHZ (rise edge)
                          0.00    0.00   clock source latency
     1    0.02    0.00    0.00    0.00 ^ CLK100MHZ (in)
                                         CLK100MHZ (net)
                  0.00    0.00    0.00 ^ clkbuf_0_CLK100MHZ/A (sky130_fd_sc_hd__clkbuf_16)
     2    0.02    0.03    0.08    0.08 ^ clkbuf_0_CLK100MHZ/X (sky130_fd_sc_hd__clkbuf_16)
                                         clknet_0_CLK100MHZ (net)
                  0.03    0.00    0.08 ^ clkbuf_1_0__f_CLK100MHZ/A (sky130_fd_sc_hd__clkbuf_16)
    16    0.06    0.06    0.11    0.19 ^ clkbuf_1_0__f_CLK100MHZ/X (sky130_fd_sc_hd__clkbuf_16)
                                         clknet_1_0__leaf_CLK100MHZ (net)
                  0.06    0.00    0.19 ^ _437_/CLK (sky130_fd_sc_hd__dfxtp_1)
                          0.20    0.39   clock uncertainty
                          0.00    0.39   clock reconvergence pessimism
                         -0.02    0.37   library hold time
                                  0.37   data required time
-----------------------------------------------------------------------------
                                  0.37   data required time
                                 -0.66   data arrival time
-----------------------------------------------------------------------------
                                  0.29   slack (MET)


Startpoint: _444_ (rising edge-triggered flip-flop clocked by CLK100MHZ)
Endpoint: _444_ (rising edge-triggered flip-flop clocked by CLK100MHZ)
Path Group: CLK100MHZ
Path Type: min
Corner: Fastest

Fanout     Cap    Slew   Delay    Time   Description
-----------------------------------------------------------------------------
                          0.00    0.00   clock CLK100MHZ (rise edge)
                          0.00    0.00   clock source latency
     1    0.02    0.00    0.00    0.00 ^ CLK100MHZ (in)
                                         CLK100MHZ (net)
                  0.00    0.00    0.00 ^ clkbuf_0_CLK100MHZ/A (sky130_fd_sc_hd__clkbuf_16)
     2    0.02    0.03    0.08    0.08 ^ clkbuf_0_CLK100MHZ/X (sky130_fd_sc_hd__clkbuf_16)
                                         clknet_0_CLK100MHZ (net)
                  0.03    0.00    0.08 ^ clkbuf_1_1__f_CLK100MHZ/A (sky130_fd_sc_hd__clkbuf_16)
    13    0.06    0.06    0.11    0.18 ^ clkbuf_1_1__f_CLK100MHZ/X (sky130_fd_sc_hd__clkbuf_16)
                                         clknet_1_1__leaf_CLK100MHZ (net)
                  0.06    0.00    0.19 ^ _444_/CLK (sky130_fd_sc_hd__dfxtp_1)
     2    0.02    0.16    0.29    0.47 ^ _444_/Q (sky130_fd_sc_hd__dfxtp_1)
                                         rf.regs[15][2] (net)
                  0.16    0.00    0.47 ^ _391_/A0 (sky130_fd_sc_hd__mux2_1)
     1    0.00    0.03    0.10    0.57 ^ _391_/X (sky130_fd_sc_hd__mux2_1)
                                         _035_ (net)
                  0.03    0.00    0.57 ^ _392_/A (sky130_fd_sc_hd__clkbuf_1)
     1    0.01    0.10    0.10    0.66 ^ _392_/X (sky130_fd_sc_hd__clkbuf_1)
                                         _010_ (net)
                  0.10    0.00    0.67 ^ _444_/D (sky130_fd_sc_hd__dfxtp_1)
                                  0.67   data arrival time

                          0.00    0.00   clock CLK100MHZ (rise edge)
                          0.00    0.00   clock source latency
     1    0.02    0.00    0.00    0.00 ^ CLK100MHZ (in)
                                         CLK100MHZ (net)
                  0.00    0.00    0.00 ^ clkbuf_0_CLK100MHZ/A (sky130_fd_sc_hd__clkbuf_16)
     2    0.02    0.03    0.08    0.08 ^ clkbuf_0_CLK100MHZ/X (sky130_fd_sc_hd__clkbuf_16)
                                         clknet_0_CLK100MHZ (net)
                  0.03    0.00    0.08 ^ clkbuf_1_1__f_CLK100MHZ/A (sky130_fd_sc_hd__clkbuf_16)
    13    0.06    0.06    0.11    0.18 ^ clkbuf_1_1__f_CLK100MHZ/X (sky130_fd_sc_hd__clkbuf_16)
                                         clknet_1_1__leaf_CLK100MHZ (net)
                  0.06    0.00    0.19 ^ _444_/CLK (sky130_fd_sc_hd__dfxtp_1)
                          0.20    0.39   clock uncertainty
                          0.00    0.39   clock reconvergence pessimism
                         -0.02    0.37   library hold time
                                  0.37   data required time
-----------------------------------------------------------------------------
                                  0.37   data required time
                                 -0.67   data arrival time
-----------------------------------------------------------------------------
                                  0.30   slack (MET)


Startpoint: _451_ (rising edge-triggered flip-flop clocked by CLK100MHZ)
Endpoint: _451_ (rising edge-triggered flip-flop clocked by CLK100MHZ)
Path Group: CLK100MHZ
Path Type: min
Corner: Fastest

Fanout     Cap    Slew   Delay    Time   Description
-----------------------------------------------------------------------------
                          0.00    0.00   clock CLK100MHZ (rise edge)
                          0.00    0.00   clock source latency
     1    0.02    0.00    0.00    0.00 ^ CLK100MHZ (in)
                                         CLK100MHZ (net)
                  0.00    0.00    0.00 ^ clkbuf_0_CLK100MHZ/A (sky130_fd_sc_hd__clkbuf_16)
     2    0.02    0.03    0.08    0.08 ^ clkbuf_0_CLK100MHZ/X (sky130_fd_sc_hd__clkbuf_16)
                                         clknet_0_CLK100MHZ (net)
                  0.03    0.00    0.08 ^ clkbuf_1_0__f_CLK100MHZ/A (sky130_fd_sc_hd__clkbuf_16)
    16    0.06    0.06    0.11    0.19 ^ clkbuf_1_0__f_CLK100MHZ/X (sky130_fd_sc_hd__clkbuf_16)
                                         clknet_1_0__leaf_CLK100MHZ (net)
                  0.06    0.00    0.19 ^ _451_/CLK (sky130_fd_sc_hd__dfxtp_1)
     2    0.02    0.13    0.27    0.46 ^ _451_/Q (sky130_fd_sc_hd__dfxtp_1)
                                         rf.regs[10][4] (net)
                  0.13    0.00    0.46 ^ _408_/A1 (sky130_fd_sc_hd__mux2_1)
     1    0.01    0.06    0.12    0.58 ^ _408_/X (sky130_fd_sc_hd__mux2_1)
                                         _045_ (net)
                  0.06    0.00    0.58 ^ _409_/A (sky130_fd_sc_hd__clkbuf_1)
     1    0.01    0.08    0.09    0.67 ^ _409_/X (sky130_fd_sc_hd__clkbuf_1)
                                         _017_ (net)
                  0.08    0.00    0.67 ^ _451_/D (sky130_fd_sc_hd__dfxtp_1)
                                  0.67   data arrival time

                          0.00    0.00   clock CLK100MHZ (rise edge)
                          0.00    0.00   clock source latency
     1    0.02    0.00    0.00    0.00 ^ CLK100MHZ (in)
                                         CLK100MHZ (net)
                  0.00    0.00    0.00 ^ clkbuf_0_CLK100MHZ/A (sky130_fd_sc_hd__clkbuf_16)
     2    0.02    0.03    0.08    0.08 ^ clkbuf_0_CLK100MHZ/X (sky130_fd_sc_hd__clkbuf_16)
                                         clknet_0_CLK100MHZ (net)
                  0.03    0.00    0.08 ^ clkbuf_1_0__f_CLK100MHZ/A (sky130_fd_sc_hd__clkbuf_16)
    16    0.06    0.06    0.11    0.19 ^ clkbuf_1_0__f_CLK100MHZ/X (sky130_fd_sc_hd__clkbuf_16)
                                         clknet_1_0__leaf_CLK100MHZ (net)
                  0.06    0.00    0.19 ^ _451_/CLK (sky130_fd_sc_hd__dfxtp_1)
                          0.20    0.39   clock uncertainty
                          0.00    0.39   clock reconvergence pessimism
                         -0.02    0.37   library hold time
                                  0.37   data required time
-----------------------------------------------------------------------------
                                  0.37   data required time
                                 -0.67   data arrival time
-----------------------------------------------------------------------------
                                  0.30   slack (MET)


Startpoint: _456_ (rising edge-triggered flip-flop clocked by CLK100MHZ)
Endpoint: _456_ (rising edge-triggered flip-flop clocked by CLK100MHZ)
Path Group: CLK100MHZ
Path Type: min
Corner: Fastest

Fanout     Cap    Slew   Delay    Time   Description
-----------------------------------------------------------------------------
                          0.00    0.00   clock CLK100MHZ (rise edge)
                          0.00    0.00   clock source latency
     1    0.02    0.00    0.00    0.00 ^ CLK100MHZ (in)
                                         CLK100MHZ (net)
                  0.00    0.00    0.00 ^ clkbuf_0_CLK100MHZ/A (sky130_fd_sc_hd__clkbuf_16)
     2    0.02    0.03    0.08    0.08 ^ clkbuf_0_CLK100MHZ/X (sky130_fd_sc_hd__clkbuf_16)
                                         clknet_0_CLK100MHZ (net)
                  0.03    0.00    0.08 ^ clkbuf_1_1__f_CLK100MHZ/A (sky130_fd_sc_hd__clkbuf_16)
    13    0.06    0.06    0.11    0.18 ^ clkbuf_1_1__f_CLK100MHZ/X (sky130_fd_sc_hd__clkbuf_16)
                                         clknet_1_1__leaf_CLK100MHZ (net)
                  0.06    0.00    0.19 ^ _456_/CLK (sky130_fd_sc_hd__dfxtp_1)
     3    0.02    0.07    0.24    0.43 v _456_/Q (sky130_fd_sc_hd__dfxtp_1)
                                         rf.regs[0][4] (net)
                  0.07    0.00    0.43 v _420_/A (sky130_fd_sc_hd__and2_1)
     1    0.01    0.04    0.11    0.54 v _420_/X (sky130_fd_sc_hd__and2_1)
                                         _052_ (net)
                  0.04    0.00    0.54 v _421_/A (sky130_fd_sc_hd__clkbuf_1)
     1    0.02    0.07    0.10    0.65 v _421_/X (sky130_fd_sc_hd__clkbuf_1)
                                         _022_ (net)
                  0.07    0.00    0.65 v _456_/D (sky130_fd_sc_hd__dfxtp_1)
                                  0.65   data arrival time

                          0.00    0.00   clock CLK100MHZ (rise edge)
                          0.00    0.00   clock source latency
     1    0.02    0.00    0.00    0.00 ^ CLK100MHZ (in)
                                         CLK100MHZ (net)
                  0.00    0.00    0.00 ^ clkbuf_0_CLK100MHZ/A (sky130_fd_sc_hd__clkbuf_16)
     2    0.02    0.03    0.08    0.08 ^ clkbuf_0_CLK100MHZ/X (sky130_fd_sc_hd__clkbuf_16)
                                         clknet_0_CLK100MHZ (net)
                  0.03    0.00    0.08 ^ clkbuf_1_1__f_CLK100MHZ/A (sky130_fd_sc_hd__clkbuf_16)
    13    0.06    0.06    0.11    0.18 ^ clkbuf_1_1__f_CLK100MHZ/X (sky130_fd_sc_hd__clkbuf_16)
                                         clknet_1_1__leaf_CLK100MHZ (net)
                  0.06    0.00    0.19 ^ _456_/CLK (sky130_fd_sc_hd__dfxtp_1)
                          0.20    0.39   clock uncertainty
                          0.00    0.39   clock reconvergence pessimism
                         -0.05    0.33   library hold time
                                  0.33   data required time
-----------------------------------------------------------------------------
                                  0.33   data required time
                                 -0.65   data arrival time
-----------------------------------------------------------------------------
                                  0.31   slack (MET)


Startpoint: _460_ (rising edge-triggered flip-flop clocked by CLK100MHZ)
Endpoint: _460_ (rising edge-triggered flip-flop clocked by CLK100MHZ)
Path Group: CLK100MHZ
Path Type: min
Corner: Fastest

Fanout     Cap    Slew   Delay    Time   Description
-----------------------------------------------------------------------------
                          0.00    0.00   clock CLK100MHZ (rise edge)
                          0.00    0.00   clock source latency
     1    0.02    0.00    0.00    0.00 ^ CLK100MHZ (in)
                                         CLK100MHZ (net)
                  0.00    0.00    0.00 ^ clkbuf_0_CLK100MHZ/A (sky130_fd_sc_hd__clkbuf_16)
     2    0.02    0.03    0.08    0.08 ^ clkbuf_0_CLK100MHZ/X (sky130_fd_sc_hd__clkbuf_16)
                                         clknet_0_CLK100MHZ (net)
                  0.03    0.00    0.08 ^ clkbuf_1_0__f_CLK100MHZ/A (sky130_fd_sc_hd__clkbuf_16)
    16    0.06    0.06    0.11    0.19 ^ clkbuf_1_0__f_CLK100MHZ/X (sky130_fd_sc_hd__clkbuf_16)
                                         clknet_1_0__leaf_CLK100MHZ (net)
                  0.06    0.00    0.19 ^ _460_/CLK (sky130_fd_sc_hd__dfxtp_1)
     2    0.02    0.14    0.27    0.46 ^ _460_/Q (sky130_fd_sc_hd__dfxtp_1)
                                         rf.regs[5][3] (net)
                  0.14    0.00    0.46 ^ _430_/A0 (sky130_fd_sc_hd__mux2_1)
     1    0.00    0.03    0.10    0.56 ^ _430_/X (sky130_fd_sc_hd__mux2_1)
                                         _058_ (net)
                  0.03    0.00    0.56 ^ _431_/A (sky130_fd_sc_hd__buf_1)
     1    0.02    0.14    0.13    0.68 ^ _431_/X (sky130_fd_sc_hd__buf_1)
                                         _026_ (net)
                  0.14    0.00    0.69 ^ _460_/D (sky130_fd_sc_hd__dfxtp_1)
                                  0.69   data arrival time

                          0.00    0.00   clock CLK100MHZ (rise edge)
                          0.00    0.00   clock source latency
     1    0.02    0.00    0.00    0.00 ^ CLK100MHZ (in)
                                         CLK100MHZ (net)
                  0.00    0.00    0.00 ^ clkbuf_0_CLK100MHZ/A (sky130_fd_sc_hd__clkbuf_16)
     2    0.02    0.03    0.08    0.08 ^ clkbuf_0_CLK100MHZ/X (sky130_fd_sc_hd__clkbuf_16)
                                         clknet_0_CLK100MHZ (net)
                  0.03    0.00    0.08 ^ clkbuf_1_0__f_CLK100MHZ/A (sky130_fd_sc_hd__clkbuf_16)
    16    0.06    0.06    0.11    0.19 ^ clkbuf_1_0__f_CLK100MHZ/X (sky130_fd_sc_hd__clkbuf_16)
                                         clknet_1_0__leaf_CLK100MHZ (net)
                  0.06    0.00    0.19 ^ _460_/CLK (sky130_fd_sc_hd__dfxtp_1)
                          0.20    0.39   clock uncertainty
                          0.00    0.39   clock reconvergence pessimism
                         -0.02    0.36   library hold time
                                  0.36   data required time
-----------------------------------------------------------------------------
                                  0.36   data required time
                                 -0.69   data arrival time
-----------------------------------------------------------------------------
                                  0.32   slack (MET)


Startpoint: _450_ (rising edge-triggered flip-flop clocked by CLK100MHZ)
Endpoint: _450_ (rising edge-triggered flip-flop clocked by CLK100MHZ)
Path Group: CLK100MHZ
Path Type: min
Corner: Fastest

Fanout     Cap    Slew   Delay    Time   Description
-----------------------------------------------------------------------------
                          0.00    0.00   clock CLK100MHZ (rise edge)
                          0.00    0.00   clock source latency
     1    0.02    0.00    0.00    0.00 ^ CLK100MHZ (in)
                                         CLK100MHZ (net)
                  0.00    0.00    0.00 ^ clkbuf_0_CLK100MHZ/A (sky130_fd_sc_hd__clkbuf_16)
     2    0.02    0.03    0.08    0.08 ^ clkbuf_0_CLK100MHZ/X (sky130_fd_sc_hd__clkbuf_16)
                                         clknet_0_CLK100MHZ (net)
                  0.03    0.00    0.08 ^ clkbuf_1_0__f_CLK100MHZ/A (sky130_fd_sc_hd__clkbuf_16)
    16    0.06    0.06    0.11    0.19 ^ clkbuf_1_0__f_CLK100MHZ/X (sky130_fd_sc_hd__clkbuf_16)
                                         clknet_1_0__leaf_CLK100MHZ (net)
                  0.06    0.00    0.19 ^ _450_/CLK (sky130_fd_sc_hd__dfxtp_1)
     2    0.03    0.19    0.30    0.49 ^ _450_/Q (sky130_fd_sc_hd__dfxtp_1)
                                         rf.regs[10][3] (net)
                  0.19    0.00    0.49 ^ _406_/A1 (sky130_fd_sc_hd__mux2_1)
     1    0.01    0.04    0.11    0.61 ^ _406_/X (sky130_fd_sc_hd__mux2_1)
                                         _044_ (net)
                  0.04    0.00    0.61 ^ _407_/A (sky130_fd_sc_hd__clkbuf_1)
     1    0.01    0.08    0.09    0.69 ^ _407_/X (sky130_fd_sc_hd__clkbuf_1)
                                         _016_ (net)
                  0.08    0.00    0.70 ^ _450_/D (sky130_fd_sc_hd__dfxtp_1)
                                  0.70   data arrival time

                          0.00    0.00   clock CLK100MHZ (rise edge)
                          0.00    0.00   clock source latency
     1    0.02    0.00    0.00    0.00 ^ CLK100MHZ (in)
                                         CLK100MHZ (net)
                  0.00    0.00    0.00 ^ clkbuf_0_CLK100MHZ/A (sky130_fd_sc_hd__clkbuf_16)
     2    0.02    0.03    0.08    0.08 ^ clkbuf_0_CLK100MHZ/X (sky130_fd_sc_hd__clkbuf_16)
                                         clknet_0_CLK100MHZ (net)
                  0.03    0.00    0.08 ^ clkbuf_1_0__f_CLK100MHZ/A (sky130_fd_sc_hd__clkbuf_16)
    16    0.06    0.06    0.11    0.19 ^ clkbuf_1_0__f_CLK100MHZ/X (sky130_fd_sc_hd__clkbuf_16)
                                         clknet_1_0__leaf_CLK100MHZ (net)
                  0.06    0.00    0.19 ^ _450_/CLK (sky130_fd_sc_hd__dfxtp_1)
                          0.20    0.39   clock uncertainty
                          0.00    0.39   clock reconvergence pessimism
                         -0.02    0.37   library hold time
                                  0.37   data required time
-----------------------------------------------------------------------------
                                  0.37   data required time
                                 -0.70   data arrival time
-----------------------------------------------------------------------------
                                  0.33   slack (MET)


Startpoint: _442_ (rising edge-triggered flip-flop clocked by CLK100MHZ)
Endpoint: _442_ (rising edge-triggered flip-flop clocked by CLK100MHZ)
Path Group: CLK100MHZ
Path Type: min
Corner: Fastest

Fanout     Cap    Slew   Delay    Time   Description
-----------------------------------------------------------------------------
                          0.00    0.00   clock CLK100MHZ (rise edge)
                          0.00    0.00   clock source latency
     1    0.02    0.00    0.00    0.00 ^ CLK100MHZ (in)
                                         CLK100MHZ (net)
                  0.00    0.00    0.00 ^ clkbuf_0_CLK100MHZ/A (sky130_fd_sc_hd__clkbuf_16)
     2    0.02    0.03    0.08    0.08 ^ clkbuf_0_CLK100MHZ/X (sky130_fd_sc_hd__clkbuf_16)
                                         clknet_0_CLK100MHZ (net)
                  0.03    0.00    0.08 ^ clkbuf_1_1__f_CLK100MHZ/A (sky130_fd_sc_hd__clkbuf_16)
    13    0.06    0.06    0.11    0.18 ^ clkbuf_1_1__f_CLK100MHZ/X (sky130_fd_sc_hd__clkbuf_16)
                                         clknet_1_1__leaf_CLK100MHZ (net)
                  0.06    0.00    0.19 ^ _442_/CLK (sky130_fd_sc_hd__dfxtp_1)
     2    0.02    0.15    0.28    0.47 ^ _442_/Q (sky130_fd_sc_hd__dfxtp_1)
                                         rf.regs[15][0] (net)
                  0.15    0.00    0.47 ^ _387_/A0 (sky130_fd_sc_hd__mux2_1)
     1    0.01    0.09    0.14    0.61 ^ _387_/X (sky130_fd_sc_hd__mux2_1)
                                         _033_ (net)
                  0.09    0.00    0.61 ^ _388_/A (sky130_fd_sc_hd__clkbuf_1)
     1    0.01    0.07    0.08    0.69 ^ _388_/X (sky130_fd_sc_hd__clkbuf_1)
                                         _008_ (net)
                  0.07    0.00    0.69 ^ _442_/D (sky130_fd_sc_hd__dfxtp_1)
                                  0.69   data arrival time

                          0.00    0.00   clock CLK100MHZ (rise edge)
                          0.00    0.00   clock source latency
     1    0.02    0.00    0.00    0.00 ^ CLK100MHZ (in)
                                         CLK100MHZ (net)
                  0.00    0.00    0.00 ^ clkbuf_0_CLK100MHZ/A (sky130_fd_sc_hd__clkbuf_16)
     2    0.02    0.03    0.08    0.08 ^ clkbuf_0_CLK100MHZ/X (sky130_fd_sc_hd__clkbuf_16)
                                         clknet_0_CLK100MHZ (net)
                  0.03    0.00    0.08 ^ clkbuf_1_1__f_CLK100MHZ/A (sky130_fd_sc_hd__clkbuf_16)
    13    0.06    0.06    0.11    0.18 ^ clkbuf_1_1__f_CLK100MHZ/X (sky130_fd_sc_hd__clkbuf_16)
                                         clknet_1_1__leaf_CLK100MHZ (net)
                  0.06    0.00    0.19 ^ _442_/CLK (sky130_fd_sc_hd__dfxtp_1)
                          0.20    0.39   clock uncertainty
                          0.00    0.39   clock reconvergence pessimism
                         -0.02    0.37   library hold time
                                  0.37   data required time
-----------------------------------------------------------------------------
                                  0.37   data required time
                                 -0.69   data arrival time
-----------------------------------------------------------------------------
                                  0.33   slack (MET)


Startpoint: _446_ (rising edge-triggered flip-flop clocked by CLK100MHZ)
Endpoint: _446_ (rising edge-triggered flip-flop clocked by CLK100MHZ)
Path Group: CLK100MHZ
Path Type: min
Corner: Fastest

Fanout     Cap    Slew   Delay    Time   Description
-----------------------------------------------------------------------------
                          0.00    0.00   clock CLK100MHZ (rise edge)
                          0.00    0.00   clock source latency
     1    0.02    0.00    0.00    0.00 ^ CLK100MHZ (in)
                                         CLK100MHZ (net)
                  0.00    0.00    0.00 ^ clkbuf_0_CLK100MHZ/A (sky130_fd_sc_hd__clkbuf_16)
     2    0.02    0.03    0.08    0.08 ^ clkbuf_0_CLK100MHZ/X (sky130_fd_sc_hd__clkbuf_16)
                                         clknet_0_CLK100MHZ (net)
                  0.03    0.00    0.08 ^ clkbuf_1_1__f_CLK100MHZ/A (sky130_fd_sc_hd__clkbuf_16)
    13    0.06    0.06    0.11    0.18 ^ clkbuf_1_1__f_CLK100MHZ/X (sky130_fd_sc_hd__clkbuf_16)
                                         clknet_1_1__leaf_CLK100MHZ (net)
                  0.06    0.00    0.19 ^ _446_/CLK (sky130_fd_sc_hd__dfxtp_1)
     2    0.02    0.13    0.26    0.45 ^ _446_/Q (sky130_fd_sc_hd__dfxtp_1)
                                         rf.regs[15][4] (net)
                  0.13    0.00    0.45 ^ _395_/A0 (sky130_fd_sc_hd__mux2_1)
     1    0.01    0.09    0.14    0.59 ^ _395_/X (sky130_fd_sc_hd__mux2_1)
                                         _037_ (net)
                  0.09    0.00    0.59 ^ _396_/A (sky130_fd_sc_hd__clkbuf_1)
     1    0.01    0.10    0.11    0.69 ^ _396_/X (sky130_fd_sc_hd__clkbuf_1)
                                         _012_ (net)
                  0.10    0.00    0.69 ^ _446_/D (sky130_fd_sc_hd__dfxtp_1)
                                  0.69   data arrival time

                          0.00    0.00   clock CLK100MHZ (rise edge)
                          0.00    0.00   clock source latency
     1    0.02    0.00    0.00    0.00 ^ CLK100MHZ (in)
                                         CLK100MHZ (net)
                  0.00    0.00    0.00 ^ clkbuf_0_CLK100MHZ/A (sky130_fd_sc_hd__clkbuf_16)
     2    0.02    0.03    0.08    0.08 ^ clkbuf_0_CLK100MHZ/X (sky130_fd_sc_hd__clkbuf_16)
                                         clknet_0_CLK100MHZ (net)
                  0.03    0.00    0.08 ^ clkbuf_1_1__f_CLK100MHZ/A (sky130_fd_sc_hd__clkbuf_16)
    13    0.06    0.06    0.11    0.18 ^ clkbuf_1_1__f_CLK100MHZ/X (sky130_fd_sc_hd__clkbuf_16)
                                         clknet_1_1__leaf_CLK100MHZ (net)
                  0.06    0.00    0.19 ^ _446_/CLK (sky130_fd_sc_hd__dfxtp_1)
                          0.20    0.39   clock uncertainty
                          0.00    0.39   clock reconvergence pessimism
                         -0.02    0.36   library hold time
                                  0.36   data required time
-----------------------------------------------------------------------------
                                  0.36   data required time
                                 -0.69   data arrival time
-----------------------------------------------------------------------------
                                  0.33   slack (MET)


Startpoint: _452_ (rising edge-triggered flip-flop clocked by CLK100MHZ)
Endpoint: _452_ (rising edge-triggered flip-flop clocked by CLK100MHZ)
Path Group: CLK100MHZ
Path Type: min
Corner: Fastest

Fanout     Cap    Slew   Delay    Time   Description
-----------------------------------------------------------------------------
                          0.00    0.00   clock CLK100MHZ (rise edge)
                          0.00    0.00   clock source latency
     1    0.02    0.00    0.00    0.00 ^ CLK100MHZ (in)
                                         CLK100MHZ (net)
                  0.00    0.00    0.00 ^ clkbuf_0_CLK100MHZ/A (sky130_fd_sc_hd__clkbuf_16)
     2    0.02    0.03    0.08    0.08 ^ clkbuf_0_CLK100MHZ/X (sky130_fd_sc_hd__clkbuf_16)
                                         clknet_0_CLK100MHZ (net)
                  0.03    0.00    0.08 ^ clkbuf_1_1__f_CLK100MHZ/A (sky130_fd_sc_hd__clkbuf_16)
    13    0.06    0.06    0.11    0.18 ^ clkbuf_1_1__f_CLK100MHZ/X (sky130_fd_sc_hd__clkbuf_16)
                                         clknet_1_1__leaf_CLK100MHZ (net)
                  0.06    0.00    0.19 ^ _452_/CLK (sky130_fd_sc_hd__dfxtp_1)
     3    0.03    0.11    0.27    0.45 v _452_/Q (sky130_fd_sc_hd__dfxtp_1)
                                         rf.regs[0][0] (net)
                  0.11    0.00    0.46 v _412_/A (sky130_fd_sc_hd__and2_1)
     1    0.02    0.07    0.16    0.62 v _412_/X (sky130_fd_sc_hd__and2_1)
                                         _048_ (net)
                  0.07    0.00    0.62 v _413_/A (sky130_fd_sc_hd__clkbuf_1)
     1    0.00    0.03    0.08    0.70 v _413_/X (sky130_fd_sc_hd__clkbuf_1)
                                         _018_ (net)
                  0.03    0.00    0.70 v _452_/D (sky130_fd_sc_hd__dfxtp_1)
                                  0.70   data arrival time

                          0.00    0.00   clock CLK100MHZ (rise edge)
                          0.00    0.00   clock source latency
     1    0.02    0.00    0.00    0.00 ^ CLK100MHZ (in)
                                         CLK100MHZ (net)
                  0.00    0.00    0.00 ^ clkbuf_0_CLK100MHZ/A (sky130_fd_sc_hd__clkbuf_16)
     2    0.02    0.03    0.08    0.08 ^ clkbuf_0_CLK100MHZ/X (sky130_fd_sc_hd__clkbuf_16)
                                         clknet_0_CLK100MHZ (net)
                  0.03    0.00    0.08 ^ clkbuf_1_1__f_CLK100MHZ/A (sky130_fd_sc_hd__clkbuf_16)
    13    0.06    0.06    0.11    0.18 ^ clkbuf_1_1__f_CLK100MHZ/X (sky130_fd_sc_hd__clkbuf_16)
                                         clknet_1_1__leaf_CLK100MHZ (net)
                  0.06    0.00    0.19 ^ _452_/CLK (sky130_fd_sc_hd__dfxtp_1)
                          0.20    0.39   clock uncertainty
                          0.00    0.39   clock reconvergence pessimism
                         -0.04    0.35   library hold time
                                  0.35   data required time
-----------------------------------------------------------------------------
                                  0.35   data required time
                                 -0.70   data arrival time
-----------------------------------------------------------------------------
                                  0.35   slack (MET)


Startpoint: _454_ (rising edge-triggered flip-flop clocked by CLK100MHZ)
Endpoint: _454_ (rising edge-triggered flip-flop clocked by CLK100MHZ)
Path Group: CLK100MHZ
Path Type: min
Corner: Fastest

Fanout     Cap    Slew   Delay    Time   Description
-----------------------------------------------------------------------------
                          0.00    0.00   clock CLK100MHZ (rise edge)
                          0.00    0.00   clock source latency
     1    0.02    0.00    0.00    0.00 ^ CLK100MHZ (in)
                                         CLK100MHZ (net)
                  0.00    0.00    0.00 ^ clkbuf_0_CLK100MHZ/A (sky130_fd_sc_hd__clkbuf_16)
     2    0.02    0.03    0.08    0.08 ^ clkbuf_0_CLK100MHZ/X (sky130_fd_sc_hd__clkbuf_16)
                                         clknet_0_CLK100MHZ (net)
                  0.03    0.00    0.08 ^ clkbuf_1_0__f_CLK100MHZ/A (sky130_fd_sc_hd__clkbuf_16)
    16    0.06    0.06    0.11    0.19 ^ clkbuf_1_0__f_CLK100MHZ/X (sky130_fd_sc_hd__clkbuf_16)
                                         clknet_1_0__leaf_CLK100MHZ (net)
                  0.06    0.00    0.19 ^ _454_/CLK (sky130_fd_sc_hd__dfxtp_1)
     3    0.02    0.07    0.24    0.43 v _454_/Q (sky130_fd_sc_hd__dfxtp_1)
                                         rf.regs[0][2] (net)
                  0.07    0.00    0.43 v _416_/A (sky130_fd_sc_hd__and2_1)
     1    0.02    0.08    0.15    0.58 v _416_/X (sky130_fd_sc_hd__and2_1)
                                         _050_ (net)
                  0.08    0.00    0.58 v _417_/A (sky130_fd_sc_hd__buf_1)
     1    0.01    0.06    0.11    0.69 v _417_/X (sky130_fd_sc_hd__buf_1)
                                         _020_ (net)
                  0.06    0.00    0.69 v _454_/D (sky130_fd_sc_hd__dfxtp_1)
                                  0.69   data arrival time

                          0.00    0.00   clock CLK100MHZ (rise edge)
                          0.00    0.00   clock source latency
     1    0.02    0.00    0.00    0.00 ^ CLK100MHZ (in)
                                         CLK100MHZ (net)
                  0.00    0.00    0.00 ^ clkbuf_0_CLK100MHZ/A (sky130_fd_sc_hd__clkbuf_16)
     2    0.02    0.03    0.08    0.08 ^ clkbuf_0_CLK100MHZ/X (sky130_fd_sc_hd__clkbuf_16)
                                         clknet_0_CLK100MHZ (net)
                  0.03    0.00    0.08 ^ clkbuf_1_0__f_CLK100MHZ/A (sky130_fd_sc_hd__clkbuf_16)
    16    0.06    0.06    0.11    0.19 ^ clkbuf_1_0__f_CLK100MHZ/X (sky130_fd_sc_hd__clkbuf_16)
                                         clknet_1_0__leaf_CLK100MHZ (net)
                  0.06    0.00    0.19 ^ _454_/CLK (sky130_fd_sc_hd__dfxtp_1)
                          0.20    0.39   clock uncertainty
                          0.00    0.39   clock reconvergence pessimism
                         -0.05    0.34   library hold time
                                  0.34   data required time
-----------------------------------------------------------------------------
                                  0.34   data required time
                                 -0.69   data arrival time
-----------------------------------------------------------------------------
                                  0.35   slack (MET)


Startpoint: _439_ (rising edge-triggered flip-flop clocked by CLK100MHZ)
Endpoint: _439_ (rising edge-triggered flip-flop clocked by CLK100MHZ)
Path Group: CLK100MHZ
Path Type: min
Corner: Fastest

Fanout     Cap    Slew   Delay    Time   Description
-----------------------------------------------------------------------------
                          0.00    0.00   clock CLK100MHZ (rise edge)
                          0.00    0.00   clock source latency
     1    0.02    0.00    0.00    0.00 ^ CLK100MHZ (in)
                                         CLK100MHZ (net)
                  0.00    0.00    0.00 ^ clkbuf_0_CLK100MHZ/A (sky130_fd_sc_hd__clkbuf_16)
     2    0.02    0.03    0.08    0.08 ^ clkbuf_0_CLK100MHZ/X (sky130_fd_sc_hd__clkbuf_16)
                                         clknet_0_CLK100MHZ (net)
                  0.03    0.00    0.08 ^ clkbuf_1_1__f_CLK100MHZ/A (sky130_fd_sc_hd__clkbuf_16)
    13    0.06    0.06    0.11    0.18 ^ clkbuf_1_1__f_CLK100MHZ/X (sky130_fd_sc_hd__clkbuf_16)
                                         clknet_1_1__leaf_CLK100MHZ (net)
                  0.06    0.00    0.19 ^ _439_/CLK (sky130_fd_sc_hd__dfxtp_1)
     2    0.01    0.10    0.24    0.43 ^ _439_/Q (sky130_fd_sc_hd__dfxtp_1)
                                         rf.regs[25][2] (net)
                  0.10    0.00    0.43 ^ _369_/A0 (sky130_fd_sc_hd__mux2_1)
     1    0.02    0.15    0.18    0.61 ^ _369_/X (sky130_fd_sc_hd__mux2_1)
                                         _202_ (net)
                  0.15    0.00    0.61 ^ _370_/A (sky130_fd_sc_hd__clkbuf_1)
     1    0.01    0.10    0.11    0.72 ^ _370_/X (sky130_fd_sc_hd__clkbuf_1)
                                         _005_ (net)
                  0.10    0.00    0.72 ^ _439_/D (sky130_fd_sc_hd__dfxtp_1)
                                  0.72   data arrival time

                          0.00    0.00   clock CLK100MHZ (rise edge)
                          0.00    0.00   clock source latency
     1    0.02    0.00    0.00    0.00 ^ CLK100MHZ (in)
                                         CLK100MHZ (net)
                  0.00    0.00    0.00 ^ clkbuf_0_CLK100MHZ/A (sky130_fd_sc_hd__clkbuf_16)
     2    0.02    0.03    0.08    0.08 ^ clkbuf_0_CLK100MHZ/X (sky130_fd_sc_hd__clkbuf_16)
                                         clknet_0_CLK100MHZ (net)
                  0.03    0.00    0.08 ^ clkbuf_1_1__f_CLK100MHZ/A (sky130_fd_sc_hd__clkbuf_16)
    13    0.06    0.06    0.11    0.18 ^ clkbuf_1_1__f_CLK100MHZ/X (sky130_fd_sc_hd__clkbuf_16)
                                         clknet_1_1__leaf_CLK100MHZ (net)
                  0.06    0.00    0.19 ^ _439_/CLK (sky130_fd_sc_hd__dfxtp_1)
                          0.20    0.39   clock uncertainty
                          0.00    0.39   clock reconvergence pessimism
                         -0.02    0.36   library hold time
                                  0.36   data required time
-----------------------------------------------------------------------------
                                  0.36   data required time
                                 -0.72   data arrival time
-----------------------------------------------------------------------------
                                  0.36   slack (MET)


Startpoint: _459_ (rising edge-triggered flip-flop clocked by CLK100MHZ)
Endpoint: _459_ (rising edge-triggered flip-flop clocked by CLK100MHZ)
Path Group: CLK100MHZ
Path Type: min
Corner: Fastest

Fanout     Cap    Slew   Delay    Time   Description
-----------------------------------------------------------------------------
                          0.00    0.00   clock CLK100MHZ (rise edge)
                          0.00    0.00   clock source latency
     1    0.02    0.00    0.00    0.00 ^ CLK100MHZ (in)
                                         CLK100MHZ (net)
                  0.00    0.00    0.00 ^ clkbuf_0_CLK100MHZ/A (sky130_fd_sc_hd__clkbuf_16)
     2    0.02    0.03    0.08    0.08 ^ clkbuf_0_CLK100MHZ/X (sky130_fd_sc_hd__clkbuf_16)
                                         clknet_0_CLK100MHZ (net)
                  0.03    0.00    0.08 ^ clkbuf_1_0__f_CLK100MHZ/A (sky130_fd_sc_hd__clkbuf_16)
    16    0.06    0.06    0.11    0.19 ^ clkbuf_1_0__f_CLK100MHZ/X (sky130_fd_sc_hd__clkbuf_16)
                                         clknet_1_0__leaf_CLK100MHZ (net)
                  0.06    0.00    0.19 ^ _459_/CLK (sky130_fd_sc_hd__dfxtp_1)
     2    0.03    0.18    0.30    0.49 ^ _459_/Q (sky130_fd_sc_hd__dfxtp_1)
                                         rf.regs[5][2] (net)
                  0.18    0.00    0.49 ^ _428_/A0 (sky130_fd_sc_hd__mux2_1)
     1    0.01    0.07    0.13    0.62 ^ _428_/X (sky130_fd_sc_hd__mux2_1)
                                         _057_ (net)
                  0.07    0.00    0.62 ^ _429_/A (sky130_fd_sc_hd__buf_1)
     1    0.01    0.12    0.11    0.73 ^ _429_/X (sky130_fd_sc_hd__buf_1)
                                         _025_ (net)
                  0.12    0.00    0.74 ^ _459_/D (sky130_fd_sc_hd__dfxtp_1)
                                  0.74   data arrival time

                          0.00    0.00   clock CLK100MHZ (rise edge)
                          0.00    0.00   clock source latency
     1    0.02    0.00    0.00    0.00 ^ CLK100MHZ (in)
                                         CLK100MHZ (net)
                  0.00    0.00    0.00 ^ clkbuf_0_CLK100MHZ/A (sky130_fd_sc_hd__clkbuf_16)
     2    0.02    0.03    0.08    0.08 ^ clkbuf_0_CLK100MHZ/X (sky130_fd_sc_hd__clkbuf_16)
                                         clknet_0_CLK100MHZ (net)
                  0.03    0.00    0.08 ^ clkbuf_1_0__f_CLK100MHZ/A (sky130_fd_sc_hd__clkbuf_16)
    16    0.06    0.06    0.11    0.19 ^ clkbuf_1_0__f_CLK100MHZ/X (sky130_fd_sc_hd__clkbuf_16)
                                         clknet_1_0__leaf_CLK100MHZ (net)
                  0.06    0.00    0.19 ^ _459_/CLK (sky130_fd_sc_hd__dfxtp_1)
                          0.20    0.39   clock uncertainty
                          0.00    0.39   clock reconvergence pessimism
                         -0.02    0.37   library hold time
                                  0.37   data required time
-----------------------------------------------------------------------------
                                  0.37   data required time
                                 -0.74   data arrival time
-----------------------------------------------------------------------------
                                  0.37   slack (MET)


Startpoint: _457_ (rising edge-triggered flip-flop clocked by CLK100MHZ)
Endpoint: _457_ (rising edge-triggered flip-flop clocked by CLK100MHZ)
Path Group: CLK100MHZ
Path Type: min
Corner: Fastest

Fanout     Cap    Slew   Delay    Time   Description
-----------------------------------------------------------------------------
                          0.00    0.00   clock CLK100MHZ (rise edge)
                          0.00    0.00   clock source latency
     1    0.02    0.00    0.00    0.00 ^ CLK100MHZ (in)
                                         CLK100MHZ (net)
                  0.00    0.00    0.00 ^ clkbuf_0_CLK100MHZ/A (sky130_fd_sc_hd__clkbuf_16)
     2    0.02    0.03    0.08    0.08 ^ clkbuf_0_CLK100MHZ/X (sky130_fd_sc_hd__clkbuf_16)
                                         clknet_0_CLK100MHZ (net)
                  0.03    0.00    0.08 ^ clkbuf_1_1__f_CLK100MHZ/A (sky130_fd_sc_hd__clkbuf_16)
    13    0.06    0.06    0.11    0.18 ^ clkbuf_1_1__f_CLK100MHZ/X (sky130_fd_sc_hd__clkbuf_16)
                                         clknet_1_1__leaf_CLK100MHZ (net)
                  0.06    0.00    0.19 ^ _457_/CLK (sky130_fd_sc_hd__dfxtp_1)
     2    0.02    0.14    0.27    0.46 ^ _457_/Q (sky130_fd_sc_hd__dfxtp_1)
                                         rf.regs[5][0] (net)
                  0.14    0.00    0.46 ^ _424_/A0 (sky130_fd_sc_hd__mux2_1)
     1    0.01    0.09    0.14    0.59 ^ _424_/X (sky130_fd_sc_hd__mux2_1)
                                         _055_ (net)
                  0.09    0.00    0.59 ^ _425_/A (sky130_fd_sc_hd__clkbuf_1)
     1    0.02    0.15    0.14    0.74 ^ _425_/X (sky130_fd_sc_hd__clkbuf_1)
                                         _023_ (net)
                  0.15    0.00    0.74 ^ _457_/D (sky130_fd_sc_hd__dfxtp_1)
                                  0.74   data arrival time

                          0.00    0.00   clock CLK100MHZ (rise edge)
                          0.00    0.00   clock source latency
     1    0.02    0.00    0.00    0.00 ^ CLK100MHZ (in)
                                         CLK100MHZ (net)
                  0.00    0.00    0.00 ^ clkbuf_0_CLK100MHZ/A (sky130_fd_sc_hd__clkbuf_16)
     2    0.02    0.03    0.08    0.08 ^ clkbuf_0_CLK100MHZ/X (sky130_fd_sc_hd__clkbuf_16)
                                         clknet_0_CLK100MHZ (net)
                  0.03    0.00    0.08 ^ clkbuf_1_1__f_CLK100MHZ/A (sky130_fd_sc_hd__clkbuf_16)
    13    0.06    0.06    0.11    0.18 ^ clkbuf_1_1__f_CLK100MHZ/X (sky130_fd_sc_hd__clkbuf_16)
                                         clknet_1_1__leaf_CLK100MHZ (net)
                  0.06    0.00    0.19 ^ _457_/CLK (sky130_fd_sc_hd__dfxtp_1)
                          0.20    0.39   clock uncertainty
                          0.00    0.39   clock reconvergence pessimism
                         -0.03    0.36   library hold time
                                  0.36   data required time
-----------------------------------------------------------------------------
                                  0.36   data required time
                                 -0.74   data arrival time
-----------------------------------------------------------------------------
                                  0.38   slack (MET)


Startpoint: _438_ (rising edge-triggered flip-flop clocked by CLK100MHZ)
Endpoint: _438_ (rising edge-triggered flip-flop clocked by CLK100MHZ)
Path Group: CLK100MHZ
Path Type: min
Corner: Fastest

Fanout     Cap    Slew   Delay    Time   Description
-----------------------------------------------------------------------------
                          0.00    0.00   clock CLK100MHZ (rise edge)
                          0.00    0.00   clock source latency
     1    0.02    0.00    0.00    0.00 ^ CLK100MHZ (in)
                                         CLK100MHZ (net)
                  0.00    0.00    0.00 ^ clkbuf_0_CLK100MHZ/A (sky130_fd_sc_hd__clkbuf_16)
     2    0.02    0.03    0.08    0.08 ^ clkbuf_0_CLK100MHZ/X (sky130_fd_sc_hd__clkbuf_16)
                                         clknet_0_CLK100MHZ (net)
                  0.03    0.00    0.08 ^ clkbuf_1_1__f_CLK100MHZ/A (sky130_fd_sc_hd__clkbuf_16)
    13    0.06    0.06    0.11    0.18 ^ clkbuf_1_1__f_CLK100MHZ/X (sky130_fd_sc_hd__clkbuf_16)
                                         clknet_1_1__leaf_CLK100MHZ (net)
                  0.06    0.00    0.19 ^ _438_/CLK (sky130_fd_sc_hd__dfxtp_1)
     3    0.03    0.20    0.31    0.50 ^ _438_/Q (sky130_fd_sc_hd__dfxtp_1)
                                         rf.regs[25][1] (net)
                  0.20    0.00    0.50 ^ _367_/A0 (sky130_fd_sc_hd__mux2_1)
     1    0.01    0.09    0.15    0.64 ^ _367_/X (sky130_fd_sc_hd__mux2_1)
                                         _201_ (net)
                  0.09    0.00    0.65 ^ _368_/A (sky130_fd_sc_hd__clkbuf_1)
     1    0.01    0.10    0.11    0.75 ^ _368_/X (sky130_fd_sc_hd__clkbuf_1)
                                         _004_ (net)
                  0.10    0.00    0.75 ^ _438_/D (sky130_fd_sc_hd__dfxtp_1)
                                  0.75   data arrival time

                          0.00    0.00   clock CLK100MHZ (rise edge)
                          0.00    0.00   clock source latency
     1    0.02    0.00    0.00    0.00 ^ CLK100MHZ (in)
                                         CLK100MHZ (net)
                  0.00    0.00    0.00 ^ clkbuf_0_CLK100MHZ/A (sky130_fd_sc_hd__clkbuf_16)
     2    0.02    0.03    0.08    0.08 ^ clkbuf_0_CLK100MHZ/X (sky130_fd_sc_hd__clkbuf_16)
                                         clknet_0_CLK100MHZ (net)
                  0.03    0.00    0.08 ^ clkbuf_1_1__f_CLK100MHZ/A (sky130_fd_sc_hd__clkbuf_16)
    13    0.06    0.06    0.11    0.18 ^ clkbuf_1_1__f_CLK100MHZ/X (sky130_fd_sc_hd__clkbuf_16)
                                         clknet_1_1__leaf_CLK100MHZ (net)
                  0.06    0.00    0.19 ^ _438_/CLK (sky130_fd_sc_hd__dfxtp_1)
                          0.20    0.39   clock uncertainty
                          0.00    0.39   clock reconvergence pessimism
                         -0.02    0.36   library hold time
                                  0.36   data required time
-----------------------------------------------------------------------------
                                  0.36   data required time
                                 -0.75   data arrival time
-----------------------------------------------------------------------------
                                  0.39   slack (MET)


Startpoint: _443_ (rising edge-triggered flip-flop clocked by CLK100MHZ)
Endpoint: _443_ (rising edge-triggered flip-flop clocked by CLK100MHZ)
Path Group: CLK100MHZ
Path Type: min
Corner: Fastest

Fanout     Cap    Slew   Delay    Time   Description
-----------------------------------------------------------------------------
                          0.00    0.00   clock CLK100MHZ (rise edge)
                          0.00    0.00   clock source latency
     1    0.02    0.00    0.00    0.00 ^ CLK100MHZ (in)
                                         CLK100MHZ (net)
                  0.00    0.00    0.00 ^ clkbuf_0_CLK100MHZ/A (sky130_fd_sc_hd__clkbuf_16)
     2    0.02    0.03    0.08    0.08 ^ clkbuf_0_CLK100MHZ/X (sky130_fd_sc_hd__clkbuf_16)
                                         clknet_0_CLK100MHZ (net)
                  0.03    0.00    0.08 ^ clkbuf_1_0__f_CLK100MHZ/A (sky130_fd_sc_hd__clkbuf_16)
    16    0.06    0.06    0.11    0.19 ^ clkbuf_1_0__f_CLK100MHZ/X (sky130_fd_sc_hd__clkbuf_16)
                                         clknet_1_0__leaf_CLK100MHZ (net)
                  0.06    0.00    0.19 ^ _443_/CLK (sky130_fd_sc_hd__dfxtp_1)
     2    0.02    0.13    0.26    0.45 ^ _443_/Q (sky130_fd_sc_hd__dfxtp_1)
                                         rf.regs[15][1] (net)
                  0.13    0.00    0.45 ^ _389_/A0 (sky130_fd_sc_hd__mux2_1)
     1    0.01    0.07    0.12    0.58 ^ _389_/X (sky130_fd_sc_hd__mux2_1)
                                         _034_ (net)
                  0.07    0.00    0.58 ^ _390_/A (sky130_fd_sc_hd__buf_1)
     1    0.02    0.22    0.18    0.76 ^ _390_/X (sky130_fd_sc_hd__buf_1)
                                         _009_ (net)
                  0.22    0.00    0.76 ^ _443_/D (sky130_fd_sc_hd__dfxtp_1)
                                  0.76   data arrival time

                          0.00    0.00   clock CLK100MHZ (rise edge)
                          0.00    0.00   clock source latency
     1    0.02    0.00    0.00    0.00 ^ CLK100MHZ (in)
                                         CLK100MHZ (net)
                  0.00    0.00    0.00 ^ clkbuf_0_CLK100MHZ/A (sky130_fd_sc_hd__clkbuf_16)
     2    0.02    0.03    0.08    0.08 ^ clkbuf_0_CLK100MHZ/X (sky130_fd_sc_hd__clkbuf_16)
                                         clknet_0_CLK100MHZ (net)
                  0.03    0.00    0.08 ^ clkbuf_1_0__f_CLK100MHZ/A (sky130_fd_sc_hd__clkbuf_16)
    16    0.06    0.06    0.11    0.19 ^ clkbuf_1_0__f_CLK100MHZ/X (sky130_fd_sc_hd__clkbuf_16)
                                         clknet_1_0__leaf_CLK100MHZ (net)
                  0.06    0.00    0.19 ^ _443_/CLK (sky130_fd_sc_hd__dfxtp_1)
                          0.20    0.39   clock uncertainty
                          0.00    0.39   clock reconvergence pessimism
                         -0.03    0.36   library hold time
                                  0.36   data required time
-----------------------------------------------------------------------------
                                  0.36   data required time
                                 -0.76   data arrival time
-----------------------------------------------------------------------------
                                  0.40   slack (MET)


Startpoint: _441_ (rising edge-triggered flip-flop clocked by CLK100MHZ)
Endpoint: _441_ (rising edge-triggered flip-flop clocked by CLK100MHZ)
Path Group: CLK100MHZ
Path Type: min
Corner: Fastest

Fanout     Cap    Slew   Delay    Time   Description
-----------------------------------------------------------------------------
                          0.00    0.00   clock CLK100MHZ (rise edge)
                          0.00    0.00   clock source latency
     1    0.02    0.00    0.00    0.00 ^ CLK100MHZ (in)
                                         CLK100MHZ (net)
                  0.00    0.00    0.00 ^ clkbuf_0_CLK100MHZ/A (sky130_fd_sc_hd__clkbuf_16)
     2    0.02    0.03    0.08    0.08 ^ clkbuf_0_CLK100MHZ/X (sky130_fd_sc_hd__clkbuf_16)
                                         clknet_0_CLK100MHZ (net)
                  0.03    0.00    0.08 ^ clkbuf_1_0__f_CLK100MHZ/A (sky130_fd_sc_hd__clkbuf_16)
    16    0.06    0.06    0.11    0.19 ^ clkbuf_1_0__f_CLK100MHZ/X (sky130_fd_sc_hd__clkbuf_16)
                                         clknet_1_0__leaf_CLK100MHZ (net)
                  0.06    0.00    0.19 ^ _441_/CLK (sky130_fd_sc_hd__dfxtp_1)
     2    0.03    0.10    0.26    0.45 v _441_/Q (sky130_fd_sc_hd__dfxtp_1)
                                         rf.regs[25][4] (net)
                  0.10    0.00    0.45 v _383_/A0 (sky130_fd_sc_hd__mux2_1)
     1    0.01    0.07    0.21    0.66 v _383_/X (sky130_fd_sc_hd__mux2_1)
                                         _214_ (net)
                  0.07    0.00    0.66 v _384_/A (sky130_fd_sc_hd__buf_1)
     1    0.02    0.07    0.12    0.78 v _384_/X (sky130_fd_sc_hd__buf_1)
                                         _007_ (net)
                  0.07    0.00    0.78 v _441_/D (sky130_fd_sc_hd__dfxtp_1)
                                  0.78   data arrival time

                          0.00    0.00   clock CLK100MHZ (rise edge)
                          0.00    0.00   clock source latency
     1    0.02    0.00    0.00    0.00 ^ CLK100MHZ (in)
                                         CLK100MHZ (net)
                  0.00    0.00    0.00 ^ clkbuf_0_CLK100MHZ/A (sky130_fd_sc_hd__clkbuf_16)
     2    0.02    0.03    0.08    0.08 ^ clkbuf_0_CLK100MHZ/X (sky130_fd_sc_hd__clkbuf_16)
                                         clknet_0_CLK100MHZ (net)
                  0.03    0.00    0.08 ^ clkbuf_1_0__f_CLK100MHZ/A (sky130_fd_sc_hd__clkbuf_16)
    16    0.06    0.06    0.11    0.19 ^ clkbuf_1_0__f_CLK100MHZ/X (sky130_fd_sc_hd__clkbuf_16)
                                         clknet_1_0__leaf_CLK100MHZ (net)
                  0.06    0.00    0.19 ^ _441_/CLK (sky130_fd_sc_hd__dfxtp_1)
                          0.20    0.39   clock uncertainty
                          0.00    0.39   clock reconvergence pessimism
                         -0.05    0.34   library hold time
                                  0.34   data required time
-----------------------------------------------------------------------------
                                  0.34   data required time
                                 -0.78   data arrival time
-----------------------------------------------------------------------------
                                  0.44   slack (MET)


Startpoint: _449_ (rising edge-triggered flip-flop clocked by CLK100MHZ)
Endpoint: _449_ (rising edge-triggered flip-flop clocked by CLK100MHZ)
Path Group: CLK100MHZ
Path Type: min
Corner: Fastest

Fanout     Cap    Slew   Delay    Time   Description
-----------------------------------------------------------------------------
                          0.00    0.00   clock CLK100MHZ (rise edge)
                          0.00    0.00   clock source latency
     1    0.02    0.00    0.00    0.00 ^ CLK100MHZ (in)
                                         CLK100MHZ (net)
                  0.00    0.00    0.00 ^ clkbuf_0_CLK100MHZ/A (sky130_fd_sc_hd__clkbuf_16)
     2    0.02    0.03    0.08    0.08 ^ clkbuf_0_CLK100MHZ/X (sky130_fd_sc_hd__clkbuf_16)
                                         clknet_0_CLK100MHZ (net)
                  0.03    0.00    0.08 ^ clkbuf_1_0__f_CLK100MHZ/A (sky130_fd_sc_hd__clkbuf_16)
    16    0.06    0.06    0.11    0.19 ^ clkbuf_1_0__f_CLK100MHZ/X (sky130_fd_sc_hd__clkbuf_16)
                                         clknet_1_0__leaf_CLK100MHZ (net)
                  0.06    0.00    0.19 ^ _449_/CLK (sky130_fd_sc_hd__dfxtp_1)
     2    0.03    0.10    0.26    0.45 v _449_/Q (sky130_fd_sc_hd__dfxtp_1)
                                         rf.regs[10][2] (net)
                  0.10    0.00    0.45 v _404_/A1 (sky130_fd_sc_hd__mux2_1)
     1    0.02    0.08    0.22    0.67 v _404_/X (sky130_fd_sc_hd__mux2_1)
                                         _043_ (net)
                  0.08    0.00    0.67 v _405_/A (sky130_fd_sc_hd__buf_1)
     1    0.02    0.08    0.12    0.79 v _405_/X (sky130_fd_sc_hd__buf_1)
                                         _015_ (net)
                  0.08    0.00    0.79 v _449_/D (sky130_fd_sc_hd__dfxtp_1)
                                  0.79   data arrival time

                          0.00    0.00   clock CLK100MHZ (rise edge)
                          0.00    0.00   clock source latency
     1    0.02    0.00    0.00    0.00 ^ CLK100MHZ (in)
                                         CLK100MHZ (net)
                  0.00    0.00    0.00 ^ clkbuf_0_CLK100MHZ/A (sky130_fd_sc_hd__clkbuf_16)
     2    0.02    0.03    0.08    0.08 ^ clkbuf_0_CLK100MHZ/X (sky130_fd_sc_hd__clkbuf_16)
                                         clknet_0_CLK100MHZ (net)
                  0.03    0.00    0.08 ^ clkbuf_1_0__f_CLK100MHZ/A (sky130_fd_sc_hd__clkbuf_16)
    16    0.06    0.06    0.11    0.19 ^ clkbuf_1_0__f_CLK100MHZ/X (sky130_fd_sc_hd__clkbuf_16)
                                         clknet_1_0__leaf_CLK100MHZ (net)
                  0.06    0.00    0.19 ^ _449_/CLK (sky130_fd_sc_hd__dfxtp_1)
                          0.20    0.39   clock uncertainty
                          0.00    0.39   clock reconvergence pessimism
                         -0.05    0.34   library hold time
                                  0.34   data required time
-----------------------------------------------------------------------------
                                  0.34   data required time
                                 -0.79   data arrival time
-----------------------------------------------------------------------------
                                  0.46   slack (MET)


Startpoint: _445_ (rising edge-triggered flip-flop clocked by CLK100MHZ)
Endpoint: _445_ (rising edge-triggered flip-flop clocked by CLK100MHZ)
Path Group: CLK100MHZ
Path Type: min
Corner: Fastest

Fanout     Cap    Slew   Delay    Time   Description
-----------------------------------------------------------------------------
                          0.00    0.00   clock CLK100MHZ (rise edge)
                          0.00    0.00   clock source latency
     1    0.02    0.00    0.00    0.00 ^ CLK100MHZ (in)
                                         CLK100MHZ (net)
                  0.00    0.00    0.00 ^ clkbuf_0_CLK100MHZ/A (sky130_fd_sc_hd__clkbuf_16)
     2    0.02    0.03    0.08    0.08 ^ clkbuf_0_CLK100MHZ/X (sky130_fd_sc_hd__clkbuf_16)
                                         clknet_0_CLK100MHZ (net)
                  0.03    0.00    0.08 ^ clkbuf_1_1__f_CLK100MHZ/A (sky130_fd_sc_hd__clkbuf_16)
    13    0.06    0.06    0.11    0.18 ^ clkbuf_1_1__f_CLK100MHZ/X (sky130_fd_sc_hd__clkbuf_16)
                                         clknet_1_1__leaf_CLK100MHZ (net)
                  0.06    0.00    0.19 ^ _445_/CLK (sky130_fd_sc_hd__dfxtp_1)
     2    0.02    0.06    0.23    0.42 v _445_/Q (sky130_fd_sc_hd__dfxtp_1)
                                         rf.regs[15][3] (net)
                  0.06    0.00    0.42 v _393_/A0 (sky130_fd_sc_hd__mux2_1)
     1    0.01    0.07    0.20    0.62 v _393_/X (sky130_fd_sc_hd__mux2_1)
                                         _036_ (net)
                  0.07    0.00    0.62 v _394_/A (sky130_fd_sc_hd__buf_1)
     1    0.03    0.13    0.16    0.77 v _394_/X (sky130_fd_sc_hd__buf_1)
                                         _011_ (net)
                  0.13    0.00    0.78 v _445_/D (sky130_fd_sc_hd__dfxtp_1)
                                  0.78   data arrival time

                          0.00    0.00   clock CLK100MHZ (rise edge)
                          0.00    0.00   clock source latency
     1    0.02    0.00    0.00    0.00 ^ CLK100MHZ (in)
                                         CLK100MHZ (net)
                  0.00    0.00    0.00 ^ clkbuf_0_CLK100MHZ/A (sky130_fd_sc_hd__clkbuf_16)
     2    0.02    0.03    0.08    0.08 ^ clkbuf_0_CLK100MHZ/X (sky130_fd_sc_hd__clkbuf_16)
                                         clknet_0_CLK100MHZ (net)
                  0.03    0.00    0.08 ^ clkbuf_1_1__f_CLK100MHZ/A (sky130_fd_sc_hd__clkbuf_16)
    13    0.06    0.06    0.11    0.18 ^ clkbuf_1_1__f_CLK100MHZ/X (sky130_fd_sc_hd__clkbuf_16)
                                         clknet_1_1__leaf_CLK100MHZ (net)
                  0.06    0.00    0.19 ^ _445_/CLK (sky130_fd_sc_hd__dfxtp_1)
                          0.20    0.39   clock uncertainty
                          0.00    0.39   clock reconvergence pessimism
                         -0.07    0.32   library hold time
                                  0.32   data required time
-----------------------------------------------------------------------------
                                  0.32   data required time
                                 -0.78   data arrival time
-----------------------------------------------------------------------------
                                  0.46   slack (MET)


Startpoint: _440_ (rising edge-triggered flip-flop clocked by CLK100MHZ)
Endpoint: _440_ (rising edge-triggered flip-flop clocked by CLK100MHZ)
Path Group: CLK100MHZ
Path Type: min
Corner: Fastest

Fanout     Cap    Slew   Delay    Time   Description
-----------------------------------------------------------------------------
                          0.00    0.00   clock CLK100MHZ (rise edge)
                          0.00    0.00   clock source latency
     1    0.02    0.00    0.00    0.00 ^ CLK100MHZ (in)
                                         CLK100MHZ (net)
                  0.00    0.00    0.00 ^ clkbuf_0_CLK100MHZ/A (sky130_fd_sc_hd__clkbuf_16)
     2    0.02    0.03    0.08    0.08 ^ clkbuf_0_CLK100MHZ/X (sky130_fd_sc_hd__clkbuf_16)
                                         clknet_0_CLK100MHZ (net)
                  0.03    0.00    0.08 ^ clkbuf_1_0__f_CLK100MHZ/A (sky130_fd_sc_hd__clkbuf_16)
    16    0.06    0.06    0.11    0.19 ^ clkbuf_1_0__f_CLK100MHZ/X (sky130_fd_sc_hd__clkbuf_16)
                                         clknet_1_0__leaf_CLK100MHZ (net)
                  0.06    0.00    0.19 ^ _440_/CLK (sky130_fd_sc_hd__dfxtp_1)
     2    0.03    0.09    0.25    0.44 v _440_/Q (sky130_fd_sc_hd__dfxtp_1)
                                         rf.regs[25][3] (net)
                  0.09    0.00    0.44 v _371_/A0 (sky130_fd_sc_hd__mux2_1)
     1    0.02    0.08    0.22    0.66 v _371_/X (sky130_fd_sc_hd__mux2_1)
                                         _203_ (net)
                  0.08    0.00    0.66 v _372_/A (sky130_fd_sc_hd__buf_1)
     1    0.02    0.09    0.14    0.80 v _372_/X (sky130_fd_sc_hd__buf_1)
                                         _006_ (net)
                  0.09    0.00    0.80 v _440_/D (sky130_fd_sc_hd__dfxtp_1)
                                  0.80   data arrival time

                          0.00    0.00   clock CLK100MHZ (rise edge)
                          0.00    0.00   clock source latency
     1    0.02    0.00    0.00    0.00 ^ CLK100MHZ (in)
                                         CLK100MHZ (net)
                  0.00    0.00    0.00 ^ clkbuf_0_CLK100MHZ/A (sky130_fd_sc_hd__clkbuf_16)
     2    0.02    0.03    0.08    0.08 ^ clkbuf_0_CLK100MHZ/X (sky130_fd_sc_hd__clkbuf_16)
                                         clknet_0_CLK100MHZ (net)
                  0.03    0.00    0.08 ^ clkbuf_1_0__f_CLK100MHZ/A (sky130_fd_sc_hd__clkbuf_16)
    16    0.06    0.06    0.11    0.19 ^ clkbuf_1_0__f_CLK100MHZ/X (sky130_fd_sc_hd__clkbuf_16)
                                         clknet_1_0__leaf_CLK100MHZ (net)
                  0.06    0.00    0.19 ^ _440_/CLK (sky130_fd_sc_hd__dfxtp_1)
                          0.20    0.39   clock uncertainty
                          0.00    0.39   clock reconvergence pessimism
                         -0.06    0.33   library hold time
                                  0.33   data required time
-----------------------------------------------------------------------------
                                  0.33   data required time
                                 -0.80   data arrival time
-----------------------------------------------------------------------------
                                  0.47   slack (MET)


Startpoint: _447_ (rising edge-triggered flip-flop clocked by CLK100MHZ)
Endpoint: _447_ (rising edge-triggered flip-flop clocked by CLK100MHZ)
Path Group: CLK100MHZ
Path Type: min
Corner: Fastest

Fanout     Cap    Slew   Delay    Time   Description
-----------------------------------------------------------------------------
                          0.00    0.00   clock CLK100MHZ (rise edge)
                          0.00    0.00   clock source latency
     1    0.02    0.00    0.00    0.00 ^ CLK100MHZ (in)
                                         CLK100MHZ (net)
                  0.00    0.00    0.00 ^ clkbuf_0_CLK100MHZ/A (sky130_fd_sc_hd__clkbuf_16)
     2    0.02    0.03    0.08    0.08 ^ clkbuf_0_CLK100MHZ/X (sky130_fd_sc_hd__clkbuf_16)
                                         clknet_0_CLK100MHZ (net)
                  0.03    0.00    0.08 ^ clkbuf_1_1__f_CLK100MHZ/A (sky130_fd_sc_hd__clkbuf_16)
    13    0.06    0.06    0.11    0.18 ^ clkbuf_1_1__f_CLK100MHZ/X (sky130_fd_sc_hd__clkbuf_16)
                                         clknet_1_1__leaf_CLK100MHZ (net)
                  0.06    0.00    0.19 ^ _447_/CLK (sky130_fd_sc_hd__dfxtp_1)
     3    0.03    0.11    0.27    0.45 v _447_/Q (sky130_fd_sc_hd__dfxtp_1)
                                         rf.regs[10][0] (net)
                  0.11    0.00    0.45 v _400_/A1 (sky130_fd_sc_hd__mux2_1)
     1    0.02    0.08    0.23    0.68 v _400_/X (sky130_fd_sc_hd__mux2_1)
                                         _041_ (net)
                  0.08    0.00    0.69 v _401_/A (sky130_fd_sc_hd__buf_1)
     1    0.02    0.07    0.12    0.81 v _401_/X (sky130_fd_sc_hd__buf_1)
                                         _013_ (net)
                  0.07    0.00    0.81 v _447_/D (sky130_fd_sc_hd__dfxtp_1)
                                  0.81   data arrival time

                          0.00    0.00   clock CLK100MHZ (rise edge)
                          0.00    0.00   clock source latency
     1    0.02    0.00    0.00    0.00 ^ CLK100MHZ (in)
                                         CLK100MHZ (net)
                  0.00    0.00    0.00 ^ clkbuf_0_CLK100MHZ/A (sky130_fd_sc_hd__clkbuf_16)
     2    0.02    0.03    0.08    0.08 ^ clkbuf_0_CLK100MHZ/X (sky130_fd_sc_hd__clkbuf_16)
                                         clknet_0_CLK100MHZ (net)
                  0.03    0.00    0.08 ^ clkbuf_1_1__f_CLK100MHZ/A (sky130_fd_sc_hd__clkbuf_16)
    13    0.06    0.06    0.11    0.18 ^ clkbuf_1_1__f_CLK100MHZ/X (sky130_fd_sc_hd__clkbuf_16)
                                         clknet_1_1__leaf_CLK100MHZ (net)
                  0.06    0.00    0.19 ^ _447_/CLK (sky130_fd_sc_hd__dfxtp_1)
                          0.20    0.39   clock uncertainty
                          0.00    0.39   clock reconvergence pessimism
                         -0.05    0.33   library hold time
                                  0.33   data required time
-----------------------------------------------------------------------------
                                  0.33   data required time
                                 -0.81   data arrival time
-----------------------------------------------------------------------------
                                  0.47   slack (MET)


Startpoint: _461_ (rising edge-triggered flip-flop clocked by CLK100MHZ)
Endpoint: _461_ (rising edge-triggered flip-flop clocked by CLK100MHZ)
Path Group: CLK100MHZ
Path Type: min
Corner: Fastest

Fanout     Cap    Slew   Delay    Time   Description
-----------------------------------------------------------------------------
                          0.00    0.00   clock CLK100MHZ (rise edge)
                          0.00    0.00   clock source latency
     1    0.02    0.00    0.00    0.00 ^ CLK100MHZ (in)
                                         CLK100MHZ (net)
                  0.00    0.00    0.00 ^ clkbuf_0_CLK100MHZ/A (sky130_fd_sc_hd__clkbuf_16)
     2    0.02    0.03    0.08    0.08 ^ clkbuf_0_CLK100MHZ/X (sky130_fd_sc_hd__clkbuf_16)
                                         clknet_0_CLK100MHZ (net)
                  0.03    0.00    0.08 ^ clkbuf_1_0__f_CLK100MHZ/A (sky130_fd_sc_hd__clkbuf_16)
    16    0.06    0.06    0.11    0.19 ^ clkbuf_1_0__f_CLK100MHZ/X (sky130_fd_sc_hd__clkbuf_16)
                                         clknet_1_0__leaf_CLK100MHZ (net)
                  0.06    0.00    0.19 ^ _461_/CLK (sky130_fd_sc_hd__dfxtp_1)
     3    0.03    0.10    0.26    0.45 v _461_/Q (sky130_fd_sc_hd__dfxtp_1)
                                         rf.regs[5][4] (net)
                  0.10    0.00    0.45 v _432_/A0 (sky130_fd_sc_hd__mux2_1)
     1    0.02    0.09    0.23    0.69 v _432_/X (sky130_fd_sc_hd__mux2_1)
                                         _059_ (net)
                  0.09    0.00    0.69 v _433_/A (sky130_fd_sc_hd__buf_1)
     1    0.02    0.08    0.13    0.81 v _433_/X (sky130_fd_sc_hd__buf_1)
                                         _027_ (net)
                  0.08    0.00    0.81 v _461_/D (sky130_fd_sc_hd__dfxtp_1)
                                  0.81   data arrival time

                          0.00    0.00   clock CLK100MHZ (rise edge)
                          0.00    0.00   clock source latency
     1    0.02    0.00    0.00    0.00 ^ CLK100MHZ (in)
                                         CLK100MHZ (net)
                  0.00    0.00    0.00 ^ clkbuf_0_CLK100MHZ/A (sky130_fd_sc_hd__clkbuf_16)
     2    0.02    0.03    0.08    0.08 ^ clkbuf_0_CLK100MHZ/X (sky130_fd_sc_hd__clkbuf_16)
                                         clknet_0_CLK100MHZ (net)
                  0.03    0.00    0.08 ^ clkbuf_1_0__f_CLK100MHZ/A (sky130_fd_sc_hd__clkbuf_16)
    16    0.06    0.06    0.11    0.19 ^ clkbuf_1_0__f_CLK100MHZ/X (sky130_fd_sc_hd__clkbuf_16)
                                         clknet_1_0__leaf_CLK100MHZ (net)
                  0.06    0.00    0.19 ^ _461_/CLK (sky130_fd_sc_hd__dfxtp_1)
                          0.20    0.39   clock uncertainty
                          0.00    0.39   clock reconvergence pessimism
                         -0.05    0.34   library hold time
                                  0.34   data required time
-----------------------------------------------------------------------------
                                  0.34   data required time
                                 -0.81   data arrival time
-----------------------------------------------------------------------------
                                  0.47   slack (MET)


Startpoint: _463_ (rising edge-triggered flip-flop clocked by CLK100MHZ)
Endpoint: _463_ (rising edge-triggered flip-flop clocked by CLK100MHZ)
Path Group: CLK100MHZ
Path Type: min
Corner: Fastest

Fanout     Cap    Slew   Delay    Time   Description
-----------------------------------------------------------------------------
                          0.00    0.00   clock CLK100MHZ (rise edge)
                          0.00    0.00   clock source latency
     1    0.02    0.00    0.00    0.00 ^ CLK100MHZ (in)
                                         CLK100MHZ (net)
                  0.00    0.00    0.00 ^ clkbuf_0_CLK100MHZ/A (sky130_fd_sc_hd__clkbuf_16)
     2    0.02    0.03    0.08    0.08 ^ clkbuf_0_CLK100MHZ/X (sky130_fd_sc_hd__clkbuf_16)
                                         clknet_0_CLK100MHZ (net)
                  0.03    0.00    0.08 ^ clkbuf_1_0__f_CLK100MHZ/A (sky130_fd_sc_hd__clkbuf_16)
    16    0.06    0.06    0.11    0.19 ^ clkbuf_1_0__f_CLK100MHZ/X (sky130_fd_sc_hd__clkbuf_16)
                                         clknet_1_0__leaf_CLK100MHZ (net)
                  0.06    0.00    0.19 ^ _463_/CLK (sky130_fd_sc_hd__dfrtp_4)
    10    0.06    0.10    0.36    0.55 v _463_/Q (sky130_fd_sc_hd__dfrtp_4)
                                         imem.address[1] (net)
                  0.10    0.00    0.56 v _220_/A (sky130_fd_sc_hd__clkbuf_4)
    10    0.08    0.11    0.19    0.75 v _220_/X (sky130_fd_sc_hd__clkbuf_4)
                                         _065_ (net)
                  0.11    0.00    0.75 v _225_/B1 (sky130_fd_sc_hd__a21oi_1)
     1    0.01    0.08    0.10    0.86 ^ _225_/Y (sky130_fd_sc_hd__a21oi_1)
                                         _069_ (net)
                  0.08    0.00    0.86 ^ _226_/B (sky130_fd_sc_hd__nor2_1)
     1    0.02    0.07    0.08    0.93 v _226_/Y (sky130_fd_sc_hd__nor2_1)
                                         _029_ (net)
                  0.07    0.00    0.93 v _463_/D (sky130_fd_sc_hd__dfrtp_4)
                                  0.93   data arrival time

                          0.00    0.00   clock CLK100MHZ (rise edge)
                          0.00    0.00   clock source latency
     1    0.02    0.00    0.00    0.00 ^ CLK100MHZ (in)
                                         CLK100MHZ (net)
                  0.00    0.00    0.00 ^ clkbuf_0_CLK100MHZ/A (sky130_fd_sc_hd__clkbuf_16)
     2    0.02    0.03    0.08    0.08 ^ clkbuf_0_CLK100MHZ/X (sky130_fd_sc_hd__clkbuf_16)
                                         clknet_0_CLK100MHZ (net)
                  0.03    0.00    0.08 ^ clkbuf_1_0__f_CLK100MHZ/A (sky130_fd_sc_hd__clkbuf_16)
    16    0.06    0.06    0.11    0.19 ^ clkbuf_1_0__f_CLK100MHZ/X (sky130_fd_sc_hd__clkbuf_16)
                                         clknet_1_0__leaf_CLK100MHZ (net)
                  0.06    0.00    0.19 ^ _463_/CLK (sky130_fd_sc_hd__dfrtp_4)
                          0.20    0.39   clock uncertainty
                          0.00    0.39   clock reconvergence pessimism
                         -0.04    0.35   library hold time
                                  0.35   data required time
-----------------------------------------------------------------------------
                                  0.35   data required time
                                 -0.93   data arrival time
-----------------------------------------------------------------------------
                                  0.58   slack (MET)


Startpoint: _462_ (rising edge-triggered flip-flop clocked by CLK100MHZ)
Endpoint: _462_ (rising edge-triggered flip-flop clocked by CLK100MHZ)
Path Group: CLK100MHZ
Path Type: min
Corner: Fastest

Fanout     Cap    Slew   Delay    Time   Description
-----------------------------------------------------------------------------
                          0.00    0.00   clock CLK100MHZ (rise edge)
                          0.00    0.00   clock source latency
     1    0.02    0.00    0.00    0.00 ^ CLK100MHZ (in)
                                         CLK100MHZ (net)
                  0.00    0.00    0.00 ^ clkbuf_0_CLK100MHZ/A (sky130_fd_sc_hd__clkbuf_16)
     2    0.02    0.03    0.08    0.08 ^ clkbuf_0_CLK100MHZ/X (sky130_fd_sc_hd__clkbuf_16)
                                         clknet_0_CLK100MHZ (net)
                  0.03    0.00    0.08 ^ clkbuf_1_1__f_CLK100MHZ/A (sky130_fd_sc_hd__clkbuf_16)
    13    0.06    0.06    0.11    0.18 ^ clkbuf_1_1__f_CLK100MHZ/X (sky130_fd_sc_hd__clkbuf_16)
                                         clknet_1_1__leaf_CLK100MHZ (net)
                  0.06    0.00    0.19 ^ _462_/CLK (sky130_fd_sc_hd__dfrtp_2)
     4    0.04    0.09    0.31    0.50 v _462_/Q (sky130_fd_sc_hd__dfrtp_2)
                                         imem.address[0] (net)
                  0.09    0.00    0.50 v _221_/A (sky130_fd_sc_hd__clkbuf_4)
    10    0.07    0.09    0.18    0.68 v _221_/X (sky130_fd_sc_hd__clkbuf_4)
                                         _066_ (net)
                  0.09    0.00    0.68 v _222_/A (sky130_fd_sc_hd__clkbuf_4)
     9    0.06    0.08    0.17    0.85 v _222_/X (sky130_fd_sc_hd__clkbuf_4)
                                         _067_ (net)
                  0.09    0.01    0.85 v _227_/B (sky130_fd_sc_hd__xor2_1)
     1    0.02    0.07    0.15    1.00 v _227_/X (sky130_fd_sc_hd__xor2_1)
                                         _028_ (net)
                  0.07    0.00    1.00 v _462_/D (sky130_fd_sc_hd__dfrtp_2)
                                  1.00   data arrival time

                          0.00    0.00   clock CLK100MHZ (rise edge)
                          0.00    0.00   clock source latency
     1    0.02    0.00    0.00    0.00 ^ CLK100MHZ (in)
                                         CLK100MHZ (net)
                  0.00    0.00    0.00 ^ clkbuf_0_CLK100MHZ/A (sky130_fd_sc_hd__clkbuf_16)
     2    0.02    0.03    0.08    0.08 ^ clkbuf_0_CLK100MHZ/X (sky130_fd_sc_hd__clkbuf_16)
                                         clknet_0_CLK100MHZ (net)
                  0.03    0.00    0.08 ^ clkbuf_1_1__f_CLK100MHZ/A (sky130_fd_sc_hd__clkbuf_16)
    13    0.06    0.06    0.11    0.18 ^ clkbuf_1_1__f_CLK100MHZ/X (sky130_fd_sc_hd__clkbuf_16)
                                         clknet_1_1__leaf_CLK100MHZ (net)
                  0.06    0.00    0.19 ^ _462_/CLK (sky130_fd_sc_hd__dfrtp_2)
                          0.20    0.39   clock uncertainty
                          0.00    0.39   clock reconvergence pessimism
                         -0.04    0.35   library hold time
                                  0.35   data required time
-----------------------------------------------------------------------------
                                  0.35   data required time
                                 -1.00   data arrival time
-----------------------------------------------------------------------------
                                  0.66   slack (MET)


Startpoint: _463_ (rising edge-triggered flip-flop clocked by CLK100MHZ)
Endpoint: _464_ (rising edge-triggered flip-flop clocked by CLK100MHZ)
Path Group: CLK100MHZ
Path Type: min
Corner: Fastest

Fanout     Cap    Slew   Delay    Time   Description
-----------------------------------------------------------------------------
                          0.00    0.00   clock CLK100MHZ (rise edge)
                          0.00    0.00   clock source latency
     1    0.02    0.00    0.00    0.00 ^ CLK100MHZ (in)
                                         CLK100MHZ (net)
                  0.00    0.00    0.00 ^ clkbuf_0_CLK100MHZ/A (sky130_fd_sc_hd__clkbuf_16)
     2    0.02    0.03    0.08    0.08 ^ clkbuf_0_CLK100MHZ/X (sky130_fd_sc_hd__clkbuf_16)
                                         clknet_0_CLK100MHZ (net)
                  0.03    0.00    0.08 ^ clkbuf_1_0__f_CLK100MHZ/A (sky130_fd_sc_hd__clkbuf_16)
    16    0.06    0.06    0.11    0.19 ^ clkbuf_1_0__f_CLK100MHZ/X (sky130_fd_sc_hd__clkbuf_16)
                                         clknet_1_0__leaf_CLK100MHZ (net)
                  0.06    0.00    0.19 ^ _463_/CLK (sky130_fd_sc_hd__dfrtp_4)
    10    0.06    0.14    0.34    0.53 ^ _463_/Q (sky130_fd_sc_hd__dfrtp_4)
                                         imem.address[1] (net)
                  0.14    0.00    0.54 ^ _220_/A (sky130_fd_sc_hd__clkbuf_4)
    10    0.08    0.18    0.22    0.76 ^ _220_/X (sky130_fd_sc_hd__clkbuf_4)
                                         _065_ (net)
                  0.18    0.01    0.76 ^ _223_/B (sky130_fd_sc_hd__and3_1)
     2    0.03    0.23    0.25    1.01 ^ _223_/X (sky130_fd_sc_hd__and3_1)
                                         _068_ (net)
                  0.23    0.00    1.01 ^ _224_/B (sky130_fd_sc_hd__xor2_1)
     1    0.00    0.03    0.04    1.06 v _224_/X (sky130_fd_sc_hd__xor2_1)
                                         _030_ (net)
                  0.03    0.00    1.06 v _464_/D (sky130_fd_sc_hd__dfrtp_1)
                                  1.06   data arrival time

                          0.00    0.00   clock CLK100MHZ (rise edge)
                          0.00    0.00   clock source latency
     1    0.02    0.00    0.00    0.00 ^ CLK100MHZ (in)
                                         CLK100MHZ (net)
                  0.00    0.00    0.00 ^ clkbuf_0_CLK100MHZ/A (sky130_fd_sc_hd__clkbuf_16)
     2    0.02    0.03    0.08    0.08 ^ clkbuf_0_CLK100MHZ/X (sky130_fd_sc_hd__clkbuf_16)
                                         clknet_0_CLK100MHZ (net)
                  0.03    0.00    0.08 ^ clkbuf_1_0__f_CLK100MHZ/A (sky130_fd_sc_hd__clkbuf_16)
    16    0.06    0.06    0.11    0.19 ^ clkbuf_1_0__f_CLK100MHZ/X (sky130_fd_sc_hd__clkbuf_16)
                                         clknet_1_0__leaf_CLK100MHZ (net)
                  0.06    0.00    0.19 ^ _464_/CLK (sky130_fd_sc_hd__dfrtp_1)
                          0.20    0.39   clock uncertainty
                          0.00    0.39   clock reconvergence pessimism
                         -0.03    0.36   library hold time
                                  0.36   data required time
-----------------------------------------------------------------------------
                                  0.36   data required time
                                 -1.06   data arrival time
-----------------------------------------------------------------------------
                                  0.70   slack (MET)



worst slack corner Fastest: 0.2610
======================= Slowest Corner ===================================

Startpoint: _453_ (rising edge-triggered flip-flop clocked by CLK100MHZ)
Endpoint: _453_ (rising edge-triggered flip-flop clocked by CLK100MHZ)
Path Group: CLK100MHZ
Path Type: min
Corner: Slowest

Fanout     Cap    Slew   Delay    Time   Description
-----------------------------------------------------------------------------
                          0.00    0.00   clock CLK100MHZ (rise edge)
                          0.00    0.00   clock source latency
     1    0.02    0.00    0.00    0.00 ^ CLK100MHZ (in)
                                         CLK100MHZ (net)
                  0.00    0.00    0.00 ^ clkbuf_0_CLK100MHZ/A (sky130_fd_sc_hd__clkbuf_16)
     2    0.02    0.07    0.19    0.19 ^ clkbuf_0_CLK100MHZ/X (sky130_fd_sc_hd__clkbuf_16)
                                         clknet_0_CLK100MHZ (net)
                  0.07    0.00    0.19 ^ clkbuf_1_0__f_CLK100MHZ/A (sky130_fd_sc_hd__clkbuf_16)
    16    0.06    0.12    0.27    0.46 ^ clkbuf_1_0__f_CLK100MHZ/X (sky130_fd_sc_hd__clkbuf_16)
                                         clknet_1_0__leaf_CLK100MHZ (net)
                  0.12    0.00    0.47 ^ _453_/CLK (sky130_fd_sc_hd__dfxtp_1)
     3    0.02    0.19    0.72    1.18 v _453_/Q (sky130_fd_sc_hd__dfxtp_1)
                                         rf.regs[0][1] (net)
                  0.19    0.00    1.18 v _414_/A (sky130_fd_sc_hd__and2_1)
     1    0.01    0.10    0.37    1.55 v _414_/X (sky130_fd_sc_hd__and2_1)
                                         _049_ (net)
                  0.10    0.00    1.55 v _415_/A (sky130_fd_sc_hd__clkbuf_1)
     1    0.01    0.09    0.21    1.76 v _415_/X (sky130_fd_sc_hd__clkbuf_1)
                                         _019_ (net)
                  0.09    0.00    1.77 v _453_/D (sky130_fd_sc_hd__dfxtp_1)
                                  1.77   data arrival time

                          0.00    0.00   clock CLK100MHZ (rise edge)
                          0.00    0.00   clock source latency
     1    0.02    0.00    0.00    0.00 ^ CLK100MHZ (in)
                                         CLK100MHZ (net)
                  0.00    0.00    0.00 ^ clkbuf_0_CLK100MHZ/A (sky130_fd_sc_hd__clkbuf_16)
     2    0.02    0.07    0.19    0.19 ^ clkbuf_0_CLK100MHZ/X (sky130_fd_sc_hd__clkbuf_16)
                                         clknet_0_CLK100MHZ (net)
                  0.07    0.00    0.19 ^ clkbuf_1_0__f_CLK100MHZ/A (sky130_fd_sc_hd__clkbuf_16)
    16    0.06    0.12    0.27    0.46 ^ clkbuf_1_0__f_CLK100MHZ/X (sky130_fd_sc_hd__clkbuf_16)
                                         clknet_1_0__leaf_CLK100MHZ (net)
                  0.12    0.00    0.47 ^ _453_/CLK (sky130_fd_sc_hd__dfxtp_1)
                          0.20    0.67   clock uncertainty
                          0.00    0.67   clock reconvergence pessimism
                         -0.10    0.56   library hold time
                                  0.56   data required time
-----------------------------------------------------------------------------
                                  0.56   data required time
                                 -1.77   data arrival time
-----------------------------------------------------------------------------
                                  1.20   slack (MET)


Startpoint: _458_ (rising edge-triggered flip-flop clocked by CLK100MHZ)
Endpoint: _458_ (rising edge-triggered flip-flop clocked by CLK100MHZ)
Path Group: CLK100MHZ
Path Type: min
Corner: Slowest

Fanout     Cap    Slew   Delay    Time   Description
-----------------------------------------------------------------------------
                          0.00    0.00   clock CLK100MHZ (rise edge)
                          0.00    0.00   clock source latency
     1    0.02    0.00    0.00    0.00 ^ CLK100MHZ (in)
                                         CLK100MHZ (net)
                  0.00    0.00    0.00 ^ clkbuf_0_CLK100MHZ/A (sky130_fd_sc_hd__clkbuf_16)
     2    0.02    0.07    0.19    0.19 ^ clkbuf_0_CLK100MHZ/X (sky130_fd_sc_hd__clkbuf_16)
                                         clknet_0_CLK100MHZ (net)
                  0.07    0.00    0.19 ^ clkbuf_1_1__f_CLK100MHZ/A (sky130_fd_sc_hd__clkbuf_16)
    13    0.06    0.12    0.27    0.46 ^ clkbuf_1_1__f_CLK100MHZ/X (sky130_fd_sc_hd__clkbuf_16)
                                         clknet_1_1__leaf_CLK100MHZ (net)
                  0.12    0.00    0.46 ^ _458_/CLK (sky130_fd_sc_hd__dfxtp_1)
     2    0.01    0.19    0.74    1.21 ^ _458_/Q (sky130_fd_sc_hd__dfxtp_1)
                                         rf.regs[5][1] (net)
                  0.19    0.00    1.21 ^ _426_/A0 (sky130_fd_sc_hd__mux2_1)
     1    0.01    0.14    0.34    1.54 ^ _426_/X (sky130_fd_sc_hd__mux2_1)
                                         _056_ (net)
                  0.14    0.00    1.54 ^ _427_/A (sky130_fd_sc_hd__clkbuf_1)
     1    0.01    0.17    0.25    1.79 ^ _427_/X (sky130_fd_sc_hd__clkbuf_1)
                                         _024_ (net)
                  0.17    0.00    1.79 ^ _458_/D (sky130_fd_sc_hd__dfxtp_1)
                                  1.79   data arrival time

                          0.00    0.00   clock CLK100MHZ (rise edge)
                          0.00    0.00   clock source latency
     1    0.02    0.00    0.00    0.00 ^ CLK100MHZ (in)
                                         CLK100MHZ (net)
                  0.00    0.00    0.00 ^ clkbuf_0_CLK100MHZ/A (sky130_fd_sc_hd__clkbuf_16)
     2    0.02    0.07    0.19    0.19 ^ clkbuf_0_CLK100MHZ/X (sky130_fd_sc_hd__clkbuf_16)
                                         clknet_0_CLK100MHZ (net)
                  0.07    0.00    0.19 ^ clkbuf_1_1__f_CLK100MHZ/A (sky130_fd_sc_hd__clkbuf_16)
    13    0.06    0.12    0.27    0.46 ^ clkbuf_1_1__f_CLK100MHZ/X (sky130_fd_sc_hd__clkbuf_16)
                                         clknet_1_1__leaf_CLK100MHZ (net)
                  0.12    0.00    0.46 ^ _458_/CLK (sky130_fd_sc_hd__dfxtp_1)
                          0.20    0.66   clock uncertainty
                          0.00    0.66   clock reconvergence pessimism
                         -0.09    0.57   library hold time
                                  0.57   data required time
-----------------------------------------------------------------------------
                                  0.57   data required time
                                 -1.79   data arrival time
-----------------------------------------------------------------------------
                                  1.22   slack (MET)


Startpoint: _455_ (rising edge-triggered flip-flop clocked by CLK100MHZ)
Endpoint: _455_ (rising edge-triggered flip-flop clocked by CLK100MHZ)
Path Group: CLK100MHZ
Path Type: min
Corner: Slowest

Fanout     Cap    Slew   Delay    Time   Description
-----------------------------------------------------------------------------
                          0.00    0.00   clock CLK100MHZ (rise edge)
                          0.00    0.00   clock source latency
     1    0.02    0.00    0.00    0.00 ^ CLK100MHZ (in)
                                         CLK100MHZ (net)
                  0.00    0.00    0.00 ^ clkbuf_0_CLK100MHZ/A (sky130_fd_sc_hd__clkbuf_16)
     2    0.02    0.07    0.19    0.19 ^ clkbuf_0_CLK100MHZ/X (sky130_fd_sc_hd__clkbuf_16)
                                         clknet_0_CLK100MHZ (net)
                  0.07    0.00    0.19 ^ clkbuf_1_0__f_CLK100MHZ/A (sky130_fd_sc_hd__clkbuf_16)
    16    0.06    0.12    0.27    0.46 ^ clkbuf_1_0__f_CLK100MHZ/X (sky130_fd_sc_hd__clkbuf_16)
                                         clknet_1_0__leaf_CLK100MHZ (net)
                  0.12    0.00    0.47 ^ _455_/CLK (sky130_fd_sc_hd__dfxtp_1)
     3    0.03    0.27    0.78    1.24 v _455_/Q (sky130_fd_sc_hd__dfxtp_1)
                                         rf.regs[0][3] (net)
                  0.27    0.00    1.25 v _418_/A (sky130_fd_sc_hd__and2_1)
     1    0.00    0.08    0.39    1.63 v _418_/X (sky130_fd_sc_hd__and2_1)
                                         _051_ (net)
                  0.08    0.00    1.63 v _419_/A (sky130_fd_sc_hd__clkbuf_1)
     1    0.00    0.07    0.18    1.82 v _419_/X (sky130_fd_sc_hd__clkbuf_1)
                                         _021_ (net)
                  0.07    0.00    1.82 v _455_/D (sky130_fd_sc_hd__dfxtp_1)
                                  1.82   data arrival time

                          0.00    0.00   clock CLK100MHZ (rise edge)
                          0.00    0.00   clock source latency
     1    0.02    0.00    0.00    0.00 ^ CLK100MHZ (in)
                                         CLK100MHZ (net)
                  0.00    0.00    0.00 ^ clkbuf_0_CLK100MHZ/A (sky130_fd_sc_hd__clkbuf_16)
     2    0.02    0.07    0.19    0.19 ^ clkbuf_0_CLK100MHZ/X (sky130_fd_sc_hd__clkbuf_16)
                                         clknet_0_CLK100MHZ (net)
                  0.07    0.00    0.19 ^ clkbuf_1_0__f_CLK100MHZ/A (sky130_fd_sc_hd__clkbuf_16)
    16    0.06    0.12    0.27    0.46 ^ clkbuf_1_0__f_CLK100MHZ/X (sky130_fd_sc_hd__clkbuf_16)
                                         clknet_1_0__leaf_CLK100MHZ (net)
                  0.12    0.00    0.47 ^ _455_/CLK (sky130_fd_sc_hd__dfxtp_1)
                          0.20    0.67   clock uncertainty
                          0.00    0.67   clock reconvergence pessimism
                         -0.09    0.57   library hold time
                                  0.57   data required time
-----------------------------------------------------------------------------
                                  0.57   data required time
                                 -1.82   data arrival time
-----------------------------------------------------------------------------
                                  1.24   slack (MET)


Startpoint: _448_ (rising edge-triggered flip-flop clocked by CLK100MHZ)
Endpoint: _448_ (rising edge-triggered flip-flop clocked by CLK100MHZ)
Path Group: CLK100MHZ
Path Type: min
Corner: Slowest

Fanout     Cap    Slew   Delay    Time   Description
-----------------------------------------------------------------------------
                          0.00    0.00   clock CLK100MHZ (rise edge)
                          0.00    0.00   clock source latency
     1    0.02    0.00    0.00    0.00 ^ CLK100MHZ (in)
                                         CLK100MHZ (net)
                  0.00    0.00    0.00 ^ clkbuf_0_CLK100MHZ/A (sky130_fd_sc_hd__clkbuf_16)
     2    0.02    0.07    0.19    0.19 ^ clkbuf_0_CLK100MHZ/X (sky130_fd_sc_hd__clkbuf_16)
                                         clknet_0_CLK100MHZ (net)
                  0.07    0.00    0.19 ^ clkbuf_1_0__f_CLK100MHZ/A (sky130_fd_sc_hd__clkbuf_16)
    16    0.06    0.12    0.27    0.46 ^ clkbuf_1_0__f_CLK100MHZ/X (sky130_fd_sc_hd__clkbuf_16)
                                         clknet_1_0__leaf_CLK100MHZ (net)
                  0.12    0.00    0.47 ^ _448_/CLK (sky130_fd_sc_hd__dfxtp_1)
     2    0.01    0.19    0.75    1.21 ^ _448_/Q (sky130_fd_sc_hd__dfxtp_1)
                                         rf.regs[10][1] (net)
                  0.19    0.00    1.21 ^ _402_/A1 (sky130_fd_sc_hd__mux2_1)
     1    0.01    0.14    0.34    1.55 ^ _402_/X (sky130_fd_sc_hd__mux2_1)
                                         _042_ (net)
                  0.14    0.00    1.55 ^ _403_/A (sky130_fd_sc_hd__clkbuf_1)
     1    0.01    0.25    0.31    1.86 ^ _403_/X (sky130_fd_sc_hd__clkbuf_1)
                                         _014_ (net)
                  0.25    0.00    1.86 ^ _448_/D (sky130_fd_sc_hd__dfxtp_1)
                                  1.86   data arrival time

                          0.00    0.00   clock CLK100MHZ (rise edge)
                          0.00    0.00   clock source latency
     1    0.02    0.00    0.00    0.00 ^ CLK100MHZ (in)
                                         CLK100MHZ (net)
                  0.00    0.00    0.00 ^ clkbuf_0_CLK100MHZ/A (sky130_fd_sc_hd__clkbuf_16)
     2    0.02    0.07    0.19    0.19 ^ clkbuf_0_CLK100MHZ/X (sky130_fd_sc_hd__clkbuf_16)
                                         clknet_0_CLK100MHZ (net)
                  0.07    0.00    0.19 ^ clkbuf_1_0__f_CLK100MHZ/A (sky130_fd_sc_hd__clkbuf_16)
    16    0.06    0.12    0.27    0.46 ^ clkbuf_1_0__f_CLK100MHZ/X (sky130_fd_sc_hd__clkbuf_16)
                                         clknet_1_0__leaf_CLK100MHZ (net)
                  0.12    0.00    0.47 ^ _448_/CLK (sky130_fd_sc_hd__dfxtp_1)
                          0.20    0.67   clock uncertainty
                          0.00    0.67   clock reconvergence pessimism
                         -0.10    0.56   library hold time
                                  0.56   data required time
-----------------------------------------------------------------------------
                                  0.56   data required time
                                 -1.86   data arrival time
-----------------------------------------------------------------------------
                                  1.30   slack (MET)


Startpoint: _437_ (rising edge-triggered flip-flop clocked by CLK100MHZ)
Endpoint: _437_ (rising edge-triggered flip-flop clocked by CLK100MHZ)
Path Group: CLK100MHZ
Path Type: min
Corner: Slowest

Fanout     Cap    Slew   Delay    Time   Description
-----------------------------------------------------------------------------
                          0.00    0.00   clock CLK100MHZ (rise edge)
                          0.00    0.00   clock source latency
     1    0.02    0.00    0.00    0.00 ^ CLK100MHZ (in)
                                         CLK100MHZ (net)
                  0.00    0.00    0.00 ^ clkbuf_0_CLK100MHZ/A (sky130_fd_sc_hd__clkbuf_16)
     2    0.02    0.07    0.19    0.19 ^ clkbuf_0_CLK100MHZ/X (sky130_fd_sc_hd__clkbuf_16)
                                         clknet_0_CLK100MHZ (net)
                  0.07    0.00    0.19 ^ clkbuf_1_0__f_CLK100MHZ/A (sky130_fd_sc_hd__clkbuf_16)
    16    0.06    0.12    0.27    0.46 ^ clkbuf_1_0__f_CLK100MHZ/X (sky130_fd_sc_hd__clkbuf_16)
                                         clknet_1_0__leaf_CLK100MHZ (net)
                  0.12    0.00    0.47 ^ _437_/CLK (sky130_fd_sc_hd__dfxtp_1)
     2    0.02    0.27    0.80    1.27 ^ _437_/Q (sky130_fd_sc_hd__dfxtp_1)
                                         rf.regs[25][0] (net)
                  0.27    0.00    1.27 ^ _365_/A0 (sky130_fd_sc_hd__mux2_1)
     1    0.01    0.15    0.38    1.65 ^ _365_/X (sky130_fd_sc_hd__mux2_1)
                                         _200_ (net)
                  0.15    0.00    1.65 ^ _366_/A (sky130_fd_sc_hd__clkbuf_1)
     1    0.01    0.15    0.24    1.89 ^ _366_/X (sky130_fd_sc_hd__clkbuf_1)
                                         _003_ (net)
                  0.15    0.00    1.89 ^ _437_/D (sky130_fd_sc_hd__dfxtp_1)
                                  1.89   data arrival time

                          0.00    0.00   clock CLK100MHZ (rise edge)
                          0.00    0.00   clock source latency
     1    0.02    0.00    0.00    0.00 ^ CLK100MHZ (in)
                                         CLK100MHZ (net)
                  0.00    0.00    0.00 ^ clkbuf_0_CLK100MHZ/A (sky130_fd_sc_hd__clkbuf_16)
     2    0.02    0.07    0.19    0.19 ^ clkbuf_0_CLK100MHZ/X (sky130_fd_sc_hd__clkbuf_16)
                                         clknet_0_CLK100MHZ (net)
                  0.07    0.00    0.19 ^ clkbuf_1_0__f_CLK100MHZ/A (sky130_fd_sc_hd__clkbuf_16)
    16    0.06    0.12    0.27    0.46 ^ clkbuf_1_0__f_CLK100MHZ/X (sky130_fd_sc_hd__clkbuf_16)
                                         clknet_1_0__leaf_CLK100MHZ (net)
                  0.12    0.00    0.47 ^ _437_/CLK (sky130_fd_sc_hd__dfxtp_1)
                          0.20    0.67   clock uncertainty
                          0.00    0.67   clock reconvergence pessimism
                         -0.08    0.58   library hold time
                                  0.58   data required time
-----------------------------------------------------------------------------
                                  0.58   data required time
                                 -1.89   data arrival time
-----------------------------------------------------------------------------
                                  1.31   slack (MET)


Startpoint: _444_ (rising edge-triggered flip-flop clocked by CLK100MHZ)
Endpoint: _444_ (rising edge-triggered flip-flop clocked by CLK100MHZ)
Path Group: CLK100MHZ
Path Type: min
Corner: Slowest

Fanout     Cap    Slew   Delay    Time   Description
-----------------------------------------------------------------------------
                          0.00    0.00   clock CLK100MHZ (rise edge)
                          0.00    0.00   clock source latency
     1    0.02    0.00    0.00    0.00 ^ CLK100MHZ (in)
                                         CLK100MHZ (net)
                  0.00    0.00    0.00 ^ clkbuf_0_CLK100MHZ/A (sky130_fd_sc_hd__clkbuf_16)
     2    0.02    0.07    0.19    0.19 ^ clkbuf_0_CLK100MHZ/X (sky130_fd_sc_hd__clkbuf_16)
                                         clknet_0_CLK100MHZ (net)
                  0.07    0.00    0.19 ^ clkbuf_1_1__f_CLK100MHZ/A (sky130_fd_sc_hd__clkbuf_16)
    13    0.06    0.12    0.27    0.46 ^ clkbuf_1_1__f_CLK100MHZ/X (sky130_fd_sc_hd__clkbuf_16)
                                         clknet_1_1__leaf_CLK100MHZ (net)
                  0.12    0.00    0.46 ^ _444_/CLK (sky130_fd_sc_hd__dfxtp_1)
     2    0.02    0.34    0.85    1.31 ^ _444_/Q (sky130_fd_sc_hd__dfxtp_1)
                                         rf.regs[15][2] (net)
                  0.34    0.00    1.31 ^ _391_/A0 (sky130_fd_sc_hd__mux2_1)
     1    0.00    0.07    0.33    1.64 ^ _391_/X (sky130_fd_sc_hd__mux2_1)
                                         _035_ (net)
                  0.07    0.00    1.64 ^ _392_/A (sky130_fd_sc_hd__clkbuf_1)
     1    0.01    0.20    0.25    1.89 ^ _392_/X (sky130_fd_sc_hd__clkbuf_1)
                                         _010_ (net)
                  0.20    0.00    1.89 ^ _444_/D (sky130_fd_sc_hd__dfxtp_1)
                                  1.89   data arrival time

                          0.00    0.00   clock CLK100MHZ (rise edge)
                          0.00    0.00   clock source latency
     1    0.02    0.00    0.00    0.00 ^ CLK100MHZ (in)
                                         CLK100MHZ (net)
                  0.00    0.00    0.00 ^ clkbuf_0_CLK100MHZ/A (sky130_fd_sc_hd__clkbuf_16)
     2    0.02    0.07    0.19    0.19 ^ clkbuf_0_CLK100MHZ/X (sky130_fd_sc_hd__clkbuf_16)
                                         clknet_0_CLK100MHZ (net)
                  0.07    0.00    0.19 ^ clkbuf_1_1__f_CLK100MHZ/A (sky130_fd_sc_hd__clkbuf_16)
    13    0.06    0.12    0.27    0.46 ^ clkbuf_1_1__f_CLK100MHZ/X (sky130_fd_sc_hd__clkbuf_16)
                                         clknet_1_1__leaf_CLK100MHZ (net)
                  0.12    0.00    0.46 ^ _444_/CLK (sky130_fd_sc_hd__dfxtp_1)
                          0.20    0.66   clock uncertainty
                          0.00    0.66   clock reconvergence pessimism
                         -0.10    0.57   library hold time
                                  0.57   data required time
-----------------------------------------------------------------------------
                                  0.57   data required time
                                 -1.89   data arrival time
-----------------------------------------------------------------------------
                                  1.32   slack (MET)


Startpoint: _451_ (rising edge-triggered flip-flop clocked by CLK100MHZ)
Endpoint: _451_ (rising edge-triggered flip-flop clocked by CLK100MHZ)
Path Group: CLK100MHZ
Path Type: min
Corner: Slowest

Fanout     Cap    Slew   Delay    Time   Description
-----------------------------------------------------------------------------
                          0.00    0.00   clock CLK100MHZ (rise edge)
                          0.00    0.00   clock source latency
     1    0.02    0.00    0.00    0.00 ^ CLK100MHZ (in)
                                         CLK100MHZ (net)
                  0.00    0.00    0.00 ^ clkbuf_0_CLK100MHZ/A (sky130_fd_sc_hd__clkbuf_16)
     2    0.02    0.07    0.19    0.19 ^ clkbuf_0_CLK100MHZ/X (sky130_fd_sc_hd__clkbuf_16)
                                         clknet_0_CLK100MHZ (net)
                  0.07    0.00    0.19 ^ clkbuf_1_0__f_CLK100MHZ/A (sky130_fd_sc_hd__clkbuf_16)
    16    0.06    0.12    0.27    0.46 ^ clkbuf_1_0__f_CLK100MHZ/X (sky130_fd_sc_hd__clkbuf_16)
                                         clknet_1_0__leaf_CLK100MHZ (net)
                  0.12    0.00    0.47 ^ _451_/CLK (sky130_fd_sc_hd__dfxtp_1)
     2    0.02    0.28    0.81    1.27 ^ _451_/Q (sky130_fd_sc_hd__dfxtp_1)
                                         rf.regs[10][4] (net)
                  0.28    0.00    1.28 ^ _408_/A1 (sky130_fd_sc_hd__mux2_1)
     1    0.01    0.14    0.37    1.65 ^ _408_/X (sky130_fd_sc_hd__mux2_1)
                                         _045_ (net)
                  0.14    0.00    1.65 ^ _409_/A (sky130_fd_sc_hd__clkbuf_1)
     1    0.01    0.18    0.26    1.91 ^ _409_/X (sky130_fd_sc_hd__clkbuf_1)
                                         _017_ (net)
                  0.18    0.00    1.91 ^ _451_/D (sky130_fd_sc_hd__dfxtp_1)
                                  1.91   data arrival time

                          0.00    0.00   clock CLK100MHZ (rise edge)
                          0.00    0.00   clock source latency
     1    0.02    0.00    0.00    0.00 ^ CLK100MHZ (in)
                                         CLK100MHZ (net)
                  0.00    0.00    0.00 ^ clkbuf_0_CLK100MHZ/A (sky130_fd_sc_hd__clkbuf_16)
     2    0.02    0.07    0.19    0.19 ^ clkbuf_0_CLK100MHZ/X (sky130_fd_sc_hd__clkbuf_16)
                                         clknet_0_CLK100MHZ (net)
                  0.07    0.00    0.19 ^ clkbuf_1_0__f_CLK100MHZ/A (sky130_fd_sc_hd__clkbuf_16)
    16    0.06    0.12    0.27    0.46 ^ clkbuf_1_0__f_CLK100MHZ/X (sky130_fd_sc_hd__clkbuf_16)
                                         clknet_1_0__leaf_CLK100MHZ (net)
                  0.12    0.00    0.47 ^ _451_/CLK (sky130_fd_sc_hd__dfxtp_1)
                          0.20    0.67   clock uncertainty
                          0.00    0.67   clock reconvergence pessimism
                         -0.09    0.58   library hold time
                                  0.58   data required time
-----------------------------------------------------------------------------
                                  0.58   data required time
                                 -1.91   data arrival time
-----------------------------------------------------------------------------
                                  1.33   slack (MET)


Startpoint: _456_ (rising edge-triggered flip-flop clocked by CLK100MHZ)
Endpoint: _456_ (rising edge-triggered flip-flop clocked by CLK100MHZ)
Path Group: CLK100MHZ
Path Type: min
Corner: Slowest

Fanout     Cap    Slew   Delay    Time   Description
-----------------------------------------------------------------------------
                          0.00    0.00   clock CLK100MHZ (rise edge)
                          0.00    0.00   clock source latency
     1    0.02    0.00    0.00    0.00 ^ CLK100MHZ (in)
                                         CLK100MHZ (net)
                  0.00    0.00    0.00 ^ clkbuf_0_CLK100MHZ/A (sky130_fd_sc_hd__clkbuf_16)
     2    0.02    0.07    0.19    0.19 ^ clkbuf_0_CLK100MHZ/X (sky130_fd_sc_hd__clkbuf_16)
                                         clknet_0_CLK100MHZ (net)
                  0.07    0.00    0.19 ^ clkbuf_1_1__f_CLK100MHZ/A (sky130_fd_sc_hd__clkbuf_16)
    13    0.06    0.12    0.27    0.46 ^ clkbuf_1_1__f_CLK100MHZ/X (sky130_fd_sc_hd__clkbuf_16)
                                         clknet_1_1__leaf_CLK100MHZ (net)
                  0.12    0.00    0.46 ^ _456_/CLK (sky130_fd_sc_hd__dfxtp_1)
     3    0.02    0.20    0.72    1.18 v _456_/Q (sky130_fd_sc_hd__dfxtp_1)
                                         rf.regs[0][4] (net)
                  0.20    0.00    1.19 v _420_/A (sky130_fd_sc_hd__and2_1)
     1    0.01    0.10    0.37    1.56 v _420_/X (sky130_fd_sc_hd__and2_1)
                                         _052_ (net)
                  0.10    0.00    1.56 v _421_/A (sky130_fd_sc_hd__clkbuf_1)
     1    0.02    0.21    0.30    1.86 v _421_/X (sky130_fd_sc_hd__clkbuf_1)
                                         _022_ (net)
                  0.21    0.00    1.86 v _456_/D (sky130_fd_sc_hd__dfxtp_1)
                                  1.86   data arrival time

                          0.00    0.00   clock CLK100MHZ (rise edge)
                          0.00    0.00   clock source latency
     1    0.02    0.00    0.00    0.00 ^ CLK100MHZ (in)
                                         CLK100MHZ (net)
                  0.00    0.00    0.00 ^ clkbuf_0_CLK100MHZ/A (sky130_fd_sc_hd__clkbuf_16)
     2    0.02    0.07    0.19    0.19 ^ clkbuf_0_CLK100MHZ/X (sky130_fd_sc_hd__clkbuf_16)
                                         clknet_0_CLK100MHZ (net)
                  0.07    0.00    0.19 ^ clkbuf_1_1__f_CLK100MHZ/A (sky130_fd_sc_hd__clkbuf_16)
    13    0.06    0.12    0.27    0.46 ^ clkbuf_1_1__f_CLK100MHZ/X (sky130_fd_sc_hd__clkbuf_16)
                                         clknet_1_1__leaf_CLK100MHZ (net)
                  0.12    0.00    0.46 ^ _456_/CLK (sky130_fd_sc_hd__dfxtp_1)
                          0.20    0.66   clock uncertainty
                          0.00    0.66   clock reconvergence pessimism
                         -0.15    0.51   library hold time
                                  0.51   data required time
-----------------------------------------------------------------------------
                                  0.51   data required time
                                 -1.86   data arrival time
-----------------------------------------------------------------------------
                                  1.34   slack (MET)


Startpoint: _460_ (rising edge-triggered flip-flop clocked by CLK100MHZ)
Endpoint: _460_ (rising edge-triggered flip-flop clocked by CLK100MHZ)
Path Group: CLK100MHZ
Path Type: min
Corner: Slowest

Fanout     Cap    Slew   Delay    Time   Description
-----------------------------------------------------------------------------
                          0.00    0.00   clock CLK100MHZ (rise edge)
                          0.00    0.00   clock source latency
     1    0.02    0.00    0.00    0.00 ^ CLK100MHZ (in)
                                         CLK100MHZ (net)
                  0.00    0.00    0.00 ^ clkbuf_0_CLK100MHZ/A (sky130_fd_sc_hd__clkbuf_16)
     2    0.02    0.07    0.19    0.19 ^ clkbuf_0_CLK100MHZ/X (sky130_fd_sc_hd__clkbuf_16)
                                         clknet_0_CLK100MHZ (net)
                  0.07    0.00    0.19 ^ clkbuf_1_0__f_CLK100MHZ/A (sky130_fd_sc_hd__clkbuf_16)
    16    0.06    0.12    0.27    0.46 ^ clkbuf_1_0__f_CLK100MHZ/X (sky130_fd_sc_hd__clkbuf_16)
                                         clknet_1_0__leaf_CLK100MHZ (net)
                  0.12    0.00    0.47 ^ _460_/CLK (sky130_fd_sc_hd__dfxtp_1)
     2    0.02    0.29    0.82    1.28 ^ _460_/Q (sky130_fd_sc_hd__dfxtp_1)
                                         rf.regs[5][3] (net)
                  0.29    0.00    1.28 ^ _430_/A0 (sky130_fd_sc_hd__mux2_1)
     1    0.00    0.08    0.32    1.60 ^ _430_/X (sky130_fd_sc_hd__mux2_1)
                                         _058_ (net)
                  0.08    0.00    1.61 ^ _431_/A (sky130_fd_sc_hd__buf_1)
     1    0.02    0.29    0.32    1.92 ^ _431_/X (sky130_fd_sc_hd__buf_1)
                                         _026_ (net)
                  0.29    0.00    1.92 ^ _460_/D (sky130_fd_sc_hd__dfxtp_1)
                                  1.92   data arrival time

                          0.00    0.00   clock CLK100MHZ (rise edge)
                          0.00    0.00   clock source latency
     1    0.02    0.00    0.00    0.00 ^ CLK100MHZ (in)
                                         CLK100MHZ (net)
                  0.00    0.00    0.00 ^ clkbuf_0_CLK100MHZ/A (sky130_fd_sc_hd__clkbuf_16)
     2    0.02    0.07    0.19    0.19 ^ clkbuf_0_CLK100MHZ/X (sky130_fd_sc_hd__clkbuf_16)
                                         clknet_0_CLK100MHZ (net)
                  0.07    0.00    0.19 ^ clkbuf_1_0__f_CLK100MHZ/A (sky130_fd_sc_hd__clkbuf_16)
    16    0.06    0.12    0.27    0.46 ^ clkbuf_1_0__f_CLK100MHZ/X (sky130_fd_sc_hd__clkbuf_16)
                                         clknet_1_0__leaf_CLK100MHZ (net)
                  0.12    0.00    0.47 ^ _460_/CLK (sky130_fd_sc_hd__dfxtp_1)
                          0.20    0.67   clock uncertainty
                          0.00    0.67   clock reconvergence pessimism
                         -0.12    0.55   library hold time
                                  0.55   data required time
-----------------------------------------------------------------------------
                                  0.55   data required time
                                 -1.92   data arrival time
-----------------------------------------------------------------------------
                                  1.37   slack (MET)


Startpoint: _450_ (rising edge-triggered flip-flop clocked by CLK100MHZ)
Endpoint: _450_ (rising edge-triggered flip-flop clocked by CLK100MHZ)
Path Group: CLK100MHZ
Path Type: min
Corner: Slowest

Fanout     Cap    Slew   Delay    Time   Description
-----------------------------------------------------------------------------
                          0.00    0.00   clock CLK100MHZ (rise edge)
                          0.00    0.00   clock source latency
     1    0.02    0.00    0.00    0.00 ^ CLK100MHZ (in)
                                         CLK100MHZ (net)
                  0.00    0.00    0.00 ^ clkbuf_0_CLK100MHZ/A (sky130_fd_sc_hd__clkbuf_16)
     2    0.02    0.07    0.19    0.19 ^ clkbuf_0_CLK100MHZ/X (sky130_fd_sc_hd__clkbuf_16)
                                         clknet_0_CLK100MHZ (net)
                  0.07    0.00    0.19 ^ clkbuf_1_0__f_CLK100MHZ/A (sky130_fd_sc_hd__clkbuf_16)
    16    0.06    0.12    0.27    0.46 ^ clkbuf_1_0__f_CLK100MHZ/X (sky130_fd_sc_hd__clkbuf_16)
                                         clknet_1_0__leaf_CLK100MHZ (net)
                  0.12    0.00    0.47 ^ _450_/CLK (sky130_fd_sc_hd__dfxtp_1)
     2    0.03    0.39    0.88    1.35 ^ _450_/Q (sky130_fd_sc_hd__dfxtp_1)
                                         rf.regs[10][3] (net)
                  0.39    0.00    1.35 ^ _406_/A1 (sky130_fd_sc_hd__mux2_1)
     1    0.00    0.10    0.38    1.73 ^ _406_/X (sky130_fd_sc_hd__mux2_1)
                                         _044_ (net)
                  0.10    0.00    1.73 ^ _407_/A (sky130_fd_sc_hd__clkbuf_1)
     1    0.01    0.18    0.24    1.97 ^ _407_/X (sky130_fd_sc_hd__clkbuf_1)
                                         _016_ (net)
                  0.18    0.00    1.97 ^ _450_/D (sky130_fd_sc_hd__dfxtp_1)
                                  1.97   data arrival time

                          0.00    0.00   clock CLK100MHZ (rise edge)
                          0.00    0.00   clock source latency
     1    0.02    0.00    0.00    0.00 ^ CLK100MHZ (in)
                                         CLK100MHZ (net)
                  0.00    0.00    0.00 ^ clkbuf_0_CLK100MHZ/A (sky130_fd_sc_hd__clkbuf_16)
     2    0.02    0.07    0.19    0.19 ^ clkbuf_0_CLK100MHZ/X (sky130_fd_sc_hd__clkbuf_16)
                                         clknet_0_CLK100MHZ (net)
                  0.07    0.00    0.19 ^ clkbuf_1_0__f_CLK100MHZ/A (sky130_fd_sc_hd__clkbuf_16)
    16    0.06    0.12    0.27    0.46 ^ clkbuf_1_0__f_CLK100MHZ/X (sky130_fd_sc_hd__clkbuf_16)
                                         clknet_1_0__leaf_CLK100MHZ (net)
                  0.12    0.00    0.47 ^ _450_/CLK (sky130_fd_sc_hd__dfxtp_1)
                          0.20    0.67   clock uncertainty
                          0.00    0.67   clock reconvergence pessimism
                         -0.09    0.58   library hold time
                                  0.58   data required time
-----------------------------------------------------------------------------
                                  0.58   data required time
                                 -1.97   data arrival time
-----------------------------------------------------------------------------
                                  1.39   slack (MET)


Startpoint: _442_ (rising edge-triggered flip-flop clocked by CLK100MHZ)
Endpoint: _442_ (rising edge-triggered flip-flop clocked by CLK100MHZ)
Path Group: CLK100MHZ
Path Type: min
Corner: Slowest

Fanout     Cap    Slew   Delay    Time   Description
-----------------------------------------------------------------------------
                          0.00    0.00   clock CLK100MHZ (rise edge)
                          0.00    0.00   clock source latency
     1    0.02    0.00    0.00    0.00 ^ CLK100MHZ (in)
                                         CLK100MHZ (net)
                  0.00    0.00    0.00 ^ clkbuf_0_CLK100MHZ/A (sky130_fd_sc_hd__clkbuf_16)
     2    0.02    0.07    0.19    0.19 ^ clkbuf_0_CLK100MHZ/X (sky130_fd_sc_hd__clkbuf_16)
                                         clknet_0_CLK100MHZ (net)
                  0.07    0.00    0.19 ^ clkbuf_1_1__f_CLK100MHZ/A (sky130_fd_sc_hd__clkbuf_16)
    13    0.06    0.12    0.27    0.46 ^ clkbuf_1_1__f_CLK100MHZ/X (sky130_fd_sc_hd__clkbuf_16)
                                         clknet_1_1__leaf_CLK100MHZ (net)
                  0.12    0.00    0.46 ^ _442_/CLK (sky130_fd_sc_hd__dfxtp_1)
     2    0.02    0.32    0.83    1.29 ^ _442_/Q (sky130_fd_sc_hd__dfxtp_1)
                                         rf.regs[15][0] (net)
                  0.32    0.00    1.30 ^ _387_/A0 (sky130_fd_sc_hd__mux2_1)
     1    0.01    0.20    0.44    1.73 ^ _387_/X (sky130_fd_sc_hd__mux2_1)
                                         _033_ (net)
                  0.20    0.00    1.73 ^ _388_/A (sky130_fd_sc_hd__clkbuf_1)
     1    0.01    0.14    0.26    1.99 ^ _388_/X (sky130_fd_sc_hd__clkbuf_1)
                                         _008_ (net)
                  0.14    0.00    1.99 ^ _442_/D (sky130_fd_sc_hd__dfxtp_1)
                                  1.99   data arrival time

                          0.00    0.00   clock CLK100MHZ (rise edge)
                          0.00    0.00   clock source latency
     1    0.02    0.00    0.00    0.00 ^ CLK100MHZ (in)
                                         CLK100MHZ (net)
                  0.00    0.00    0.00 ^ clkbuf_0_CLK100MHZ/A (sky130_fd_sc_hd__clkbuf_16)
     2    0.02    0.07    0.19    0.19 ^ clkbuf_0_CLK100MHZ/X (sky130_fd_sc_hd__clkbuf_16)
                                         clknet_0_CLK100MHZ (net)
                  0.07    0.00    0.19 ^ clkbuf_1_1__f_CLK100MHZ/A (sky130_fd_sc_hd__clkbuf_16)
    13    0.06    0.12    0.27    0.46 ^ clkbuf_1_1__f_CLK100MHZ/X (sky130_fd_sc_hd__clkbuf_16)
                                         clknet_1_1__leaf_CLK100MHZ (net)
                  0.12    0.00    0.46 ^ _442_/CLK (sky130_fd_sc_hd__dfxtp_1)
                          0.20    0.66   clock uncertainty
                          0.00    0.66   clock reconvergence pessimism
                         -0.08    0.58   library hold time
                                  0.58   data required time
-----------------------------------------------------------------------------
                                  0.58   data required time
                                 -1.99   data arrival time
-----------------------------------------------------------------------------
                                  1.41   slack (MET)


Startpoint: _446_ (rising edge-triggered flip-flop clocked by CLK100MHZ)
Endpoint: _446_ (rising edge-triggered flip-flop clocked by CLK100MHZ)
Path Group: CLK100MHZ
Path Type: min
Corner: Slowest

Fanout     Cap    Slew   Delay    Time   Description
-----------------------------------------------------------------------------
                          0.00    0.00   clock CLK100MHZ (rise edge)
                          0.00    0.00   clock source latency
     1    0.02    0.00    0.00    0.00 ^ CLK100MHZ (in)
                                         CLK100MHZ (net)
                  0.00    0.00    0.00 ^ clkbuf_0_CLK100MHZ/A (sky130_fd_sc_hd__clkbuf_16)
     2    0.02    0.07    0.19    0.19 ^ clkbuf_0_CLK100MHZ/X (sky130_fd_sc_hd__clkbuf_16)
                                         clknet_0_CLK100MHZ (net)
                  0.07    0.00    0.19 ^ clkbuf_1_1__f_CLK100MHZ/A (sky130_fd_sc_hd__clkbuf_16)
    13    0.06    0.12    0.27    0.46 ^ clkbuf_1_1__f_CLK100MHZ/X (sky130_fd_sc_hd__clkbuf_16)
                                         clknet_1_1__leaf_CLK100MHZ (net)
                  0.12    0.00    0.46 ^ _446_/CLK (sky130_fd_sc_hd__dfxtp_1)
     2    0.02    0.27    0.80    1.26 ^ _446_/Q (sky130_fd_sc_hd__dfxtp_1)
                                         rf.regs[15][4] (net)
                  0.27    0.00    1.26 ^ _395_/A0 (sky130_fd_sc_hd__mux2_1)
     1    0.01    0.19    0.41    1.67 ^ _395_/X (sky130_fd_sc_hd__mux2_1)
                                         _037_ (net)
                  0.19    0.00    1.67 ^ _396_/A (sky130_fd_sc_hd__clkbuf_1)
     1    0.01    0.21    0.30    1.98 ^ _396_/X (sky130_fd_sc_hd__clkbuf_1)
                                         _012_ (net)
                  0.21    0.00    1.98 ^ _446_/D (sky130_fd_sc_hd__dfxtp_1)
                                  1.98   data arrival time

                          0.00    0.00   clock CLK100MHZ (rise edge)
                          0.00    0.00   clock source latency
     1    0.02    0.00    0.00    0.00 ^ CLK100MHZ (in)
                                         CLK100MHZ (net)
                  0.00    0.00    0.00 ^ clkbuf_0_CLK100MHZ/A (sky130_fd_sc_hd__clkbuf_16)
     2    0.02    0.07    0.19    0.19 ^ clkbuf_0_CLK100MHZ/X (sky130_fd_sc_hd__clkbuf_16)
                                         clknet_0_CLK100MHZ (net)
                  0.07    0.00    0.19 ^ clkbuf_1_1__f_CLK100MHZ/A (sky130_fd_sc_hd__clkbuf_16)
    13    0.06    0.12    0.27    0.46 ^ clkbuf_1_1__f_CLK100MHZ/X (sky130_fd_sc_hd__clkbuf_16)
                                         clknet_1_1__leaf_CLK100MHZ (net)
                  0.12    0.00    0.46 ^ _446_/CLK (sky130_fd_sc_hd__dfxtp_1)
                          0.20    0.66   clock uncertainty
                          0.00    0.66   clock reconvergence pessimism
                         -0.10    0.56   library hold time
                                  0.56   data required time
-----------------------------------------------------------------------------
                                  0.56   data required time
                                 -1.98   data arrival time
-----------------------------------------------------------------------------
                                  1.41   slack (MET)


Startpoint: _452_ (rising edge-triggered flip-flop clocked by CLK100MHZ)
Endpoint: _452_ (rising edge-triggered flip-flop clocked by CLK100MHZ)
Path Group: CLK100MHZ
Path Type: min
Corner: Slowest

Fanout     Cap    Slew   Delay    Time   Description
-----------------------------------------------------------------------------
                          0.00    0.00   clock CLK100MHZ (rise edge)
                          0.00    0.00   clock source latency
     1    0.02    0.00    0.00    0.00 ^ CLK100MHZ (in)
                                         CLK100MHZ (net)
                  0.00    0.00    0.00 ^ clkbuf_0_CLK100MHZ/A (sky130_fd_sc_hd__clkbuf_16)
     2    0.02    0.07    0.19    0.19 ^ clkbuf_0_CLK100MHZ/X (sky130_fd_sc_hd__clkbuf_16)
                                         clknet_0_CLK100MHZ (net)
                  0.07    0.00    0.19 ^ clkbuf_1_1__f_CLK100MHZ/A (sky130_fd_sc_hd__clkbuf_16)
    13    0.06    0.12    0.27    0.46 ^ clkbuf_1_1__f_CLK100MHZ/X (sky130_fd_sc_hd__clkbuf_16)
                                         clknet_1_1__leaf_CLK100MHZ (net)
                  0.12    0.00    0.46 ^ _452_/CLK (sky130_fd_sc_hd__dfxtp_1)
     3    0.03    0.30    0.80    1.26 v _452_/Q (sky130_fd_sc_hd__dfxtp_1)
                                         rf.regs[0][0] (net)
                  0.30    0.00    1.26 v _412_/A (sky130_fd_sc_hd__and2_1)
     1    0.02    0.19    0.51    1.77 v _412_/X (sky130_fd_sc_hd__and2_1)
                                         _048_ (net)
                  0.19    0.00    1.77 v _413_/A (sky130_fd_sc_hd__clkbuf_1)
     1    0.00    0.07    0.24    2.01 v _413_/X (sky130_fd_sc_hd__clkbuf_1)
                                         _018_ (net)
                  0.07    0.00    2.01 v _452_/D (sky130_fd_sc_hd__dfxtp_1)
                                  2.01   data arrival time

                          0.00    0.00   clock CLK100MHZ (rise edge)
                          0.00    0.00   clock source latency
     1    0.02    0.00    0.00    0.00 ^ CLK100MHZ (in)
                                         CLK100MHZ (net)
                  0.00    0.00    0.00 ^ clkbuf_0_CLK100MHZ/A (sky130_fd_sc_hd__clkbuf_16)
     2    0.02    0.07    0.19    0.19 ^ clkbuf_0_CLK100MHZ/X (sky130_fd_sc_hd__clkbuf_16)
                                         clknet_0_CLK100MHZ (net)
                  0.07    0.00    0.19 ^ clkbuf_1_1__f_CLK100MHZ/A (sky130_fd_sc_hd__clkbuf_16)
    13    0.06    0.12    0.27    0.46 ^ clkbuf_1_1__f_CLK100MHZ/X (sky130_fd_sc_hd__clkbuf_16)
                                         clknet_1_1__leaf_CLK100MHZ (net)
                  0.12    0.00    0.46 ^ _452_/CLK (sky130_fd_sc_hd__dfxtp_1)
                          0.20    0.66   clock uncertainty
                          0.00    0.66   clock reconvergence pessimism
                         -0.09    0.57   library hold time
                                  0.57   data required time
-----------------------------------------------------------------------------
                                  0.57   data required time
                                 -2.01   data arrival time
-----------------------------------------------------------------------------
                                  1.44   slack (MET)


Startpoint: _454_ (rising edge-triggered flip-flop clocked by CLK100MHZ)
Endpoint: _454_ (rising edge-triggered flip-flop clocked by CLK100MHZ)
Path Group: CLK100MHZ
Path Type: min
Corner: Slowest

Fanout     Cap    Slew   Delay    Time   Description
-----------------------------------------------------------------------------
                          0.00    0.00   clock CLK100MHZ (rise edge)
                          0.00    0.00   clock source latency
     1    0.02    0.00    0.00    0.00 ^ CLK100MHZ (in)
                                         CLK100MHZ (net)
                  0.00    0.00    0.00 ^ clkbuf_0_CLK100MHZ/A (sky130_fd_sc_hd__clkbuf_16)
     2    0.02    0.07    0.19    0.19 ^ clkbuf_0_CLK100MHZ/X (sky130_fd_sc_hd__clkbuf_16)
                                         clknet_0_CLK100MHZ (net)
                  0.07    0.00    0.19 ^ clkbuf_1_0__f_CLK100MHZ/A (sky130_fd_sc_hd__clkbuf_16)
    16    0.06    0.12    0.27    0.46 ^ clkbuf_1_0__f_CLK100MHZ/X (sky130_fd_sc_hd__clkbuf_16)
                                         clknet_1_0__leaf_CLK100MHZ (net)
                  0.12    0.00    0.47 ^ _454_/CLK (sky130_fd_sc_hd__dfxtp_1)
     3    0.02    0.19    0.72    1.19 v _454_/Q (sky130_fd_sc_hd__dfxtp_1)
                                         rf.regs[0][2] (net)
                  0.19    0.00    1.19 v _416_/A (sky130_fd_sc_hd__and2_1)
     1    0.02    0.22    0.48    1.66 v _416_/X (sky130_fd_sc_hd__and2_1)
                                         _050_ (net)
                  0.22    0.00    1.66 v _417_/A (sky130_fd_sc_hd__buf_1)
     1    0.01    0.16    0.32    1.98 v _417_/X (sky130_fd_sc_hd__buf_1)
                                         _020_ (net)
                  0.16    0.00    1.98 v _454_/D (sky130_fd_sc_hd__dfxtp_1)
                                  1.98   data arrival time

                          0.00    0.00   clock CLK100MHZ (rise edge)
                          0.00    0.00   clock source latency
     1    0.02    0.00    0.00    0.00 ^ CLK100MHZ (in)
                                         CLK100MHZ (net)
                  0.00    0.00    0.00 ^ clkbuf_0_CLK100MHZ/A (sky130_fd_sc_hd__clkbuf_16)
     2    0.02    0.07    0.19    0.19 ^ clkbuf_0_CLK100MHZ/X (sky130_fd_sc_hd__clkbuf_16)
                                         clknet_0_CLK100MHZ (net)
                  0.07    0.00    0.19 ^ clkbuf_1_0__f_CLK100MHZ/A (sky130_fd_sc_hd__clkbuf_16)
    16    0.06    0.12    0.27    0.46 ^ clkbuf_1_0__f_CLK100MHZ/X (sky130_fd_sc_hd__clkbuf_16)
                                         clknet_1_0__leaf_CLK100MHZ (net)
                  0.12    0.00    0.47 ^ _454_/CLK (sky130_fd_sc_hd__dfxtp_1)
                          0.20    0.67   clock uncertainty
                          0.00    0.67   clock reconvergence pessimism
                         -0.13    0.54   library hold time
                                  0.54   data required time
-----------------------------------------------------------------------------
                                  0.54   data required time
                                 -1.98   data arrival time
-----------------------------------------------------------------------------
                                  1.44   slack (MET)


Startpoint: _439_ (rising edge-triggered flip-flop clocked by CLK100MHZ)
Endpoint: _439_ (rising edge-triggered flip-flop clocked by CLK100MHZ)
Path Group: CLK100MHZ
Path Type: min
Corner: Slowest

Fanout     Cap    Slew   Delay    Time   Description
-----------------------------------------------------------------------------
                          0.00    0.00   clock CLK100MHZ (rise edge)
                          0.00    0.00   clock source latency
     1    0.02    0.00    0.00    0.00 ^ CLK100MHZ (in)
                                         CLK100MHZ (net)
                  0.00    0.00    0.00 ^ clkbuf_0_CLK100MHZ/A (sky130_fd_sc_hd__clkbuf_16)
     2    0.02    0.07    0.19    0.19 ^ clkbuf_0_CLK100MHZ/X (sky130_fd_sc_hd__clkbuf_16)
                                         clknet_0_CLK100MHZ (net)
                  0.07    0.00    0.19 ^ clkbuf_1_1__f_CLK100MHZ/A (sky130_fd_sc_hd__clkbuf_16)
    13    0.06    0.12    0.27    0.46 ^ clkbuf_1_1__f_CLK100MHZ/X (sky130_fd_sc_hd__clkbuf_16)
                                         clknet_1_1__leaf_CLK100MHZ (net)
                  0.12    0.00    0.46 ^ _439_/CLK (sky130_fd_sc_hd__dfxtp_1)
     2    0.01    0.21    0.76    1.22 ^ _439_/Q (sky130_fd_sc_hd__dfxtp_1)
                                         rf.regs[25][2] (net)
                  0.21    0.00    1.22 ^ _369_/A0 (sky130_fd_sc_hd__mux2_1)
     1    0.02    0.33    0.49    1.71 ^ _369_/X (sky130_fd_sc_hd__mux2_1)
                                         _202_ (net)
                  0.33    0.00    1.71 ^ _370_/A (sky130_fd_sc_hd__clkbuf_1)
     1    0.01    0.22    0.35    2.06 ^ _370_/X (sky130_fd_sc_hd__clkbuf_1)
                                         _005_ (net)
                  0.22    0.00    2.07 ^ _439_/D (sky130_fd_sc_hd__dfxtp_1)
                                  2.07   data arrival time

                          0.00    0.00   clock CLK100MHZ (rise edge)
                          0.00    0.00   clock source latency
     1    0.02    0.00    0.00    0.00 ^ CLK100MHZ (in)
                                         CLK100MHZ (net)
                  0.00    0.00    0.00 ^ clkbuf_0_CLK100MHZ/A (sky130_fd_sc_hd__clkbuf_16)
     2    0.02    0.07    0.19    0.19 ^ clkbuf_0_CLK100MHZ/X (sky130_fd_sc_hd__clkbuf_16)
                                         clknet_0_CLK100MHZ (net)
                  0.07    0.00    0.19 ^ clkbuf_1_1__f_CLK100MHZ/A (sky130_fd_sc_hd__clkbuf_16)
    13    0.06    0.12    0.27    0.46 ^ clkbuf_1_1__f_CLK100MHZ/X (sky130_fd_sc_hd__clkbuf_16)
                                         clknet_1_1__leaf_CLK100MHZ (net)
                  0.12    0.00    0.46 ^ _439_/CLK (sky130_fd_sc_hd__dfxtp_1)
                          0.20    0.66   clock uncertainty
                          0.00    0.66   clock reconvergence pessimism
                         -0.10    0.56   library hold time
                                  0.56   data required time
-----------------------------------------------------------------------------
                                  0.56   data required time
                                 -2.07   data arrival time
-----------------------------------------------------------------------------
                                  1.50   slack (MET)


Startpoint: _459_ (rising edge-triggered flip-flop clocked by CLK100MHZ)
Endpoint: _459_ (rising edge-triggered flip-flop clocked by CLK100MHZ)
Path Group: CLK100MHZ
Path Type: min
Corner: Slowest

Fanout     Cap    Slew   Delay    Time   Description
-----------------------------------------------------------------------------
                          0.00    0.00   clock CLK100MHZ (rise edge)
                          0.00    0.00   clock source latency
     1    0.02    0.00    0.00    0.00 ^ CLK100MHZ (in)
                                         CLK100MHZ (net)
                  0.00    0.00    0.00 ^ clkbuf_0_CLK100MHZ/A (sky130_fd_sc_hd__clkbuf_16)
     2    0.02    0.07    0.19    0.19 ^ clkbuf_0_CLK100MHZ/X (sky130_fd_sc_hd__clkbuf_16)
                                         clknet_0_CLK100MHZ (net)
                  0.07    0.00    0.19 ^ clkbuf_1_0__f_CLK100MHZ/A (sky130_fd_sc_hd__clkbuf_16)
    16    0.06    0.12    0.27    0.46 ^ clkbuf_1_0__f_CLK100MHZ/X (sky130_fd_sc_hd__clkbuf_16)
                                         clknet_1_0__leaf_CLK100MHZ (net)
                  0.12    0.00    0.47 ^ _459_/CLK (sky130_fd_sc_hd__dfxtp_1)
     2    0.03    0.38    0.88    1.35 ^ _459_/Q (sky130_fd_sc_hd__dfxtp_1)
                                         rf.regs[5][2] (net)
                  0.38    0.00    1.35 ^ _428_/A0 (sky130_fd_sc_hd__mux2_1)
     1    0.01    0.15    0.42    1.76 ^ _428_/X (sky130_fd_sc_hd__mux2_1)
                                         _057_ (net)
                  0.15    0.00    1.76 ^ _429_/A (sky130_fd_sc_hd__buf_1)
     1    0.01    0.25    0.31    2.07 ^ _429_/X (sky130_fd_sc_hd__buf_1)
                                         _025_ (net)
                  0.25    0.00    2.08 ^ _459_/D (sky130_fd_sc_hd__dfxtp_1)
                                  2.08   data arrival time

                          0.00    0.00   clock CLK100MHZ (rise edge)
                          0.00    0.00   clock source latency
     1    0.02    0.00    0.00    0.00 ^ CLK100MHZ (in)
                                         CLK100MHZ (net)
                  0.00    0.00    0.00 ^ clkbuf_0_CLK100MHZ/A (sky130_fd_sc_hd__clkbuf_16)
     2    0.02    0.07    0.19    0.19 ^ clkbuf_0_CLK100MHZ/X (sky130_fd_sc_hd__clkbuf_16)
                                         clknet_0_CLK100MHZ (net)
                  0.07    0.00    0.19 ^ clkbuf_1_0__f_CLK100MHZ/A (sky130_fd_sc_hd__clkbuf_16)
    16    0.06    0.12    0.27    0.46 ^ clkbuf_1_0__f_CLK100MHZ/X (sky130_fd_sc_hd__clkbuf_16)
                                         clknet_1_0__leaf_CLK100MHZ (net)
                  0.12    0.00    0.47 ^ _459_/CLK (sky130_fd_sc_hd__dfxtp_1)
                          0.20    0.67   clock uncertainty
                          0.00    0.67   clock reconvergence pessimism
                         -0.10    0.56   library hold time
                                  0.56   data required time
-----------------------------------------------------------------------------
                                  0.56   data required time
                                 -2.08   data arrival time
-----------------------------------------------------------------------------
                                  1.51   slack (MET)


Startpoint: _457_ (rising edge-triggered flip-flop clocked by CLK100MHZ)
Endpoint: _457_ (rising edge-triggered flip-flop clocked by CLK100MHZ)
Path Group: CLK100MHZ
Path Type: min
Corner: Slowest

Fanout     Cap    Slew   Delay    Time   Description
-----------------------------------------------------------------------------
                          0.00    0.00   clock CLK100MHZ (rise edge)
                          0.00    0.00   clock source latency
     1    0.02    0.00    0.00    0.00 ^ CLK100MHZ (in)
                                         CLK100MHZ (net)
                  0.00    0.00    0.00 ^ clkbuf_0_CLK100MHZ/A (sky130_fd_sc_hd__clkbuf_16)
     2    0.02    0.07    0.19    0.19 ^ clkbuf_0_CLK100MHZ/X (sky130_fd_sc_hd__clkbuf_16)
                                         clknet_0_CLK100MHZ (net)
                  0.07    0.00    0.19 ^ clkbuf_1_1__f_CLK100MHZ/A (sky130_fd_sc_hd__clkbuf_16)
    13    0.06    0.12    0.27    0.46 ^ clkbuf_1_1__f_CLK100MHZ/X (sky130_fd_sc_hd__clkbuf_16)
                                         clknet_1_1__leaf_CLK100MHZ (net)
                  0.12    0.00    0.46 ^ _457_/CLK (sky130_fd_sc_hd__dfxtp_1)
     2    0.02    0.29    0.81    1.27 ^ _457_/Q (sky130_fd_sc_hd__dfxtp_1)
                                         rf.regs[5][0] (net)
                  0.29    0.00    1.27 ^ _424_/A0 (sky130_fd_sc_hd__mux2_1)
     1    0.01    0.19    0.41    1.69 ^ _424_/X (sky130_fd_sc_hd__mux2_1)
                                         _055_ (net)
                  0.19    0.00    1.69 ^ _425_/A (sky130_fd_sc_hd__clkbuf_1)
     1    0.02    0.33    0.38    2.07 ^ _425_/X (sky130_fd_sc_hd__clkbuf_1)
                                         _023_ (net)
                  0.33    0.00    2.07 ^ _457_/D (sky130_fd_sc_hd__dfxtp_1)
                                  2.07   data arrival time

                          0.00    0.00   clock CLK100MHZ (rise edge)
                          0.00    0.00   clock source latency
     1    0.02    0.00    0.00    0.00 ^ CLK100MHZ (in)
                                         CLK100MHZ (net)
                  0.00    0.00    0.00 ^ clkbuf_0_CLK100MHZ/A (sky130_fd_sc_hd__clkbuf_16)
     2    0.02    0.07    0.19    0.19 ^ clkbuf_0_CLK100MHZ/X (sky130_fd_sc_hd__clkbuf_16)
                                         clknet_0_CLK100MHZ (net)
                  0.07    0.00    0.19 ^ clkbuf_1_1__f_CLK100MHZ/A (sky130_fd_sc_hd__clkbuf_16)
    13    0.06    0.12    0.27    0.46 ^ clkbuf_1_1__f_CLK100MHZ/X (sky130_fd_sc_hd__clkbuf_16)
                                         clknet_1_1__leaf_CLK100MHZ (net)
                  0.12    0.00    0.46 ^ _457_/CLK (sky130_fd_sc_hd__dfxtp_1)
                          0.20    0.66   clock uncertainty
                          0.00    0.66   clock reconvergence pessimism
                         -0.12    0.54   library hold time
                                  0.54   data required time
-----------------------------------------------------------------------------
                                  0.54   data required time
                                 -2.07   data arrival time
-----------------------------------------------------------------------------
                                  1.53   slack (MET)


Startpoint: _438_ (rising edge-triggered flip-flop clocked by CLK100MHZ)
Endpoint: _438_ (rising edge-triggered flip-flop clocked by CLK100MHZ)
Path Group: CLK100MHZ
Path Type: min
Corner: Slowest

Fanout     Cap    Slew   Delay    Time   Description
-----------------------------------------------------------------------------
                          0.00    0.00   clock CLK100MHZ (rise edge)
                          0.00    0.00   clock source latency
     1    0.02    0.00    0.00    0.00 ^ CLK100MHZ (in)
                                         CLK100MHZ (net)
                  0.00    0.00    0.00 ^ clkbuf_0_CLK100MHZ/A (sky130_fd_sc_hd__clkbuf_16)
     2    0.02    0.07    0.19    0.19 ^ clkbuf_0_CLK100MHZ/X (sky130_fd_sc_hd__clkbuf_16)
                                         clknet_0_CLK100MHZ (net)
                  0.07    0.00    0.19 ^ clkbuf_1_1__f_CLK100MHZ/A (sky130_fd_sc_hd__clkbuf_16)
    13    0.06    0.12    0.27    0.46 ^ clkbuf_1_1__f_CLK100MHZ/X (sky130_fd_sc_hd__clkbuf_16)
                                         clknet_1_1__leaf_CLK100MHZ (net)
                  0.12    0.00    0.46 ^ _438_/CLK (sky130_fd_sc_hd__dfxtp_1)
     3    0.03    0.41    0.90    1.36 ^ _438_/Q (sky130_fd_sc_hd__dfxtp_1)
                                         rf.regs[25][1] (net)
                  0.41    0.00    1.36 ^ _367_/A0 (sky130_fd_sc_hd__mux2_1)
     1    0.01    0.20    0.47    1.83 ^ _367_/X (sky130_fd_sc_hd__mux2_1)
                                         _201_ (net)
                  0.20    0.00    1.83 ^ _368_/A (sky130_fd_sc_hd__clkbuf_1)
     1    0.01    0.21    0.31    2.14 ^ _368_/X (sky130_fd_sc_hd__clkbuf_1)
                                         _004_ (net)
                  0.21    0.00    2.14 ^ _438_/D (sky130_fd_sc_hd__dfxtp_1)
                                  2.14   data arrival time

                          0.00    0.00   clock CLK100MHZ (rise edge)
                          0.00    0.00   clock source latency
     1    0.02    0.00    0.00    0.00 ^ CLK100MHZ (in)
                                         CLK100MHZ (net)
                  0.00    0.00    0.00 ^ clkbuf_0_CLK100MHZ/A (sky130_fd_sc_hd__clkbuf_16)
     2    0.02    0.07    0.19    0.19 ^ clkbuf_0_CLK100MHZ/X (sky130_fd_sc_hd__clkbuf_16)
                                         clknet_0_CLK100MHZ (net)
                  0.07    0.00    0.19 ^ clkbuf_1_1__f_CLK100MHZ/A (sky130_fd_sc_hd__clkbuf_16)
    13    0.06    0.12    0.27    0.46 ^ clkbuf_1_1__f_CLK100MHZ/X (sky130_fd_sc_hd__clkbuf_16)
                                         clknet_1_1__leaf_CLK100MHZ (net)
                  0.12    0.00    0.46 ^ _438_/CLK (sky130_fd_sc_hd__dfxtp_1)
                          0.20    0.66   clock uncertainty
                          0.00    0.66   clock reconvergence pessimism
                         -0.10    0.56   library hold time
                                  0.56   data required time
-----------------------------------------------------------------------------
                                  0.56   data required time
                                 -2.14   data arrival time
-----------------------------------------------------------------------------
                                  1.58   slack (MET)


Startpoint: _443_ (rising edge-triggered flip-flop clocked by CLK100MHZ)
Endpoint: _443_ (rising edge-triggered flip-flop clocked by CLK100MHZ)
Path Group: CLK100MHZ
Path Type: min
Corner: Slowest

Fanout     Cap    Slew   Delay    Time   Description
-----------------------------------------------------------------------------
                          0.00    0.00   clock CLK100MHZ (rise edge)
                          0.00    0.00   clock source latency
     1    0.02    0.00    0.00    0.00 ^ CLK100MHZ (in)
                                         CLK100MHZ (net)
                  0.00    0.00    0.00 ^ clkbuf_0_CLK100MHZ/A (sky130_fd_sc_hd__clkbuf_16)
     2    0.02    0.07    0.19    0.19 ^ clkbuf_0_CLK100MHZ/X (sky130_fd_sc_hd__clkbuf_16)
                                         clknet_0_CLK100MHZ (net)
                  0.07    0.00    0.19 ^ clkbuf_1_0__f_CLK100MHZ/A (sky130_fd_sc_hd__clkbuf_16)
    16    0.06    0.12    0.27    0.46 ^ clkbuf_1_0__f_CLK100MHZ/X (sky130_fd_sc_hd__clkbuf_16)
                                         clknet_1_0__leaf_CLK100MHZ (net)
                  0.12    0.00    0.47 ^ _443_/CLK (sky130_fd_sc_hd__dfxtp_1)
     2    0.02    0.27    0.80    1.27 ^ _443_/Q (sky130_fd_sc_hd__dfxtp_1)
                                         rf.regs[15][1] (net)
                  0.27    0.00    1.27 ^ _389_/A0 (sky130_fd_sc_hd__mux2_1)
     1    0.01    0.16    0.38    1.65 ^ _389_/X (sky130_fd_sc_hd__mux2_1)
                                         _034_ (net)
                  0.16    0.00    1.65 ^ _390_/A (sky130_fd_sc_hd__buf_1)
     1    0.02    0.46    0.46    2.11 ^ _390_/X (sky130_fd_sc_hd__buf_1)
                                         _009_ (net)
                  0.46    0.00    2.11 ^ _443_/D (sky130_fd_sc_hd__dfxtp_1)
                                  2.11   data arrival time

                          0.00    0.00   clock CLK100MHZ (rise edge)
                          0.00    0.00   clock source latency
     1    0.02    0.00    0.00    0.00 ^ CLK100MHZ (in)
                                         CLK100MHZ (net)
                  0.00    0.00    0.00 ^ clkbuf_0_CLK100MHZ/A (sky130_fd_sc_hd__clkbuf_16)
     2    0.02    0.07    0.19    0.19 ^ clkbuf_0_CLK100MHZ/X (sky130_fd_sc_hd__clkbuf_16)
                                         clknet_0_CLK100MHZ (net)
                  0.07    0.00    0.19 ^ clkbuf_1_0__f_CLK100MHZ/A (sky130_fd_sc_hd__clkbuf_16)
    16    0.06    0.12    0.27    0.46 ^ clkbuf_1_0__f_CLK100MHZ/X (sky130_fd_sc_hd__clkbuf_16)
                                         clknet_1_0__leaf_CLK100MHZ (net)
                  0.12    0.00    0.47 ^ _443_/CLK (sky130_fd_sc_hd__dfxtp_1)
                          0.20    0.67   clock uncertainty
                          0.00    0.67   clock reconvergence pessimism
                         -0.15    0.51   library hold time
                                  0.51   data required time
-----------------------------------------------------------------------------
                                  0.51   data required time
                                 -2.11   data arrival time
-----------------------------------------------------------------------------
                                  1.60   slack (MET)


Startpoint: _441_ (rising edge-triggered flip-flop clocked by CLK100MHZ)
Endpoint: _441_ (rising edge-triggered flip-flop clocked by CLK100MHZ)
Path Group: CLK100MHZ
Path Type: min
Corner: Slowest

Fanout     Cap    Slew   Delay    Time   Description
-----------------------------------------------------------------------------
                          0.00    0.00   clock CLK100MHZ (rise edge)
                          0.00    0.00   clock source latency
     1    0.02    0.00    0.00    0.00 ^ CLK100MHZ (in)
                                         CLK100MHZ (net)
                  0.00    0.00    0.00 ^ clkbuf_0_CLK100MHZ/A (sky130_fd_sc_hd__clkbuf_16)
     2    0.02    0.07    0.19    0.19 ^ clkbuf_0_CLK100MHZ/X (sky130_fd_sc_hd__clkbuf_16)
                                         clknet_0_CLK100MHZ (net)
                  0.07    0.00    0.19 ^ clkbuf_1_0__f_CLK100MHZ/A (sky130_fd_sc_hd__clkbuf_16)
    16    0.06    0.12    0.27    0.46 ^ clkbuf_1_0__f_CLK100MHZ/X (sky130_fd_sc_hd__clkbuf_16)
                                         clknet_1_0__leaf_CLK100MHZ (net)
                  0.12    0.00    0.47 ^ _441_/CLK (sky130_fd_sc_hd__dfxtp_1)
     2    0.03    0.46    0.94    1.40 ^ _441_/Q (sky130_fd_sc_hd__dfxtp_1)
                                         rf.regs[25][4] (net)
                  0.46    0.00    1.40 ^ _383_/A0 (sky130_fd_sc_hd__mux2_1)
     1    0.01    0.21    0.49    1.90 ^ _383_/X (sky130_fd_sc_hd__mux2_1)
                                         _214_ (net)
                  0.21    0.00    1.90 ^ _384_/A (sky130_fd_sc_hd__buf_1)
     1    0.02    0.33    0.40    2.29 ^ _384_/X (sky130_fd_sc_hd__buf_1)
                                         _007_ (net)
                  0.33    0.00    2.29 ^ _441_/D (sky130_fd_sc_hd__dfxtp_1)
                                  2.29   data arrival time

                          0.00    0.00   clock CLK100MHZ (rise edge)
                          0.00    0.00   clock source latency
     1    0.02    0.00    0.00    0.00 ^ CLK100MHZ (in)
                                         CLK100MHZ (net)
                  0.00    0.00    0.00 ^ clkbuf_0_CLK100MHZ/A (sky130_fd_sc_hd__clkbuf_16)
     2    0.02    0.07    0.19    0.19 ^ clkbuf_0_CLK100MHZ/X (sky130_fd_sc_hd__clkbuf_16)
                                         clknet_0_CLK100MHZ (net)
                  0.07    0.00    0.19 ^ clkbuf_1_0__f_CLK100MHZ/A (sky130_fd_sc_hd__clkbuf_16)
    16    0.06    0.12    0.27    0.46 ^ clkbuf_1_0__f_CLK100MHZ/X (sky130_fd_sc_hd__clkbuf_16)
                                         clknet_1_0__leaf_CLK100MHZ (net)
                  0.12    0.00    0.47 ^ _441_/CLK (sky130_fd_sc_hd__dfxtp_1)
                          0.20    0.67   clock uncertainty
                          0.00    0.67   clock reconvergence pessimism
                         -0.12    0.54   library hold time
                                  0.54   data required time
-----------------------------------------------------------------------------
                                  0.54   data required time
                                 -2.29   data arrival time
-----------------------------------------------------------------------------
                                  1.75   slack (MET)


Startpoint: _449_ (rising edge-triggered flip-flop clocked by CLK100MHZ)
Endpoint: _449_ (rising edge-triggered flip-flop clocked by CLK100MHZ)
Path Group: CLK100MHZ
Path Type: min
Corner: Slowest

Fanout     Cap    Slew   Delay    Time   Description
-----------------------------------------------------------------------------
                          0.00    0.00   clock CLK100MHZ (rise edge)
                          0.00    0.00   clock source latency
     1    0.02    0.00    0.00    0.00 ^ CLK100MHZ (in)
                                         CLK100MHZ (net)
                  0.00    0.00    0.00 ^ clkbuf_0_CLK100MHZ/A (sky130_fd_sc_hd__clkbuf_16)
     2    0.02    0.07    0.19    0.19 ^ clkbuf_0_CLK100MHZ/X (sky130_fd_sc_hd__clkbuf_16)
                                         clknet_0_CLK100MHZ (net)
                  0.07    0.00    0.19 ^ clkbuf_1_0__f_CLK100MHZ/A (sky130_fd_sc_hd__clkbuf_16)
    16    0.06    0.12    0.27    0.46 ^ clkbuf_1_0__f_CLK100MHZ/X (sky130_fd_sc_hd__clkbuf_16)
                                         clknet_1_0__leaf_CLK100MHZ (net)
                  0.12    0.00    0.47 ^ _449_/CLK (sky130_fd_sc_hd__dfxtp_1)
     2    0.03    0.44    0.92    1.39 ^ _449_/Q (sky130_fd_sc_hd__dfxtp_1)
                                         rf.regs[10][2] (net)
                  0.44    0.00    1.39 ^ _404_/A1 (sky130_fd_sc_hd__mux2_1)
     1    0.02    0.23    0.51    1.90 ^ _404_/X (sky130_fd_sc_hd__mux2_1)
                                         _043_ (net)
                  0.23    0.00    1.90 ^ _405_/A (sky130_fd_sc_hd__buf_1)
     1    0.02    0.35    0.41    2.31 ^ _405_/X (sky130_fd_sc_hd__buf_1)
                                         _015_ (net)
                  0.35    0.00    2.31 ^ _449_/D (sky130_fd_sc_hd__dfxtp_1)
                                  2.31   data arrival time

                          0.00    0.00   clock CLK100MHZ (rise edge)
                          0.00    0.00   clock source latency
     1    0.02    0.00    0.00    0.00 ^ CLK100MHZ (in)
                                         CLK100MHZ (net)
                  0.00    0.00    0.00 ^ clkbuf_0_CLK100MHZ/A (sky130_fd_sc_hd__clkbuf_16)
     2    0.02    0.07    0.19    0.19 ^ clkbuf_0_CLK100MHZ/X (sky130_fd_sc_hd__clkbuf_16)
                                         clknet_0_CLK100MHZ (net)
                  0.07    0.00    0.19 ^ clkbuf_1_0__f_CLK100MHZ/A (sky130_fd_sc_hd__clkbuf_16)
    16    0.06    0.12    0.27    0.46 ^ clkbuf_1_0__f_CLK100MHZ/X (sky130_fd_sc_hd__clkbuf_16)
                                         clknet_1_0__leaf_CLK100MHZ (net)
                  0.12    0.00    0.47 ^ _449_/CLK (sky130_fd_sc_hd__dfxtp_1)
                          0.20    0.67   clock uncertainty
                          0.00    0.67   clock reconvergence pessimism
                         -0.13    0.54   library hold time
                                  0.54   data required time
-----------------------------------------------------------------------------
                                  0.54   data required time
                                 -2.31   data arrival time
-----------------------------------------------------------------------------
                                  1.78   slack (MET)


Startpoint: _445_ (rising edge-triggered flip-flop clocked by CLK100MHZ)
Endpoint: _445_ (rising edge-triggered flip-flop clocked by CLK100MHZ)
Path Group: CLK100MHZ
Path Type: min
Corner: Slowest

Fanout     Cap    Slew   Delay    Time   Description
-----------------------------------------------------------------------------
                          0.00    0.00   clock CLK100MHZ (rise edge)
                          0.00    0.00   clock source latency
     1    0.02    0.00    0.00    0.00 ^ CLK100MHZ (in)
                                         CLK100MHZ (net)
                  0.00    0.00    0.00 ^ clkbuf_0_CLK100MHZ/A (sky130_fd_sc_hd__clkbuf_16)
     2    0.02    0.07    0.19    0.19 ^ clkbuf_0_CLK100MHZ/X (sky130_fd_sc_hd__clkbuf_16)
                                         clknet_0_CLK100MHZ (net)
                  0.07    0.00    0.19 ^ clkbuf_1_1__f_CLK100MHZ/A (sky130_fd_sc_hd__clkbuf_16)
    13    0.06    0.12    0.27    0.46 ^ clkbuf_1_1__f_CLK100MHZ/X (sky130_fd_sc_hd__clkbuf_16)
                                         clknet_1_1__leaf_CLK100MHZ (net)
                  0.12    0.00    0.46 ^ _445_/CLK (sky130_fd_sc_hd__dfxtp_1)
     2    0.02    0.28    0.81    1.27 ^ _445_/Q (sky130_fd_sc_hd__dfxtp_1)
                                         rf.regs[15][3] (net)
                  0.28    0.00    1.27 ^ _393_/A0 (sky130_fd_sc_hd__mux2_1)
     1    0.01    0.20    0.42    1.69 ^ _393_/X (sky130_fd_sc_hd__mux2_1)
                                         _036_ (net)
                  0.20    0.00    1.69 ^ _394_/A (sky130_fd_sc_hd__buf_1)
     1    0.03    0.60    0.58    2.28 ^ _394_/X (sky130_fd_sc_hd__buf_1)
                                         _011_ (net)
                  0.60    0.00    2.28 ^ _445_/D (sky130_fd_sc_hd__dfxtp_1)
                                  2.28   data arrival time

                          0.00    0.00   clock CLK100MHZ (rise edge)
                          0.00    0.00   clock source latency
     1    0.02    0.00    0.00    0.00 ^ CLK100MHZ (in)
                                         CLK100MHZ (net)
                  0.00    0.00    0.00 ^ clkbuf_0_CLK100MHZ/A (sky130_fd_sc_hd__clkbuf_16)
     2    0.02    0.07    0.19    0.19 ^ clkbuf_0_CLK100MHZ/X (sky130_fd_sc_hd__clkbuf_16)
                                         clknet_0_CLK100MHZ (net)
                  0.07    0.00    0.19 ^ clkbuf_1_1__f_CLK100MHZ/A (sky130_fd_sc_hd__clkbuf_16)
    13    0.06    0.12    0.27    0.46 ^ clkbuf_1_1__f_CLK100MHZ/X (sky130_fd_sc_hd__clkbuf_16)
                                         clknet_1_1__leaf_CLK100MHZ (net)
                  0.12    0.00    0.46 ^ _445_/CLK (sky130_fd_sc_hd__dfxtp_1)
                          0.20    0.66   clock uncertainty
                          0.00    0.66   clock reconvergence pessimism
                         -0.19    0.47   library hold time
                                  0.47   data required time
-----------------------------------------------------------------------------
                                  0.47   data required time
                                 -2.28   data arrival time
-----------------------------------------------------------------------------
                                  1.81   slack (MET)


Startpoint: _440_ (rising edge-triggered flip-flop clocked by CLK100MHZ)
Endpoint: _440_ (rising edge-triggered flip-flop clocked by CLK100MHZ)
Path Group: CLK100MHZ
Path Type: min
Corner: Slowest

Fanout     Cap    Slew   Delay    Time   Description
-----------------------------------------------------------------------------
                          0.00    0.00   clock CLK100MHZ (rise edge)
                          0.00    0.00   clock source latency
     1    0.02    0.00    0.00    0.00 ^ CLK100MHZ (in)
                                         CLK100MHZ (net)
                  0.00    0.00    0.00 ^ clkbuf_0_CLK100MHZ/A (sky130_fd_sc_hd__clkbuf_16)
     2    0.02    0.07    0.19    0.19 ^ clkbuf_0_CLK100MHZ/X (sky130_fd_sc_hd__clkbuf_16)
                                         clknet_0_CLK100MHZ (net)
                  0.07    0.00    0.19 ^ clkbuf_1_0__f_CLK100MHZ/A (sky130_fd_sc_hd__clkbuf_16)
    16    0.06    0.12    0.27    0.46 ^ clkbuf_1_0__f_CLK100MHZ/X (sky130_fd_sc_hd__clkbuf_16)
                                         clknet_1_0__leaf_CLK100MHZ (net)
                  0.12    0.00    0.47 ^ _440_/CLK (sky130_fd_sc_hd__dfxtp_1)
     2    0.03    0.39    0.89    1.36 ^ _440_/Q (sky130_fd_sc_hd__dfxtp_1)
                                         rf.regs[25][3] (net)
                  0.39    0.00    1.36 ^ _371_/A0 (sky130_fd_sc_hd__mux2_1)
     1    0.02    0.26    0.51    1.86 ^ _371_/X (sky130_fd_sc_hd__mux2_1)
                                         _203_ (net)
                  0.26    0.00    1.87 ^ _372_/A (sky130_fd_sc_hd__buf_1)
     1    0.02    0.44    0.49    2.36 ^ _372_/X (sky130_fd_sc_hd__buf_1)
                                         _006_ (net)
                  0.44    0.00    2.36 ^ _440_/D (sky130_fd_sc_hd__dfxtp_1)
                                  2.36   data arrival time

                          0.00    0.00   clock CLK100MHZ (rise edge)
                          0.00    0.00   clock source latency
     1    0.02    0.00    0.00    0.00 ^ CLK100MHZ (in)
                                         CLK100MHZ (net)
                  0.00    0.00    0.00 ^ clkbuf_0_CLK100MHZ/A (sky130_fd_sc_hd__clkbuf_16)
     2    0.02    0.07    0.19    0.19 ^ clkbuf_0_CLK100MHZ/X (sky130_fd_sc_hd__clkbuf_16)
                                         clknet_0_CLK100MHZ (net)
                  0.07    0.00    0.19 ^ clkbuf_1_0__f_CLK100MHZ/A (sky130_fd_sc_hd__clkbuf_16)
    16    0.06    0.12    0.27    0.46 ^ clkbuf_1_0__f_CLK100MHZ/X (sky130_fd_sc_hd__clkbuf_16)
                                         clknet_1_0__leaf_CLK100MHZ (net)
                  0.12    0.00    0.47 ^ _440_/CLK (sky130_fd_sc_hd__dfxtp_1)
                          0.20    0.67   clock uncertainty
                          0.00    0.67   clock reconvergence pessimism
                         -0.15    0.52   library hold time
                                  0.52   data required time
-----------------------------------------------------------------------------
                                  0.52   data required time
                                 -2.36   data arrival time
-----------------------------------------------------------------------------
                                  1.84   slack (MET)


Startpoint: _447_ (rising edge-triggered flip-flop clocked by CLK100MHZ)
Endpoint: _447_ (rising edge-triggered flip-flop clocked by CLK100MHZ)
Path Group: CLK100MHZ
Path Type: min
Corner: Slowest

Fanout     Cap    Slew   Delay    Time   Description
-----------------------------------------------------------------------------
                          0.00    0.00   clock CLK100MHZ (rise edge)
                          0.00    0.00   clock source latency
     1    0.02    0.00    0.00    0.00 ^ CLK100MHZ (in)
                                         CLK100MHZ (net)
                  0.00    0.00    0.00 ^ clkbuf_0_CLK100MHZ/A (sky130_fd_sc_hd__clkbuf_16)
     2    0.02    0.07    0.19    0.19 ^ clkbuf_0_CLK100MHZ/X (sky130_fd_sc_hd__clkbuf_16)
                                         clknet_0_CLK100MHZ (net)
                  0.07    0.00    0.19 ^ clkbuf_1_1__f_CLK100MHZ/A (sky130_fd_sc_hd__clkbuf_16)
    13    0.06    0.12    0.27    0.46 ^ clkbuf_1_1__f_CLK100MHZ/X (sky130_fd_sc_hd__clkbuf_16)
                                         clknet_1_1__leaf_CLK100MHZ (net)
                  0.12    0.00    0.46 ^ _447_/CLK (sky130_fd_sc_hd__dfxtp_1)
     3    0.03    0.49    0.96    1.42 ^ _447_/Q (sky130_fd_sc_hd__dfxtp_1)
                                         rf.regs[10][0] (net)
                  0.49    0.00    1.42 ^ _400_/A1 (sky130_fd_sc_hd__mux2_1)
     1    0.02    0.25    0.54    1.96 ^ _400_/X (sky130_fd_sc_hd__mux2_1)
                                         _041_ (net)
                  0.25    0.00    1.96 ^ _401_/A (sky130_fd_sc_hd__buf_1)
     1    0.02    0.34    0.41    2.38 ^ _401_/X (sky130_fd_sc_hd__buf_1)
                                         _013_ (net)
                  0.34    0.00    2.38 ^ _447_/D (sky130_fd_sc_hd__dfxtp_1)
                                  2.38   data arrival time

                          0.00    0.00   clock CLK100MHZ (rise edge)
                          0.00    0.00   clock source latency
     1    0.02    0.00    0.00    0.00 ^ CLK100MHZ (in)
                                         CLK100MHZ (net)
                  0.00    0.00    0.00 ^ clkbuf_0_CLK100MHZ/A (sky130_fd_sc_hd__clkbuf_16)
     2    0.02    0.07    0.19    0.19 ^ clkbuf_0_CLK100MHZ/X (sky130_fd_sc_hd__clkbuf_16)
                                         clknet_0_CLK100MHZ (net)
                  0.07    0.00    0.19 ^ clkbuf_1_1__f_CLK100MHZ/A (sky130_fd_sc_hd__clkbuf_16)
    13    0.06    0.12    0.27    0.46 ^ clkbuf_1_1__f_CLK100MHZ/X (sky130_fd_sc_hd__clkbuf_16)
                                         clknet_1_1__leaf_CLK100MHZ (net)
                  0.12    0.00    0.46 ^ _447_/CLK (sky130_fd_sc_hd__dfxtp_1)
                          0.20    0.66   clock uncertainty
                          0.00    0.66   clock reconvergence pessimism
                         -0.13    0.53   library hold time
                                  0.53   data required time
-----------------------------------------------------------------------------
                                  0.53   data required time
                                 -2.38   data arrival time
-----------------------------------------------------------------------------
                                  1.84   slack (MET)


Startpoint: _461_ (rising edge-triggered flip-flop clocked by CLK100MHZ)
Endpoint: _461_ (rising edge-triggered flip-flop clocked by CLK100MHZ)
Path Group: CLK100MHZ
Path Type: min
Corner: Slowest

Fanout     Cap    Slew   Delay    Time   Description
-----------------------------------------------------------------------------
                          0.00    0.00   clock CLK100MHZ (rise edge)
                          0.00    0.00   clock source latency
     1    0.02    0.00    0.00    0.00 ^ CLK100MHZ (in)
                                         CLK100MHZ (net)
                  0.00    0.00    0.00 ^ clkbuf_0_CLK100MHZ/A (sky130_fd_sc_hd__clkbuf_16)
     2    0.02    0.07    0.19    0.19 ^ clkbuf_0_CLK100MHZ/X (sky130_fd_sc_hd__clkbuf_16)
                                         clknet_0_CLK100MHZ (net)
                  0.07    0.00    0.19 ^ clkbuf_1_0__f_CLK100MHZ/A (sky130_fd_sc_hd__clkbuf_16)
    16    0.06    0.12    0.27    0.46 ^ clkbuf_1_0__f_CLK100MHZ/X (sky130_fd_sc_hd__clkbuf_16)
                                         clknet_1_0__leaf_CLK100MHZ (net)
                  0.12    0.00    0.47 ^ _461_/CLK (sky130_fd_sc_hd__dfxtp_1)
     3    0.03    0.45    0.93    1.40 ^ _461_/Q (sky130_fd_sc_hd__dfxtp_1)
                                         rf.regs[5][4] (net)
                  0.45    0.00    1.40 ^ _432_/A0 (sky130_fd_sc_hd__mux2_1)
     1    0.02    0.29    0.55    1.95 ^ _432_/X (sky130_fd_sc_hd__mux2_1)
                                         _059_ (net)
                  0.29    0.00    1.95 ^ _433_/A (sky130_fd_sc_hd__buf_1)
     1    0.02    0.35    0.43    2.39 ^ _433_/X (sky130_fd_sc_hd__buf_1)
                                         _027_ (net)
                  0.35    0.00    2.39 ^ _461_/D (sky130_fd_sc_hd__dfxtp_1)
                                  2.39   data arrival time

                          0.00    0.00   clock CLK100MHZ (rise edge)
                          0.00    0.00   clock source latency
     1    0.02    0.00    0.00    0.00 ^ CLK100MHZ (in)
                                         CLK100MHZ (net)
                  0.00    0.00    0.00 ^ clkbuf_0_CLK100MHZ/A (sky130_fd_sc_hd__clkbuf_16)
     2    0.02    0.07    0.19    0.19 ^ clkbuf_0_CLK100MHZ/X (sky130_fd_sc_hd__clkbuf_16)
                                         clknet_0_CLK100MHZ (net)
                  0.07    0.00    0.19 ^ clkbuf_1_0__f_CLK100MHZ/A (sky130_fd_sc_hd__clkbuf_16)
    16    0.06    0.12    0.27    0.46 ^ clkbuf_1_0__f_CLK100MHZ/X (sky130_fd_sc_hd__clkbuf_16)
                                         clknet_1_0__leaf_CLK100MHZ (net)
                  0.12    0.00    0.47 ^ _461_/CLK (sky130_fd_sc_hd__dfxtp_1)
                          0.20    0.67   clock uncertainty
                          0.00    0.67   clock reconvergence pessimism
                         -0.13    0.54   library hold time
                                  0.54   data required time
-----------------------------------------------------------------------------
                                  0.54   data required time
                                 -2.39   data arrival time
-----------------------------------------------------------------------------
                                  1.85   slack (MET)


Startpoint: _463_ (rising edge-triggered flip-flop clocked by CLK100MHZ)
Endpoint: _463_ (rising edge-triggered flip-flop clocked by CLK100MHZ)
Path Group: CLK100MHZ
Path Type: min
Corner: Slowest

Fanout     Cap    Slew   Delay    Time   Description
-----------------------------------------------------------------------------
                          0.00    0.00   clock CLK100MHZ (rise edge)
                          0.00    0.00   clock source latency
     1    0.02    0.00    0.00    0.00 ^ CLK100MHZ (in)
                                         CLK100MHZ (net)
                  0.00    0.00    0.00 ^ clkbuf_0_CLK100MHZ/A (sky130_fd_sc_hd__clkbuf_16)
     2    0.02    0.07    0.19    0.19 ^ clkbuf_0_CLK100MHZ/X (sky130_fd_sc_hd__clkbuf_16)
                                         clknet_0_CLK100MHZ (net)
                  0.07    0.00    0.19 ^ clkbuf_1_0__f_CLK100MHZ/A (sky130_fd_sc_hd__clkbuf_16)
    16    0.06    0.12    0.27    0.46 ^ clkbuf_1_0__f_CLK100MHZ/X (sky130_fd_sc_hd__clkbuf_16)
                                         clknet_1_0__leaf_CLK100MHZ (net)
                  0.12    0.00    0.47 ^ _463_/CLK (sky130_fd_sc_hd__dfrtp_4)
    10    0.06    0.24    1.18    1.64 v _463_/Q (sky130_fd_sc_hd__dfrtp_4)
                                         imem.address[1] (net)
                  0.24    0.00    1.65 v _220_/A (sky130_fd_sc_hd__clkbuf_4)
    10    0.08    0.27    0.51    2.15 v _220_/X (sky130_fd_sc_hd__clkbuf_4)
                                         _065_ (net)
                  0.27    0.00    2.16 v _225_/B1 (sky130_fd_sc_hd__a21oi_1)
     1    0.01    0.23    0.33    2.49 ^ _225_/Y (sky130_fd_sc_hd__a21oi_1)
                                         _069_ (net)
                  0.23    0.00    2.49 ^ _226_/B (sky130_fd_sc_hd__nor2_1)
     1    0.02    0.19    0.26    2.75 v _226_/Y (sky130_fd_sc_hd__nor2_1)
                                         _029_ (net)
                  0.19    0.00    2.75 v _463_/D (sky130_fd_sc_hd__dfrtp_4)
                                  2.75   data arrival time

                          0.00    0.00   clock CLK100MHZ (rise edge)
                          0.00    0.00   clock source latency
     1    0.02    0.00    0.00    0.00 ^ CLK100MHZ (in)
                                         CLK100MHZ (net)
                  0.00    0.00    0.00 ^ clkbuf_0_CLK100MHZ/A (sky130_fd_sc_hd__clkbuf_16)
     2    0.02    0.07    0.19    0.19 ^ clkbuf_0_CLK100MHZ/X (sky130_fd_sc_hd__clkbuf_16)
                                         clknet_0_CLK100MHZ (net)
                  0.07    0.00    0.19 ^ clkbuf_1_0__f_CLK100MHZ/A (sky130_fd_sc_hd__clkbuf_16)
    16    0.06    0.12    0.27    0.46 ^ clkbuf_1_0__f_CLK100MHZ/X (sky130_fd_sc_hd__clkbuf_16)
                                         clknet_1_0__leaf_CLK100MHZ (net)
                  0.12    0.00    0.47 ^ _463_/CLK (sky130_fd_sc_hd__dfrtp_4)
                          0.20    0.67   clock uncertainty
                          0.00    0.67   clock reconvergence pessimism
                         -0.12    0.54   library hold time
                                  0.54   data required time
-----------------------------------------------------------------------------
                                  0.54   data required time
                                 -2.75   data arrival time
-----------------------------------------------------------------------------
                                  2.20   slack (MET)


Startpoint: _462_ (rising edge-triggered flip-flop clocked by CLK100MHZ)
Endpoint: _462_ (rising edge-triggered flip-flop clocked by CLK100MHZ)
Path Group: CLK100MHZ
Path Type: min
Corner: Slowest

Fanout     Cap    Slew   Delay    Time   Description
-----------------------------------------------------------------------------
                          0.00    0.00   clock CLK100MHZ (rise edge)
                          0.00    0.00   clock source latency
     1    0.02    0.00    0.00    0.00 ^ CLK100MHZ (in)
                                         CLK100MHZ (net)
                  0.00    0.00    0.00 ^ clkbuf_0_CLK100MHZ/A (sky130_fd_sc_hd__clkbuf_16)
     2    0.02    0.07    0.19    0.19 ^ clkbuf_0_CLK100MHZ/X (sky130_fd_sc_hd__clkbuf_16)
                                         clknet_0_CLK100MHZ (net)
                  0.07    0.00    0.19 ^ clkbuf_1_1__f_CLK100MHZ/A (sky130_fd_sc_hd__clkbuf_16)
    13    0.06    0.12    0.27    0.46 ^ clkbuf_1_1__f_CLK100MHZ/X (sky130_fd_sc_hd__clkbuf_16)
                                         clknet_1_1__leaf_CLK100MHZ (net)
                  0.12    0.00    0.46 ^ _462_/CLK (sky130_fd_sc_hd__dfrtp_2)
     4    0.04    0.31    0.92    1.38 ^ _462_/Q (sky130_fd_sc_hd__dfrtp_2)
                                         imem.address[0] (net)
                  0.31    0.00    1.38 ^ _221_/A (sky130_fd_sc_hd__clkbuf_4)
    10    0.07    0.32    0.54    1.92 ^ _221_/X (sky130_fd_sc_hd__clkbuf_4)
                                         _066_ (net)
                  0.32    0.00    1.92 ^ _222_/A (sky130_fd_sc_hd__clkbuf_4)
     9    0.06    0.28    0.51    2.44 ^ _222_/X (sky130_fd_sc_hd__clkbuf_4)
                                         _067_ (net)
                  0.28    0.01    2.44 ^ _227_/B (sky130_fd_sc_hd__xor2_1)
     1    0.02    0.18    0.38    2.82 v _227_/X (sky130_fd_sc_hd__xor2_1)
                                         _028_ (net)
                  0.18    0.00    2.82 v _462_/D (sky130_fd_sc_hd__dfrtp_2)
                                  2.82   data arrival time

                          0.00    0.00   clock CLK100MHZ (rise edge)
                          0.00    0.00   clock source latency
     1    0.02    0.00    0.00    0.00 ^ CLK100MHZ (in)
                                         CLK100MHZ (net)
                  0.00    0.00    0.00 ^ clkbuf_0_CLK100MHZ/A (sky130_fd_sc_hd__clkbuf_16)
     2    0.02    0.07    0.19    0.19 ^ clkbuf_0_CLK100MHZ/X (sky130_fd_sc_hd__clkbuf_16)
                                         clknet_0_CLK100MHZ (net)
                  0.07    0.00    0.19 ^ clkbuf_1_1__f_CLK100MHZ/A (sky130_fd_sc_hd__clkbuf_16)
    13    0.06    0.12    0.27    0.46 ^ clkbuf_1_1__f_CLK100MHZ/X (sky130_fd_sc_hd__clkbuf_16)
                                         clknet_1_1__leaf_CLK100MHZ (net)
                  0.12    0.00    0.46 ^ _462_/CLK (sky130_fd_sc_hd__dfrtp_2)
                          0.20    0.66   clock uncertainty
                          0.00    0.66   clock reconvergence pessimism
                         -0.12    0.54   library hold time
                                  0.54   data required time
-----------------------------------------------------------------------------
                                  0.54   data required time
                                 -2.82   data arrival time
-----------------------------------------------------------------------------
                                  2.28   slack (MET)


Startpoint: _463_ (rising edge-triggered flip-flop clocked by CLK100MHZ)
Endpoint: _464_ (rising edge-triggered flip-flop clocked by CLK100MHZ)
Path Group: CLK100MHZ
Path Type: min
Corner: Slowest

Fanout     Cap    Slew   Delay    Time   Description
-----------------------------------------------------------------------------
                          0.00    0.00   clock CLK100MHZ (rise edge)
                          0.00    0.00   clock source latency
     1    0.02    0.00    0.00    0.00 ^ CLK100MHZ (in)
                                         CLK100MHZ (net)
                  0.00    0.00    0.00 ^ clkbuf_0_CLK100MHZ/A (sky130_fd_sc_hd__clkbuf_16)
     2    0.02    0.07    0.19    0.19 ^ clkbuf_0_CLK100MHZ/X (sky130_fd_sc_hd__clkbuf_16)
                                         clknet_0_CLK100MHZ (net)
                  0.07    0.00    0.19 ^ clkbuf_1_0__f_CLK100MHZ/A (sky130_fd_sc_hd__clkbuf_16)
    16    0.06    0.12    0.27    0.46 ^ clkbuf_1_0__f_CLK100MHZ/X (sky130_fd_sc_hd__clkbuf_16)
                                         clknet_1_0__leaf_CLK100MHZ (net)
                  0.12    0.00    0.47 ^ _463_/CLK (sky130_fd_sc_hd__dfrtp_4)
    10    0.06    0.31    1.04    1.51 ^ _463_/Q (sky130_fd_sc_hd__dfrtp_4)
                                         imem.address[1] (net)
                  0.31    0.00    1.51 ^ _220_/A (sky130_fd_sc_hd__clkbuf_4)
    10    0.08    0.37    0.57    2.09 ^ _220_/X (sky130_fd_sc_hd__clkbuf_4)
                                         _065_ (net)
                  0.37    0.01    2.09 ^ _223_/B (sky130_fd_sc_hd__and3_1)
     2    0.03    0.47    0.70    2.79 ^ _223_/X (sky130_fd_sc_hd__and3_1)
                                         _068_ (net)
                  0.47    0.00    2.79 ^ _224_/B (sky130_fd_sc_hd__xor2_1)
     1    0.00    0.07    0.25    3.05 v _224_/X (sky130_fd_sc_hd__xor2_1)
                                         _030_ (net)
                  0.07    0.00    3.05 v _464_/D (sky130_fd_sc_hd__dfrtp_1)
                                  3.05   data arrival time

                          0.00    0.00   clock CLK100MHZ (rise edge)
                          0.00    0.00   clock source latency
     1    0.02    0.00    0.00    0.00 ^ CLK100MHZ (in)
                                         CLK100MHZ (net)
                  0.00    0.00    0.00 ^ clkbuf_0_CLK100MHZ/A (sky130_fd_sc_hd__clkbuf_16)
     2    0.02    0.07    0.19    0.19 ^ clkbuf_0_CLK100MHZ/X (sky130_fd_sc_hd__clkbuf_16)
                                         clknet_0_CLK100MHZ (net)
                  0.07    0.00    0.19 ^ clkbuf_1_0__f_CLK100MHZ/A (sky130_fd_sc_hd__clkbuf_16)
    16    0.06    0.12    0.27    0.46 ^ clkbuf_1_0__f_CLK100MHZ/X (sky130_fd_sc_hd__clkbuf_16)
                                         clknet_1_0__leaf_CLK100MHZ (net)
                  0.12    0.00    0.47 ^ _464_/CLK (sky130_fd_sc_hd__dfrtp_1)
                          0.20    0.67   clock uncertainty
                          0.00    0.67   clock reconvergence pessimism
                         -0.08    0.58   library hold time
                                  0.58   data required time
-----------------------------------------------------------------------------
                                  0.58   data required time
                                 -3.05   data arrival time
-----------------------------------------------------------------------------
                                  2.47   slack (MET)



worst slack corner Slowest: 1.2006
======================= Typical Corner ===================================

Startpoint: _453_ (rising edge-triggered flip-flop clocked by CLK100MHZ)
Endpoint: _453_ (rising edge-triggered flip-flop clocked by CLK100MHZ)
Path Group: CLK100MHZ
Path Type: min
Corner: Typical

Fanout     Cap    Slew   Delay    Time   Description
-----------------------------------------------------------------------------
                          0.00    0.00   clock CLK100MHZ (rise edge)
                          0.00    0.00   clock source latency
     1    0.02    0.00    0.00    0.00 ^ CLK100MHZ (in)
                                         CLK100MHZ (net)
                  0.00    0.00    0.00 ^ clkbuf_0_CLK100MHZ/A (sky130_fd_sc_hd__clkbuf_16)
     2    0.02    0.04    0.11    0.11 ^ clkbuf_0_CLK100MHZ/X (sky130_fd_sc_hd__clkbuf_16)
                                         clknet_0_CLK100MHZ (net)
                  0.04    0.00    0.11 ^ clkbuf_1_0__f_CLK100MHZ/A (sky130_fd_sc_hd__clkbuf_16)
    16    0.06    0.08    0.16    0.27 ^ clkbuf_1_0__f_CLK100MHZ/X (sky130_fd_sc_hd__clkbuf_16)
                                         clknet_1_0__leaf_CLK100MHZ (net)
                  0.08    0.00    0.27 ^ _453_/CLK (sky130_fd_sc_hd__dfxtp_1)
     3    0.02    0.10    0.37    0.64 v _453_/Q (sky130_fd_sc_hd__dfxtp_1)
                                         rf.regs[0][1] (net)
                  0.10    0.00    0.64 v _414_/A (sky130_fd_sc_hd__and2_1)
     1    0.01    0.05    0.18    0.82 v _414_/X (sky130_fd_sc_hd__and2_1)
                                         _049_ (net)
                  0.05    0.00    0.82 v _415_/A (sky130_fd_sc_hd__clkbuf_1)
     1    0.01    0.05    0.11    0.93 v _415_/X (sky130_fd_sc_hd__clkbuf_1)
                                         _019_ (net)
                  0.05    0.00    0.93 v _453_/D (sky130_fd_sc_hd__dfxtp_1)
                                  0.93   data arrival time

                          0.00    0.00   clock CLK100MHZ (rise edge)
                          0.00    0.00   clock source latency
     1    0.02    0.00    0.00    0.00 ^ CLK100MHZ (in)
                                         CLK100MHZ (net)
                  0.00    0.00    0.00 ^ clkbuf_0_CLK100MHZ/A (sky130_fd_sc_hd__clkbuf_16)
     2    0.02    0.04    0.11    0.11 ^ clkbuf_0_CLK100MHZ/X (sky130_fd_sc_hd__clkbuf_16)
                                         clknet_0_CLK100MHZ (net)
                  0.04    0.00    0.11 ^ clkbuf_1_0__f_CLK100MHZ/A (sky130_fd_sc_hd__clkbuf_16)
    16    0.06    0.08    0.16    0.27 ^ clkbuf_1_0__f_CLK100MHZ/X (sky130_fd_sc_hd__clkbuf_16)
                                         clknet_1_0__leaf_CLK100MHZ (net)
                  0.08    0.00    0.27 ^ _453_/CLK (sky130_fd_sc_hd__dfxtp_1)
                          0.20    0.47   clock uncertainty
                          0.00    0.47   clock reconvergence pessimism
                         -0.05    0.42   library hold time
                                  0.42   data required time
-----------------------------------------------------------------------------
                                  0.42   data required time
                                 -0.93   data arrival time
-----------------------------------------------------------------------------
                                  0.50   slack (MET)


Startpoint: _455_ (rising edge-triggered flip-flop clocked by CLK100MHZ)
Endpoint: _455_ (rising edge-triggered flip-flop clocked by CLK100MHZ)
Path Group: CLK100MHZ
Path Type: min
Corner: Typical

Fanout     Cap    Slew   Delay    Time   Description
-----------------------------------------------------------------------------
                          0.00    0.00   clock CLK100MHZ (rise edge)
                          0.00    0.00   clock source latency
     1    0.02    0.00    0.00    0.00 ^ CLK100MHZ (in)
                                         CLK100MHZ (net)
                  0.00    0.00    0.00 ^ clkbuf_0_CLK100MHZ/A (sky130_fd_sc_hd__clkbuf_16)
     2    0.02    0.04    0.11    0.11 ^ clkbuf_0_CLK100MHZ/X (sky130_fd_sc_hd__clkbuf_16)
                                         clknet_0_CLK100MHZ (net)
                  0.04    0.00    0.11 ^ clkbuf_1_0__f_CLK100MHZ/A (sky130_fd_sc_hd__clkbuf_16)
    16    0.06    0.08    0.16    0.27 ^ clkbuf_1_0__f_CLK100MHZ/X (sky130_fd_sc_hd__clkbuf_16)
                                         clknet_1_0__leaf_CLK100MHZ (net)
                  0.08    0.00    0.27 ^ _455_/CLK (sky130_fd_sc_hd__dfxtp_1)
     3    0.03    0.14    0.40    0.67 v _455_/Q (sky130_fd_sc_hd__dfxtp_1)
                                         rf.regs[0][3] (net)
                  0.14    0.00    0.67 v _418_/A (sky130_fd_sc_hd__and2_1)
     1    0.00    0.04    0.18    0.86 v _418_/X (sky130_fd_sc_hd__and2_1)
                                         _051_ (net)
                  0.04    0.00    0.86 v _419_/A (sky130_fd_sc_hd__clkbuf_1)
     1    0.00    0.04    0.09    0.95 v _419_/X (sky130_fd_sc_hd__clkbuf_1)
                                         _021_ (net)
                  0.04    0.00    0.95 v _455_/D (sky130_fd_sc_hd__dfxtp_1)
                                  0.95   data arrival time

                          0.00    0.00   clock CLK100MHZ (rise edge)
                          0.00    0.00   clock source latency
     1    0.02    0.00    0.00    0.00 ^ CLK100MHZ (in)
                                         CLK100MHZ (net)
                  0.00    0.00    0.00 ^ clkbuf_0_CLK100MHZ/A (sky130_fd_sc_hd__clkbuf_16)
     2    0.02    0.04    0.11    0.11 ^ clkbuf_0_CLK100MHZ/X (sky130_fd_sc_hd__clkbuf_16)
                                         clknet_0_CLK100MHZ (net)
                  0.04    0.00    0.11 ^ clkbuf_1_0__f_CLK100MHZ/A (sky130_fd_sc_hd__clkbuf_16)
    16    0.06    0.08    0.16    0.27 ^ clkbuf_1_0__f_CLK100MHZ/X (sky130_fd_sc_hd__clkbuf_16)
                                         clknet_1_0__leaf_CLK100MHZ (net)
                  0.08    0.00    0.27 ^ _455_/CLK (sky130_fd_sc_hd__dfxtp_1)
                          0.20    0.47   clock uncertainty
                          0.00    0.47   clock reconvergence pessimism
                         -0.04    0.43   library hold time
                                  0.43   data required time
-----------------------------------------------------------------------------
                                  0.43   data required time
                                 -0.95   data arrival time
-----------------------------------------------------------------------------
                                  0.52   slack (MET)


Startpoint: _458_ (rising edge-triggered flip-flop clocked by CLK100MHZ)
Endpoint: _458_ (rising edge-triggered flip-flop clocked by CLK100MHZ)
Path Group: CLK100MHZ
Path Type: min
Corner: Typical

Fanout     Cap    Slew   Delay    Time   Description
-----------------------------------------------------------------------------
                          0.00    0.00   clock CLK100MHZ (rise edge)
                          0.00    0.00   clock source latency
     1    0.02    0.00    0.00    0.00 ^ CLK100MHZ (in)
                                         CLK100MHZ (net)
                  0.00    0.00    0.00 ^ clkbuf_0_CLK100MHZ/A (sky130_fd_sc_hd__clkbuf_16)
     2    0.02    0.04    0.11    0.11 ^ clkbuf_0_CLK100MHZ/X (sky130_fd_sc_hd__clkbuf_16)
                                         clknet_0_CLK100MHZ (net)
                  0.04    0.00    0.11 ^ clkbuf_1_1__f_CLK100MHZ/A (sky130_fd_sc_hd__clkbuf_16)
    13    0.06    0.08    0.15    0.27 ^ clkbuf_1_1__f_CLK100MHZ/X (sky130_fd_sc_hd__clkbuf_16)
                                         clknet_1_1__leaf_CLK100MHZ (net)
                  0.08    0.00    0.27 ^ _458_/CLK (sky130_fd_sc_hd__dfxtp_1)
     2    0.01    0.12    0.37    0.64 ^ _458_/Q (sky130_fd_sc_hd__dfxtp_1)
                                         rf.regs[5][1] (net)
                  0.12    0.00    0.64 ^ _426_/A0 (sky130_fd_sc_hd__mux2_1)
     1    0.01    0.08    0.18    0.82 ^ _426_/X (sky130_fd_sc_hd__mux2_1)
                                         _056_ (net)
                  0.08    0.00    0.82 ^ _427_/A (sky130_fd_sc_hd__clkbuf_1)
     1    0.01    0.11    0.14    0.95 ^ _427_/X (sky130_fd_sc_hd__clkbuf_1)
                                         _024_ (net)
                  0.11    0.00    0.95 ^ _458_/D (sky130_fd_sc_hd__dfxtp_1)
                                  0.95   data arrival time

                          0.00    0.00   clock CLK100MHZ (rise edge)
                          0.00    0.00   clock source latency
     1    0.02    0.00    0.00    0.00 ^ CLK100MHZ (in)
                                         CLK100MHZ (net)
                  0.00    0.00    0.00 ^ clkbuf_0_CLK100MHZ/A (sky130_fd_sc_hd__clkbuf_16)
     2    0.02    0.04    0.11    0.11 ^ clkbuf_0_CLK100MHZ/X (sky130_fd_sc_hd__clkbuf_16)
                                         clknet_0_CLK100MHZ (net)
                  0.04    0.00    0.11 ^ clkbuf_1_1__f_CLK100MHZ/A (sky130_fd_sc_hd__clkbuf_16)
    13    0.06    0.08    0.15    0.27 ^ clkbuf_1_1__f_CLK100MHZ/X (sky130_fd_sc_hd__clkbuf_16)
                                         clknet_1_1__leaf_CLK100MHZ (net)
                  0.08    0.00    0.27 ^ _458_/CLK (sky130_fd_sc_hd__dfxtp_1)
                          0.20    0.47   clock uncertainty
                          0.00    0.47   clock reconvergence pessimism
                         -0.04    0.43   library hold time
                                  0.43   data required time
-----------------------------------------------------------------------------
                                  0.43   data required time
                                 -0.95   data arrival time
-----------------------------------------------------------------------------
                                  0.53   slack (MET)


Startpoint: _448_ (rising edge-triggered flip-flop clocked by CLK100MHZ)
Endpoint: _448_ (rising edge-triggered flip-flop clocked by CLK100MHZ)
Path Group: CLK100MHZ
Path Type: min
Corner: Typical

Fanout     Cap    Slew   Delay    Time   Description
-----------------------------------------------------------------------------
                          0.00    0.00   clock CLK100MHZ (rise edge)
                          0.00    0.00   clock source latency
     1    0.02    0.00    0.00    0.00 ^ CLK100MHZ (in)
                                         CLK100MHZ (net)
                  0.00    0.00    0.00 ^ clkbuf_0_CLK100MHZ/A (sky130_fd_sc_hd__clkbuf_16)
     2    0.02    0.04    0.11    0.11 ^ clkbuf_0_CLK100MHZ/X (sky130_fd_sc_hd__clkbuf_16)
                                         clknet_0_CLK100MHZ (net)
                  0.04    0.00    0.11 ^ clkbuf_1_0__f_CLK100MHZ/A (sky130_fd_sc_hd__clkbuf_16)
    16    0.06    0.08    0.16    0.27 ^ clkbuf_1_0__f_CLK100MHZ/X (sky130_fd_sc_hd__clkbuf_16)
                                         clknet_1_0__leaf_CLK100MHZ (net)
                  0.08    0.00    0.27 ^ _448_/CLK (sky130_fd_sc_hd__dfxtp_1)
     2    0.01    0.12    0.37    0.64 ^ _448_/Q (sky130_fd_sc_hd__dfxtp_1)
                                         rf.regs[10][1] (net)
                  0.12    0.00    0.64 ^ _402_/A1 (sky130_fd_sc_hd__mux2_1)
     1    0.01    0.08    0.18    0.82 ^ _402_/X (sky130_fd_sc_hd__mux2_1)
                                         _042_ (net)
                  0.08    0.00    0.82 ^ _403_/A (sky130_fd_sc_hd__clkbuf_1)
     1    0.01    0.16    0.17    0.99 ^ _403_/X (sky130_fd_sc_hd__clkbuf_1)
                                         _014_ (net)
                  0.16    0.00    0.99 ^ _448_/D (sky130_fd_sc_hd__dfxtp_1)
                                  0.99   data arrival time

                          0.00    0.00   clock CLK100MHZ (rise edge)
                          0.00    0.00   clock source latency
     1    0.02    0.00    0.00    0.00 ^ CLK100MHZ (in)
                                         CLK100MHZ (net)
                  0.00    0.00    0.00 ^ clkbuf_0_CLK100MHZ/A (sky130_fd_sc_hd__clkbuf_16)
     2    0.02    0.04    0.11    0.11 ^ clkbuf_0_CLK100MHZ/X (sky130_fd_sc_hd__clkbuf_16)
                                         clknet_0_CLK100MHZ (net)
                  0.04    0.00    0.11 ^ clkbuf_1_0__f_CLK100MHZ/A (sky130_fd_sc_hd__clkbuf_16)
    16    0.06    0.08    0.16    0.27 ^ clkbuf_1_0__f_CLK100MHZ/X (sky130_fd_sc_hd__clkbuf_16)
                                         clknet_1_0__leaf_CLK100MHZ (net)
                  0.08    0.00    0.27 ^ _448_/CLK (sky130_fd_sc_hd__dfxtp_1)
                          0.20    0.47   clock uncertainty
                          0.00    0.47   clock reconvergence pessimism
                         -0.05    0.42   library hold time
                                  0.42   data required time
-----------------------------------------------------------------------------
                                  0.42   data required time
                                 -0.99   data arrival time
-----------------------------------------------------------------------------
                                  0.57   slack (MET)


Startpoint: _437_ (rising edge-triggered flip-flop clocked by CLK100MHZ)
Endpoint: _437_ (rising edge-triggered flip-flop clocked by CLK100MHZ)
Path Group: CLK100MHZ
Path Type: min
Corner: Typical

Fanout     Cap    Slew   Delay    Time   Description
-----------------------------------------------------------------------------
                          0.00    0.00   clock CLK100MHZ (rise edge)
                          0.00    0.00   clock source latency
     1    0.02    0.00    0.00    0.00 ^ CLK100MHZ (in)
                                         CLK100MHZ (net)
                  0.00    0.00    0.00 ^ clkbuf_0_CLK100MHZ/A (sky130_fd_sc_hd__clkbuf_16)
     2    0.02    0.04    0.11    0.11 ^ clkbuf_0_CLK100MHZ/X (sky130_fd_sc_hd__clkbuf_16)
                                         clknet_0_CLK100MHZ (net)
                  0.04    0.00    0.11 ^ clkbuf_1_0__f_CLK100MHZ/A (sky130_fd_sc_hd__clkbuf_16)
    16    0.06    0.08    0.16    0.27 ^ clkbuf_1_0__f_CLK100MHZ/X (sky130_fd_sc_hd__clkbuf_16)
                                         clknet_1_0__leaf_CLK100MHZ (net)
                  0.08    0.00    0.27 ^ _437_/CLK (sky130_fd_sc_hd__dfxtp_1)
     2    0.02    0.17    0.41    0.68 ^ _437_/Q (sky130_fd_sc_hd__dfxtp_1)
                                         rf.regs[25][0] (net)
                  0.17    0.00    0.68 ^ _365_/A0 (sky130_fd_sc_hd__mux2_1)
     1    0.01    0.09    0.20    0.88 ^ _365_/X (sky130_fd_sc_hd__mux2_1)
                                         _200_ (net)
                  0.09    0.00    0.88 ^ _366_/A (sky130_fd_sc_hd__clkbuf_1)
     1    0.01    0.10    0.13    1.01 ^ _366_/X (sky130_fd_sc_hd__clkbuf_1)
                                         _003_ (net)
                  0.10    0.00    1.01 ^ _437_/D (sky130_fd_sc_hd__dfxtp_1)
                                  1.01   data arrival time

                          0.00    0.00   clock CLK100MHZ (rise edge)
                          0.00    0.00   clock source latency
     1    0.02    0.00    0.00    0.00 ^ CLK100MHZ (in)
                                         CLK100MHZ (net)
                  0.00    0.00    0.00 ^ clkbuf_0_CLK100MHZ/A (sky130_fd_sc_hd__clkbuf_16)
     2    0.02    0.04    0.11    0.11 ^ clkbuf_0_CLK100MHZ/X (sky130_fd_sc_hd__clkbuf_16)
                                         clknet_0_CLK100MHZ (net)
                  0.04    0.00    0.11 ^ clkbuf_1_0__f_CLK100MHZ/A (sky130_fd_sc_hd__clkbuf_16)
    16    0.06    0.08    0.16    0.27 ^ clkbuf_1_0__f_CLK100MHZ/X (sky130_fd_sc_hd__clkbuf_16)
                                         clknet_1_0__leaf_CLK100MHZ (net)
                  0.08    0.00    0.27 ^ _437_/CLK (sky130_fd_sc_hd__dfxtp_1)
                          0.20    0.47   clock uncertainty
                          0.00    0.47   clock reconvergence pessimism
                         -0.04    0.43   library hold time
                                  0.43   data required time
-----------------------------------------------------------------------------
                                  0.43   data required time
                                 -1.01   data arrival time
-----------------------------------------------------------------------------
                                  0.57   slack (MET)


Startpoint: _456_ (rising edge-triggered flip-flop clocked by CLK100MHZ)
Endpoint: _456_ (rising edge-triggered flip-flop clocked by CLK100MHZ)
Path Group: CLK100MHZ
Path Type: min
Corner: Typical

Fanout     Cap    Slew   Delay    Time   Description
-----------------------------------------------------------------------------
                          0.00    0.00   clock CLK100MHZ (rise edge)
                          0.00    0.00   clock source latency
     1    0.02    0.00    0.00    0.00 ^ CLK100MHZ (in)
                                         CLK100MHZ (net)
                  0.00    0.00    0.00 ^ clkbuf_0_CLK100MHZ/A (sky130_fd_sc_hd__clkbuf_16)
     2    0.02    0.04    0.11    0.11 ^ clkbuf_0_CLK100MHZ/X (sky130_fd_sc_hd__clkbuf_16)
                                         clknet_0_CLK100MHZ (net)
                  0.04    0.00    0.11 ^ clkbuf_1_1__f_CLK100MHZ/A (sky130_fd_sc_hd__clkbuf_16)
    13    0.06    0.08    0.15    0.27 ^ clkbuf_1_1__f_CLK100MHZ/X (sky130_fd_sc_hd__clkbuf_16)
                                         clknet_1_1__leaf_CLK100MHZ (net)
                  0.08    0.00    0.27 ^ _456_/CLK (sky130_fd_sc_hd__dfxtp_1)
     3    0.02    0.11    0.37    0.64 v _456_/Q (sky130_fd_sc_hd__dfxtp_1)
                                         rf.regs[0][4] (net)
                  0.11    0.00    0.64 v _420_/A (sky130_fd_sc_hd__and2_1)
     1    0.01    0.05    0.18    0.82 v _420_/X (sky130_fd_sc_hd__and2_1)
                                         _052_ (net)
                  0.05    0.00    0.82 v _421_/A (sky130_fd_sc_hd__clkbuf_1)
     1    0.02    0.11    0.16    0.98 v _421_/X (sky130_fd_sc_hd__clkbuf_1)
                                         _022_ (net)
                  0.11    0.00    0.98 v _456_/D (sky130_fd_sc_hd__dfxtp_1)
                                  0.98   data arrival time

                          0.00    0.00   clock CLK100MHZ (rise edge)
                          0.00    0.00   clock source latency
     1    0.02    0.00    0.00    0.00 ^ CLK100MHZ (in)
                                         CLK100MHZ (net)
                  0.00    0.00    0.00 ^ clkbuf_0_CLK100MHZ/A (sky130_fd_sc_hd__clkbuf_16)
     2    0.02    0.04    0.11    0.11 ^ clkbuf_0_CLK100MHZ/X (sky130_fd_sc_hd__clkbuf_16)
                                         clknet_0_CLK100MHZ (net)
                  0.04    0.00    0.11 ^ clkbuf_1_1__f_CLK100MHZ/A (sky130_fd_sc_hd__clkbuf_16)
    13    0.06    0.08    0.15    0.27 ^ clkbuf_1_1__f_CLK100MHZ/X (sky130_fd_sc_hd__clkbuf_16)
                                         clknet_1_1__leaf_CLK100MHZ (net)
                  0.08    0.00    0.27 ^ _456_/CLK (sky130_fd_sc_hd__dfxtp_1)
                          0.20    0.47   clock uncertainty
                          0.00    0.47   clock reconvergence pessimism
                         -0.07    0.39   library hold time
                                  0.39   data required time
-----------------------------------------------------------------------------
                                  0.39   data required time
                                 -0.98   data arrival time
-----------------------------------------------------------------------------
                                  0.58   slack (MET)


Startpoint: _444_ (rising edge-triggered flip-flop clocked by CLK100MHZ)
Endpoint: _444_ (rising edge-triggered flip-flop clocked by CLK100MHZ)
Path Group: CLK100MHZ
Path Type: min
Corner: Typical

Fanout     Cap    Slew   Delay    Time   Description
-----------------------------------------------------------------------------
                          0.00    0.00   clock CLK100MHZ (rise edge)
                          0.00    0.00   clock source latency
     1    0.02    0.00    0.00    0.00 ^ CLK100MHZ (in)
                                         CLK100MHZ (net)
                  0.00    0.00    0.00 ^ clkbuf_0_CLK100MHZ/A (sky130_fd_sc_hd__clkbuf_16)
     2    0.02    0.04    0.11    0.11 ^ clkbuf_0_CLK100MHZ/X (sky130_fd_sc_hd__clkbuf_16)
                                         clknet_0_CLK100MHZ (net)
                  0.04    0.00    0.11 ^ clkbuf_1_1__f_CLK100MHZ/A (sky130_fd_sc_hd__clkbuf_16)
    13    0.06    0.08    0.15    0.27 ^ clkbuf_1_1__f_CLK100MHZ/X (sky130_fd_sc_hd__clkbuf_16)
                                         clknet_1_1__leaf_CLK100MHZ (net)
                  0.08    0.00    0.27 ^ _444_/CLK (sky130_fd_sc_hd__dfxtp_1)
     2    0.02    0.22    0.44    0.71 ^ _444_/Q (sky130_fd_sc_hd__dfxtp_1)
                                         rf.regs[15][2] (net)
                  0.22    0.00    0.71 ^ _391_/A0 (sky130_fd_sc_hd__mux2_1)
     1    0.00    0.04    0.16    0.87 ^ _391_/X (sky130_fd_sc_hd__mux2_1)
                                         _035_ (net)
                  0.04    0.00    0.87 ^ _392_/A (sky130_fd_sc_hd__clkbuf_1)
     1    0.01    0.13    0.14    1.01 ^ _392_/X (sky130_fd_sc_hd__clkbuf_1)
                                         _010_ (net)
                  0.13    0.00    1.01 ^ _444_/D (sky130_fd_sc_hd__dfxtp_1)
                                  1.01   data arrival time

                          0.00    0.00   clock CLK100MHZ (rise edge)
                          0.00    0.00   clock source latency
     1    0.02    0.00    0.00    0.00 ^ CLK100MHZ (in)
                                         CLK100MHZ (net)
                  0.00    0.00    0.00 ^ clkbuf_0_CLK100MHZ/A (sky130_fd_sc_hd__clkbuf_16)
     2    0.02    0.04    0.11    0.11 ^ clkbuf_0_CLK100MHZ/X (sky130_fd_sc_hd__clkbuf_16)
                                         clknet_0_CLK100MHZ (net)
                  0.04    0.00    0.11 ^ clkbuf_1_1__f_CLK100MHZ/A (sky130_fd_sc_hd__clkbuf_16)
    13    0.06    0.08    0.15    0.27 ^ clkbuf_1_1__f_CLK100MHZ/X (sky130_fd_sc_hd__clkbuf_16)
                                         clknet_1_1__leaf_CLK100MHZ (net)
                  0.08    0.00    0.27 ^ _444_/CLK (sky130_fd_sc_hd__dfxtp_1)
                          0.20    0.47   clock uncertainty
                          0.00    0.47   clock reconvergence pessimism
                         -0.04    0.42   library hold time
                                  0.42   data required time
-----------------------------------------------------------------------------
                                  0.42   data required time
                                 -1.01   data arrival time
-----------------------------------------------------------------------------
                                  0.59   slack (MET)


Startpoint: _451_ (rising edge-triggered flip-flop clocked by CLK100MHZ)
Endpoint: _451_ (rising edge-triggered flip-flop clocked by CLK100MHZ)
Path Group: CLK100MHZ
Path Type: min
Corner: Typical

Fanout     Cap    Slew   Delay    Time   Description
-----------------------------------------------------------------------------
                          0.00    0.00   clock CLK100MHZ (rise edge)
                          0.00    0.00   clock source latency
     1    0.02    0.00    0.00    0.00 ^ CLK100MHZ (in)
                                         CLK100MHZ (net)
                  0.00    0.00    0.00 ^ clkbuf_0_CLK100MHZ/A (sky130_fd_sc_hd__clkbuf_16)
     2    0.02    0.04    0.11    0.11 ^ clkbuf_0_CLK100MHZ/X (sky130_fd_sc_hd__clkbuf_16)
                                         clknet_0_CLK100MHZ (net)
                  0.04    0.00    0.11 ^ clkbuf_1_0__f_CLK100MHZ/A (sky130_fd_sc_hd__clkbuf_16)
    16    0.06    0.08    0.16    0.27 ^ clkbuf_1_0__f_CLK100MHZ/X (sky130_fd_sc_hd__clkbuf_16)
                                         clknet_1_0__leaf_CLK100MHZ (net)
                  0.08    0.00    0.27 ^ _451_/CLK (sky130_fd_sc_hd__dfxtp_1)
     2    0.02    0.18    0.41    0.68 ^ _451_/Q (sky130_fd_sc_hd__dfxtp_1)
                                         rf.regs[10][4] (net)
                  0.18    0.00    0.68 ^ _408_/A1 (sky130_fd_sc_hd__mux2_1)
     1    0.01    0.08    0.19    0.88 ^ _408_/X (sky130_fd_sc_hd__mux2_1)
                                         _045_ (net)
                  0.08    0.00    0.88 ^ _409_/A (sky130_fd_sc_hd__clkbuf_1)
     1    0.01    0.11    0.14    1.02 ^ _409_/X (sky130_fd_sc_hd__clkbuf_1)
                                         _017_ (net)
                  0.11    0.00    1.02 ^ _451_/D (sky130_fd_sc_hd__dfxtp_1)
                                  1.02   data arrival time

                          0.00    0.00   clock CLK100MHZ (rise edge)
                          0.00    0.00   clock source latency
     1    0.02    0.00    0.00    0.00 ^ CLK100MHZ (in)
                                         CLK100MHZ (net)
                  0.00    0.00    0.00 ^ clkbuf_0_CLK100MHZ/A (sky130_fd_sc_hd__clkbuf_16)
     2    0.02    0.04    0.11    0.11 ^ clkbuf_0_CLK100MHZ/X (sky130_fd_sc_hd__clkbuf_16)
                                         clknet_0_CLK100MHZ (net)
                  0.04    0.00    0.11 ^ clkbuf_1_0__f_CLK100MHZ/A (sky130_fd_sc_hd__clkbuf_16)
    16    0.06    0.08    0.16    0.27 ^ clkbuf_1_0__f_CLK100MHZ/X (sky130_fd_sc_hd__clkbuf_16)
                                         clknet_1_0__leaf_CLK100MHZ (net)
                  0.08    0.00    0.27 ^ _451_/CLK (sky130_fd_sc_hd__dfxtp_1)
                          0.20    0.47   clock uncertainty
                          0.00    0.47   clock reconvergence pessimism
                         -0.04    0.43   library hold time
                                  0.43   data required time
-----------------------------------------------------------------------------
                                  0.43   data required time
                                 -1.02   data arrival time
-----------------------------------------------------------------------------
                                  0.59   slack (MET)


Startpoint: _460_ (rising edge-triggered flip-flop clocked by CLK100MHZ)
Endpoint: _460_ (rising edge-triggered flip-flop clocked by CLK100MHZ)
Path Group: CLK100MHZ
Path Type: min
Corner: Typical

Fanout     Cap    Slew   Delay    Time   Description
-----------------------------------------------------------------------------
                          0.00    0.00   clock CLK100MHZ (rise edge)
                          0.00    0.00   clock source latency
     1    0.02    0.00    0.00    0.00 ^ CLK100MHZ (in)
                                         CLK100MHZ (net)
                  0.00    0.00    0.00 ^ clkbuf_0_CLK100MHZ/A (sky130_fd_sc_hd__clkbuf_16)
     2    0.02    0.04    0.11    0.11 ^ clkbuf_0_CLK100MHZ/X (sky130_fd_sc_hd__clkbuf_16)
                                         clknet_0_CLK100MHZ (net)
                  0.04    0.00    0.11 ^ clkbuf_1_0__f_CLK100MHZ/A (sky130_fd_sc_hd__clkbuf_16)
    16    0.06    0.08    0.16    0.27 ^ clkbuf_1_0__f_CLK100MHZ/X (sky130_fd_sc_hd__clkbuf_16)
                                         clknet_1_0__leaf_CLK100MHZ (net)
                  0.08    0.00    0.27 ^ _460_/CLK (sky130_fd_sc_hd__dfxtp_1)
     2    0.02    0.18    0.42    0.69 ^ _460_/Q (sky130_fd_sc_hd__dfxtp_1)
                                         rf.regs[5][3] (net)
                  0.18    0.00    0.69 ^ _430_/A0 (sky130_fd_sc_hd__mux2_1)
     1    0.00    0.05    0.16    0.85 ^ _430_/X (sky130_fd_sc_hd__mux2_1)
                                         _058_ (net)
                  0.05    0.00    0.85 ^ _431_/A (sky130_fd_sc_hd__buf_1)
     1    0.02    0.18    0.18    1.03 ^ _431_/X (sky130_fd_sc_hd__buf_1)
                                         _026_ (net)
                  0.18    0.00    1.03 ^ _460_/D (sky130_fd_sc_hd__dfxtp_1)
                                  1.03   data arrival time

                          0.00    0.00   clock CLK100MHZ (rise edge)
                          0.00    0.00   clock source latency
     1    0.02    0.00    0.00    0.00 ^ CLK100MHZ (in)
                                         CLK100MHZ (net)
                  0.00    0.00    0.00 ^ clkbuf_0_CLK100MHZ/A (sky130_fd_sc_hd__clkbuf_16)
     2    0.02    0.04    0.11    0.11 ^ clkbuf_0_CLK100MHZ/X (sky130_fd_sc_hd__clkbuf_16)
                                         clknet_0_CLK100MHZ (net)
                  0.04    0.00    0.11 ^ clkbuf_1_0__f_CLK100MHZ/A (sky130_fd_sc_hd__clkbuf_16)
    16    0.06    0.08    0.16    0.27 ^ clkbuf_1_0__f_CLK100MHZ/X (sky130_fd_sc_hd__clkbuf_16)
                                         clknet_1_0__leaf_CLK100MHZ (net)
                  0.08    0.00    0.27 ^ _460_/CLK (sky130_fd_sc_hd__dfxtp_1)
                          0.20    0.47   clock uncertainty
                          0.00    0.47   clock reconvergence pessimism
                         -0.06    0.41   library hold time
                                  0.41   data required time
-----------------------------------------------------------------------------
                                  0.41   data required time
                                 -1.03   data arrival time
-----------------------------------------------------------------------------
                                  0.62   slack (MET)


Startpoint: _450_ (rising edge-triggered flip-flop clocked by CLK100MHZ)
Endpoint: _450_ (rising edge-triggered flip-flop clocked by CLK100MHZ)
Path Group: CLK100MHZ
Path Type: min
Corner: Typical

Fanout     Cap    Slew   Delay    Time   Description
-----------------------------------------------------------------------------
                          0.00    0.00   clock CLK100MHZ (rise edge)
                          0.00    0.00   clock source latency
     1    0.02    0.00    0.00    0.00 ^ CLK100MHZ (in)
                                         CLK100MHZ (net)
                  0.00    0.00    0.00 ^ clkbuf_0_CLK100MHZ/A (sky130_fd_sc_hd__clkbuf_16)
     2    0.02    0.04    0.11    0.11 ^ clkbuf_0_CLK100MHZ/X (sky130_fd_sc_hd__clkbuf_16)
                                         clknet_0_CLK100MHZ (net)
                  0.04    0.00    0.11 ^ clkbuf_1_0__f_CLK100MHZ/A (sky130_fd_sc_hd__clkbuf_16)
    16    0.06    0.08    0.16    0.27 ^ clkbuf_1_0__f_CLK100MHZ/X (sky130_fd_sc_hd__clkbuf_16)
                                         clknet_1_0__leaf_CLK100MHZ (net)
                  0.08    0.00    0.27 ^ _450_/CLK (sky130_fd_sc_hd__dfxtp_1)
     2    0.03    0.24    0.46    0.73 ^ _450_/Q (sky130_fd_sc_hd__dfxtp_1)
                                         rf.regs[10][3] (net)
                  0.24    0.00    0.73 ^ _406_/A1 (sky130_fd_sc_hd__mux2_1)
     1    0.01    0.06    0.19    0.92 ^ _406_/X (sky130_fd_sc_hd__mux2_1)
                                         _044_ (net)
                  0.06    0.00    0.92 ^ _407_/A (sky130_fd_sc_hd__clkbuf_1)
     1    0.01    0.11    0.13    1.06 ^ _407_/X (sky130_fd_sc_hd__clkbuf_1)
                                         _016_ (net)
                  0.11    0.00    1.06 ^ _450_/D (sky130_fd_sc_hd__dfxtp_1)
                                  1.06   data arrival time

                          0.00    0.00   clock CLK100MHZ (rise edge)
                          0.00    0.00   clock source latency
     1    0.02    0.00    0.00    0.00 ^ CLK100MHZ (in)
                                         CLK100MHZ (net)
                  0.00    0.00    0.00 ^ clkbuf_0_CLK100MHZ/A (sky130_fd_sc_hd__clkbuf_16)
     2    0.02    0.04    0.11    0.11 ^ clkbuf_0_CLK100MHZ/X (sky130_fd_sc_hd__clkbuf_16)
                                         clknet_0_CLK100MHZ (net)
                  0.04    0.00    0.11 ^ clkbuf_1_0__f_CLK100MHZ/A (sky130_fd_sc_hd__clkbuf_16)
    16    0.06    0.08    0.16    0.27 ^ clkbuf_1_0__f_CLK100MHZ/X (sky130_fd_sc_hd__clkbuf_16)
                                         clknet_1_0__leaf_CLK100MHZ (net)
                  0.08    0.00    0.27 ^ _450_/CLK (sky130_fd_sc_hd__dfxtp_1)
                          0.20    0.47   clock uncertainty
                          0.00    0.47   clock reconvergence pessimism
                         -0.04    0.43   library hold time
                                  0.43   data required time
-----------------------------------------------------------------------------
                                  0.43   data required time
                                 -1.06   data arrival time
-----------------------------------------------------------------------------
                                  0.62   slack (MET)


Startpoint: _452_ (rising edge-triggered flip-flop clocked by CLK100MHZ)
Endpoint: _452_ (rising edge-triggered flip-flop clocked by CLK100MHZ)
Path Group: CLK100MHZ
Path Type: min
Corner: Typical

Fanout     Cap    Slew   Delay    Time   Description
-----------------------------------------------------------------------------
                          0.00    0.00   clock CLK100MHZ (rise edge)
                          0.00    0.00   clock source latency
     1    0.02    0.00    0.00    0.00 ^ CLK100MHZ (in)
                                         CLK100MHZ (net)
                  0.00    0.00    0.00 ^ clkbuf_0_CLK100MHZ/A (sky130_fd_sc_hd__clkbuf_16)
     2    0.02    0.04    0.11    0.11 ^ clkbuf_0_CLK100MHZ/X (sky130_fd_sc_hd__clkbuf_16)
                                         clknet_0_CLK100MHZ (net)
                  0.04    0.00    0.11 ^ clkbuf_1_1__f_CLK100MHZ/A (sky130_fd_sc_hd__clkbuf_16)
    13    0.06    0.08    0.15    0.27 ^ clkbuf_1_1__f_CLK100MHZ/X (sky130_fd_sc_hd__clkbuf_16)
                                         clknet_1_1__leaf_CLK100MHZ (net)
                  0.08    0.00    0.27 ^ _452_/CLK (sky130_fd_sc_hd__dfxtp_1)
     3    0.03    0.16    0.41    0.68 v _452_/Q (sky130_fd_sc_hd__dfxtp_1)
                                         rf.regs[0][0] (net)
                  0.16    0.00    0.68 v _412_/A (sky130_fd_sc_hd__and2_1)
     1    0.02    0.10    0.25    0.93 v _412_/X (sky130_fd_sc_hd__and2_1)
                                         _048_ (net)
                  0.10    0.00    0.93 v _413_/A (sky130_fd_sc_hd__clkbuf_1)
     1    0.00    0.04    0.12    1.05 v _413_/X (sky130_fd_sc_hd__clkbuf_1)
                                         _018_ (net)
                  0.04    0.00    1.05 v _452_/D (sky130_fd_sc_hd__dfxtp_1)
                                  1.05   data arrival time

                          0.00    0.00   clock CLK100MHZ (rise edge)
                          0.00    0.00   clock source latency
     1    0.02    0.00    0.00    0.00 ^ CLK100MHZ (in)
                                         CLK100MHZ (net)
                  0.00    0.00    0.00 ^ clkbuf_0_CLK100MHZ/A (sky130_fd_sc_hd__clkbuf_16)
     2    0.02    0.04    0.11    0.11 ^ clkbuf_0_CLK100MHZ/X (sky130_fd_sc_hd__clkbuf_16)
                                         clknet_0_CLK100MHZ (net)
                  0.04    0.00    0.11 ^ clkbuf_1_1__f_CLK100MHZ/A (sky130_fd_sc_hd__clkbuf_16)
    13    0.06    0.08    0.15    0.27 ^ clkbuf_1_1__f_CLK100MHZ/X (sky130_fd_sc_hd__clkbuf_16)
                                         clknet_1_1__leaf_CLK100MHZ (net)
                  0.08    0.00    0.27 ^ _452_/CLK (sky130_fd_sc_hd__dfxtp_1)
                          0.20    0.47   clock uncertainty
                          0.00    0.47   clock reconvergence pessimism
                         -0.04    0.42   library hold time
                                  0.42   data required time
-----------------------------------------------------------------------------
                                  0.42   data required time
                                 -1.05   data arrival time
-----------------------------------------------------------------------------
                                  0.63   slack (MET)


Startpoint: _442_ (rising edge-triggered flip-flop clocked by CLK100MHZ)
Endpoint: _442_ (rising edge-triggered flip-flop clocked by CLK100MHZ)
Path Group: CLK100MHZ
Path Type: min
Corner: Typical

Fanout     Cap    Slew   Delay    Time   Description
-----------------------------------------------------------------------------
                          0.00    0.00   clock CLK100MHZ (rise edge)
                          0.00    0.00   clock source latency
     1    0.02    0.00    0.00    0.00 ^ CLK100MHZ (in)
                                         CLK100MHZ (net)
                  0.00    0.00    0.00 ^ clkbuf_0_CLK100MHZ/A (sky130_fd_sc_hd__clkbuf_16)
     2    0.02    0.04    0.11    0.11 ^ clkbuf_0_CLK100MHZ/X (sky130_fd_sc_hd__clkbuf_16)
                                         clknet_0_CLK100MHZ (net)
                  0.04    0.00    0.11 ^ clkbuf_1_1__f_CLK100MHZ/A (sky130_fd_sc_hd__clkbuf_16)
    13    0.06    0.08    0.15    0.27 ^ clkbuf_1_1__f_CLK100MHZ/X (sky130_fd_sc_hd__clkbuf_16)
                                         clknet_1_1__leaf_CLK100MHZ (net)
                  0.08    0.00    0.27 ^ _442_/CLK (sky130_fd_sc_hd__dfxtp_1)
     2    0.02    0.20    0.43    0.69 ^ _442_/Q (sky130_fd_sc_hd__dfxtp_1)
                                         rf.regs[15][0] (net)
                  0.20    0.00    0.70 ^ _387_/A0 (sky130_fd_sc_hd__mux2_1)
     1    0.01    0.13    0.23    0.92 ^ _387_/X (sky130_fd_sc_hd__mux2_1)
                                         _033_ (net)
                  0.13    0.00    0.93 ^ _388_/A (sky130_fd_sc_hd__clkbuf_1)
     1    0.01    0.09    0.13    1.06 ^ _388_/X (sky130_fd_sc_hd__clkbuf_1)
                                         _008_ (net)
                  0.09    0.00    1.06 ^ _442_/D (sky130_fd_sc_hd__dfxtp_1)
                                  1.06   data arrival time

                          0.00    0.00   clock CLK100MHZ (rise edge)
                          0.00    0.00   clock source latency
     1    0.02    0.00    0.00    0.00 ^ CLK100MHZ (in)
                                         CLK100MHZ (net)
                  0.00    0.00    0.00 ^ clkbuf_0_CLK100MHZ/A (sky130_fd_sc_hd__clkbuf_16)
     2    0.02    0.04    0.11    0.11 ^ clkbuf_0_CLK100MHZ/X (sky130_fd_sc_hd__clkbuf_16)
                                         clknet_0_CLK100MHZ (net)
                  0.04    0.00    0.11 ^ clkbuf_1_1__f_CLK100MHZ/A (sky130_fd_sc_hd__clkbuf_16)
    13    0.06    0.08    0.15    0.27 ^ clkbuf_1_1__f_CLK100MHZ/X (sky130_fd_sc_hd__clkbuf_16)
                                         clknet_1_1__leaf_CLK100MHZ (net)
                  0.08    0.00    0.27 ^ _442_/CLK (sky130_fd_sc_hd__dfxtp_1)
                          0.20    0.47   clock uncertainty
                          0.00    0.47   clock reconvergence pessimism
                         -0.04    0.43   library hold time
                                  0.43   data required time
-----------------------------------------------------------------------------
                                  0.43   data required time
                                 -1.06   data arrival time
-----------------------------------------------------------------------------
                                  0.63   slack (MET)


Startpoint: _454_ (rising edge-triggered flip-flop clocked by CLK100MHZ)
Endpoint: _454_ (rising edge-triggered flip-flop clocked by CLK100MHZ)
Path Group: CLK100MHZ
Path Type: min
Corner: Typical

Fanout     Cap    Slew   Delay    Time   Description
-----------------------------------------------------------------------------
                          0.00    0.00   clock CLK100MHZ (rise edge)
                          0.00    0.00   clock source latency
     1    0.02    0.00    0.00    0.00 ^ CLK100MHZ (in)
                                         CLK100MHZ (net)
                  0.00    0.00    0.00 ^ clkbuf_0_CLK100MHZ/A (sky130_fd_sc_hd__clkbuf_16)
     2    0.02    0.04    0.11    0.11 ^ clkbuf_0_CLK100MHZ/X (sky130_fd_sc_hd__clkbuf_16)
                                         clknet_0_CLK100MHZ (net)
                  0.04    0.00    0.11 ^ clkbuf_1_0__f_CLK100MHZ/A (sky130_fd_sc_hd__clkbuf_16)
    16    0.06    0.08    0.16    0.27 ^ clkbuf_1_0__f_CLK100MHZ/X (sky130_fd_sc_hd__clkbuf_16)
                                         clknet_1_0__leaf_CLK100MHZ (net)
                  0.08    0.00    0.27 ^ _454_/CLK (sky130_fd_sc_hd__dfxtp_1)
     3    0.02    0.10    0.37    0.64 v _454_/Q (sky130_fd_sc_hd__dfxtp_1)
                                         rf.regs[0][2] (net)
                  0.10    0.00    0.64 v _416_/A (sky130_fd_sc_hd__and2_1)
     1    0.02    0.12    0.23    0.88 v _416_/X (sky130_fd_sc_hd__and2_1)
                                         _050_ (net)
                  0.12    0.00    0.88 v _417_/A (sky130_fd_sc_hd__buf_1)
     1    0.01    0.08    0.16    1.04 v _417_/X (sky130_fd_sc_hd__buf_1)
                                         _020_ (net)
                  0.08    0.00    1.04 v _454_/D (sky130_fd_sc_hd__dfxtp_1)
                                  1.04   data arrival time

                          0.00    0.00   clock CLK100MHZ (rise edge)
                          0.00    0.00   clock source latency
     1    0.02    0.00    0.00    0.00 ^ CLK100MHZ (in)
                                         CLK100MHZ (net)
                  0.00    0.00    0.00 ^ clkbuf_0_CLK100MHZ/A (sky130_fd_sc_hd__clkbuf_16)
     2    0.02    0.04    0.11    0.11 ^ clkbuf_0_CLK100MHZ/X (sky130_fd_sc_hd__clkbuf_16)
                                         clknet_0_CLK100MHZ (net)
                  0.04    0.00    0.11 ^ clkbuf_1_0__f_CLK100MHZ/A (sky130_fd_sc_hd__clkbuf_16)
    16    0.06    0.08    0.16    0.27 ^ clkbuf_1_0__f_CLK100MHZ/X (sky130_fd_sc_hd__clkbuf_16)
                                         clknet_1_0__leaf_CLK100MHZ (net)
                  0.08    0.00    0.27 ^ _454_/CLK (sky130_fd_sc_hd__dfxtp_1)
                          0.20    0.47   clock uncertainty
                          0.00    0.47   clock reconvergence pessimism
                         -0.06    0.41   library hold time
                                  0.41   data required time
-----------------------------------------------------------------------------
                                  0.41   data required time
                                 -1.04   data arrival time
-----------------------------------------------------------------------------
                                  0.63   slack (MET)


Startpoint: _446_ (rising edge-triggered flip-flop clocked by CLK100MHZ)
Endpoint: _446_ (rising edge-triggered flip-flop clocked by CLK100MHZ)
Path Group: CLK100MHZ
Path Type: min
Corner: Typical

Fanout     Cap    Slew   Delay    Time   Description
-----------------------------------------------------------------------------
                          0.00    0.00   clock CLK100MHZ (rise edge)
                          0.00    0.00   clock source latency
     1    0.02    0.00    0.00    0.00 ^ CLK100MHZ (in)
                                         CLK100MHZ (net)
                  0.00    0.00    0.00 ^ clkbuf_0_CLK100MHZ/A (sky130_fd_sc_hd__clkbuf_16)
     2    0.02    0.04    0.11    0.11 ^ clkbuf_0_CLK100MHZ/X (sky130_fd_sc_hd__clkbuf_16)
                                         clknet_0_CLK100MHZ (net)
                  0.04    0.00    0.11 ^ clkbuf_1_1__f_CLK100MHZ/A (sky130_fd_sc_hd__clkbuf_16)
    13    0.06    0.08    0.15    0.27 ^ clkbuf_1_1__f_CLK100MHZ/X (sky130_fd_sc_hd__clkbuf_16)
                                         clknet_1_1__leaf_CLK100MHZ (net)
                  0.08    0.00    0.27 ^ _446_/CLK (sky130_fd_sc_hd__dfxtp_1)
     2    0.02    0.17    0.41    0.67 ^ _446_/Q (sky130_fd_sc_hd__dfxtp_1)
                                         rf.regs[15][4] (net)
                  0.17    0.00    0.67 ^ _395_/A0 (sky130_fd_sc_hd__mux2_1)
     1    0.01    0.12    0.21    0.89 ^ _395_/X (sky130_fd_sc_hd__mux2_1)
                                         _037_ (net)
                  0.12    0.00    0.89 ^ _396_/A (sky130_fd_sc_hd__clkbuf_1)
     1    0.01    0.13    0.16    1.05 ^ _396_/X (sky130_fd_sc_hd__clkbuf_1)
                                         _012_ (net)
                  0.13    0.00    1.05 ^ _446_/D (sky130_fd_sc_hd__dfxtp_1)
                                  1.05   data arrival time

                          0.00    0.00   clock CLK100MHZ (rise edge)
                          0.00    0.00   clock source latency
     1    0.02    0.00    0.00    0.00 ^ CLK100MHZ (in)
                                         CLK100MHZ (net)
                  0.00    0.00    0.00 ^ clkbuf_0_CLK100MHZ/A (sky130_fd_sc_hd__clkbuf_16)
     2    0.02    0.04    0.11    0.11 ^ clkbuf_0_CLK100MHZ/X (sky130_fd_sc_hd__clkbuf_16)
                                         clknet_0_CLK100MHZ (net)
                  0.04    0.00    0.11 ^ clkbuf_1_1__f_CLK100MHZ/A (sky130_fd_sc_hd__clkbuf_16)
    13    0.06    0.08    0.15    0.27 ^ clkbuf_1_1__f_CLK100MHZ/X (sky130_fd_sc_hd__clkbuf_16)
                                         clknet_1_1__leaf_CLK100MHZ (net)
                  0.08    0.00    0.27 ^ _446_/CLK (sky130_fd_sc_hd__dfxtp_1)
                          0.20    0.47   clock uncertainty
                          0.00    0.47   clock reconvergence pessimism
                         -0.05    0.42   library hold time
                                  0.42   data required time
-----------------------------------------------------------------------------
                                  0.42   data required time
                                 -1.05   data arrival time
-----------------------------------------------------------------------------
                                  0.63   slack (MET)


Startpoint: _439_ (rising edge-triggered flip-flop clocked by CLK100MHZ)
Endpoint: _439_ (rising edge-triggered flip-flop clocked by CLK100MHZ)
Path Group: CLK100MHZ
Path Type: min
Corner: Typical

Fanout     Cap    Slew   Delay    Time   Description
-----------------------------------------------------------------------------
                          0.00    0.00   clock CLK100MHZ (rise edge)
                          0.00    0.00   clock source latency
     1    0.02    0.00    0.00    0.00 ^ CLK100MHZ (in)
                                         CLK100MHZ (net)
                  0.00    0.00    0.00 ^ clkbuf_0_CLK100MHZ/A (sky130_fd_sc_hd__clkbuf_16)
     2    0.02    0.04    0.11    0.11 ^ clkbuf_0_CLK100MHZ/X (sky130_fd_sc_hd__clkbuf_16)
                                         clknet_0_CLK100MHZ (net)
                  0.04    0.00    0.11 ^ clkbuf_1_1__f_CLK100MHZ/A (sky130_fd_sc_hd__clkbuf_16)
    13    0.06    0.08    0.15    0.27 ^ clkbuf_1_1__f_CLK100MHZ/X (sky130_fd_sc_hd__clkbuf_16)
                                         clknet_1_1__leaf_CLK100MHZ (net)
                  0.08    0.00    0.27 ^ _439_/CLK (sky130_fd_sc_hd__dfxtp_1)
     2    0.01    0.13    0.38    0.65 ^ _439_/Q (sky130_fd_sc_hd__dfxtp_1)
                                         rf.regs[25][2] (net)
                  0.13    0.00    0.65 ^ _369_/A0 (sky130_fd_sc_hd__mux2_1)
     1    0.02    0.21    0.27    0.92 ^ _369_/X (sky130_fd_sc_hd__mux2_1)
                                         _202_ (net)
                  0.21    0.00    0.92 ^ _370_/A (sky130_fd_sc_hd__clkbuf_1)
     1    0.01    0.14    0.18    1.10 ^ _370_/X (sky130_fd_sc_hd__clkbuf_1)
                                         _005_ (net)
                  0.14    0.00    1.10 ^ _439_/D (sky130_fd_sc_hd__dfxtp_1)
                                  1.10   data arrival time

                          0.00    0.00   clock CLK100MHZ (rise edge)
                          0.00    0.00   clock source latency
     1    0.02    0.00    0.00    0.00 ^ CLK100MHZ (in)
                                         CLK100MHZ (net)
                  0.00    0.00    0.00 ^ clkbuf_0_CLK100MHZ/A (sky130_fd_sc_hd__clkbuf_16)
     2    0.02    0.04    0.11    0.11 ^ clkbuf_0_CLK100MHZ/X (sky130_fd_sc_hd__clkbuf_16)
                                         clknet_0_CLK100MHZ (net)
                  0.04    0.00    0.11 ^ clkbuf_1_1__f_CLK100MHZ/A (sky130_fd_sc_hd__clkbuf_16)
    13    0.06    0.08    0.15    0.27 ^ clkbuf_1_1__f_CLK100MHZ/X (sky130_fd_sc_hd__clkbuf_16)
                                         clknet_1_1__leaf_CLK100MHZ (net)
                  0.08    0.00    0.27 ^ _439_/CLK (sky130_fd_sc_hd__dfxtp_1)
                          0.20    0.47   clock uncertainty
                          0.00    0.47   clock reconvergence pessimism
                         -0.05    0.42   library hold time
                                  0.42   data required time
-----------------------------------------------------------------------------
                                  0.42   data required time
                                 -1.10   data arrival time
-----------------------------------------------------------------------------
                                  0.68   slack (MET)


Startpoint: _459_ (rising edge-triggered flip-flop clocked by CLK100MHZ)
Endpoint: _459_ (rising edge-triggered flip-flop clocked by CLK100MHZ)
Path Group: CLK100MHZ
Path Type: min
Corner: Typical

Fanout     Cap    Slew   Delay    Time   Description
-----------------------------------------------------------------------------
                          0.00    0.00   clock CLK100MHZ (rise edge)
                          0.00    0.00   clock source latency
     1    0.02    0.00    0.00    0.00 ^ CLK100MHZ (in)
                                         CLK100MHZ (net)
                  0.00    0.00    0.00 ^ clkbuf_0_CLK100MHZ/A (sky130_fd_sc_hd__clkbuf_16)
     2    0.02    0.04    0.11    0.11 ^ clkbuf_0_CLK100MHZ/X (sky130_fd_sc_hd__clkbuf_16)
                                         clknet_0_CLK100MHZ (net)
                  0.04    0.00    0.11 ^ clkbuf_1_0__f_CLK100MHZ/A (sky130_fd_sc_hd__clkbuf_16)
    16    0.06    0.08    0.16    0.27 ^ clkbuf_1_0__f_CLK100MHZ/X (sky130_fd_sc_hd__clkbuf_16)
                                         clknet_1_0__leaf_CLK100MHZ (net)
                  0.08    0.00    0.27 ^ _459_/CLK (sky130_fd_sc_hd__dfxtp_1)
     2    0.03    0.24    0.46    0.73 ^ _459_/Q (sky130_fd_sc_hd__dfxtp_1)
                                         rf.regs[5][2] (net)
                  0.24    0.00    0.73 ^ _428_/A0 (sky130_fd_sc_hd__mux2_1)
     1    0.01    0.09    0.21    0.94 ^ _428_/X (sky130_fd_sc_hd__mux2_1)
                                         _057_ (net)
                  0.09    0.00    0.94 ^ _429_/A (sky130_fd_sc_hd__buf_1)
     1    0.01    0.15    0.17    1.12 ^ _429_/X (sky130_fd_sc_hd__buf_1)
                                         _025_ (net)
                  0.15    0.00    1.12 ^ _459_/D (sky130_fd_sc_hd__dfxtp_1)
                                  1.12   data arrival time

                          0.00    0.00   clock CLK100MHZ (rise edge)
                          0.00    0.00   clock source latency
     1    0.02    0.00    0.00    0.00 ^ CLK100MHZ (in)
                                         CLK100MHZ (net)
                  0.00    0.00    0.00 ^ clkbuf_0_CLK100MHZ/A (sky130_fd_sc_hd__clkbuf_16)
     2    0.02    0.04    0.11    0.11 ^ clkbuf_0_CLK100MHZ/X (sky130_fd_sc_hd__clkbuf_16)
                                         clknet_0_CLK100MHZ (net)
                  0.04    0.00    0.11 ^ clkbuf_1_0__f_CLK100MHZ/A (sky130_fd_sc_hd__clkbuf_16)
    16    0.06    0.08    0.16    0.27 ^ clkbuf_1_0__f_CLK100MHZ/X (sky130_fd_sc_hd__clkbuf_16)
                                         clknet_1_0__leaf_CLK100MHZ (net)
                  0.08    0.00    0.27 ^ _459_/CLK (sky130_fd_sc_hd__dfxtp_1)
                          0.20    0.47   clock uncertainty
                          0.00    0.47   clock reconvergence pessimism
                         -0.05    0.42   library hold time
                                  0.42   data required time
-----------------------------------------------------------------------------
                                  0.42   data required time
                                 -1.12   data arrival time
-----------------------------------------------------------------------------
                                  0.69   slack (MET)


Startpoint: _457_ (rising edge-triggered flip-flop clocked by CLK100MHZ)
Endpoint: _457_ (rising edge-triggered flip-flop clocked by CLK100MHZ)
Path Group: CLK100MHZ
Path Type: min
Corner: Typical

Fanout     Cap    Slew   Delay    Time   Description
-----------------------------------------------------------------------------
                          0.00    0.00   clock CLK100MHZ (rise edge)
                          0.00    0.00   clock source latency
     1    0.02    0.00    0.00    0.00 ^ CLK100MHZ (in)
                                         CLK100MHZ (net)
                  0.00    0.00    0.00 ^ clkbuf_0_CLK100MHZ/A (sky130_fd_sc_hd__clkbuf_16)
     2    0.02    0.04    0.11    0.11 ^ clkbuf_0_CLK100MHZ/X (sky130_fd_sc_hd__clkbuf_16)
                                         clknet_0_CLK100MHZ (net)
                  0.04    0.00    0.11 ^ clkbuf_1_1__f_CLK100MHZ/A (sky130_fd_sc_hd__clkbuf_16)
    13    0.06    0.08    0.15    0.27 ^ clkbuf_1_1__f_CLK100MHZ/X (sky130_fd_sc_hd__clkbuf_16)
                                         clknet_1_1__leaf_CLK100MHZ (net)
                  0.08    0.00    0.27 ^ _457_/CLK (sky130_fd_sc_hd__dfxtp_1)
     2    0.02    0.18    0.41    0.68 ^ _457_/Q (sky130_fd_sc_hd__dfxtp_1)
                                         rf.regs[5][0] (net)
                  0.18    0.00    0.68 ^ _424_/A0 (sky130_fd_sc_hd__mux2_1)
     1    0.01    0.12    0.22    0.90 ^ _424_/X (sky130_fd_sc_hd__mux2_1)
                                         _055_ (net)
                  0.12    0.00    0.90 ^ _425_/A (sky130_fd_sc_hd__clkbuf_1)
     1    0.02    0.21    0.21    1.11 ^ _425_/X (sky130_fd_sc_hd__clkbuf_1)
                                         _023_ (net)
                  0.21    0.00    1.11 ^ _457_/D (sky130_fd_sc_hd__dfxtp_1)
                                  1.11   data arrival time

                          0.00    0.00   clock CLK100MHZ (rise edge)
                          0.00    0.00   clock source latency
     1    0.02    0.00    0.00    0.00 ^ CLK100MHZ (in)
                                         CLK100MHZ (net)
                  0.00    0.00    0.00 ^ clkbuf_0_CLK100MHZ/A (sky130_fd_sc_hd__clkbuf_16)
     2    0.02    0.04    0.11    0.11 ^ clkbuf_0_CLK100MHZ/X (sky130_fd_sc_hd__clkbuf_16)
                                         clknet_0_CLK100MHZ (net)
                  0.04    0.00    0.11 ^ clkbuf_1_1__f_CLK100MHZ/A (sky130_fd_sc_hd__clkbuf_16)
    13    0.06    0.08    0.15    0.27 ^ clkbuf_1_1__f_CLK100MHZ/X (sky130_fd_sc_hd__clkbuf_16)
                                         clknet_1_1__leaf_CLK100MHZ (net)
                  0.08    0.00    0.27 ^ _457_/CLK (sky130_fd_sc_hd__dfxtp_1)
                          0.20    0.47   clock uncertainty
                          0.00    0.47   clock reconvergence pessimism
                         -0.06    0.41   library hold time
                                  0.41   data required time
-----------------------------------------------------------------------------
                                  0.41   data required time
                                 -1.11   data arrival time
-----------------------------------------------------------------------------
                                  0.71   slack (MET)


Startpoint: _438_ (rising edge-triggered flip-flop clocked by CLK100MHZ)
Endpoint: _438_ (rising edge-triggered flip-flop clocked by CLK100MHZ)
Path Group: CLK100MHZ
Path Type: min
Corner: Typical

Fanout     Cap    Slew   Delay    Time   Description
-----------------------------------------------------------------------------
                          0.00    0.00   clock CLK100MHZ (rise edge)
                          0.00    0.00   clock source latency
     1    0.02    0.00    0.00    0.00 ^ CLK100MHZ (in)
                                         CLK100MHZ (net)
                  0.00    0.00    0.00 ^ clkbuf_0_CLK100MHZ/A (sky130_fd_sc_hd__clkbuf_16)
     2    0.02    0.04    0.11    0.11 ^ clkbuf_0_CLK100MHZ/X (sky130_fd_sc_hd__clkbuf_16)
                                         clknet_0_CLK100MHZ (net)
                  0.04    0.00    0.11 ^ clkbuf_1_1__f_CLK100MHZ/A (sky130_fd_sc_hd__clkbuf_16)
    13    0.06    0.08    0.15    0.27 ^ clkbuf_1_1__f_CLK100MHZ/X (sky130_fd_sc_hd__clkbuf_16)
                                         clknet_1_1__leaf_CLK100MHZ (net)
                  0.08    0.00    0.27 ^ _438_/CLK (sky130_fd_sc_hd__dfxtp_1)
     3    0.03    0.26    0.47    0.74 ^ _438_/Q (sky130_fd_sc_hd__dfxtp_1)
                                         rf.regs[25][1] (net)
                  0.26    0.00    0.74 ^ _367_/A0 (sky130_fd_sc_hd__mux2_1)
     1    0.01    0.12    0.24    0.98 ^ _367_/X (sky130_fd_sc_hd__mux2_1)
                                         _201_ (net)
                  0.12    0.00    0.98 ^ _368_/A (sky130_fd_sc_hd__clkbuf_1)
     1    0.01    0.14    0.17    1.15 ^ _368_/X (sky130_fd_sc_hd__clkbuf_1)
                                         _004_ (net)
                  0.14    0.00    1.15 ^ _438_/D (sky130_fd_sc_hd__dfxtp_1)
                                  1.15   data arrival time

                          0.00    0.00   clock CLK100MHZ (rise edge)
                          0.00    0.00   clock source latency
     1    0.02    0.00    0.00    0.00 ^ CLK100MHZ (in)
                                         CLK100MHZ (net)
                  0.00    0.00    0.00 ^ clkbuf_0_CLK100MHZ/A (sky130_fd_sc_hd__clkbuf_16)
     2    0.02    0.04    0.11    0.11 ^ clkbuf_0_CLK100MHZ/X (sky130_fd_sc_hd__clkbuf_16)
                                         clknet_0_CLK100MHZ (net)
                  0.04    0.00    0.11 ^ clkbuf_1_1__f_CLK100MHZ/A (sky130_fd_sc_hd__clkbuf_16)
    13    0.06    0.08    0.15    0.27 ^ clkbuf_1_1__f_CLK100MHZ/X (sky130_fd_sc_hd__clkbuf_16)
                                         clknet_1_1__leaf_CLK100MHZ (net)
                  0.08    0.00    0.27 ^ _438_/CLK (sky130_fd_sc_hd__dfxtp_1)
                          0.20    0.47   clock uncertainty
                          0.00    0.47   clock reconvergence pessimism
                         -0.05    0.42   library hold time
                                  0.42   data required time
-----------------------------------------------------------------------------
                                  0.42   data required time
                                 -1.15   data arrival time
-----------------------------------------------------------------------------
                                  0.73   slack (MET)


Startpoint: _443_ (rising edge-triggered flip-flop clocked by CLK100MHZ)
Endpoint: _443_ (rising edge-triggered flip-flop clocked by CLK100MHZ)
Path Group: CLK100MHZ
Path Type: min
Corner: Typical

Fanout     Cap    Slew   Delay    Time   Description
-----------------------------------------------------------------------------
                          0.00    0.00   clock CLK100MHZ (rise edge)
                          0.00    0.00   clock source latency
     1    0.02    0.00    0.00    0.00 ^ CLK100MHZ (in)
                                         CLK100MHZ (net)
                  0.00    0.00    0.00 ^ clkbuf_0_CLK100MHZ/A (sky130_fd_sc_hd__clkbuf_16)
     2    0.02    0.04    0.11    0.11 ^ clkbuf_0_CLK100MHZ/X (sky130_fd_sc_hd__clkbuf_16)
                                         clknet_0_CLK100MHZ (net)
                  0.04    0.00    0.11 ^ clkbuf_1_0__f_CLK100MHZ/A (sky130_fd_sc_hd__clkbuf_16)
    16    0.06    0.08    0.16    0.27 ^ clkbuf_1_0__f_CLK100MHZ/X (sky130_fd_sc_hd__clkbuf_16)
                                         clknet_1_0__leaf_CLK100MHZ (net)
                  0.08    0.00    0.27 ^ _443_/CLK (sky130_fd_sc_hd__dfxtp_1)
     2    0.02    0.17    0.41    0.68 ^ _443_/Q (sky130_fd_sc_hd__dfxtp_1)
                                         rf.regs[15][1] (net)
                  0.17    0.00    0.68 ^ _389_/A0 (sky130_fd_sc_hd__mux2_1)
     1    0.01    0.09    0.20    0.88 ^ _389_/X (sky130_fd_sc_hd__mux2_1)
                                         _034_ (net)
                  0.09    0.00    0.88 ^ _390_/A (sky130_fd_sc_hd__buf_1)
     1    0.02    0.29    0.27    1.14 ^ _390_/X (sky130_fd_sc_hd__buf_1)
                                         _009_ (net)
                  0.29    0.00    1.14 ^ _443_/D (sky130_fd_sc_hd__dfxtp_1)
                                  1.14   data arrival time

                          0.00    0.00   clock CLK100MHZ (rise edge)
                          0.00    0.00   clock source latency
     1    0.02    0.00    0.00    0.00 ^ CLK100MHZ (in)
                                         CLK100MHZ (net)
                  0.00    0.00    0.00 ^ clkbuf_0_CLK100MHZ/A (sky130_fd_sc_hd__clkbuf_16)
     2    0.02    0.04    0.11    0.11 ^ clkbuf_0_CLK100MHZ/X (sky130_fd_sc_hd__clkbuf_16)
                                         clknet_0_CLK100MHZ (net)
                  0.04    0.00    0.11 ^ clkbuf_1_0__f_CLK100MHZ/A (sky130_fd_sc_hd__clkbuf_16)
    16    0.06    0.08    0.16    0.27 ^ clkbuf_1_0__f_CLK100MHZ/X (sky130_fd_sc_hd__clkbuf_16)
                                         clknet_1_0__leaf_CLK100MHZ (net)
                  0.08    0.00    0.27 ^ _443_/CLK (sky130_fd_sc_hd__dfxtp_1)
                          0.20    0.47   clock uncertainty
                          0.00    0.47   clock reconvergence pessimism
                         -0.08    0.39   library hold time
                                  0.39   data required time
-----------------------------------------------------------------------------
                                  0.39   data required time
                                 -1.14   data arrival time
-----------------------------------------------------------------------------
                                  0.75   slack (MET)


Startpoint: _441_ (rising edge-triggered flip-flop clocked by CLK100MHZ)
Endpoint: _441_ (rising edge-triggered flip-flop clocked by CLK100MHZ)
Path Group: CLK100MHZ
Path Type: min
Corner: Typical

Fanout     Cap    Slew   Delay    Time   Description
-----------------------------------------------------------------------------
                          0.00    0.00   clock CLK100MHZ (rise edge)
                          0.00    0.00   clock source latency
     1    0.02    0.00    0.00    0.00 ^ CLK100MHZ (in)
                                         CLK100MHZ (net)
                  0.00    0.00    0.00 ^ clkbuf_0_CLK100MHZ/A (sky130_fd_sc_hd__clkbuf_16)
     2    0.02    0.04    0.11    0.11 ^ clkbuf_0_CLK100MHZ/X (sky130_fd_sc_hd__clkbuf_16)
                                         clknet_0_CLK100MHZ (net)
                  0.04    0.00    0.11 ^ clkbuf_1_0__f_CLK100MHZ/A (sky130_fd_sc_hd__clkbuf_16)
    16    0.06    0.08    0.16    0.27 ^ clkbuf_1_0__f_CLK100MHZ/X (sky130_fd_sc_hd__clkbuf_16)
                                         clknet_1_0__leaf_CLK100MHZ (net)
                  0.08    0.00    0.27 ^ _441_/CLK (sky130_fd_sc_hd__dfxtp_1)
     2    0.03    0.29    0.49    0.76 ^ _441_/Q (sky130_fd_sc_hd__dfxtp_1)
                                         rf.regs[25][4] (net)
                  0.29    0.00    0.76 ^ _383_/A0 (sky130_fd_sc_hd__mux2_1)
     1    0.01    0.13    0.25    1.02 ^ _383_/X (sky130_fd_sc_hd__mux2_1)
                                         _214_ (net)
                  0.13    0.00    1.02 ^ _384_/A (sky130_fd_sc_hd__buf_1)
     1    0.02    0.21    0.22    1.24 ^ _384_/X (sky130_fd_sc_hd__buf_1)
                                         _007_ (net)
                  0.21    0.00    1.24 ^ _441_/D (sky130_fd_sc_hd__dfxtp_1)
                                  1.24   data arrival time

                          0.00    0.00   clock CLK100MHZ (rise edge)
                          0.00    0.00   clock source latency
     1    0.02    0.00    0.00    0.00 ^ CLK100MHZ (in)
                                         CLK100MHZ (net)
                  0.00    0.00    0.00 ^ clkbuf_0_CLK100MHZ/A (sky130_fd_sc_hd__clkbuf_16)
     2    0.02    0.04    0.11    0.11 ^ clkbuf_0_CLK100MHZ/X (sky130_fd_sc_hd__clkbuf_16)
                                         clknet_0_CLK100MHZ (net)
                  0.04    0.00    0.11 ^ clkbuf_1_0__f_CLK100MHZ/A (sky130_fd_sc_hd__clkbuf_16)
    16    0.06    0.08    0.16    0.27 ^ clkbuf_1_0__f_CLK100MHZ/X (sky130_fd_sc_hd__clkbuf_16)
                                         clknet_1_0__leaf_CLK100MHZ (net)
                  0.08    0.00    0.27 ^ _441_/CLK (sky130_fd_sc_hd__dfxtp_1)
                          0.20    0.47   clock uncertainty
                          0.00    0.47   clock reconvergence pessimism
                         -0.06    0.41   library hold time
                                  0.41   data required time
-----------------------------------------------------------------------------
                                  0.41   data required time
                                 -1.24   data arrival time
-----------------------------------------------------------------------------
                                  0.83   slack (MET)


Startpoint: _449_ (rising edge-triggered flip-flop clocked by CLK100MHZ)
Endpoint: _449_ (rising edge-triggered flip-flop clocked by CLK100MHZ)
Path Group: CLK100MHZ
Path Type: min
Corner: Typical

Fanout     Cap    Slew   Delay    Time   Description
-----------------------------------------------------------------------------
                          0.00    0.00   clock CLK100MHZ (rise edge)
                          0.00    0.00   clock source latency
     1    0.02    0.00    0.00    0.00 ^ CLK100MHZ (in)
                                         CLK100MHZ (net)
                  0.00    0.00    0.00 ^ clkbuf_0_CLK100MHZ/A (sky130_fd_sc_hd__clkbuf_16)
     2    0.02    0.04    0.11    0.11 ^ clkbuf_0_CLK100MHZ/X (sky130_fd_sc_hd__clkbuf_16)
                                         clknet_0_CLK100MHZ (net)
                  0.04    0.00    0.11 ^ clkbuf_1_0__f_CLK100MHZ/A (sky130_fd_sc_hd__clkbuf_16)
    16    0.06    0.08    0.16    0.27 ^ clkbuf_1_0__f_CLK100MHZ/X (sky130_fd_sc_hd__clkbuf_16)
                                         clknet_1_0__leaf_CLK100MHZ (net)
                  0.08    0.00    0.27 ^ _449_/CLK (sky130_fd_sc_hd__dfxtp_1)
     2    0.03    0.28    0.48    0.75 ^ _449_/Q (sky130_fd_sc_hd__dfxtp_1)
                                         rf.regs[10][2] (net)
                  0.28    0.00    0.75 ^ _404_/A1 (sky130_fd_sc_hd__mux2_1)
     1    0.02    0.15    0.26    1.02 ^ _404_/X (sky130_fd_sc_hd__mux2_1)
                                         _043_ (net)
                  0.15    0.00    1.02 ^ _405_/A (sky130_fd_sc_hd__buf_1)
     1    0.02    0.22    0.23    1.25 ^ _405_/X (sky130_fd_sc_hd__buf_1)
                                         _015_ (net)
                  0.22    0.00    1.25 ^ _449_/D (sky130_fd_sc_hd__dfxtp_1)
                                  1.25   data arrival time

                          0.00    0.00   clock CLK100MHZ (rise edge)
                          0.00    0.00   clock source latency
     1    0.02    0.00    0.00    0.00 ^ CLK100MHZ (in)
                                         CLK100MHZ (net)
                  0.00    0.00    0.00 ^ clkbuf_0_CLK100MHZ/A (sky130_fd_sc_hd__clkbuf_16)
     2    0.02    0.04    0.11    0.11 ^ clkbuf_0_CLK100MHZ/X (sky130_fd_sc_hd__clkbuf_16)
                                         clknet_0_CLK100MHZ (net)
                  0.04    0.00    0.11 ^ clkbuf_1_0__f_CLK100MHZ/A (sky130_fd_sc_hd__clkbuf_16)
    16    0.06    0.08    0.16    0.27 ^ clkbuf_1_0__f_CLK100MHZ/X (sky130_fd_sc_hd__clkbuf_16)
                                         clknet_1_0__leaf_CLK100MHZ (net)
                  0.08    0.00    0.27 ^ _449_/CLK (sky130_fd_sc_hd__dfxtp_1)
                          0.20    0.47   clock uncertainty
                          0.00    0.47   clock reconvergence pessimism
                         -0.06    0.41   library hold time
                                  0.41   data required time
-----------------------------------------------------------------------------
                                  0.41   data required time
                                 -1.25   data arrival time
-----------------------------------------------------------------------------
                                  0.84   slack (MET)


Startpoint: _445_ (rising edge-triggered flip-flop clocked by CLK100MHZ)
Endpoint: _445_ (rising edge-triggered flip-flop clocked by CLK100MHZ)
Path Group: CLK100MHZ
Path Type: min
Corner: Typical

Fanout     Cap    Slew   Delay    Time   Description
-----------------------------------------------------------------------------
                          0.00    0.00   clock CLK100MHZ (rise edge)
                          0.00    0.00   clock source latency
     1    0.02    0.00    0.00    0.00 ^ CLK100MHZ (in)
                                         CLK100MHZ (net)
                  0.00    0.00    0.00 ^ clkbuf_0_CLK100MHZ/A (sky130_fd_sc_hd__clkbuf_16)
     2    0.02    0.04    0.11    0.11 ^ clkbuf_0_CLK100MHZ/X (sky130_fd_sc_hd__clkbuf_16)
                                         clknet_0_CLK100MHZ (net)
                  0.04    0.00    0.11 ^ clkbuf_1_1__f_CLK100MHZ/A (sky130_fd_sc_hd__clkbuf_16)
    13    0.06    0.08    0.15    0.27 ^ clkbuf_1_1__f_CLK100MHZ/X (sky130_fd_sc_hd__clkbuf_16)
                                         clknet_1_1__leaf_CLK100MHZ (net)
                  0.08    0.00    0.27 ^ _445_/CLK (sky130_fd_sc_hd__dfxtp_1)
     2    0.02    0.09    0.36    0.63 v _445_/Q (sky130_fd_sc_hd__dfxtp_1)
                                         rf.regs[15][3] (net)
                  0.09    0.00    0.63 v _393_/A0 (sky130_fd_sc_hd__mux2_1)
     1    0.01    0.10    0.35    0.98 v _393_/X (sky130_fd_sc_hd__mux2_1)
                                         _036_ (net)
                  0.10    0.00    0.98 v _394_/A (sky130_fd_sc_hd__buf_1)
     1    0.03    0.19    0.24    1.22 v _394_/X (sky130_fd_sc_hd__buf_1)
                                         _011_ (net)
                  0.19    0.00    1.22 v _445_/D (sky130_fd_sc_hd__dfxtp_1)
                                  1.22   data arrival time

                          0.00    0.00   clock CLK100MHZ (rise edge)
                          0.00    0.00   clock source latency
     1    0.02    0.00    0.00    0.00 ^ CLK100MHZ (in)
                                         CLK100MHZ (net)
                  0.00    0.00    0.00 ^ clkbuf_0_CLK100MHZ/A (sky130_fd_sc_hd__clkbuf_16)
     2    0.02    0.04    0.11    0.11 ^ clkbuf_0_CLK100MHZ/X (sky130_fd_sc_hd__clkbuf_16)
                                         clknet_0_CLK100MHZ (net)
                  0.04    0.00    0.11 ^ clkbuf_1_1__f_CLK100MHZ/A (sky130_fd_sc_hd__clkbuf_16)
    13    0.06    0.08    0.15    0.27 ^ clkbuf_1_1__f_CLK100MHZ/X (sky130_fd_sc_hd__clkbuf_16)
                                         clknet_1_1__leaf_CLK100MHZ (net)
                  0.08    0.00    0.27 ^ _445_/CLK (sky130_fd_sc_hd__dfxtp_1)
                          0.20    0.47   clock uncertainty
                          0.00    0.47   clock reconvergence pessimism
                         -0.11    0.36   library hold time
                                  0.36   data required time
-----------------------------------------------------------------------------
                                  0.36   data required time
                                 -1.22   data arrival time
-----------------------------------------------------------------------------
                                  0.86   slack (MET)


Startpoint: _440_ (rising edge-triggered flip-flop clocked by CLK100MHZ)
Endpoint: _440_ (rising edge-triggered flip-flop clocked by CLK100MHZ)
Path Group: CLK100MHZ
Path Type: min
Corner: Typical

Fanout     Cap    Slew   Delay    Time   Description
-----------------------------------------------------------------------------
                          0.00    0.00   clock CLK100MHZ (rise edge)
                          0.00    0.00   clock source latency
     1    0.02    0.00    0.00    0.00 ^ CLK100MHZ (in)
                                         CLK100MHZ (net)
                  0.00    0.00    0.00 ^ clkbuf_0_CLK100MHZ/A (sky130_fd_sc_hd__clkbuf_16)
     2    0.02    0.04    0.11    0.11 ^ clkbuf_0_CLK100MHZ/X (sky130_fd_sc_hd__clkbuf_16)
                                         clknet_0_CLK100MHZ (net)
                  0.04    0.00    0.11 ^ clkbuf_1_0__f_CLK100MHZ/A (sky130_fd_sc_hd__clkbuf_16)
    16    0.06    0.08    0.16    0.27 ^ clkbuf_1_0__f_CLK100MHZ/X (sky130_fd_sc_hd__clkbuf_16)
                                         clknet_1_0__leaf_CLK100MHZ (net)
                  0.08    0.00    0.27 ^ _440_/CLK (sky130_fd_sc_hd__dfxtp_1)
     2    0.03    0.12    0.39    0.66 v _440_/Q (sky130_fd_sc_hd__dfxtp_1)
                                         rf.regs[25][3] (net)
                  0.12    0.00    0.66 v _371_/A0 (sky130_fd_sc_hd__mux2_1)
     1    0.02    0.12    0.39    1.05 v _371_/X (sky130_fd_sc_hd__mux2_1)
                                         _203_ (net)
                  0.12    0.00    1.05 v _372_/A (sky130_fd_sc_hd__buf_1)
     1    0.02    0.14    0.21    1.26 v _372_/X (sky130_fd_sc_hd__buf_1)
                                         _006_ (net)
                  0.14    0.00    1.26 v _440_/D (sky130_fd_sc_hd__dfxtp_1)
                                  1.26   data arrival time

                          0.00    0.00   clock CLK100MHZ (rise edge)
                          0.00    0.00   clock source latency
     1    0.02    0.00    0.00    0.00 ^ CLK100MHZ (in)
                                         CLK100MHZ (net)
                  0.00    0.00    0.00 ^ clkbuf_0_CLK100MHZ/A (sky130_fd_sc_hd__clkbuf_16)
     2    0.02    0.04    0.11    0.11 ^ clkbuf_0_CLK100MHZ/X (sky130_fd_sc_hd__clkbuf_16)
                                         clknet_0_CLK100MHZ (net)
                  0.04    0.00    0.11 ^ clkbuf_1_0__f_CLK100MHZ/A (sky130_fd_sc_hd__clkbuf_16)
    16    0.06    0.08    0.16    0.27 ^ clkbuf_1_0__f_CLK100MHZ/X (sky130_fd_sc_hd__clkbuf_16)
                                         clknet_1_0__leaf_CLK100MHZ (net)
                  0.08    0.00    0.27 ^ _440_/CLK (sky130_fd_sc_hd__dfxtp_1)
                          0.20    0.47   clock uncertainty
                          0.00    0.47   clock reconvergence pessimism
                         -0.08    0.39   library hold time
                                  0.39   data required time
-----------------------------------------------------------------------------
                                  0.39   data required time
                                 -1.26   data arrival time
-----------------------------------------------------------------------------
                                  0.87   slack (MET)


Startpoint: _447_ (rising edge-triggered flip-flop clocked by CLK100MHZ)
Endpoint: _447_ (rising edge-triggered flip-flop clocked by CLK100MHZ)
Path Group: CLK100MHZ
Path Type: min
Corner: Typical

Fanout     Cap    Slew   Delay    Time   Description
-----------------------------------------------------------------------------
                          0.00    0.00   clock CLK100MHZ (rise edge)
                          0.00    0.00   clock source latency
     1    0.02    0.00    0.00    0.00 ^ CLK100MHZ (in)
                                         CLK100MHZ (net)
                  0.00    0.00    0.00 ^ clkbuf_0_CLK100MHZ/A (sky130_fd_sc_hd__clkbuf_16)
     2    0.02    0.04    0.11    0.11 ^ clkbuf_0_CLK100MHZ/X (sky130_fd_sc_hd__clkbuf_16)
                                         clknet_0_CLK100MHZ (net)
                  0.04    0.00    0.11 ^ clkbuf_1_1__f_CLK100MHZ/A (sky130_fd_sc_hd__clkbuf_16)
    13    0.06    0.08    0.15    0.27 ^ clkbuf_1_1__f_CLK100MHZ/X (sky130_fd_sc_hd__clkbuf_16)
                                         clknet_1_1__leaf_CLK100MHZ (net)
                  0.08    0.00    0.27 ^ _447_/CLK (sky130_fd_sc_hd__dfxtp_1)
     3    0.03    0.31    0.50    0.77 ^ _447_/Q (sky130_fd_sc_hd__dfxtp_1)
                                         rf.regs[10][0] (net)
                  0.31    0.00    0.77 ^ _400_/A1 (sky130_fd_sc_hd__mux2_1)
     1    0.02    0.16    0.28    1.05 ^ _400_/X (sky130_fd_sc_hd__mux2_1)
                                         _041_ (net)
                  0.16    0.00    1.05 ^ _401_/A (sky130_fd_sc_hd__buf_1)
     1    0.02    0.21    0.23    1.28 ^ _401_/X (sky130_fd_sc_hd__buf_1)
                                         _013_ (net)
                  0.21    0.00    1.28 ^ _447_/D (sky130_fd_sc_hd__dfxtp_1)
                                  1.28   data arrival time

                          0.00    0.00   clock CLK100MHZ (rise edge)
                          0.00    0.00   clock source latency
     1    0.02    0.00    0.00    0.00 ^ CLK100MHZ (in)
                                         CLK100MHZ (net)
                  0.00    0.00    0.00 ^ clkbuf_0_CLK100MHZ/A (sky130_fd_sc_hd__clkbuf_16)
     2    0.02    0.04    0.11    0.11 ^ clkbuf_0_CLK100MHZ/X (sky130_fd_sc_hd__clkbuf_16)
                                         clknet_0_CLK100MHZ (net)
                  0.04    0.00    0.11 ^ clkbuf_1_1__f_CLK100MHZ/A (sky130_fd_sc_hd__clkbuf_16)
    13    0.06    0.08    0.15    0.27 ^ clkbuf_1_1__f_CLK100MHZ/X (sky130_fd_sc_hd__clkbuf_16)
                                         clknet_1_1__leaf_CLK100MHZ (net)
                  0.08    0.00    0.27 ^ _447_/CLK (sky130_fd_sc_hd__dfxtp_1)
                          0.20    0.47   clock uncertainty
                          0.00    0.47   clock reconvergence pessimism
                         -0.06    0.40   library hold time
                                  0.40   data required time
-----------------------------------------------------------------------------
                                  0.40   data required time
                                 -1.28   data arrival time
-----------------------------------------------------------------------------
                                  0.87   slack (MET)


Startpoint: _461_ (rising edge-triggered flip-flop clocked by CLK100MHZ)
Endpoint: _461_ (rising edge-triggered flip-flop clocked by CLK100MHZ)
Path Group: CLK100MHZ
Path Type: min
Corner: Typical

Fanout     Cap    Slew   Delay    Time   Description
-----------------------------------------------------------------------------
                          0.00    0.00   clock CLK100MHZ (rise edge)
                          0.00    0.00   clock source latency
     1    0.02    0.00    0.00    0.00 ^ CLK100MHZ (in)
                                         CLK100MHZ (net)
                  0.00    0.00    0.00 ^ clkbuf_0_CLK100MHZ/A (sky130_fd_sc_hd__clkbuf_16)
     2    0.02    0.04    0.11    0.11 ^ clkbuf_0_CLK100MHZ/X (sky130_fd_sc_hd__clkbuf_16)
                                         clknet_0_CLK100MHZ (net)
                  0.04    0.00    0.11 ^ clkbuf_1_0__f_CLK100MHZ/A (sky130_fd_sc_hd__clkbuf_16)
    16    0.06    0.08    0.16    0.27 ^ clkbuf_1_0__f_CLK100MHZ/X (sky130_fd_sc_hd__clkbuf_16)
                                         clknet_1_0__leaf_CLK100MHZ (net)
                  0.08    0.00    0.27 ^ _461_/CLK (sky130_fd_sc_hd__dfxtp_1)
     3    0.03    0.14    0.40    0.67 v _461_/Q (sky130_fd_sc_hd__dfxtp_1)
                                         rf.regs[5][4] (net)
                  0.14    0.00    0.67 v _432_/A0 (sky130_fd_sc_hd__mux2_1)
     1    0.02    0.13    0.41    1.08 v _432_/X (sky130_fd_sc_hd__mux2_1)
                                         _059_ (net)
                  0.13    0.00    1.08 v _433_/A (sky130_fd_sc_hd__buf_1)
     1    0.02    0.11    0.19    1.27 v _433_/X (sky130_fd_sc_hd__buf_1)
                                         _027_ (net)
                  0.11    0.00    1.27 v _461_/D (sky130_fd_sc_hd__dfxtp_1)
                                  1.27   data arrival time

                          0.00    0.00   clock CLK100MHZ (rise edge)
                          0.00    0.00   clock source latency
     1    0.02    0.00    0.00    0.00 ^ CLK100MHZ (in)
                                         CLK100MHZ (net)
                  0.00    0.00    0.00 ^ clkbuf_0_CLK100MHZ/A (sky130_fd_sc_hd__clkbuf_16)
     2    0.02    0.04    0.11    0.11 ^ clkbuf_0_CLK100MHZ/X (sky130_fd_sc_hd__clkbuf_16)
                                         clknet_0_CLK100MHZ (net)
                  0.04    0.00    0.11 ^ clkbuf_1_0__f_CLK100MHZ/A (sky130_fd_sc_hd__clkbuf_16)
    16    0.06    0.08    0.16    0.27 ^ clkbuf_1_0__f_CLK100MHZ/X (sky130_fd_sc_hd__clkbuf_16)
                                         clknet_1_0__leaf_CLK100MHZ (net)
                  0.08    0.00    0.27 ^ _461_/CLK (sky130_fd_sc_hd__dfxtp_1)
                          0.20    0.47   clock uncertainty
                          0.00    0.47   clock reconvergence pessimism
                         -0.07    0.40   library hold time
                                  0.40   data required time
-----------------------------------------------------------------------------
                                  0.40   data required time
                                 -1.27   data arrival time
-----------------------------------------------------------------------------
                                  0.88   slack (MET)


Startpoint: _463_ (rising edge-triggered flip-flop clocked by CLK100MHZ)
Endpoint: _463_ (rising edge-triggered flip-flop clocked by CLK100MHZ)
Path Group: CLK100MHZ
Path Type: min
Corner: Typical

Fanout     Cap    Slew   Delay    Time   Description
-----------------------------------------------------------------------------
                          0.00    0.00   clock CLK100MHZ (rise edge)
                          0.00    0.00   clock source latency
     1    0.02    0.00    0.00    0.00 ^ CLK100MHZ (in)
                                         CLK100MHZ (net)
                  0.00    0.00    0.00 ^ clkbuf_0_CLK100MHZ/A (sky130_fd_sc_hd__clkbuf_16)
     2    0.02    0.04    0.11    0.11 ^ clkbuf_0_CLK100MHZ/X (sky130_fd_sc_hd__clkbuf_16)
                                         clknet_0_CLK100MHZ (net)
                  0.04    0.00    0.11 ^ clkbuf_1_0__f_CLK100MHZ/A (sky130_fd_sc_hd__clkbuf_16)
    16    0.06    0.08    0.16    0.27 ^ clkbuf_1_0__f_CLK100MHZ/X (sky130_fd_sc_hd__clkbuf_16)
                                         clknet_1_0__leaf_CLK100MHZ (net)
                  0.08    0.00    0.27 ^ _463_/CLK (sky130_fd_sc_hd__dfrtp_4)
    10    0.06    0.13    0.57    0.84 v _463_/Q (sky130_fd_sc_hd__dfrtp_4)
                                         imem.address[1] (net)
                  0.13    0.00    0.85 v _220_/A (sky130_fd_sc_hd__clkbuf_4)
    10    0.08    0.15    0.28    1.12 v _220_/X (sky130_fd_sc_hd__clkbuf_4)
                                         _065_ (net)
                  0.15    0.00    1.13 v _225_/B1 (sky130_fd_sc_hd__a21oi_1)
     1    0.01    0.14    0.19    1.32 ^ _225_/Y (sky130_fd_sc_hd__a21oi_1)
                                         _069_ (net)
                  0.14    0.00    1.32 ^ _226_/B (sky130_fd_sc_hd__nor2_1)
     1    0.02    0.10    0.13    1.45 v _226_/Y (sky130_fd_sc_hd__nor2_1)
                                         _029_ (net)
                  0.10    0.00    1.45 v _463_/D (sky130_fd_sc_hd__dfrtp_4)
                                  1.45   data arrival time

                          0.00    0.00   clock CLK100MHZ (rise edge)
                          0.00    0.00   clock source latency
     1    0.02    0.00    0.00    0.00 ^ CLK100MHZ (in)
                                         CLK100MHZ (net)
                  0.00    0.00    0.00 ^ clkbuf_0_CLK100MHZ/A (sky130_fd_sc_hd__clkbuf_16)
     2    0.02    0.04    0.11    0.11 ^ clkbuf_0_CLK100MHZ/X (sky130_fd_sc_hd__clkbuf_16)
                                         clknet_0_CLK100MHZ (net)
                  0.04    0.00    0.11 ^ clkbuf_1_0__f_CLK100MHZ/A (sky130_fd_sc_hd__clkbuf_16)
    16    0.06    0.08    0.16    0.27 ^ clkbuf_1_0__f_CLK100MHZ/X (sky130_fd_sc_hd__clkbuf_16)
                                         clknet_1_0__leaf_CLK100MHZ (net)
                  0.08    0.00    0.27 ^ _463_/CLK (sky130_fd_sc_hd__dfrtp_4)
                          0.20    0.47   clock uncertainty
                          0.00    0.47   clock reconvergence pessimism
                         -0.06    0.41   library hold time
                                  0.41   data required time
-----------------------------------------------------------------------------
                                  0.41   data required time
                                 -1.45   data arrival time
-----------------------------------------------------------------------------
                                  1.04   slack (MET)


Startpoint: _462_ (rising edge-triggered flip-flop clocked by CLK100MHZ)
Endpoint: _462_ (rising edge-triggered flip-flop clocked by CLK100MHZ)
Path Group: CLK100MHZ
Path Type: min
Corner: Typical

Fanout     Cap    Slew   Delay    Time   Description
-----------------------------------------------------------------------------
                          0.00    0.00   clock CLK100MHZ (rise edge)
                          0.00    0.00   clock source latency
     1    0.02    0.00    0.00    0.00 ^ CLK100MHZ (in)
                                         CLK100MHZ (net)
                  0.00    0.00    0.00 ^ clkbuf_0_CLK100MHZ/A (sky130_fd_sc_hd__clkbuf_16)
     2    0.02    0.04    0.11    0.11 ^ clkbuf_0_CLK100MHZ/X (sky130_fd_sc_hd__clkbuf_16)
                                         clknet_0_CLK100MHZ (net)
                  0.04    0.00    0.11 ^ clkbuf_1_1__f_CLK100MHZ/A (sky130_fd_sc_hd__clkbuf_16)
    13    0.06    0.08    0.15    0.27 ^ clkbuf_1_1__f_CLK100MHZ/X (sky130_fd_sc_hd__clkbuf_16)
                                         clknet_1_1__leaf_CLK100MHZ (net)
                  0.08    0.00    0.27 ^ _462_/CLK (sky130_fd_sc_hd__dfrtp_2)
     4    0.04    0.12    0.49    0.76 v _462_/Q (sky130_fd_sc_hd__dfrtp_2)
                                         imem.address[0] (net)
                  0.12    0.00    0.76 v _221_/A (sky130_fd_sc_hd__clkbuf_4)
    10    0.06    0.13    0.26    1.02 v _221_/X (sky130_fd_sc_hd__clkbuf_4)
                                         _066_ (net)
                  0.13    0.00    1.02 v _222_/A (sky130_fd_sc_hd__clkbuf_4)
     9    0.06    0.12    0.25    1.27 v _222_/X (sky130_fd_sc_hd__clkbuf_4)
                                         _067_ (net)
                  0.12    0.01    1.27 v _227_/B (sky130_fd_sc_hd__xor2_1)
     1    0.02    0.10    0.23    1.50 v _227_/X (sky130_fd_sc_hd__xor2_1)
                                         _028_ (net)
                  0.10    0.00    1.50 v _462_/D (sky130_fd_sc_hd__dfrtp_2)
                                  1.50   data arrival time

                          0.00    0.00   clock CLK100MHZ (rise edge)
                          0.00    0.00   clock source latency
     1    0.02    0.00    0.00    0.00 ^ CLK100MHZ (in)
                                         CLK100MHZ (net)
                  0.00    0.00    0.00 ^ clkbuf_0_CLK100MHZ/A (sky130_fd_sc_hd__clkbuf_16)
     2    0.02    0.04    0.11    0.11 ^ clkbuf_0_CLK100MHZ/X (sky130_fd_sc_hd__clkbuf_16)
                                         clknet_0_CLK100MHZ (net)
                  0.04    0.00    0.11 ^ clkbuf_1_1__f_CLK100MHZ/A (sky130_fd_sc_hd__clkbuf_16)
    13    0.06    0.08    0.15    0.27 ^ clkbuf_1_1__f_CLK100MHZ/X (sky130_fd_sc_hd__clkbuf_16)
                                         clknet_1_1__leaf_CLK100MHZ (net)
                  0.08    0.00    0.27 ^ _462_/CLK (sky130_fd_sc_hd__dfrtp_2)
                          0.20    0.47   clock uncertainty
                          0.00    0.47   clock reconvergence pessimism
                         -0.06    0.41   library hold time
                                  0.41   data required time
-----------------------------------------------------------------------------
                                  0.41   data required time
                                 -1.50   data arrival time
-----------------------------------------------------------------------------
                                  1.09   slack (MET)


Startpoint: _463_ (rising edge-triggered flip-flop clocked by CLK100MHZ)
Endpoint: _464_ (rising edge-triggered flip-flop clocked by CLK100MHZ)
Path Group: CLK100MHZ
Path Type: min
Corner: Typical

Fanout     Cap    Slew   Delay    Time   Description
-----------------------------------------------------------------------------
                          0.00    0.00   clock CLK100MHZ (rise edge)
                          0.00    0.00   clock source latency
     1    0.02    0.00    0.00    0.00 ^ CLK100MHZ (in)
                                         CLK100MHZ (net)
                  0.00    0.00    0.00 ^ clkbuf_0_CLK100MHZ/A (sky130_fd_sc_hd__clkbuf_16)
     2    0.02    0.04    0.11    0.11 ^ clkbuf_0_CLK100MHZ/X (sky130_fd_sc_hd__clkbuf_16)
                                         clknet_0_CLK100MHZ (net)
                  0.04    0.00    0.11 ^ clkbuf_1_0__f_CLK100MHZ/A (sky130_fd_sc_hd__clkbuf_16)
    16    0.06    0.08    0.16    0.27 ^ clkbuf_1_0__f_CLK100MHZ/X (sky130_fd_sc_hd__clkbuf_16)
                                         clknet_1_0__leaf_CLK100MHZ (net)
                  0.08    0.00    0.27 ^ _463_/CLK (sky130_fd_sc_hd__dfrtp_4)
    10    0.06    0.13    0.57    0.84 v _463_/Q (sky130_fd_sc_hd__dfrtp_4)
                                         imem.address[1] (net)
                  0.13    0.00    0.85 v _220_/A (sky130_fd_sc_hd__clkbuf_4)
    10    0.08    0.15    0.28    1.12 v _220_/X (sky130_fd_sc_hd__clkbuf_4)
                                         _065_ (net)
                  0.15    0.01    1.13 v _223_/B (sky130_fd_sc_hd__and3_1)
     2    0.03    0.15    0.32    1.45 v _223_/X (sky130_fd_sc_hd__and3_1)
                                         _068_ (net)
                  0.15    0.00    1.45 v _224_/B (sky130_fd_sc_hd__xor2_1)
     1    0.00    0.09    0.16    1.61 ^ _224_/X (sky130_fd_sc_hd__xor2_1)
                                         _030_ (net)
                  0.09    0.00    1.61 ^ _464_/D (sky130_fd_sc_hd__dfrtp_1)
                                  1.61   data arrival time

                          0.00    0.00   clock CLK100MHZ (rise edge)
                          0.00    0.00   clock source latency
     1    0.02    0.00    0.00    0.00 ^ CLK100MHZ (in)
                                         CLK100MHZ (net)
                  0.00    0.00    0.00 ^ clkbuf_0_CLK100MHZ/A (sky130_fd_sc_hd__clkbuf_16)
     2    0.02    0.04    0.11    0.11 ^ clkbuf_0_CLK100MHZ/X (sky130_fd_sc_hd__clkbuf_16)
                                         clknet_0_CLK100MHZ (net)
                  0.04    0.00    0.11 ^ clkbuf_1_0__f_CLK100MHZ/A (sky130_fd_sc_hd__clkbuf_16)
    16    0.06    0.08    0.16    0.27 ^ clkbuf_1_0__f_CLK100MHZ/X (sky130_fd_sc_hd__clkbuf_16)
                                         clknet_1_0__leaf_CLK100MHZ (net)
                  0.08    0.00    0.27 ^ _464_/CLK (sky130_fd_sc_hd__dfrtp_1)
                          0.20    0.47   clock uncertainty
                          0.00    0.47   clock reconvergence pessimism
                         -0.04    0.43   library hold time
                                  0.43   data required time
-----------------------------------------------------------------------------
                                  0.43   data required time
                                 -1.61   data arrival time
-----------------------------------------------------------------------------
                                  1.17   slack (MET)



worst slack corner Typical: 0.5049
