
===========================================================================
report_checks -path_delay max (Setup)
============================================================================
======================= Fastest Corner ===================================

Startpoint: _464_ (rising edge-triggered flip-flop clocked by CLK100MHZ)
Endpoint: _461_ (rising edge-triggered flip-flop clocked by CLK100MHZ)
Path Group: CLK100MHZ
Path Type: max
Corner: Fastest

Fanout     Cap    Slew   Delay    Time   Description
-----------------------------------------------------------------------------
                          0.00    0.00   clock CLK100MHZ (rise edge)
                          0.00    0.00   clock source latency
     1    0.02    0.00    0.00    0.00 ^ CLK100MHZ (in)
                                         CLK100MHZ (net)
                  0.00    0.00    0.00 ^ clkbuf_0_CLK100MHZ/A (sky130_fd_sc_hd__clkbuf_16)
     2    0.02    0.03    0.08    0.08 ^ clkbuf_0_CLK100MHZ/X (sky130_fd_sc_hd__clkbuf_16)
                                         clknet_0_CLK100MHZ (net)
                  0.03    0.00    0.08 ^ clkbuf_1_0__f_CLK100MHZ/A (sky130_fd_sc_hd__clkbuf_16)
    16    0.06    0.06    0.11    0.19 ^ clkbuf_1_0__f_CLK100MHZ/X (sky130_fd_sc_hd__clkbuf_16)
                                         clknet_1_0__leaf_CLK100MHZ (net)
                  0.06    0.00    0.19 ^ _464_/CLK (sky130_fd_sc_hd__dfrtp_1)
     3    0.03    0.17    0.31    0.50 ^ _464_/Q (sky130_fd_sc_hd__dfrtp_1)
                                         imem.address[2] (net)
                  0.17    0.00    0.50 ^ _215_/A (sky130_fd_sc_hd__clkbuf_4)
    10    0.06    0.14    0.20    0.70 ^ _215_/X (sky130_fd_sc_hd__clkbuf_4)
                                         _060_ (net)
                  0.14    0.00    0.70 ^ _216_/A (sky130_fd_sc_hd__clkbuf_2)
     5    0.04    0.18    0.19    0.89 ^ _216_/X (sky130_fd_sc_hd__clkbuf_2)
                                         _061_ (net)
                  0.18    0.00    0.90 ^ _246_/A_N (sky130_fd_sc_hd__and3b_1)
     1    0.01    0.05    0.14    1.04 v _246_/X (sky130_fd_sc_hd__and3b_1)
                                         _088_ (net)
                  0.05    0.00    1.04 v _247_/A (sky130_fd_sc_hd__buf_2)
     7    0.06    0.10    0.15    1.19 v _247_/X (sky130_fd_sc_hd__buf_2)
                                         _089_ (net)
                  0.10    0.00    1.19 v _248_/B (sky130_fd_sc_hd__or2_1)
     1    0.01    0.05    0.16    1.36 v _248_/X (sky130_fd_sc_hd__or2_1)
                                         _090_ (net)
                  0.05    0.00    1.36 v _249_/A (sky130_fd_sc_hd__clkbuf_2)
     5    0.04    0.11    0.15    1.50 v _249_/X (sky130_fd_sc_hd__clkbuf_2)
                                         _091_ (net)
                  0.11    0.00    1.51 v _266_/A2 (sky130_fd_sc_hd__a21o_1)
     2    0.02    0.07    0.18    1.69 v _266_/X (sky130_fd_sc_hd__a21o_1)
                                         _108_ (net)
                  0.07    0.00    1.69 v _268_/B (sky130_fd_sc_hd__or3_2)
     2    0.02    0.09    0.32    2.00 v _268_/X (sky130_fd_sc_hd__or3_2)
                                         _110_ (net)
                  0.09    0.00    2.00 v _312_/A2 (sky130_fd_sc_hd__a21oi_2)
     3    0.02    0.21    0.21    2.21 ^ _312_/Y (sky130_fd_sc_hd__a21oi_2)
                                         _154_ (net)
                  0.21    0.00    2.21 ^ _319_/A2 (sky130_fd_sc_hd__o21ai_2)
     3    0.03    0.10    0.10    2.31 v _319_/Y (sky130_fd_sc_hd__o21ai_2)
                                         _161_ (net)
                  0.10    0.00    2.31 v _373_/A1 (sky130_fd_sc_hd__a21oi_2)
     3    0.04    0.34    0.31    2.62 ^ _373_/Y (sky130_fd_sc_hd__a21oi_2)
                                         _204_ (net)
                  0.34    0.00    2.62 ^ _380_/A_N (sky130_fd_sc_hd__and2b_1)
     1    0.01    0.06    0.15    2.78 v _380_/X (sky130_fd_sc_hd__and2b_1)
                                         _211_ (net)
                  0.06    0.00    2.78 v _382_/A (sky130_fd_sc_hd__nor2_1)
     4    0.03    0.41    0.33    3.11 ^ _382_/Y (sky130_fd_sc_hd__nor2_1)
                                         _213_ (net)
                  0.41    0.00    3.11 ^ _432_/A1 (sky130_fd_sc_hd__mux2_1)
     1    0.02    0.14    0.19    3.30 ^ _432_/X (sky130_fd_sc_hd__mux2_1)
                                         _059_ (net)
                  0.14    0.00    3.30 ^ _433_/A (sky130_fd_sc_hd__buf_1)
     1    0.02    0.16    0.15    3.45 ^ _433_/X (sky130_fd_sc_hd__buf_1)
                                         _027_ (net)
                  0.16    0.00    3.45 ^ _461_/D (sky130_fd_sc_hd__dfxtp_1)
                                  3.45   data arrival time

                         10.00   10.00   clock CLK100MHZ (rise edge)
                          0.00   10.00   clock source latency
     1    0.02    0.00    0.00   10.00 ^ CLK100MHZ (in)
                                         CLK100MHZ (net)
                  0.00    0.00   10.00 ^ clkbuf_0_CLK100MHZ/A (sky130_fd_sc_hd__clkbuf_16)
     2    0.02    0.03    0.08   10.08 ^ clkbuf_0_CLK100MHZ/X (sky130_fd_sc_hd__clkbuf_16)
                                         clknet_0_CLK100MHZ (net)
                  0.03    0.00   10.08 ^ clkbuf_1_0__f_CLK100MHZ/A (sky130_fd_sc_hd__clkbuf_16)
    16    0.06    0.06    0.11   10.19 ^ clkbuf_1_0__f_CLK100MHZ/X (sky130_fd_sc_hd__clkbuf_16)
                                         clknet_1_0__leaf_CLK100MHZ (net)
                  0.06    0.00   10.19 ^ _461_/CLK (sky130_fd_sc_hd__dfxtp_1)
                         -0.20    9.99   clock uncertainty
                          0.00    9.99   clock reconvergence pessimism
                         -0.04    9.95   library setup time
                                  9.95   data required time
-----------------------------------------------------------------------------
                                  9.95   data required time
                                 -3.45   data arrival time
-----------------------------------------------------------------------------
                                  6.50   slack (MET)


Startpoint: _464_ (rising edge-triggered flip-flop clocked by CLK100MHZ)
Endpoint: _441_ (rising edge-triggered flip-flop clocked by CLK100MHZ)
Path Group: CLK100MHZ
Path Type: max
Corner: Fastest

Fanout     Cap    Slew   Delay    Time   Description
-----------------------------------------------------------------------------
                          0.00    0.00   clock CLK100MHZ (rise edge)
                          0.00    0.00   clock source latency
     1    0.02    0.00    0.00    0.00 ^ CLK100MHZ (in)
                                         CLK100MHZ (net)
                  0.00    0.00    0.00 ^ clkbuf_0_CLK100MHZ/A (sky130_fd_sc_hd__clkbuf_16)
     2    0.02    0.03    0.08    0.08 ^ clkbuf_0_CLK100MHZ/X (sky130_fd_sc_hd__clkbuf_16)
                                         clknet_0_CLK100MHZ (net)
                  0.03    0.00    0.08 ^ clkbuf_1_0__f_CLK100MHZ/A (sky130_fd_sc_hd__clkbuf_16)
    16    0.06    0.06    0.11    0.19 ^ clkbuf_1_0__f_CLK100MHZ/X (sky130_fd_sc_hd__clkbuf_16)
                                         clknet_1_0__leaf_CLK100MHZ (net)
                  0.06    0.00    0.19 ^ _464_/CLK (sky130_fd_sc_hd__dfrtp_1)
     3    0.03    0.17    0.31    0.50 ^ _464_/Q (sky130_fd_sc_hd__dfrtp_1)
                                         imem.address[2] (net)
                  0.17    0.00    0.50 ^ _215_/A (sky130_fd_sc_hd__clkbuf_4)
    10    0.06    0.14    0.20    0.70 ^ _215_/X (sky130_fd_sc_hd__clkbuf_4)
                                         _060_ (net)
                  0.14    0.00    0.70 ^ _216_/A (sky130_fd_sc_hd__clkbuf_2)
     5    0.04    0.18    0.19    0.89 ^ _216_/X (sky130_fd_sc_hd__clkbuf_2)
                                         _061_ (net)
                  0.18    0.00    0.90 ^ _246_/A_N (sky130_fd_sc_hd__and3b_1)
     1    0.01    0.05    0.14    1.04 v _246_/X (sky130_fd_sc_hd__and3b_1)
                                         _088_ (net)
                  0.05    0.00    1.04 v _247_/A (sky130_fd_sc_hd__buf_2)
     7    0.06    0.10    0.15    1.19 v _247_/X (sky130_fd_sc_hd__buf_2)
                                         _089_ (net)
                  0.10    0.00    1.19 v _248_/B (sky130_fd_sc_hd__or2_1)
     1    0.01    0.05    0.16    1.36 v _248_/X (sky130_fd_sc_hd__or2_1)
                                         _090_ (net)
                  0.05    0.00    1.36 v _249_/A (sky130_fd_sc_hd__clkbuf_2)
     5    0.04    0.11    0.15    1.50 v _249_/X (sky130_fd_sc_hd__clkbuf_2)
                                         _091_ (net)
                  0.11    0.00    1.51 v _266_/A2 (sky130_fd_sc_hd__a21o_1)
     2    0.02    0.07    0.18    1.69 v _266_/X (sky130_fd_sc_hd__a21o_1)
                                         _108_ (net)
                  0.07    0.00    1.69 v _268_/B (sky130_fd_sc_hd__or3_2)
     2    0.02    0.09    0.32    2.00 v _268_/X (sky130_fd_sc_hd__or3_2)
                                         _110_ (net)
                  0.09    0.00    2.00 v _312_/A2 (sky130_fd_sc_hd__a21oi_2)
     3    0.02    0.21    0.21    2.21 ^ _312_/Y (sky130_fd_sc_hd__a21oi_2)
                                         _154_ (net)
                  0.21    0.00    2.21 ^ _319_/A2 (sky130_fd_sc_hd__o21ai_2)
     3    0.03    0.10    0.10    2.31 v _319_/Y (sky130_fd_sc_hd__o21ai_2)
                                         _161_ (net)
                  0.10    0.00    2.31 v _373_/A1 (sky130_fd_sc_hd__a21oi_2)
     3    0.04    0.34    0.31    2.62 ^ _373_/Y (sky130_fd_sc_hd__a21oi_2)
                                         _204_ (net)
                  0.34    0.00    2.62 ^ _380_/A_N (sky130_fd_sc_hd__and2b_1)
     1    0.01    0.06    0.15    2.78 v _380_/X (sky130_fd_sc_hd__and2b_1)
                                         _211_ (net)
                  0.06    0.00    2.78 v _382_/A (sky130_fd_sc_hd__nor2_1)
     4    0.03    0.41    0.33    3.11 ^ _382_/Y (sky130_fd_sc_hd__nor2_1)
                                         _213_ (net)
                  0.41    0.00    3.11 ^ _383_/A1 (sky130_fd_sc_hd__mux2_1)
     1    0.01    0.10    0.16    3.27 ^ _383_/X (sky130_fd_sc_hd__mux2_1)
                                         _214_ (net)
                  0.10    0.00    3.27 ^ _384_/A (sky130_fd_sc_hd__buf_1)
     1    0.02    0.16    0.14    3.42 ^ _384_/X (sky130_fd_sc_hd__buf_1)
                                         _007_ (net)
                  0.16    0.00    3.42 ^ _441_/D (sky130_fd_sc_hd__dfxtp_1)
                                  3.42   data arrival time

                         10.00   10.00   clock CLK100MHZ (rise edge)
                          0.00   10.00   clock source latency
     1    0.02    0.00    0.00   10.00 ^ CLK100MHZ (in)
                                         CLK100MHZ (net)
                  0.00    0.00   10.00 ^ clkbuf_0_CLK100MHZ/A (sky130_fd_sc_hd__clkbuf_16)
     2    0.02    0.03    0.08   10.08 ^ clkbuf_0_CLK100MHZ/X (sky130_fd_sc_hd__clkbuf_16)
                                         clknet_0_CLK100MHZ (net)
                  0.03    0.00   10.08 ^ clkbuf_1_0__f_CLK100MHZ/A (sky130_fd_sc_hd__clkbuf_16)
    16    0.06    0.06    0.11   10.19 ^ clkbuf_1_0__f_CLK100MHZ/X (sky130_fd_sc_hd__clkbuf_16)
                                         clknet_1_0__leaf_CLK100MHZ (net)
                  0.06    0.00   10.19 ^ _441_/CLK (sky130_fd_sc_hd__dfxtp_1)
                         -0.20    9.99   clock uncertainty
                          0.00    9.99   clock reconvergence pessimism
                         -0.04    9.95   library setup time
                                  9.95   data required time
-----------------------------------------------------------------------------
                                  9.95   data required time
                                 -3.42   data arrival time
-----------------------------------------------------------------------------
                                  6.53   slack (MET)


Startpoint: _464_ (rising edge-triggered flip-flop clocked by CLK100MHZ)
Endpoint: _446_ (rising edge-triggered flip-flop clocked by CLK100MHZ)
Path Group: CLK100MHZ
Path Type: max
Corner: Fastest

Fanout     Cap    Slew   Delay    Time   Description
-----------------------------------------------------------------------------
                          0.00    0.00   clock CLK100MHZ (rise edge)
                          0.00    0.00   clock source latency
     1    0.02    0.00    0.00    0.00 ^ CLK100MHZ (in)
                                         CLK100MHZ (net)
                  0.00    0.00    0.00 ^ clkbuf_0_CLK100MHZ/A (sky130_fd_sc_hd__clkbuf_16)
     2    0.02    0.03    0.08    0.08 ^ clkbuf_0_CLK100MHZ/X (sky130_fd_sc_hd__clkbuf_16)
                                         clknet_0_CLK100MHZ (net)
                  0.03    0.00    0.08 ^ clkbuf_1_0__f_CLK100MHZ/A (sky130_fd_sc_hd__clkbuf_16)
    16    0.06    0.06    0.11    0.19 ^ clkbuf_1_0__f_CLK100MHZ/X (sky130_fd_sc_hd__clkbuf_16)
                                         clknet_1_0__leaf_CLK100MHZ (net)
                  0.06    0.00    0.19 ^ _464_/CLK (sky130_fd_sc_hd__dfrtp_1)
     3    0.03    0.17    0.31    0.50 ^ _464_/Q (sky130_fd_sc_hd__dfrtp_1)
                                         imem.address[2] (net)
                  0.17    0.00    0.50 ^ _215_/A (sky130_fd_sc_hd__clkbuf_4)
    10    0.06    0.14    0.20    0.70 ^ _215_/X (sky130_fd_sc_hd__clkbuf_4)
                                         _060_ (net)
                  0.14    0.00    0.70 ^ _216_/A (sky130_fd_sc_hd__clkbuf_2)
     5    0.04    0.18    0.19    0.89 ^ _216_/X (sky130_fd_sc_hd__clkbuf_2)
                                         _061_ (net)
                  0.18    0.00    0.90 ^ _246_/A_N (sky130_fd_sc_hd__and3b_1)
     1    0.01    0.05    0.14    1.04 v _246_/X (sky130_fd_sc_hd__and3b_1)
                                         _088_ (net)
                  0.05    0.00    1.04 v _247_/A (sky130_fd_sc_hd__buf_2)
     7    0.06    0.10    0.15    1.19 v _247_/X (sky130_fd_sc_hd__buf_2)
                                         _089_ (net)
                  0.10    0.00    1.19 v _248_/B (sky130_fd_sc_hd__or2_1)
     1    0.01    0.05    0.16    1.36 v _248_/X (sky130_fd_sc_hd__or2_1)
                                         _090_ (net)
                  0.05    0.00    1.36 v _249_/A (sky130_fd_sc_hd__clkbuf_2)
     5    0.04    0.11    0.15    1.50 v _249_/X (sky130_fd_sc_hd__clkbuf_2)
                                         _091_ (net)
                  0.11    0.00    1.51 v _266_/A2 (sky130_fd_sc_hd__a21o_1)
     2    0.02    0.07    0.18    1.69 v _266_/X (sky130_fd_sc_hd__a21o_1)
                                         _108_ (net)
                  0.07    0.00    1.69 v _268_/B (sky130_fd_sc_hd__or3_2)
     2    0.02    0.09    0.32    2.00 v _268_/X (sky130_fd_sc_hd__or3_2)
                                         _110_ (net)
                  0.09    0.00    2.00 v _312_/A2 (sky130_fd_sc_hd__a21oi_2)
     3    0.02    0.21    0.21    2.21 ^ _312_/Y (sky130_fd_sc_hd__a21oi_2)
                                         _154_ (net)
                  0.21    0.00    2.21 ^ _319_/A2 (sky130_fd_sc_hd__o21ai_2)
     3    0.03    0.10    0.10    2.31 v _319_/Y (sky130_fd_sc_hd__o21ai_2)
                                         _161_ (net)
                  0.10    0.00    2.31 v _373_/A1 (sky130_fd_sc_hd__a21oi_2)
     3    0.04    0.34    0.31    2.62 ^ _373_/Y (sky130_fd_sc_hd__a21oi_2)
                                         _204_ (net)
                  0.34    0.00    2.62 ^ _380_/A_N (sky130_fd_sc_hd__and2b_1)
     1    0.01    0.06    0.15    2.78 v _380_/X (sky130_fd_sc_hd__and2b_1)
                                         _211_ (net)
                  0.06    0.00    2.78 v _382_/A (sky130_fd_sc_hd__nor2_1)
     4    0.03    0.41    0.33    3.11 ^ _382_/Y (sky130_fd_sc_hd__nor2_1)
                                         _213_ (net)
                  0.41    0.00    3.11 ^ _395_/A1 (sky130_fd_sc_hd__mux2_1)
     1    0.01    0.09    0.15    3.26 ^ _395_/X (sky130_fd_sc_hd__mux2_1)
                                         _037_ (net)
                  0.09    0.00    3.26 ^ _396_/A (sky130_fd_sc_hd__clkbuf_1)
     1    0.01    0.10    0.11    3.37 ^ _396_/X (sky130_fd_sc_hd__clkbuf_1)
                                         _012_ (net)
                  0.10    0.00    3.37 ^ _446_/D (sky130_fd_sc_hd__dfxtp_1)
                                  3.37   data arrival time

                         10.00   10.00   clock CLK100MHZ (rise edge)
                          0.00   10.00   clock source latency
     1    0.02    0.00    0.00   10.00 ^ CLK100MHZ (in)
                                         CLK100MHZ (net)
                  0.00    0.00   10.00 ^ clkbuf_0_CLK100MHZ/A (sky130_fd_sc_hd__clkbuf_16)
     2    0.02    0.03    0.08   10.08 ^ clkbuf_0_CLK100MHZ/X (sky130_fd_sc_hd__clkbuf_16)
                                         clknet_0_CLK100MHZ (net)
                  0.03    0.00   10.08 ^ clkbuf_1_1__f_CLK100MHZ/A (sky130_fd_sc_hd__clkbuf_16)
    13    0.06    0.06    0.11   10.18 ^ clkbuf_1_1__f_CLK100MHZ/X (sky130_fd_sc_hd__clkbuf_16)
                                         clknet_1_1__leaf_CLK100MHZ (net)
                  0.06    0.00   10.19 ^ _446_/CLK (sky130_fd_sc_hd__dfxtp_1)
                         -0.20    9.99   clock uncertainty
                          0.00    9.99   clock reconvergence pessimism
                         -0.03    9.95   library setup time
                                  9.95   data required time
-----------------------------------------------------------------------------
                                  9.95   data required time
                                 -3.37   data arrival time
-----------------------------------------------------------------------------
                                  6.58   slack (MET)


Startpoint: _464_ (rising edge-triggered flip-flop clocked by CLK100MHZ)
Endpoint: _451_ (rising edge-triggered flip-flop clocked by CLK100MHZ)
Path Group: CLK100MHZ
Path Type: max
Corner: Fastest

Fanout     Cap    Slew   Delay    Time   Description
-----------------------------------------------------------------------------
                          0.00    0.00   clock CLK100MHZ (rise edge)
                          0.00    0.00   clock source latency
     1    0.02    0.00    0.00    0.00 ^ CLK100MHZ (in)
                                         CLK100MHZ (net)
                  0.00    0.00    0.00 ^ clkbuf_0_CLK100MHZ/A (sky130_fd_sc_hd__clkbuf_16)
     2    0.02    0.03    0.08    0.08 ^ clkbuf_0_CLK100MHZ/X (sky130_fd_sc_hd__clkbuf_16)
                                         clknet_0_CLK100MHZ (net)
                  0.03    0.00    0.08 ^ clkbuf_1_0__f_CLK100MHZ/A (sky130_fd_sc_hd__clkbuf_16)
    16    0.06    0.06    0.11    0.19 ^ clkbuf_1_0__f_CLK100MHZ/X (sky130_fd_sc_hd__clkbuf_16)
                                         clknet_1_0__leaf_CLK100MHZ (net)
                  0.06    0.00    0.19 ^ _464_/CLK (sky130_fd_sc_hd__dfrtp_1)
     3    0.03    0.17    0.31    0.50 ^ _464_/Q (sky130_fd_sc_hd__dfrtp_1)
                                         imem.address[2] (net)
                  0.17    0.00    0.50 ^ _215_/A (sky130_fd_sc_hd__clkbuf_4)
    10    0.06    0.14    0.20    0.70 ^ _215_/X (sky130_fd_sc_hd__clkbuf_4)
                                         _060_ (net)
                  0.14    0.00    0.70 ^ _216_/A (sky130_fd_sc_hd__clkbuf_2)
     5    0.04    0.18    0.19    0.89 ^ _216_/X (sky130_fd_sc_hd__clkbuf_2)
                                         _061_ (net)
                  0.18    0.00    0.90 ^ _246_/A_N (sky130_fd_sc_hd__and3b_1)
     1    0.01    0.05    0.14    1.04 v _246_/X (sky130_fd_sc_hd__and3b_1)
                                         _088_ (net)
                  0.05    0.00    1.04 v _247_/A (sky130_fd_sc_hd__buf_2)
     7    0.06    0.10    0.15    1.19 v _247_/X (sky130_fd_sc_hd__buf_2)
                                         _089_ (net)
                  0.10    0.00    1.19 v _248_/B (sky130_fd_sc_hd__or2_1)
     1    0.01    0.05    0.16    1.36 v _248_/X (sky130_fd_sc_hd__or2_1)
                                         _090_ (net)
                  0.05    0.00    1.36 v _249_/A (sky130_fd_sc_hd__clkbuf_2)
     5    0.04    0.11    0.15    1.50 v _249_/X (sky130_fd_sc_hd__clkbuf_2)
                                         _091_ (net)
                  0.11    0.00    1.51 v _266_/A2 (sky130_fd_sc_hd__a21o_1)
     2    0.02    0.07    0.18    1.69 v _266_/X (sky130_fd_sc_hd__a21o_1)
                                         _108_ (net)
                  0.07    0.00    1.69 v _268_/B (sky130_fd_sc_hd__or3_2)
     2    0.02    0.09    0.32    2.00 v _268_/X (sky130_fd_sc_hd__or3_2)
                                         _110_ (net)
                  0.09    0.00    2.00 v _312_/A2 (sky130_fd_sc_hd__a21oi_2)
     3    0.02    0.21    0.21    2.21 ^ _312_/Y (sky130_fd_sc_hd__a21oi_2)
                                         _154_ (net)
                  0.21    0.00    2.21 ^ _319_/A2 (sky130_fd_sc_hd__o21ai_2)
     3    0.03    0.10    0.10    2.31 v _319_/Y (sky130_fd_sc_hd__o21ai_2)
                                         _161_ (net)
                  0.10    0.00    2.31 v _373_/A1 (sky130_fd_sc_hd__a21oi_2)
     3    0.04    0.34    0.31    2.62 ^ _373_/Y (sky130_fd_sc_hd__a21oi_2)
                                         _204_ (net)
                  0.34    0.00    2.62 ^ _380_/A_N (sky130_fd_sc_hd__and2b_1)
     1    0.01    0.06    0.15    2.78 v _380_/X (sky130_fd_sc_hd__and2b_1)
                                         _211_ (net)
                  0.06    0.00    2.78 v _382_/A (sky130_fd_sc_hd__nor2_1)
     4    0.03    0.41    0.33    3.11 ^ _382_/Y (sky130_fd_sc_hd__nor2_1)
                                         _213_ (net)
                  0.41    0.00    3.11 ^ _408_/A0 (sky130_fd_sc_hd__mux2_1)
     1    0.01    0.07    0.13    3.24 ^ _408_/X (sky130_fd_sc_hd__mux2_1)
                                         _045_ (net)
                  0.07    0.00    3.24 ^ _409_/A (sky130_fd_sc_hd__clkbuf_1)
     1    0.01    0.08    0.09    3.34 ^ _409_/X (sky130_fd_sc_hd__clkbuf_1)
                                         _017_ (net)
                  0.08    0.00    3.34 ^ _451_/D (sky130_fd_sc_hd__dfxtp_1)
                                  3.34   data arrival time

                         10.00   10.00   clock CLK100MHZ (rise edge)
                          0.00   10.00   clock source latency
     1    0.02    0.00    0.00   10.00 ^ CLK100MHZ (in)
                                         CLK100MHZ (net)
                  0.00    0.00   10.00 ^ clkbuf_0_CLK100MHZ/A (sky130_fd_sc_hd__clkbuf_16)
     2    0.02    0.03    0.08   10.08 ^ clkbuf_0_CLK100MHZ/X (sky130_fd_sc_hd__clkbuf_16)
                                         clknet_0_CLK100MHZ (net)
                  0.03    0.00   10.08 ^ clkbuf_1_0__f_CLK100MHZ/A (sky130_fd_sc_hd__clkbuf_16)
    16    0.06    0.06    0.11   10.19 ^ clkbuf_1_0__f_CLK100MHZ/X (sky130_fd_sc_hd__clkbuf_16)
                                         clknet_1_0__leaf_CLK100MHZ (net)
                  0.06    0.00   10.19 ^ _451_/CLK (sky130_fd_sc_hd__dfxtp_1)
                         -0.20    9.99   clock uncertainty
                          0.00    9.99   clock reconvergence pessimism
                         -0.03    9.96   library setup time
                                  9.96   data required time
-----------------------------------------------------------------------------
                                  9.96   data required time
                                 -3.34   data arrival time
-----------------------------------------------------------------------------
                                  6.62   slack (MET)


Startpoint: _464_ (rising edge-triggered flip-flop clocked by CLK100MHZ)
Endpoint: _445_ (rising edge-triggered flip-flop clocked by CLK100MHZ)
Path Group: CLK100MHZ
Path Type: max
Corner: Fastest

Fanout     Cap    Slew   Delay    Time   Description
-----------------------------------------------------------------------------
                          0.00    0.00   clock CLK100MHZ (rise edge)
                          0.00    0.00   clock source latency
     1    0.02    0.00    0.00    0.00 ^ CLK100MHZ (in)
                                         CLK100MHZ (net)
                  0.00    0.00    0.00 ^ clkbuf_0_CLK100MHZ/A (sky130_fd_sc_hd__clkbuf_16)
     2    0.02    0.03    0.08    0.08 ^ clkbuf_0_CLK100MHZ/X (sky130_fd_sc_hd__clkbuf_16)
                                         clknet_0_CLK100MHZ (net)
                  0.03    0.00    0.08 ^ clkbuf_1_0__f_CLK100MHZ/A (sky130_fd_sc_hd__clkbuf_16)
    16    0.06    0.06    0.11    0.19 ^ clkbuf_1_0__f_CLK100MHZ/X (sky130_fd_sc_hd__clkbuf_16)
                                         clknet_1_0__leaf_CLK100MHZ (net)
                  0.06    0.00    0.19 ^ _464_/CLK (sky130_fd_sc_hd__dfrtp_1)
     3    0.03    0.17    0.31    0.50 ^ _464_/Q (sky130_fd_sc_hd__dfrtp_1)
                                         imem.address[2] (net)
                  0.17    0.00    0.50 ^ _215_/A (sky130_fd_sc_hd__clkbuf_4)
    10    0.06    0.14    0.20    0.70 ^ _215_/X (sky130_fd_sc_hd__clkbuf_4)
                                         _060_ (net)
                  0.14    0.00    0.70 ^ _216_/A (sky130_fd_sc_hd__clkbuf_2)
     5    0.04    0.18    0.19    0.89 ^ _216_/X (sky130_fd_sc_hd__clkbuf_2)
                                         _061_ (net)
                  0.18    0.00    0.90 ^ _246_/A_N (sky130_fd_sc_hd__and3b_1)
     1    0.01    0.05    0.14    1.04 v _246_/X (sky130_fd_sc_hd__and3b_1)
                                         _088_ (net)
                  0.05    0.00    1.04 v _247_/A (sky130_fd_sc_hd__buf_2)
     7    0.06    0.10    0.15    1.19 v _247_/X (sky130_fd_sc_hd__buf_2)
                                         _089_ (net)
                  0.10    0.00    1.19 v _248_/B (sky130_fd_sc_hd__or2_1)
     1    0.01    0.05    0.16    1.36 v _248_/X (sky130_fd_sc_hd__or2_1)
                                         _090_ (net)
                  0.05    0.00    1.36 v _249_/A (sky130_fd_sc_hd__clkbuf_2)
     5    0.04    0.11    0.15    1.50 v _249_/X (sky130_fd_sc_hd__clkbuf_2)
                                         _091_ (net)
                  0.11    0.00    1.51 v _266_/A2 (sky130_fd_sc_hd__a21o_1)
     2    0.02    0.07    0.18    1.69 v _266_/X (sky130_fd_sc_hd__a21o_1)
                                         _108_ (net)
                  0.07    0.00    1.69 v _268_/B (sky130_fd_sc_hd__or3_2)
     2    0.02    0.09    0.32    2.00 v _268_/X (sky130_fd_sc_hd__or3_2)
                                         _110_ (net)
                  0.09    0.00    2.00 v _312_/A2 (sky130_fd_sc_hd__a21oi_2)
     3    0.02    0.21    0.21    2.21 ^ _312_/Y (sky130_fd_sc_hd__a21oi_2)
                                         _154_ (net)
                  0.21    0.00    2.21 ^ _319_/A2 (sky130_fd_sc_hd__o21ai_2)
     3    0.03    0.10    0.10    2.31 v _319_/Y (sky130_fd_sc_hd__o21ai_2)
                                         _161_ (net)
                  0.10    0.00    2.31 v _327_/A (sky130_fd_sc_hd__or2_1)
     1    0.02    0.08    0.20    2.52 v _327_/X (sky130_fd_sc_hd__or2_1)
                                         _169_ (net)
                  0.08    0.00    2.52 v _332_/A2 (sky130_fd_sc_hd__a32o_4)
     8    0.06    0.08    0.23    2.74 v _332_/X (sky130_fd_sc_hd__a32o_4)
                                         _174_ (net)
                  0.08    0.00    2.75 v _393_/A1 (sky130_fd_sc_hd__mux2_1)
     1    0.01    0.07    0.21    2.95 v _393_/X (sky130_fd_sc_hd__mux2_1)
                                         _036_ (net)
                  0.07    0.00    2.95 v _394_/A (sky130_fd_sc_hd__buf_1)
     1    0.03    0.13    0.16    3.11 v _394_/X (sky130_fd_sc_hd__buf_1)
                                         _011_ (net)
                  0.13    0.00    3.12 v _445_/D (sky130_fd_sc_hd__dfxtp_1)
                                  3.12   data arrival time

                         10.00   10.00   clock CLK100MHZ (rise edge)
                          0.00   10.00   clock source latency
     1    0.02    0.00    0.00   10.00 ^ CLK100MHZ (in)
                                         CLK100MHZ (net)
                  0.00    0.00   10.00 ^ clkbuf_0_CLK100MHZ/A (sky130_fd_sc_hd__clkbuf_16)
     2    0.02    0.03    0.08   10.08 ^ clkbuf_0_CLK100MHZ/X (sky130_fd_sc_hd__clkbuf_16)
                                         clknet_0_CLK100MHZ (net)
                  0.03    0.00   10.08 ^ clkbuf_1_1__f_CLK100MHZ/A (sky130_fd_sc_hd__clkbuf_16)
    13    0.06    0.06    0.11   10.18 ^ clkbuf_1_1__f_CLK100MHZ/X (sky130_fd_sc_hd__clkbuf_16)
                                         clknet_1_1__leaf_CLK100MHZ (net)
                  0.06    0.00   10.19 ^ _445_/CLK (sky130_fd_sc_hd__dfxtp_1)
                         -0.20    9.99   clock uncertainty
                          0.00    9.99   clock reconvergence pessimism
                         -0.10    9.88   library setup time
                                  9.88   data required time
-----------------------------------------------------------------------------
                                  9.88   data required time
                                 -3.12   data arrival time
-----------------------------------------------------------------------------
                                  6.77   slack (MET)


Startpoint: _464_ (rising edge-triggered flip-flop clocked by CLK100MHZ)
Endpoint: _440_ (rising edge-triggered flip-flop clocked by CLK100MHZ)
Path Group: CLK100MHZ
Path Type: max
Corner: Fastest

Fanout     Cap    Slew   Delay    Time   Description
-----------------------------------------------------------------------------
                          0.00    0.00   clock CLK100MHZ (rise edge)
                          0.00    0.00   clock source latency
     1    0.02    0.00    0.00    0.00 ^ CLK100MHZ (in)
                                         CLK100MHZ (net)
                  0.00    0.00    0.00 ^ clkbuf_0_CLK100MHZ/A (sky130_fd_sc_hd__clkbuf_16)
     2    0.02    0.03    0.08    0.08 ^ clkbuf_0_CLK100MHZ/X (sky130_fd_sc_hd__clkbuf_16)
                                         clknet_0_CLK100MHZ (net)
                  0.03    0.00    0.08 ^ clkbuf_1_0__f_CLK100MHZ/A (sky130_fd_sc_hd__clkbuf_16)
    16    0.06    0.06    0.11    0.19 ^ clkbuf_1_0__f_CLK100MHZ/X (sky130_fd_sc_hd__clkbuf_16)
                                         clknet_1_0__leaf_CLK100MHZ (net)
                  0.06    0.00    0.19 ^ _464_/CLK (sky130_fd_sc_hd__dfrtp_1)
     3    0.03    0.17    0.31    0.50 ^ _464_/Q (sky130_fd_sc_hd__dfrtp_1)
                                         imem.address[2] (net)
                  0.17    0.00    0.50 ^ _215_/A (sky130_fd_sc_hd__clkbuf_4)
    10    0.06    0.14    0.20    0.70 ^ _215_/X (sky130_fd_sc_hd__clkbuf_4)
                                         _060_ (net)
                  0.14    0.00    0.70 ^ _216_/A (sky130_fd_sc_hd__clkbuf_2)
     5    0.04    0.18    0.19    0.89 ^ _216_/X (sky130_fd_sc_hd__clkbuf_2)
                                         _061_ (net)
                  0.18    0.00    0.90 ^ _246_/A_N (sky130_fd_sc_hd__and3b_1)
     1    0.01    0.05    0.14    1.04 v _246_/X (sky130_fd_sc_hd__and3b_1)
                                         _088_ (net)
                  0.05    0.00    1.04 v _247_/A (sky130_fd_sc_hd__buf_2)
     7    0.06    0.10    0.15    1.19 v _247_/X (sky130_fd_sc_hd__buf_2)
                                         _089_ (net)
                  0.10    0.00    1.19 v _248_/B (sky130_fd_sc_hd__or2_1)
     1    0.01    0.05    0.16    1.36 v _248_/X (sky130_fd_sc_hd__or2_1)
                                         _090_ (net)
                  0.05    0.00    1.36 v _249_/A (sky130_fd_sc_hd__clkbuf_2)
     5    0.04    0.11    0.15    1.50 v _249_/X (sky130_fd_sc_hd__clkbuf_2)
                                         _091_ (net)
                  0.11    0.00    1.51 v _266_/A2 (sky130_fd_sc_hd__a21o_1)
     2    0.02    0.07    0.18    1.69 v _266_/X (sky130_fd_sc_hd__a21o_1)
                                         _108_ (net)
                  0.07    0.00    1.69 v _268_/B (sky130_fd_sc_hd__or3_2)
     2    0.02    0.09    0.32    2.00 v _268_/X (sky130_fd_sc_hd__or3_2)
                                         _110_ (net)
                  0.09    0.00    2.00 v _312_/A2 (sky130_fd_sc_hd__a21oi_2)
     3    0.02    0.21    0.21    2.21 ^ _312_/Y (sky130_fd_sc_hd__a21oi_2)
                                         _154_ (net)
                  0.21    0.00    2.21 ^ _319_/A2 (sky130_fd_sc_hd__o21ai_2)
     3    0.03    0.10    0.10    2.31 v _319_/Y (sky130_fd_sc_hd__o21ai_2)
                                         _161_ (net)
                  0.10    0.00    2.31 v _327_/A (sky130_fd_sc_hd__or2_1)
     1    0.02    0.08    0.20    2.52 v _327_/X (sky130_fd_sc_hd__or2_1)
                                         _169_ (net)
                  0.08    0.00    2.52 v _332_/A2 (sky130_fd_sc_hd__a32o_4)
     8    0.06    0.08    0.23    2.74 v _332_/X (sky130_fd_sc_hd__a32o_4)
                                         _174_ (net)
                  0.08    0.00    2.75 v _371_/A1 (sky130_fd_sc_hd__mux2_1)
     1    0.02    0.09    0.22    2.97 v _371_/X (sky130_fd_sc_hd__mux2_1)
                                         _203_ (net)
                  0.09    0.00    2.97 v _372_/A (sky130_fd_sc_hd__buf_1)
     1    0.02    0.09    0.14    3.11 v _372_/X (sky130_fd_sc_hd__buf_1)
                                         _006_ (net)
                  0.09    0.00    3.11 v _440_/D (sky130_fd_sc_hd__dfxtp_1)
                                  3.11   data arrival time

                         10.00   10.00   clock CLK100MHZ (rise edge)
                          0.00   10.00   clock source latency
     1    0.02    0.00    0.00   10.00 ^ CLK100MHZ (in)
                                         CLK100MHZ (net)
                  0.00    0.00   10.00 ^ clkbuf_0_CLK100MHZ/A (sky130_fd_sc_hd__clkbuf_16)
     2    0.02    0.03    0.08   10.08 ^ clkbuf_0_CLK100MHZ/X (sky130_fd_sc_hd__clkbuf_16)
                                         clknet_0_CLK100MHZ (net)
                  0.03    0.00   10.08 ^ clkbuf_1_0__f_CLK100MHZ/A (sky130_fd_sc_hd__clkbuf_16)
    16    0.06    0.06    0.11   10.19 ^ clkbuf_1_0__f_CLK100MHZ/X (sky130_fd_sc_hd__clkbuf_16)
                                         clknet_1_0__leaf_CLK100MHZ (net)
                  0.06    0.00   10.19 ^ _440_/CLK (sky130_fd_sc_hd__dfxtp_1)
                         -0.20    9.99   clock uncertainty
                          0.00    9.99   clock reconvergence pessimism
                         -0.09    9.90   library setup time
                                  9.90   data required time
-----------------------------------------------------------------------------
                                  9.90   data required time
                                 -3.11   data arrival time
-----------------------------------------------------------------------------
                                  6.79   slack (MET)


Startpoint: _464_ (rising edge-triggered flip-flop clocked by CLK100MHZ)
Endpoint: _460_ (rising edge-triggered flip-flop clocked by CLK100MHZ)
Path Group: CLK100MHZ
Path Type: max
Corner: Fastest

Fanout     Cap    Slew   Delay    Time   Description
-----------------------------------------------------------------------------
                          0.00    0.00   clock CLK100MHZ (rise edge)
                          0.00    0.00   clock source latency
     1    0.02    0.00    0.00    0.00 ^ CLK100MHZ (in)
                                         CLK100MHZ (net)
                  0.00    0.00    0.00 ^ clkbuf_0_CLK100MHZ/A (sky130_fd_sc_hd__clkbuf_16)
     2    0.02    0.03    0.08    0.08 ^ clkbuf_0_CLK100MHZ/X (sky130_fd_sc_hd__clkbuf_16)
                                         clknet_0_CLK100MHZ (net)
                  0.03    0.00    0.08 ^ clkbuf_1_0__f_CLK100MHZ/A (sky130_fd_sc_hd__clkbuf_16)
    16    0.06    0.06    0.11    0.19 ^ clkbuf_1_0__f_CLK100MHZ/X (sky130_fd_sc_hd__clkbuf_16)
                                         clknet_1_0__leaf_CLK100MHZ (net)
                  0.06    0.00    0.19 ^ _464_/CLK (sky130_fd_sc_hd__dfrtp_1)
     3    0.03    0.17    0.31    0.50 ^ _464_/Q (sky130_fd_sc_hd__dfrtp_1)
                                         imem.address[2] (net)
                  0.17    0.00    0.50 ^ _215_/A (sky130_fd_sc_hd__clkbuf_4)
    10    0.06    0.14    0.20    0.70 ^ _215_/X (sky130_fd_sc_hd__clkbuf_4)
                                         _060_ (net)
                  0.14    0.00    0.70 ^ _216_/A (sky130_fd_sc_hd__clkbuf_2)
     5    0.04    0.18    0.19    0.89 ^ _216_/X (sky130_fd_sc_hd__clkbuf_2)
                                         _061_ (net)
                  0.18    0.00    0.90 ^ _246_/A_N (sky130_fd_sc_hd__and3b_1)
     1    0.01    0.05    0.14    1.04 v _246_/X (sky130_fd_sc_hd__and3b_1)
                                         _088_ (net)
                  0.05    0.00    1.04 v _247_/A (sky130_fd_sc_hd__buf_2)
     7    0.06    0.10    0.15    1.19 v _247_/X (sky130_fd_sc_hd__buf_2)
                                         _089_ (net)
                  0.10    0.00    1.19 v _248_/B (sky130_fd_sc_hd__or2_1)
     1    0.01    0.05    0.16    1.36 v _248_/X (sky130_fd_sc_hd__or2_1)
                                         _090_ (net)
                  0.05    0.00    1.36 v _249_/A (sky130_fd_sc_hd__clkbuf_2)
     5    0.04    0.11    0.15    1.50 v _249_/X (sky130_fd_sc_hd__clkbuf_2)
                                         _091_ (net)
                  0.11    0.00    1.51 v _266_/A2 (sky130_fd_sc_hd__a21o_1)
     2    0.02    0.07    0.18    1.69 v _266_/X (sky130_fd_sc_hd__a21o_1)
                                         _108_ (net)
                  0.07    0.00    1.69 v _268_/B (sky130_fd_sc_hd__or3_2)
     2    0.02    0.09    0.32    2.00 v _268_/X (sky130_fd_sc_hd__or3_2)
                                         _110_ (net)
                  0.09    0.00    2.00 v _312_/A2 (sky130_fd_sc_hd__a21oi_2)
     3    0.02    0.21    0.21    2.21 ^ _312_/Y (sky130_fd_sc_hd__a21oi_2)
                                         _154_ (net)
                  0.21    0.00    2.21 ^ _319_/A2 (sky130_fd_sc_hd__o21ai_2)
     3    0.03    0.10    0.10    2.31 v _319_/Y (sky130_fd_sc_hd__o21ai_2)
                                         _161_ (net)
                  0.10    0.00    2.31 v _327_/A (sky130_fd_sc_hd__or2_1)
     1    0.02    0.08    0.20    2.52 v _327_/X (sky130_fd_sc_hd__or2_1)
                                         _169_ (net)
                  0.08    0.00    2.52 v _332_/A2 (sky130_fd_sc_hd__a32o_4)
     8    0.06    0.08    0.23    2.74 v _332_/X (sky130_fd_sc_hd__a32o_4)
                                         _174_ (net)
                  0.08    0.00    2.75 v _430_/A1 (sky130_fd_sc_hd__mux2_1)
     1    0.00    0.04    0.17    2.91 v _430_/X (sky130_fd_sc_hd__mux2_1)
                                         _058_ (net)
                  0.04    0.00    2.91 v _431_/A (sky130_fd_sc_hd__buf_1)
     1    0.02    0.06    0.10    3.01 v _431_/X (sky130_fd_sc_hd__buf_1)
                                         _026_ (net)
                  0.06    0.00    3.01 v _460_/D (sky130_fd_sc_hd__dfxtp_1)
                                  3.01   data arrival time

                         10.00   10.00   clock CLK100MHZ (rise edge)
                          0.00   10.00   clock source latency
     1    0.02    0.00    0.00   10.00 ^ CLK100MHZ (in)
                                         CLK100MHZ (net)
                  0.00    0.00   10.00 ^ clkbuf_0_CLK100MHZ/A (sky130_fd_sc_hd__clkbuf_16)
     2    0.02    0.03    0.08   10.08 ^ clkbuf_0_CLK100MHZ/X (sky130_fd_sc_hd__clkbuf_16)
                                         clknet_0_CLK100MHZ (net)
                  0.03    0.00   10.08 ^ clkbuf_1_0__f_CLK100MHZ/A (sky130_fd_sc_hd__clkbuf_16)
    16    0.06    0.06    0.11   10.19 ^ clkbuf_1_0__f_CLK100MHZ/X (sky130_fd_sc_hd__clkbuf_16)
                                         clknet_1_0__leaf_CLK100MHZ (net)
                  0.06    0.00   10.19 ^ _460_/CLK (sky130_fd_sc_hd__dfxtp_1)
                         -0.20    9.99   clock uncertainty
                          0.00    9.99   clock reconvergence pessimism
                         -0.08    9.91   library setup time
                                  9.91   data required time
-----------------------------------------------------------------------------
                                  9.91   data required time
                                 -3.01   data arrival time
-----------------------------------------------------------------------------
                                  6.90   slack (MET)


Startpoint: _464_ (rising edge-triggered flip-flop clocked by CLK100MHZ)
Endpoint: _450_ (rising edge-triggered flip-flop clocked by CLK100MHZ)
Path Group: CLK100MHZ
Path Type: max
Corner: Fastest

Fanout     Cap    Slew   Delay    Time   Description
-----------------------------------------------------------------------------
                          0.00    0.00   clock CLK100MHZ (rise edge)
                          0.00    0.00   clock source latency
     1    0.02    0.00    0.00    0.00 ^ CLK100MHZ (in)
                                         CLK100MHZ (net)
                  0.00    0.00    0.00 ^ clkbuf_0_CLK100MHZ/A (sky130_fd_sc_hd__clkbuf_16)
     2    0.02    0.03    0.08    0.08 ^ clkbuf_0_CLK100MHZ/X (sky130_fd_sc_hd__clkbuf_16)
                                         clknet_0_CLK100MHZ (net)
                  0.03    0.00    0.08 ^ clkbuf_1_0__f_CLK100MHZ/A (sky130_fd_sc_hd__clkbuf_16)
    16    0.06    0.06    0.11    0.19 ^ clkbuf_1_0__f_CLK100MHZ/X (sky130_fd_sc_hd__clkbuf_16)
                                         clknet_1_0__leaf_CLK100MHZ (net)
                  0.06    0.00    0.19 ^ _464_/CLK (sky130_fd_sc_hd__dfrtp_1)
     3    0.03    0.17    0.31    0.50 ^ _464_/Q (sky130_fd_sc_hd__dfrtp_1)
                                         imem.address[2] (net)
                  0.17    0.00    0.50 ^ _215_/A (sky130_fd_sc_hd__clkbuf_4)
    10    0.06    0.14    0.20    0.70 ^ _215_/X (sky130_fd_sc_hd__clkbuf_4)
                                         _060_ (net)
                  0.14    0.00    0.70 ^ _216_/A (sky130_fd_sc_hd__clkbuf_2)
     5    0.04    0.18    0.19    0.89 ^ _216_/X (sky130_fd_sc_hd__clkbuf_2)
                                         _061_ (net)
                  0.18    0.00    0.90 ^ _246_/A_N (sky130_fd_sc_hd__and3b_1)
     1    0.01    0.05    0.14    1.04 v _246_/X (sky130_fd_sc_hd__and3b_1)
                                         _088_ (net)
                  0.05    0.00    1.04 v _247_/A (sky130_fd_sc_hd__buf_2)
     7    0.06    0.10    0.15    1.19 v _247_/X (sky130_fd_sc_hd__buf_2)
                                         _089_ (net)
                  0.10    0.00    1.19 v _248_/B (sky130_fd_sc_hd__or2_1)
     1    0.01    0.05    0.16    1.36 v _248_/X (sky130_fd_sc_hd__or2_1)
                                         _090_ (net)
                  0.05    0.00    1.36 v _249_/A (sky130_fd_sc_hd__clkbuf_2)
     5    0.04    0.11    0.15    1.50 v _249_/X (sky130_fd_sc_hd__clkbuf_2)
                                         _091_ (net)
                  0.11    0.00    1.51 v _266_/A2 (sky130_fd_sc_hd__a21o_1)
     2    0.02    0.07    0.18    1.69 v _266_/X (sky130_fd_sc_hd__a21o_1)
                                         _108_ (net)
                  0.07    0.00    1.69 v _268_/B (sky130_fd_sc_hd__or3_2)
     2    0.02    0.09    0.32    2.00 v _268_/X (sky130_fd_sc_hd__or3_2)
                                         _110_ (net)
                  0.09    0.00    2.00 v _312_/A2 (sky130_fd_sc_hd__a21oi_2)
     3    0.02    0.21    0.21    2.21 ^ _312_/Y (sky130_fd_sc_hd__a21oi_2)
                                         _154_ (net)
                  0.21    0.00    2.21 ^ _319_/A2 (sky130_fd_sc_hd__o21ai_2)
     3    0.03    0.10    0.10    2.31 v _319_/Y (sky130_fd_sc_hd__o21ai_2)
                                         _161_ (net)
                  0.10    0.00    2.31 v _327_/A (sky130_fd_sc_hd__or2_1)
     1    0.02    0.08    0.20    2.52 v _327_/X (sky130_fd_sc_hd__or2_1)
                                         _169_ (net)
                  0.08    0.00    2.52 v _332_/A2 (sky130_fd_sc_hd__a32o_4)
     8    0.06    0.08    0.23    2.74 v _332_/X (sky130_fd_sc_hd__a32o_4)
                                         _174_ (net)
                  0.08    0.00    2.75 v _406_/A0 (sky130_fd_sc_hd__mux2_1)
     1    0.00    0.05    0.17    2.92 v _406_/X (sky130_fd_sc_hd__mux2_1)
                                         _044_ (net)
                  0.05    0.00    2.92 v _407_/A (sky130_fd_sc_hd__clkbuf_1)
     1    0.01    0.04    0.08    3.00 v _407_/X (sky130_fd_sc_hd__clkbuf_1)
                                         _016_ (net)
                  0.04    0.00    3.00 v _450_/D (sky130_fd_sc_hd__dfxtp_1)
                                  3.00   data arrival time

                         10.00   10.00   clock CLK100MHZ (rise edge)
                          0.00   10.00   clock source latency
     1    0.02    0.00    0.00   10.00 ^ CLK100MHZ (in)
                                         CLK100MHZ (net)
                  0.00    0.00   10.00 ^ clkbuf_0_CLK100MHZ/A (sky130_fd_sc_hd__clkbuf_16)
     2    0.02    0.03    0.08   10.08 ^ clkbuf_0_CLK100MHZ/X (sky130_fd_sc_hd__clkbuf_16)
                                         clknet_0_CLK100MHZ (net)
                  0.03    0.00   10.08 ^ clkbuf_1_0__f_CLK100MHZ/A (sky130_fd_sc_hd__clkbuf_16)
    16    0.06    0.06    0.11   10.19 ^ clkbuf_1_0__f_CLK100MHZ/X (sky130_fd_sc_hd__clkbuf_16)
                                         clknet_1_0__leaf_CLK100MHZ (net)
                  0.06    0.00   10.19 ^ _450_/CLK (sky130_fd_sc_hd__dfxtp_1)
                         -0.20    9.99   clock uncertainty
                          0.00    9.99   clock reconvergence pessimism
                         -0.07    9.92   library setup time
                                  9.92   data required time
-----------------------------------------------------------------------------
                                  9.92   data required time
                                 -3.00   data arrival time
-----------------------------------------------------------------------------
                                  6.92   slack (MET)


Startpoint: _464_ (rising edge-triggered flip-flop clocked by CLK100MHZ)
Endpoint: _449_ (rising edge-triggered flip-flop clocked by CLK100MHZ)
Path Group: CLK100MHZ
Path Type: max
Corner: Fastest

Fanout     Cap    Slew   Delay    Time   Description
-----------------------------------------------------------------------------
                          0.00    0.00   clock CLK100MHZ (rise edge)
                          0.00    0.00   clock source latency
     1    0.02    0.00    0.00    0.00 ^ CLK100MHZ (in)
                                         CLK100MHZ (net)
                  0.00    0.00    0.00 ^ clkbuf_0_CLK100MHZ/A (sky130_fd_sc_hd__clkbuf_16)
     2    0.02    0.03    0.08    0.08 ^ clkbuf_0_CLK100MHZ/X (sky130_fd_sc_hd__clkbuf_16)
                                         clknet_0_CLK100MHZ (net)
                  0.03    0.00    0.08 ^ clkbuf_1_0__f_CLK100MHZ/A (sky130_fd_sc_hd__clkbuf_16)
    16    0.06    0.06    0.11    0.19 ^ clkbuf_1_0__f_CLK100MHZ/X (sky130_fd_sc_hd__clkbuf_16)
                                         clknet_1_0__leaf_CLK100MHZ (net)
                  0.06    0.00    0.19 ^ _464_/CLK (sky130_fd_sc_hd__dfrtp_1)
     3    0.03    0.17    0.31    0.50 ^ _464_/Q (sky130_fd_sc_hd__dfrtp_1)
                                         imem.address[2] (net)
                  0.17    0.00    0.50 ^ _215_/A (sky130_fd_sc_hd__clkbuf_4)
    10    0.06    0.14    0.20    0.70 ^ _215_/X (sky130_fd_sc_hd__clkbuf_4)
                                         _060_ (net)
                  0.14    0.00    0.71 ^ _235_/A_N (sky130_fd_sc_hd__and2b_1)
     1    0.02    0.07    0.16    0.87 v _235_/X (sky130_fd_sc_hd__and2b_1)
                                         _077_ (net)
                  0.07    0.00    0.87 v _236_/A (sky130_fd_sc_hd__clkbuf_2)
     4    0.05    0.12    0.17    1.03 v _236_/X (sky130_fd_sc_hd__clkbuf_2)
                                         _078_ (net)
                  0.12    0.00    1.04 v _237_/B (sky130_fd_sc_hd__nand2_1)
     1    0.02    0.15    0.16    1.20 ^ _237_/Y (sky130_fd_sc_hd__nand2_1)
                                         _079_ (net)
                  0.15    0.00    1.20 ^ _239_/A3 (sky130_fd_sc_hd__a31o_2)
     5    0.04    0.17    0.20    1.40 ^ _239_/X (sky130_fd_sc_hd__a31o_2)
                                         _081_ (net)
                  0.17    0.00    1.41 ^ _240_/A (sky130_fd_sc_hd__buf_1)
     3    0.02    0.18    0.17    1.57 ^ _240_/X (sky130_fd_sc_hd__buf_1)
                                         _082_ (net)
                  0.18    0.00    1.57 ^ _241_/A (sky130_fd_sc_hd__dlymetal6s2s_1)
     3    0.04    0.28    0.25    1.82 ^ _241_/X (sky130_fd_sc_hd__dlymetal6s2s_1)
                                         _083_ (net)
                  0.28    0.00    1.82 ^ _242_/A (sky130_fd_sc_hd__buf_1)
     2    0.03    0.27    0.23    2.05 ^ _242_/X (sky130_fd_sc_hd__buf_1)
                                         _084_ (net)
                  0.27    0.00    2.05 ^ _303_/S (sky130_fd_sc_hd__mux2_1)
     1    0.01    0.06    0.22    2.27 v _303_/X (sky130_fd_sc_hd__mux2_1)
                                         _145_ (net)
                  0.06    0.00    2.27 v _306_/A0 (sky130_fd_sc_hd__mux2_1)
     1    0.01    0.06    0.18    2.45 v _306_/X (sky130_fd_sc_hd__mux2_1)
                                         _148_ (net)
                  0.06    0.00    2.45 v _315_/A2_N (sky130_fd_sc_hd__a2bb2o_4)
     9    0.06    0.14    0.21    2.66 ^ _315_/X (sky130_fd_sc_hd__a2bb2o_4)
                                         _157_ (net)
                  0.14    0.01    2.67 ^ _404_/A0 (sky130_fd_sc_hd__mux2_1)
     1    0.02    0.11    0.15    2.82 ^ _404_/X (sky130_fd_sc_hd__mux2_1)
                                         _043_ (net)
                  0.11    0.00    2.82 ^ _405_/A (sky130_fd_sc_hd__buf_1)
     1    0.02    0.16    0.15    2.97 ^ _405_/X (sky130_fd_sc_hd__buf_1)
                                         _015_ (net)
                  0.16    0.00    2.97 ^ _449_/D (sky130_fd_sc_hd__dfxtp_1)
                                  2.97   data arrival time

                         10.00   10.00   clock CLK100MHZ (rise edge)
                          0.00   10.00   clock source latency
     1    0.02    0.00    0.00   10.00 ^ CLK100MHZ (in)
                                         CLK100MHZ (net)
                  0.00    0.00   10.00 ^ clkbuf_0_CLK100MHZ/A (sky130_fd_sc_hd__clkbuf_16)
     2    0.02    0.03    0.08   10.08 ^ clkbuf_0_CLK100MHZ/X (sky130_fd_sc_hd__clkbuf_16)
                                         clknet_0_CLK100MHZ (net)
                  0.03    0.00   10.08 ^ clkbuf_1_0__f_CLK100MHZ/A (sky130_fd_sc_hd__clkbuf_16)
    16    0.06    0.06    0.11   10.19 ^ clkbuf_1_0__f_CLK100MHZ/X (sky130_fd_sc_hd__clkbuf_16)
                                         clknet_1_0__leaf_CLK100MHZ (net)
                  0.06    0.00   10.19 ^ _449_/CLK (sky130_fd_sc_hd__dfxtp_1)
                         -0.20    9.99   clock uncertainty
                          0.00    9.99   clock reconvergence pessimism
                         -0.04    9.95   library setup time
                                  9.95   data required time
-----------------------------------------------------------------------------
                                  9.95   data required time
                                 -2.97   data arrival time
-----------------------------------------------------------------------------
                                  6.98   slack (MET)


Startpoint: _464_ (rising edge-triggered flip-flop clocked by CLK100MHZ)
Endpoint: _443_ (rising edge-triggered flip-flop clocked by CLK100MHZ)
Path Group: CLK100MHZ
Path Type: max
Corner: Fastest

Fanout     Cap    Slew   Delay    Time   Description
-----------------------------------------------------------------------------
                          0.00    0.00   clock CLK100MHZ (rise edge)
                          0.00    0.00   clock source latency
     1    0.02    0.00    0.00    0.00 ^ CLK100MHZ (in)
                                         CLK100MHZ (net)
                  0.00    0.00    0.00 ^ clkbuf_0_CLK100MHZ/A (sky130_fd_sc_hd__clkbuf_16)
     2    0.02    0.03    0.08    0.08 ^ clkbuf_0_CLK100MHZ/X (sky130_fd_sc_hd__clkbuf_16)
                                         clknet_0_CLK100MHZ (net)
                  0.03    0.00    0.08 ^ clkbuf_1_0__f_CLK100MHZ/A (sky130_fd_sc_hd__clkbuf_16)
    16    0.06    0.06    0.11    0.19 ^ clkbuf_1_0__f_CLK100MHZ/X (sky130_fd_sc_hd__clkbuf_16)
                                         clknet_1_0__leaf_CLK100MHZ (net)
                  0.06    0.00    0.19 ^ _464_/CLK (sky130_fd_sc_hd__dfrtp_1)
     3    0.03    0.10    0.30    0.49 v _464_/Q (sky130_fd_sc_hd__dfrtp_1)
                                         imem.address[2] (net)
                  0.10    0.00    0.49 v _215_/A (sky130_fd_sc_hd__clkbuf_4)
    10    0.06    0.09    0.17    0.66 v _215_/X (sky130_fd_sc_hd__clkbuf_4)
                                         _060_ (net)
                  0.09    0.00    0.66 v _235_/A_N (sky130_fd_sc_hd__and2b_1)
     1    0.02    0.13    0.21    0.87 ^ _235_/X (sky130_fd_sc_hd__and2b_1)
                                         _077_ (net)
                  0.13    0.00    0.88 ^ _236_/A (sky130_fd_sc_hd__clkbuf_2)
     4    0.05    0.21    0.21    1.08 ^ _236_/X (sky130_fd_sc_hd__clkbuf_2)
                                         _078_ (net)
                  0.21    0.00    1.09 ^ _237_/B (sky130_fd_sc_hd__nand2_1)
     1    0.02    0.11    0.12    1.20 v _237_/Y (sky130_fd_sc_hd__nand2_1)
                                         _079_ (net)
                  0.11    0.00    1.20 v _239_/A3 (sky130_fd_sc_hd__a31o_2)
     5    0.04    0.08    0.24    1.45 v _239_/X (sky130_fd_sc_hd__a31o_2)
                                         _081_ (net)
                  0.08    0.00    1.45 v _240_/A (sky130_fd_sc_hd__buf_1)
     3    0.02    0.08    0.13    1.58 v _240_/X (sky130_fd_sc_hd__buf_1)
                                         _082_ (net)
                  0.08    0.00    1.58 v _241_/A (sky130_fd_sc_hd__dlymetal6s2s_1)
     3    0.03    0.12    0.19    1.76 v _241_/X (sky130_fd_sc_hd__dlymetal6s2s_1)
                                         _083_ (net)
                  0.12    0.00    1.77 v _242_/A (sky130_fd_sc_hd__buf_1)
     2    0.03    0.12    0.17    1.94 v _242_/X (sky130_fd_sc_hd__buf_1)
                                         _084_ (net)
                  0.12    0.00    1.94 v _254_/A (sky130_fd_sc_hd__nor2_2)
     3    0.04    0.29    0.28    2.22 ^ _254_/Y (sky130_fd_sc_hd__nor2_2)
                                         _096_ (net)
                  0.29    0.00    2.22 ^ _280_/B1 (sky130_fd_sc_hd__a21oi_1)
     2    0.01    0.10    0.07    2.29 v _280_/Y (sky130_fd_sc_hd__a21oi_1)
                                         _122_ (net)
                  0.10    0.00    2.29 v _281_/B (sky130_fd_sc_hd__and2_1)
     1    0.01    0.04    0.14    2.43 v _281_/X (sky130_fd_sc_hd__and2_1)
                                         _123_ (net)
                  0.04    0.00    2.43 v _296_/B1 (sky130_fd_sc_hd__a22o_4)
     9    0.06    0.08    0.16    2.59 v _296_/X (sky130_fd_sc_hd__a22o_4)
                                         _138_ (net)
                  0.08    0.00    2.59 v _389_/A1 (sky130_fd_sc_hd__mux2_1)
     1    0.01    0.06    0.19    2.78 v _389_/X (sky130_fd_sc_hd__mux2_1)
                                         _034_ (net)
                  0.06    0.00    2.79 v _390_/A (sky130_fd_sc_hd__buf_1)
     1    0.02    0.10    0.13    2.92 v _390_/X (sky130_fd_sc_hd__buf_1)
                                         _009_ (net)
                  0.10    0.00    2.92 v _443_/D (sky130_fd_sc_hd__dfxtp_1)
                                  2.92   data arrival time

                         10.00   10.00   clock CLK100MHZ (rise edge)
                          0.00   10.00   clock source latency
     1    0.02    0.00    0.00   10.00 ^ CLK100MHZ (in)
                                         CLK100MHZ (net)
                  0.00    0.00   10.00 ^ clkbuf_0_CLK100MHZ/A (sky130_fd_sc_hd__clkbuf_16)
     2    0.02    0.03    0.08   10.08 ^ clkbuf_0_CLK100MHZ/X (sky130_fd_sc_hd__clkbuf_16)
                                         clknet_0_CLK100MHZ (net)
                  0.03    0.00   10.08 ^ clkbuf_1_0__f_CLK100MHZ/A (sky130_fd_sc_hd__clkbuf_16)
    16    0.06    0.06    0.11   10.19 ^ clkbuf_1_0__f_CLK100MHZ/X (sky130_fd_sc_hd__clkbuf_16)
                                         clknet_1_0__leaf_CLK100MHZ (net)
                  0.06    0.00   10.19 ^ _443_/CLK (sky130_fd_sc_hd__dfxtp_1)
                         -0.20    9.99   clock uncertainty
                          0.00    9.99   clock reconvergence pessimism
                         -0.09    9.90   library setup time
                                  9.90   data required time
-----------------------------------------------------------------------------
                                  9.90   data required time
                                 -2.92   data arrival time
-----------------------------------------------------------------------------
                                  6.98   slack (MET)


Startpoint: _464_ (rising edge-triggered flip-flop clocked by CLK100MHZ)
Endpoint: _439_ (rising edge-triggered flip-flop clocked by CLK100MHZ)
Path Group: CLK100MHZ
Path Type: max
Corner: Fastest

Fanout     Cap    Slew   Delay    Time   Description
-----------------------------------------------------------------------------
                          0.00    0.00   clock CLK100MHZ (rise edge)
                          0.00    0.00   clock source latency
     1    0.02    0.00    0.00    0.00 ^ CLK100MHZ (in)
                                         CLK100MHZ (net)
                  0.00    0.00    0.00 ^ clkbuf_0_CLK100MHZ/A (sky130_fd_sc_hd__clkbuf_16)
     2    0.02    0.03    0.08    0.08 ^ clkbuf_0_CLK100MHZ/X (sky130_fd_sc_hd__clkbuf_16)
                                         clknet_0_CLK100MHZ (net)
                  0.03    0.00    0.08 ^ clkbuf_1_0__f_CLK100MHZ/A (sky130_fd_sc_hd__clkbuf_16)
    16    0.06    0.06    0.11    0.19 ^ clkbuf_1_0__f_CLK100MHZ/X (sky130_fd_sc_hd__clkbuf_16)
                                         clknet_1_0__leaf_CLK100MHZ (net)
                  0.06    0.00    0.19 ^ _464_/CLK (sky130_fd_sc_hd__dfrtp_1)
     3    0.03    0.17    0.31    0.50 ^ _464_/Q (sky130_fd_sc_hd__dfrtp_1)
                                         imem.address[2] (net)
                  0.17    0.00    0.50 ^ _215_/A (sky130_fd_sc_hd__clkbuf_4)
    10    0.06    0.14    0.20    0.70 ^ _215_/X (sky130_fd_sc_hd__clkbuf_4)
                                         _060_ (net)
                  0.14    0.00    0.70 ^ _216_/A (sky130_fd_sc_hd__clkbuf_2)
     5    0.04    0.18    0.19    0.89 ^ _216_/X (sky130_fd_sc_hd__clkbuf_2)
                                         _061_ (net)
                  0.18    0.00    0.90 ^ _246_/A_N (sky130_fd_sc_hd__and3b_1)
     1    0.01    0.05    0.14    1.04 v _246_/X (sky130_fd_sc_hd__and3b_1)
                                         _088_ (net)
                  0.05    0.00    1.04 v _247_/A (sky130_fd_sc_hd__buf_2)
     7    0.06    0.10    0.15    1.19 v _247_/X (sky130_fd_sc_hd__buf_2)
                                         _089_ (net)
                  0.10    0.00    1.19 v _248_/B (sky130_fd_sc_hd__or2_1)
     1    0.01    0.05    0.16    1.36 v _248_/X (sky130_fd_sc_hd__or2_1)
                                         _090_ (net)
                  0.05    0.00    1.36 v _249_/A (sky130_fd_sc_hd__clkbuf_2)
     5    0.04    0.11    0.15    1.50 v _249_/X (sky130_fd_sc_hd__clkbuf_2)
                                         _091_ (net)
                  0.11    0.00    1.51 v _266_/A2 (sky130_fd_sc_hd__a21o_1)
     2    0.02    0.07    0.18    1.69 v _266_/X (sky130_fd_sc_hd__a21o_1)
                                         _108_ (net)
                  0.07    0.00    1.69 v _268_/B (sky130_fd_sc_hd__or3_2)
     2    0.02    0.09    0.32    2.00 v _268_/X (sky130_fd_sc_hd__or3_2)
                                         _110_ (net)
                  0.09    0.00    2.00 v _312_/A2 (sky130_fd_sc_hd__a21oi_2)
     3    0.02    0.21    0.21    2.21 ^ _312_/Y (sky130_fd_sc_hd__a21oi_2)
                                         _154_ (net)
                  0.21    0.00    2.21 ^ _314_/A2 (sky130_fd_sc_hd__a21oi_1)
     1    0.02    0.14    0.14    2.36 v _314_/Y (sky130_fd_sc_hd__a21oi_1)
                                         _156_ (net)
                  0.14    0.00    2.36 v _315_/B2 (sky130_fd_sc_hd__a2bb2o_4)
     9    0.05    0.07    0.21    2.58 v _315_/X (sky130_fd_sc_hd__a2bb2o_4)
                                         _157_ (net)
                  0.07    0.00    2.58 v _369_/A1 (sky130_fd_sc_hd__mux2_1)
     1    0.02    0.11    0.24    2.82 v _369_/X (sky130_fd_sc_hd__mux2_1)
                                         _202_ (net)
                  0.11    0.00    2.82 v _370_/A (sky130_fd_sc_hd__clkbuf_1)
     1    0.01    0.05    0.11    2.93 v _370_/X (sky130_fd_sc_hd__clkbuf_1)
                                         _005_ (net)
                  0.05    0.00    2.93 v _439_/D (sky130_fd_sc_hd__dfxtp_1)
                                  2.93   data arrival time

                         10.00   10.00   clock CLK100MHZ (rise edge)
                          0.00   10.00   clock source latency
     1    0.02    0.00    0.00   10.00 ^ CLK100MHZ (in)
                                         CLK100MHZ (net)
                  0.00    0.00   10.00 ^ clkbuf_0_CLK100MHZ/A (sky130_fd_sc_hd__clkbuf_16)
     2    0.02    0.03    0.08   10.08 ^ clkbuf_0_CLK100MHZ/X (sky130_fd_sc_hd__clkbuf_16)
                                         clknet_0_CLK100MHZ (net)
                  0.03    0.00   10.08 ^ clkbuf_1_1__f_CLK100MHZ/A (sky130_fd_sc_hd__clkbuf_16)
    13    0.06    0.06    0.11   10.18 ^ clkbuf_1_1__f_CLK100MHZ/X (sky130_fd_sc_hd__clkbuf_16)
                                         clknet_1_1__leaf_CLK100MHZ (net)
                  0.06    0.00   10.19 ^ _439_/CLK (sky130_fd_sc_hd__dfxtp_1)
                         -0.20    9.99   clock uncertainty
                          0.00    9.99   clock reconvergence pessimism
                         -0.07    9.91   library setup time
                                  9.91   data required time
-----------------------------------------------------------------------------
                                  9.91   data required time
                                 -2.93   data arrival time
-----------------------------------------------------------------------------
                                  6.98   slack (MET)


Startpoint: _464_ (rising edge-triggered flip-flop clocked by CLK100MHZ)
Endpoint: _447_ (rising edge-triggered flip-flop clocked by CLK100MHZ)
Path Group: CLK100MHZ
Path Type: max
Corner: Fastest

Fanout     Cap    Slew   Delay    Time   Description
-----------------------------------------------------------------------------
                          0.00    0.00   clock CLK100MHZ (rise edge)
                          0.00    0.00   clock source latency
     1    0.02    0.00    0.00    0.00 ^ CLK100MHZ (in)
                                         CLK100MHZ (net)
                  0.00    0.00    0.00 ^ clkbuf_0_CLK100MHZ/A (sky130_fd_sc_hd__clkbuf_16)
     2    0.02    0.03    0.08    0.08 ^ clkbuf_0_CLK100MHZ/X (sky130_fd_sc_hd__clkbuf_16)
                                         clknet_0_CLK100MHZ (net)
                  0.03    0.00    0.08 ^ clkbuf_1_0__f_CLK100MHZ/A (sky130_fd_sc_hd__clkbuf_16)
    16    0.06    0.06    0.11    0.19 ^ clkbuf_1_0__f_CLK100MHZ/X (sky130_fd_sc_hd__clkbuf_16)
                                         clknet_1_0__leaf_CLK100MHZ (net)
                  0.06    0.00    0.19 ^ _464_/CLK (sky130_fd_sc_hd__dfrtp_1)
     3    0.03    0.17    0.31    0.50 ^ _464_/Q (sky130_fd_sc_hd__dfrtp_1)
                                         imem.address[2] (net)
                  0.17    0.00    0.50 ^ _215_/A (sky130_fd_sc_hd__clkbuf_4)
    10    0.06    0.14    0.20    0.70 ^ _215_/X (sky130_fd_sc_hd__clkbuf_4)
                                         _060_ (net)
                  0.14    0.00    0.71 ^ _235_/A_N (sky130_fd_sc_hd__and2b_1)
     1    0.02    0.07    0.16    0.87 v _235_/X (sky130_fd_sc_hd__and2b_1)
                                         _077_ (net)
                  0.07    0.00    0.87 v _236_/A (sky130_fd_sc_hd__clkbuf_2)
     4    0.05    0.12    0.17    1.03 v _236_/X (sky130_fd_sc_hd__clkbuf_2)
                                         _078_ (net)
                  0.12    0.00    1.04 v _237_/B (sky130_fd_sc_hd__nand2_1)
     1    0.02    0.15    0.16    1.20 ^ _237_/Y (sky130_fd_sc_hd__nand2_1)
                                         _079_ (net)
                  0.15    0.00    1.20 ^ _239_/A3 (sky130_fd_sc_hd__a31o_2)
     5    0.04    0.17    0.20    1.40 ^ _239_/X (sky130_fd_sc_hd__a31o_2)
                                         _081_ (net)
                  0.17    0.00    1.41 ^ _240_/A (sky130_fd_sc_hd__buf_1)
     3    0.02    0.18    0.17    1.57 ^ _240_/X (sky130_fd_sc_hd__buf_1)
                                         _082_ (net)
                  0.18    0.00    1.57 ^ _241_/A (sky130_fd_sc_hd__dlymetal6s2s_1)
     3    0.04    0.28    0.25    1.82 ^ _241_/X (sky130_fd_sc_hd__dlymetal6s2s_1)
                                         _083_ (net)
                  0.28    0.00    1.82 ^ _275_/A (sky130_fd_sc_hd__buf_1)
     2    0.01    0.13    0.13    1.95 ^ _275_/X (sky130_fd_sc_hd__buf_1)
                                         _117_ (net)
                  0.13    0.00    1.95 ^ _304_/A (sky130_fd_sc_hd__nand2_1)
     2    0.03    0.14    0.13    2.08 v _304_/Y (sky130_fd_sc_hd__nand2_1)
                                         _146_ (net)
                  0.14    0.00    2.08 v _341_/A2 (sky130_fd_sc_hd__a21oi_1)
     1    0.02    0.35    0.33    2.41 ^ _341_/Y (sky130_fd_sc_hd__a21oi_1)
                                         _183_ (net)
                  0.35    0.00    2.41 ^ _342_/B1 (sky130_fd_sc_hd__a31o_2)
     9    0.05    0.22    0.21    2.62 ^ _342_/X (sky130_fd_sc_hd__a31o_2)
                                         _184_ (net)
                  0.22    0.00    2.62 ^ _400_/A0 (sky130_fd_sc_hd__mux2_1)
     1    0.02    0.12    0.17    2.79 ^ _400_/X (sky130_fd_sc_hd__mux2_1)
                                         _041_ (net)
                  0.12    0.00    2.79 ^ _401_/A (sky130_fd_sc_hd__buf_1)
     1    0.02    0.16    0.15    2.94 ^ _401_/X (sky130_fd_sc_hd__buf_1)
                                         _013_ (net)
                  0.16    0.00    2.94 ^ _447_/D (sky130_fd_sc_hd__dfxtp_1)
                                  2.94   data arrival time

                         10.00   10.00   clock CLK100MHZ (rise edge)
                          0.00   10.00   clock source latency
     1    0.02    0.00    0.00   10.00 ^ CLK100MHZ (in)
                                         CLK100MHZ (net)
                  0.00    0.00   10.00 ^ clkbuf_0_CLK100MHZ/A (sky130_fd_sc_hd__clkbuf_16)
     2    0.02    0.03    0.08   10.08 ^ clkbuf_0_CLK100MHZ/X (sky130_fd_sc_hd__clkbuf_16)
                                         clknet_0_CLK100MHZ (net)
                  0.03    0.00   10.08 ^ clkbuf_1_1__f_CLK100MHZ/A (sky130_fd_sc_hd__clkbuf_16)
    13    0.06    0.06    0.11   10.18 ^ clkbuf_1_1__f_CLK100MHZ/X (sky130_fd_sc_hd__clkbuf_16)
                                         clknet_1_1__leaf_CLK100MHZ (net)
                  0.06    0.00   10.19 ^ _447_/CLK (sky130_fd_sc_hd__dfxtp_1)
                         -0.20    9.99   clock uncertainty
                          0.00    9.99   clock reconvergence pessimism
                         -0.04    9.95   library setup time
                                  9.95   data required time
-----------------------------------------------------------------------------
                                  9.95   data required time
                                 -2.94   data arrival time
-----------------------------------------------------------------------------
                                  7.01   slack (MET)


Startpoint: _464_ (rising edge-triggered flip-flop clocked by CLK100MHZ)
Endpoint: _438_ (rising edge-triggered flip-flop clocked by CLK100MHZ)
Path Group: CLK100MHZ
Path Type: max
Corner: Fastest

Fanout     Cap    Slew   Delay    Time   Description
-----------------------------------------------------------------------------
                          0.00    0.00   clock CLK100MHZ (rise edge)
                          0.00    0.00   clock source latency
     1    0.02    0.00    0.00    0.00 ^ CLK100MHZ (in)
                                         CLK100MHZ (net)
                  0.00    0.00    0.00 ^ clkbuf_0_CLK100MHZ/A (sky130_fd_sc_hd__clkbuf_16)
     2    0.02    0.03    0.08    0.08 ^ clkbuf_0_CLK100MHZ/X (sky130_fd_sc_hd__clkbuf_16)
                                         clknet_0_CLK100MHZ (net)
                  0.03    0.00    0.08 ^ clkbuf_1_0__f_CLK100MHZ/A (sky130_fd_sc_hd__clkbuf_16)
    16    0.06    0.06    0.11    0.19 ^ clkbuf_1_0__f_CLK100MHZ/X (sky130_fd_sc_hd__clkbuf_16)
                                         clknet_1_0__leaf_CLK100MHZ (net)
                  0.06    0.00    0.19 ^ _464_/CLK (sky130_fd_sc_hd__dfrtp_1)
     3    0.03    0.10    0.30    0.49 v _464_/Q (sky130_fd_sc_hd__dfrtp_1)
                                         imem.address[2] (net)
                  0.10    0.00    0.49 v _215_/A (sky130_fd_sc_hd__clkbuf_4)
    10    0.06    0.09    0.17    0.66 v _215_/X (sky130_fd_sc_hd__clkbuf_4)
                                         _060_ (net)
                  0.09    0.00    0.66 v _235_/A_N (sky130_fd_sc_hd__and2b_1)
     1    0.02    0.13    0.21    0.87 ^ _235_/X (sky130_fd_sc_hd__and2b_1)
                                         _077_ (net)
                  0.13    0.00    0.88 ^ _236_/A (sky130_fd_sc_hd__clkbuf_2)
     4    0.05    0.21    0.21    1.08 ^ _236_/X (sky130_fd_sc_hd__clkbuf_2)
                                         _078_ (net)
                  0.21    0.00    1.09 ^ _237_/B (sky130_fd_sc_hd__nand2_1)
     1    0.02    0.11    0.12    1.20 v _237_/Y (sky130_fd_sc_hd__nand2_1)
                                         _079_ (net)
                  0.11    0.00    1.20 v _239_/A3 (sky130_fd_sc_hd__a31o_2)
     5    0.04    0.08    0.24    1.45 v _239_/X (sky130_fd_sc_hd__a31o_2)
                                         _081_ (net)
                  0.08    0.00    1.45 v _240_/A (sky130_fd_sc_hd__buf_1)
     3    0.02    0.08    0.13    1.58 v _240_/X (sky130_fd_sc_hd__buf_1)
                                         _082_ (net)
                  0.08    0.00    1.58 v _241_/A (sky130_fd_sc_hd__dlymetal6s2s_1)
     3    0.03    0.12    0.19    1.76 v _241_/X (sky130_fd_sc_hd__dlymetal6s2s_1)
                                         _083_ (net)
                  0.12    0.00    1.77 v _242_/A (sky130_fd_sc_hd__buf_1)
     2    0.03    0.12    0.17    1.94 v _242_/X (sky130_fd_sc_hd__buf_1)
                                         _084_ (net)
                  0.12    0.00    1.94 v _254_/A (sky130_fd_sc_hd__nor2_2)
     3    0.04    0.29    0.28    2.22 ^ _254_/Y (sky130_fd_sc_hd__nor2_2)
                                         _096_ (net)
                  0.29    0.00    2.22 ^ _280_/B1 (sky130_fd_sc_hd__a21oi_1)
     2    0.01    0.10    0.07    2.29 v _280_/Y (sky130_fd_sc_hd__a21oi_1)
                                         _122_ (net)
                  0.10    0.00    2.29 v _281_/B (sky130_fd_sc_hd__and2_1)
     1    0.01    0.04    0.14    2.43 v _281_/X (sky130_fd_sc_hd__and2_1)
                                         _123_ (net)
                  0.04    0.00    2.43 v _296_/B1 (sky130_fd_sc_hd__a22o_4)
     9    0.06    0.08    0.16    2.59 v _296_/X (sky130_fd_sc_hd__a22o_4)
                                         _138_ (net)
                  0.08    0.01    2.59 v _367_/A1 (sky130_fd_sc_hd__mux2_1)
     1    0.01    0.07    0.21    2.80 v _367_/X (sky130_fd_sc_hd__mux2_1)
                                         _201_ (net)
                  0.07    0.00    2.80 v _368_/A (sky130_fd_sc_hd__clkbuf_1)
     1    0.01    0.05    0.10    2.90 v _368_/X (sky130_fd_sc_hd__clkbuf_1)
                                         _004_ (net)
                  0.05    0.00    2.90 v _438_/D (sky130_fd_sc_hd__dfxtp_1)
                                  2.90   data arrival time

                         10.00   10.00   clock CLK100MHZ (rise edge)
                          0.00   10.00   clock source latency
     1    0.02    0.00    0.00   10.00 ^ CLK100MHZ (in)
                                         CLK100MHZ (net)
                  0.00    0.00   10.00 ^ clkbuf_0_CLK100MHZ/A (sky130_fd_sc_hd__clkbuf_16)
     2    0.02    0.03    0.08   10.08 ^ clkbuf_0_CLK100MHZ/X (sky130_fd_sc_hd__clkbuf_16)
                                         clknet_0_CLK100MHZ (net)
                  0.03    0.00   10.08 ^ clkbuf_1_1__f_CLK100MHZ/A (sky130_fd_sc_hd__clkbuf_16)
    13    0.06    0.06    0.11   10.18 ^ clkbuf_1_1__f_CLK100MHZ/X (sky130_fd_sc_hd__clkbuf_16)
                                         clknet_1_1__leaf_CLK100MHZ (net)
                  0.06    0.00   10.19 ^ _438_/CLK (sky130_fd_sc_hd__dfxtp_1)
                         -0.20    9.99   clock uncertainty
                          0.00    9.99   clock reconvergence pessimism
                         -0.07    9.91   library setup time
                                  9.91   data required time
-----------------------------------------------------------------------------
                                  9.91   data required time
                                 -2.90   data arrival time
-----------------------------------------------------------------------------
                                  7.01   slack (MET)


Startpoint: _464_ (rising edge-triggered flip-flop clocked by CLK100MHZ)
Endpoint: _457_ (rising edge-triggered flip-flop clocked by CLK100MHZ)
Path Group: CLK100MHZ
Path Type: max
Corner: Fastest

Fanout     Cap    Slew   Delay    Time   Description
-----------------------------------------------------------------------------
                          0.00    0.00   clock CLK100MHZ (rise edge)
                          0.00    0.00   clock source latency
     1    0.02    0.00    0.00    0.00 ^ CLK100MHZ (in)
                                         CLK100MHZ (net)
                  0.00    0.00    0.00 ^ clkbuf_0_CLK100MHZ/A (sky130_fd_sc_hd__clkbuf_16)
     2    0.02    0.03    0.08    0.08 ^ clkbuf_0_CLK100MHZ/X (sky130_fd_sc_hd__clkbuf_16)
                                         clknet_0_CLK100MHZ (net)
                  0.03    0.00    0.08 ^ clkbuf_1_0__f_CLK100MHZ/A (sky130_fd_sc_hd__clkbuf_16)
    16    0.06    0.06    0.11    0.19 ^ clkbuf_1_0__f_CLK100MHZ/X (sky130_fd_sc_hd__clkbuf_16)
                                         clknet_1_0__leaf_CLK100MHZ (net)
                  0.06    0.00    0.19 ^ _464_/CLK (sky130_fd_sc_hd__dfrtp_1)
     3    0.03    0.17    0.31    0.50 ^ _464_/Q (sky130_fd_sc_hd__dfrtp_1)
                                         imem.address[2] (net)
                  0.17    0.00    0.50 ^ _215_/A (sky130_fd_sc_hd__clkbuf_4)
    10    0.06    0.14    0.20    0.70 ^ _215_/X (sky130_fd_sc_hd__clkbuf_4)
                                         _060_ (net)
                  0.14    0.00    0.71 ^ _235_/A_N (sky130_fd_sc_hd__and2b_1)
     1    0.02    0.07    0.16    0.87 v _235_/X (sky130_fd_sc_hd__and2b_1)
                                         _077_ (net)
                  0.07    0.00    0.87 v _236_/A (sky130_fd_sc_hd__clkbuf_2)
     4    0.05    0.12    0.17    1.03 v _236_/X (sky130_fd_sc_hd__clkbuf_2)
                                         _078_ (net)
                  0.12    0.00    1.04 v _237_/B (sky130_fd_sc_hd__nand2_1)
     1    0.02    0.15    0.16    1.20 ^ _237_/Y (sky130_fd_sc_hd__nand2_1)
                                         _079_ (net)
                  0.15    0.00    1.20 ^ _239_/A3 (sky130_fd_sc_hd__a31o_2)
     5    0.04    0.17    0.20    1.40 ^ _239_/X (sky130_fd_sc_hd__a31o_2)
                                         _081_ (net)
                  0.17    0.00    1.41 ^ _240_/A (sky130_fd_sc_hd__buf_1)
     3    0.02    0.18    0.17    1.57 ^ _240_/X (sky130_fd_sc_hd__buf_1)
                                         _082_ (net)
                  0.18    0.00    1.57 ^ _241_/A (sky130_fd_sc_hd__dlymetal6s2s_1)
     3    0.04    0.28    0.25    1.82 ^ _241_/X (sky130_fd_sc_hd__dlymetal6s2s_1)
                                         _083_ (net)
                  0.28    0.00    1.82 ^ _275_/A (sky130_fd_sc_hd__buf_1)
     2    0.01    0.13    0.13    1.95 ^ _275_/X (sky130_fd_sc_hd__buf_1)
                                         _117_ (net)
                  0.13    0.00    1.95 ^ _304_/A (sky130_fd_sc_hd__nand2_1)
     2    0.03    0.14    0.13    2.08 v _304_/Y (sky130_fd_sc_hd__nand2_1)
                                         _146_ (net)
                  0.14    0.00    2.08 v _341_/A2 (sky130_fd_sc_hd__a21oi_1)
     1    0.02    0.35    0.33    2.41 ^ _341_/Y (sky130_fd_sc_hd__a21oi_1)
                                         _183_ (net)
                  0.35    0.00    2.41 ^ _342_/B1 (sky130_fd_sc_hd__a31o_2)
     9    0.05    0.22    0.21    2.62 ^ _342_/X (sky130_fd_sc_hd__a31o_2)
                                         _184_ (net)
                  0.22    0.00    2.62 ^ _424_/A1 (sky130_fd_sc_hd__mux2_1)
     1    0.01    0.09    0.15    2.77 ^ _424_/X (sky130_fd_sc_hd__mux2_1)
                                         _055_ (net)
                  0.09    0.00    2.77 ^ _425_/A (sky130_fd_sc_hd__clkbuf_1)
     1    0.02    0.15    0.14    2.91 ^ _425_/X (sky130_fd_sc_hd__clkbuf_1)
                                         _023_ (net)
                  0.15    0.00    2.91 ^ _457_/D (sky130_fd_sc_hd__dfxtp_1)
                                  2.91   data arrival time

                         10.00   10.00   clock CLK100MHZ (rise edge)
                          0.00   10.00   clock source latency
     1    0.02    0.00    0.00   10.00 ^ CLK100MHZ (in)
                                         CLK100MHZ (net)
                  0.00    0.00   10.00 ^ clkbuf_0_CLK100MHZ/A (sky130_fd_sc_hd__clkbuf_16)
     2    0.02    0.03    0.08   10.08 ^ clkbuf_0_CLK100MHZ/X (sky130_fd_sc_hd__clkbuf_16)
                                         clknet_0_CLK100MHZ (net)
                  0.03    0.00   10.08 ^ clkbuf_1_1__f_CLK100MHZ/A (sky130_fd_sc_hd__clkbuf_16)
    13    0.06    0.06    0.11   10.18 ^ clkbuf_1_1__f_CLK100MHZ/X (sky130_fd_sc_hd__clkbuf_16)
                                         clknet_1_1__leaf_CLK100MHZ (net)
                  0.06    0.00   10.19 ^ _457_/CLK (sky130_fd_sc_hd__dfxtp_1)
                         -0.20    9.99   clock uncertainty
                          0.00    9.99   clock reconvergence pessimism
                         -0.04    9.95   library setup time
                                  9.95   data required time
-----------------------------------------------------------------------------
                                  9.95   data required time
                                 -2.91   data arrival time
-----------------------------------------------------------------------------
                                  7.04   slack (MET)


Startpoint: _464_ (rising edge-triggered flip-flop clocked by CLK100MHZ)
Endpoint: _448_ (rising edge-triggered flip-flop clocked by CLK100MHZ)
Path Group: CLK100MHZ
Path Type: max
Corner: Fastest

Fanout     Cap    Slew   Delay    Time   Description
-----------------------------------------------------------------------------
                          0.00    0.00   clock CLK100MHZ (rise edge)
                          0.00    0.00   clock source latency
     1    0.02    0.00    0.00    0.00 ^ CLK100MHZ (in)
                                         CLK100MHZ (net)
                  0.00    0.00    0.00 ^ clkbuf_0_CLK100MHZ/A (sky130_fd_sc_hd__clkbuf_16)
     2    0.02    0.03    0.08    0.08 ^ clkbuf_0_CLK100MHZ/X (sky130_fd_sc_hd__clkbuf_16)
                                         clknet_0_CLK100MHZ (net)
                  0.03    0.00    0.08 ^ clkbuf_1_0__f_CLK100MHZ/A (sky130_fd_sc_hd__clkbuf_16)
    16    0.06    0.06    0.11    0.19 ^ clkbuf_1_0__f_CLK100MHZ/X (sky130_fd_sc_hd__clkbuf_16)
                                         clknet_1_0__leaf_CLK100MHZ (net)
                  0.06    0.00    0.19 ^ _464_/CLK (sky130_fd_sc_hd__dfrtp_1)
     3    0.03    0.10    0.30    0.49 v _464_/Q (sky130_fd_sc_hd__dfrtp_1)
                                         imem.address[2] (net)
                  0.10    0.00    0.49 v _215_/A (sky130_fd_sc_hd__clkbuf_4)
    10    0.06    0.09    0.17    0.66 v _215_/X (sky130_fd_sc_hd__clkbuf_4)
                                         _060_ (net)
                  0.09    0.00    0.66 v _235_/A_N (sky130_fd_sc_hd__and2b_1)
     1    0.02    0.13    0.21    0.87 ^ _235_/X (sky130_fd_sc_hd__and2b_1)
                                         _077_ (net)
                  0.13    0.00    0.88 ^ _236_/A (sky130_fd_sc_hd__clkbuf_2)
     4    0.05    0.21    0.21    1.08 ^ _236_/X (sky130_fd_sc_hd__clkbuf_2)
                                         _078_ (net)
                  0.21    0.00    1.09 ^ _237_/B (sky130_fd_sc_hd__nand2_1)
     1    0.02    0.11    0.12    1.20 v _237_/Y (sky130_fd_sc_hd__nand2_1)
                                         _079_ (net)
                  0.11    0.00    1.20 v _239_/A3 (sky130_fd_sc_hd__a31o_2)
     5    0.04    0.08    0.24    1.45 v _239_/X (sky130_fd_sc_hd__a31o_2)
                                         _081_ (net)
                  0.08    0.00    1.45 v _240_/A (sky130_fd_sc_hd__buf_1)
     3    0.02    0.08    0.13    1.58 v _240_/X (sky130_fd_sc_hd__buf_1)
                                         _082_ (net)
                  0.08    0.00    1.58 v _241_/A (sky130_fd_sc_hd__dlymetal6s2s_1)
     3    0.03    0.12    0.19    1.76 v _241_/X (sky130_fd_sc_hd__dlymetal6s2s_1)
                                         _083_ (net)
                  0.12    0.00    1.77 v _242_/A (sky130_fd_sc_hd__buf_1)
     2    0.03    0.12    0.17    1.94 v _242_/X (sky130_fd_sc_hd__buf_1)
                                         _084_ (net)
                  0.12    0.00    1.94 v _254_/A (sky130_fd_sc_hd__nor2_2)
     3    0.04    0.29    0.28    2.22 ^ _254_/Y (sky130_fd_sc_hd__nor2_2)
                                         _096_ (net)
                  0.29    0.00    2.22 ^ _280_/B1 (sky130_fd_sc_hd__a21oi_1)
     2    0.01    0.10    0.07    2.29 v _280_/Y (sky130_fd_sc_hd__a21oi_1)
                                         _122_ (net)
                  0.10    0.00    2.29 v _281_/B (sky130_fd_sc_hd__and2_1)
     1    0.01    0.04    0.14    2.43 v _281_/X (sky130_fd_sc_hd__and2_1)
                                         _123_ (net)
                  0.04    0.00    2.43 v _296_/B1 (sky130_fd_sc_hd__a22o_4)
     9    0.06    0.08    0.16    2.59 v _296_/X (sky130_fd_sc_hd__a22o_4)
                                         _138_ (net)
                  0.08    0.00    2.59 v _402_/A0 (sky130_fd_sc_hd__mux2_1)
     1    0.01    0.06    0.18    2.77 v _402_/X (sky130_fd_sc_hd__mux2_1)
                                         _042_ (net)
                  0.06    0.00    2.77 v _403_/A (sky130_fd_sc_hd__clkbuf_1)
     1    0.01    0.05    0.10    2.87 v _403_/X (sky130_fd_sc_hd__clkbuf_1)
                                         _014_ (net)
                  0.05    0.00    2.87 v _448_/D (sky130_fd_sc_hd__dfxtp_1)
                                  2.87   data arrival time

                         10.00   10.00   clock CLK100MHZ (rise edge)
                          0.00   10.00   clock source latency
     1    0.02    0.00    0.00   10.00 ^ CLK100MHZ (in)
                                         CLK100MHZ (net)
                  0.00    0.00   10.00 ^ clkbuf_0_CLK100MHZ/A (sky130_fd_sc_hd__clkbuf_16)
     2    0.02    0.03    0.08   10.08 ^ clkbuf_0_CLK100MHZ/X (sky130_fd_sc_hd__clkbuf_16)
                                         clknet_0_CLK100MHZ (net)
                  0.03    0.00   10.08 ^ clkbuf_1_0__f_CLK100MHZ/A (sky130_fd_sc_hd__clkbuf_16)
    16    0.06    0.06    0.11   10.19 ^ clkbuf_1_0__f_CLK100MHZ/X (sky130_fd_sc_hd__clkbuf_16)
                                         clknet_1_0__leaf_CLK100MHZ (net)
                  0.06    0.00   10.19 ^ _448_/CLK (sky130_fd_sc_hd__dfxtp_1)
                         -0.20    9.99   clock uncertainty
                          0.00    9.99   clock reconvergence pessimism
                         -0.08    9.91   library setup time
                                  9.91   data required time
-----------------------------------------------------------------------------
                                  9.91   data required time
                                 -2.87   data arrival time
-----------------------------------------------------------------------------
                                  7.04   slack (MET)


Startpoint: _464_ (rising edge-triggered flip-flop clocked by CLK100MHZ)
Endpoint: _459_ (rising edge-triggered flip-flop clocked by CLK100MHZ)
Path Group: CLK100MHZ
Path Type: max
Corner: Fastest

Fanout     Cap    Slew   Delay    Time   Description
-----------------------------------------------------------------------------
                          0.00    0.00   clock CLK100MHZ (rise edge)
                          0.00    0.00   clock source latency
     1    0.02    0.00    0.00    0.00 ^ CLK100MHZ (in)
                                         CLK100MHZ (net)
                  0.00    0.00    0.00 ^ clkbuf_0_CLK100MHZ/A (sky130_fd_sc_hd__clkbuf_16)
     2    0.02    0.03    0.08    0.08 ^ clkbuf_0_CLK100MHZ/X (sky130_fd_sc_hd__clkbuf_16)
                                         clknet_0_CLK100MHZ (net)
                  0.03    0.00    0.08 ^ clkbuf_1_0__f_CLK100MHZ/A (sky130_fd_sc_hd__clkbuf_16)
    16    0.06    0.06    0.11    0.19 ^ clkbuf_1_0__f_CLK100MHZ/X (sky130_fd_sc_hd__clkbuf_16)
                                         clknet_1_0__leaf_CLK100MHZ (net)
                  0.06    0.00    0.19 ^ _464_/CLK (sky130_fd_sc_hd__dfrtp_1)
     3    0.03    0.17    0.31    0.50 ^ _464_/Q (sky130_fd_sc_hd__dfrtp_1)
                                         imem.address[2] (net)
                  0.17    0.00    0.50 ^ _215_/A (sky130_fd_sc_hd__clkbuf_4)
    10    0.06    0.14    0.20    0.70 ^ _215_/X (sky130_fd_sc_hd__clkbuf_4)
                                         _060_ (net)
                  0.14    0.00    0.70 ^ _216_/A (sky130_fd_sc_hd__clkbuf_2)
     5    0.04    0.18    0.19    0.89 ^ _216_/X (sky130_fd_sc_hd__clkbuf_2)
                                         _061_ (net)
                  0.18    0.00    0.90 ^ _246_/A_N (sky130_fd_sc_hd__and3b_1)
     1    0.01    0.05    0.14    1.04 v _246_/X (sky130_fd_sc_hd__and3b_1)
                                         _088_ (net)
                  0.05    0.00    1.04 v _247_/A (sky130_fd_sc_hd__buf_2)
     7    0.06    0.10    0.15    1.19 v _247_/X (sky130_fd_sc_hd__buf_2)
                                         _089_ (net)
                  0.10    0.00    1.19 v _248_/B (sky130_fd_sc_hd__or2_1)
     1    0.01    0.05    0.16    1.36 v _248_/X (sky130_fd_sc_hd__or2_1)
                                         _090_ (net)
                  0.05    0.00    1.36 v _249_/A (sky130_fd_sc_hd__clkbuf_2)
     5    0.04    0.11    0.15    1.50 v _249_/X (sky130_fd_sc_hd__clkbuf_2)
                                         _091_ (net)
                  0.11    0.00    1.51 v _266_/A2 (sky130_fd_sc_hd__a21o_1)
     2    0.02    0.07    0.18    1.69 v _266_/X (sky130_fd_sc_hd__a21o_1)
                                         _108_ (net)
                  0.07    0.00    1.69 v _268_/B (sky130_fd_sc_hd__or3_2)
     2    0.02    0.09    0.32    2.00 v _268_/X (sky130_fd_sc_hd__or3_2)
                                         _110_ (net)
                  0.09    0.00    2.00 v _312_/A2 (sky130_fd_sc_hd__a21oi_2)
     3    0.02    0.21    0.21    2.21 ^ _312_/Y (sky130_fd_sc_hd__a21oi_2)
                                         _154_ (net)
                  0.21    0.00    2.21 ^ _314_/A2 (sky130_fd_sc_hd__a21oi_1)
     1    0.02    0.14    0.14    2.36 v _314_/Y (sky130_fd_sc_hd__a21oi_1)
                                         _156_ (net)
                  0.14    0.00    2.36 v _315_/B2 (sky130_fd_sc_hd__a2bb2o_4)
     9    0.05    0.07    0.21    2.58 v _315_/X (sky130_fd_sc_hd__a2bb2o_4)
                                         _157_ (net)
                  0.07    0.00    2.58 v _428_/A1 (sky130_fd_sc_hd__mux2_1)
     1    0.01    0.06    0.19    2.77 v _428_/X (sky130_fd_sc_hd__mux2_1)
                                         _057_ (net)
                  0.06    0.00    2.77 v _429_/A (sky130_fd_sc_hd__buf_1)
     1    0.01    0.05    0.10    2.87 v _429_/X (sky130_fd_sc_hd__buf_1)
                                         _025_ (net)
                  0.05    0.00    2.87 v _459_/D (sky130_fd_sc_hd__dfxtp_1)
                                  2.87   data arrival time

                         10.00   10.00   clock CLK100MHZ (rise edge)
                          0.00   10.00   clock source latency
     1    0.02    0.00    0.00   10.00 ^ CLK100MHZ (in)
                                         CLK100MHZ (net)
                  0.00    0.00   10.00 ^ clkbuf_0_CLK100MHZ/A (sky130_fd_sc_hd__clkbuf_16)
     2    0.02    0.03    0.08   10.08 ^ clkbuf_0_CLK100MHZ/X (sky130_fd_sc_hd__clkbuf_16)
                                         clknet_0_CLK100MHZ (net)
                  0.03    0.00   10.08 ^ clkbuf_1_0__f_CLK100MHZ/A (sky130_fd_sc_hd__clkbuf_16)
    16    0.06    0.06    0.11   10.19 ^ clkbuf_1_0__f_CLK100MHZ/X (sky130_fd_sc_hd__clkbuf_16)
                                         clknet_1_0__leaf_CLK100MHZ (net)
                  0.06    0.00   10.19 ^ _459_/CLK (sky130_fd_sc_hd__dfxtp_1)
                         -0.20    9.99   clock uncertainty
                          0.00    9.99   clock reconvergence pessimism
                         -0.07    9.91   library setup time
                                  9.91   data required time
-----------------------------------------------------------------------------
                                  9.91   data required time
                                 -2.87   data arrival time
-----------------------------------------------------------------------------
                                  7.05   slack (MET)


Startpoint: _464_ (rising edge-triggered flip-flop clocked by CLK100MHZ)
Endpoint: _458_ (rising edge-triggered flip-flop clocked by CLK100MHZ)
Path Group: CLK100MHZ
Path Type: max
Corner: Fastest

Fanout     Cap    Slew   Delay    Time   Description
-----------------------------------------------------------------------------
                          0.00    0.00   clock CLK100MHZ (rise edge)
                          0.00    0.00   clock source latency
     1    0.02    0.00    0.00    0.00 ^ CLK100MHZ (in)
                                         CLK100MHZ (net)
                  0.00    0.00    0.00 ^ clkbuf_0_CLK100MHZ/A (sky130_fd_sc_hd__clkbuf_16)
     2    0.02    0.03    0.08    0.08 ^ clkbuf_0_CLK100MHZ/X (sky130_fd_sc_hd__clkbuf_16)
                                         clknet_0_CLK100MHZ (net)
                  0.03    0.00    0.08 ^ clkbuf_1_0__f_CLK100MHZ/A (sky130_fd_sc_hd__clkbuf_16)
    16    0.06    0.06    0.11    0.19 ^ clkbuf_1_0__f_CLK100MHZ/X (sky130_fd_sc_hd__clkbuf_16)
                                         clknet_1_0__leaf_CLK100MHZ (net)
                  0.06    0.00    0.19 ^ _464_/CLK (sky130_fd_sc_hd__dfrtp_1)
     3    0.03    0.10    0.30    0.49 v _464_/Q (sky130_fd_sc_hd__dfrtp_1)
                                         imem.address[2] (net)
                  0.10    0.00    0.49 v _215_/A (sky130_fd_sc_hd__clkbuf_4)
    10    0.06    0.09    0.17    0.66 v _215_/X (sky130_fd_sc_hd__clkbuf_4)
                                         _060_ (net)
                  0.09    0.00    0.66 v _235_/A_N (sky130_fd_sc_hd__and2b_1)
     1    0.02    0.13    0.21    0.87 ^ _235_/X (sky130_fd_sc_hd__and2b_1)
                                         _077_ (net)
                  0.13    0.00    0.88 ^ _236_/A (sky130_fd_sc_hd__clkbuf_2)
     4    0.05    0.21    0.21    1.08 ^ _236_/X (sky130_fd_sc_hd__clkbuf_2)
                                         _078_ (net)
                  0.21    0.00    1.09 ^ _237_/B (sky130_fd_sc_hd__nand2_1)
     1    0.02    0.11    0.12    1.20 v _237_/Y (sky130_fd_sc_hd__nand2_1)
                                         _079_ (net)
                  0.11    0.00    1.20 v _239_/A3 (sky130_fd_sc_hd__a31o_2)
     5    0.04    0.08    0.24    1.45 v _239_/X (sky130_fd_sc_hd__a31o_2)
                                         _081_ (net)
                  0.08    0.00    1.45 v _240_/A (sky130_fd_sc_hd__buf_1)
     3    0.02    0.08    0.13    1.58 v _240_/X (sky130_fd_sc_hd__buf_1)
                                         _082_ (net)
                  0.08    0.00    1.58 v _241_/A (sky130_fd_sc_hd__dlymetal6s2s_1)
     3    0.03    0.12    0.19    1.76 v _241_/X (sky130_fd_sc_hd__dlymetal6s2s_1)
                                         _083_ (net)
                  0.12    0.00    1.77 v _242_/A (sky130_fd_sc_hd__buf_1)
     2    0.03    0.12    0.17    1.94 v _242_/X (sky130_fd_sc_hd__buf_1)
                                         _084_ (net)
                  0.12    0.00    1.94 v _254_/A (sky130_fd_sc_hd__nor2_2)
     3    0.04    0.29    0.28    2.22 ^ _254_/Y (sky130_fd_sc_hd__nor2_2)
                                         _096_ (net)
                  0.29    0.00    2.22 ^ _280_/B1 (sky130_fd_sc_hd__a21oi_1)
     2    0.01    0.10    0.07    2.29 v _280_/Y (sky130_fd_sc_hd__a21oi_1)
                                         _122_ (net)
                  0.10    0.00    2.29 v _281_/B (sky130_fd_sc_hd__and2_1)
     1    0.01    0.04    0.14    2.43 v _281_/X (sky130_fd_sc_hd__and2_1)
                                         _123_ (net)
                  0.04    0.00    2.43 v _296_/B1 (sky130_fd_sc_hd__a22o_4)
     9    0.06    0.08    0.16    2.59 v _296_/X (sky130_fd_sc_hd__a22o_4)
                                         _138_ (net)
                  0.08    0.01    2.59 v _426_/A1 (sky130_fd_sc_hd__mux2_1)
     1    0.01    0.06    0.19    2.78 v _426_/X (sky130_fd_sc_hd__mux2_1)
                                         _056_ (net)
                  0.06    0.00    2.78 v _427_/A (sky130_fd_sc_hd__clkbuf_1)
     1    0.01    0.04    0.09    2.87 v _427_/X (sky130_fd_sc_hd__clkbuf_1)
                                         _024_ (net)
                  0.04    0.00    2.87 v _458_/D (sky130_fd_sc_hd__dfxtp_1)
                                  2.87   data arrival time

                         10.00   10.00   clock CLK100MHZ (rise edge)
                          0.00   10.00   clock source latency
     1    0.02    0.00    0.00   10.00 ^ CLK100MHZ (in)
                                         CLK100MHZ (net)
                  0.00    0.00   10.00 ^ clkbuf_0_CLK100MHZ/A (sky130_fd_sc_hd__clkbuf_16)
     2    0.02    0.03    0.08   10.08 ^ clkbuf_0_CLK100MHZ/X (sky130_fd_sc_hd__clkbuf_16)
                                         clknet_0_CLK100MHZ (net)
                  0.03    0.00   10.08 ^ clkbuf_1_1__f_CLK100MHZ/A (sky130_fd_sc_hd__clkbuf_16)
    13    0.06    0.06    0.11   10.18 ^ clkbuf_1_1__f_CLK100MHZ/X (sky130_fd_sc_hd__clkbuf_16)
                                         clknet_1_1__leaf_CLK100MHZ (net)
                  0.06    0.00   10.19 ^ _458_/CLK (sky130_fd_sc_hd__dfxtp_1)
                         -0.20    9.99   clock uncertainty
                          0.00    9.99   clock reconvergence pessimism
                         -0.07    9.92   library setup time
                                  9.92   data required time
-----------------------------------------------------------------------------
                                  9.92   data required time
                                 -2.87   data arrival time
-----------------------------------------------------------------------------
                                  7.05   slack (MET)


Startpoint: _464_ (rising edge-triggered flip-flop clocked by CLK100MHZ)
Endpoint: _444_ (rising edge-triggered flip-flop clocked by CLK100MHZ)
Path Group: CLK100MHZ
Path Type: max
Corner: Fastest

Fanout     Cap    Slew   Delay    Time   Description
-----------------------------------------------------------------------------
                          0.00    0.00   clock CLK100MHZ (rise edge)
                          0.00    0.00   clock source latency
     1    0.02    0.00    0.00    0.00 ^ CLK100MHZ (in)
                                         CLK100MHZ (net)
                  0.00    0.00    0.00 ^ clkbuf_0_CLK100MHZ/A (sky130_fd_sc_hd__clkbuf_16)
     2    0.02    0.03    0.08    0.08 ^ clkbuf_0_CLK100MHZ/X (sky130_fd_sc_hd__clkbuf_16)
                                         clknet_0_CLK100MHZ (net)
                  0.03    0.00    0.08 ^ clkbuf_1_0__f_CLK100MHZ/A (sky130_fd_sc_hd__clkbuf_16)
    16    0.06    0.06    0.11    0.19 ^ clkbuf_1_0__f_CLK100MHZ/X (sky130_fd_sc_hd__clkbuf_16)
                                         clknet_1_0__leaf_CLK100MHZ (net)
                  0.06    0.00    0.19 ^ _464_/CLK (sky130_fd_sc_hd__dfrtp_1)
     3    0.03    0.17    0.31    0.50 ^ _464_/Q (sky130_fd_sc_hd__dfrtp_1)
                                         imem.address[2] (net)
                  0.17    0.00    0.50 ^ _215_/A (sky130_fd_sc_hd__clkbuf_4)
    10    0.06    0.14    0.20    0.70 ^ _215_/X (sky130_fd_sc_hd__clkbuf_4)
                                         _060_ (net)
                  0.14    0.00    0.70 ^ _216_/A (sky130_fd_sc_hd__clkbuf_2)
     5    0.04    0.18    0.19    0.89 ^ _216_/X (sky130_fd_sc_hd__clkbuf_2)
                                         _061_ (net)
                  0.18    0.00    0.90 ^ _246_/A_N (sky130_fd_sc_hd__and3b_1)
     1    0.01    0.05    0.14    1.04 v _246_/X (sky130_fd_sc_hd__and3b_1)
                                         _088_ (net)
                  0.05    0.00    1.04 v _247_/A (sky130_fd_sc_hd__buf_2)
     7    0.06    0.10    0.15    1.19 v _247_/X (sky130_fd_sc_hd__buf_2)
                                         _089_ (net)
                  0.10    0.00    1.19 v _248_/B (sky130_fd_sc_hd__or2_1)
     1    0.01    0.05    0.16    1.36 v _248_/X (sky130_fd_sc_hd__or2_1)
                                         _090_ (net)
                  0.05    0.00    1.36 v _249_/A (sky130_fd_sc_hd__clkbuf_2)
     5    0.04    0.11    0.15    1.50 v _249_/X (sky130_fd_sc_hd__clkbuf_2)
                                         _091_ (net)
                  0.11    0.00    1.51 v _266_/A2 (sky130_fd_sc_hd__a21o_1)
     2    0.02    0.07    0.18    1.69 v _266_/X (sky130_fd_sc_hd__a21o_1)
                                         _108_ (net)
                  0.07    0.00    1.69 v _268_/B (sky130_fd_sc_hd__or3_2)
     2    0.02    0.09    0.32    2.00 v _268_/X (sky130_fd_sc_hd__or3_2)
                                         _110_ (net)
                  0.09    0.00    2.00 v _312_/A2 (sky130_fd_sc_hd__a21oi_2)
     3    0.02    0.21    0.21    2.21 ^ _312_/Y (sky130_fd_sc_hd__a21oi_2)
                                         _154_ (net)
                  0.21    0.00    2.21 ^ _314_/A2 (sky130_fd_sc_hd__a21oi_1)
     1    0.02    0.14    0.14    2.36 v _314_/Y (sky130_fd_sc_hd__a21oi_1)
                                         _156_ (net)
                  0.14    0.00    2.36 v _315_/B2 (sky130_fd_sc_hd__a2bb2o_4)
     9    0.05    0.07    0.21    2.58 v _315_/X (sky130_fd_sc_hd__a2bb2o_4)
                                         _157_ (net)
                  0.07    0.01    2.58 v _391_/A1 (sky130_fd_sc_hd__mux2_1)
     1    0.00    0.04    0.16    2.74 v _391_/X (sky130_fd_sc_hd__mux2_1)
                                         _035_ (net)
                  0.04    0.00    2.74 v _392_/A (sky130_fd_sc_hd__clkbuf_1)
     1    0.01    0.05    0.08    2.82 v _392_/X (sky130_fd_sc_hd__clkbuf_1)
                                         _010_ (net)
                  0.05    0.00    2.82 v _444_/D (sky130_fd_sc_hd__dfxtp_1)
                                  2.82   data arrival time

                         10.00   10.00   clock CLK100MHZ (rise edge)
                          0.00   10.00   clock source latency
     1    0.02    0.00    0.00   10.00 ^ CLK100MHZ (in)
                                         CLK100MHZ (net)
                  0.00    0.00   10.00 ^ clkbuf_0_CLK100MHZ/A (sky130_fd_sc_hd__clkbuf_16)
     2    0.02    0.03    0.08   10.08 ^ clkbuf_0_CLK100MHZ/X (sky130_fd_sc_hd__clkbuf_16)
                                         clknet_0_CLK100MHZ (net)
                  0.03    0.00   10.08 ^ clkbuf_1_1__f_CLK100MHZ/A (sky130_fd_sc_hd__clkbuf_16)
    13    0.06    0.06    0.11   10.18 ^ clkbuf_1_1__f_CLK100MHZ/X (sky130_fd_sc_hd__clkbuf_16)
                                         clknet_1_1__leaf_CLK100MHZ (net)
                  0.06    0.00   10.19 ^ _444_/CLK (sky130_fd_sc_hd__dfxtp_1)
                         -0.20    9.99   clock uncertainty
                          0.00    9.99   clock reconvergence pessimism
                         -0.07    9.91   library setup time
                                  9.91   data required time
-----------------------------------------------------------------------------
                                  9.91   data required time
                                 -2.82   data arrival time
-----------------------------------------------------------------------------
                                  7.09   slack (MET)


Startpoint: _464_ (rising edge-triggered flip-flop clocked by CLK100MHZ)
Endpoint: _442_ (rising edge-triggered flip-flop clocked by CLK100MHZ)
Path Group: CLK100MHZ
Path Type: max
Corner: Fastest

Fanout     Cap    Slew   Delay    Time   Description
-----------------------------------------------------------------------------
                          0.00    0.00   clock CLK100MHZ (rise edge)
                          0.00    0.00   clock source latency
     1    0.02    0.00    0.00    0.00 ^ CLK100MHZ (in)
                                         CLK100MHZ (net)
                  0.00    0.00    0.00 ^ clkbuf_0_CLK100MHZ/A (sky130_fd_sc_hd__clkbuf_16)
     2    0.02    0.03    0.08    0.08 ^ clkbuf_0_CLK100MHZ/X (sky130_fd_sc_hd__clkbuf_16)
                                         clknet_0_CLK100MHZ (net)
                  0.03    0.00    0.08 ^ clkbuf_1_0__f_CLK100MHZ/A (sky130_fd_sc_hd__clkbuf_16)
    16    0.06    0.06    0.11    0.19 ^ clkbuf_1_0__f_CLK100MHZ/X (sky130_fd_sc_hd__clkbuf_16)
                                         clknet_1_0__leaf_CLK100MHZ (net)
                  0.06    0.00    0.19 ^ _464_/CLK (sky130_fd_sc_hd__dfrtp_1)
     3    0.03    0.17    0.31    0.50 ^ _464_/Q (sky130_fd_sc_hd__dfrtp_1)
                                         imem.address[2] (net)
                  0.17    0.00    0.50 ^ _215_/A (sky130_fd_sc_hd__clkbuf_4)
    10    0.06    0.14    0.20    0.70 ^ _215_/X (sky130_fd_sc_hd__clkbuf_4)
                                         _060_ (net)
                  0.14    0.00    0.71 ^ _235_/A_N (sky130_fd_sc_hd__and2b_1)
     1    0.02    0.07    0.16    0.87 v _235_/X (sky130_fd_sc_hd__and2b_1)
                                         _077_ (net)
                  0.07    0.00    0.87 v _236_/A (sky130_fd_sc_hd__clkbuf_2)
     4    0.05    0.12    0.17    1.03 v _236_/X (sky130_fd_sc_hd__clkbuf_2)
                                         _078_ (net)
                  0.12    0.00    1.04 v _237_/B (sky130_fd_sc_hd__nand2_1)
     1    0.02    0.15    0.16    1.20 ^ _237_/Y (sky130_fd_sc_hd__nand2_1)
                                         _079_ (net)
                  0.15    0.00    1.20 ^ _239_/A3 (sky130_fd_sc_hd__a31o_2)
     5    0.04    0.17    0.20    1.40 ^ _239_/X (sky130_fd_sc_hd__a31o_2)
                                         _081_ (net)
                  0.17    0.00    1.41 ^ _240_/A (sky130_fd_sc_hd__buf_1)
     3    0.02    0.18    0.17    1.57 ^ _240_/X (sky130_fd_sc_hd__buf_1)
                                         _082_ (net)
                  0.18    0.00    1.57 ^ _241_/A (sky130_fd_sc_hd__dlymetal6s2s_1)
     3    0.04    0.28    0.25    1.82 ^ _241_/X (sky130_fd_sc_hd__dlymetal6s2s_1)
                                         _083_ (net)
                  0.28    0.00    1.82 ^ _275_/A (sky130_fd_sc_hd__buf_1)
     2    0.01    0.13    0.13    1.95 ^ _275_/X (sky130_fd_sc_hd__buf_1)
                                         _117_ (net)
                  0.13    0.00    1.95 ^ _304_/A (sky130_fd_sc_hd__nand2_1)
     2    0.03    0.14    0.13    2.08 v _304_/Y (sky130_fd_sc_hd__nand2_1)
                                         _146_ (net)
                  0.14    0.00    2.08 v _341_/A2 (sky130_fd_sc_hd__a21oi_1)
     1    0.02    0.35    0.33    2.41 ^ _341_/Y (sky130_fd_sc_hd__a21oi_1)
                                         _183_ (net)
                  0.35    0.00    2.41 ^ _342_/B1 (sky130_fd_sc_hd__a31o_2)
     9    0.05    0.22    0.21    2.62 ^ _342_/X (sky130_fd_sc_hd__a31o_2)
                                         _184_ (net)
                  0.22    0.00    2.62 ^ _387_/A1 (sky130_fd_sc_hd__mux2_1)
     1    0.01    0.09    0.15    2.77 ^ _387_/X (sky130_fd_sc_hd__mux2_1)
                                         _033_ (net)
                  0.09    0.00    2.77 ^ _388_/A (sky130_fd_sc_hd__clkbuf_1)
     1    0.01    0.07    0.08    2.86 ^ _388_/X (sky130_fd_sc_hd__clkbuf_1)
                                         _008_ (net)
                  0.07    0.00    2.86 ^ _442_/D (sky130_fd_sc_hd__dfxtp_1)
                                  2.86   data arrival time

                         10.00   10.00   clock CLK100MHZ (rise edge)
                          0.00   10.00   clock source latency
     1    0.02    0.00    0.00   10.00 ^ CLK100MHZ (in)
                                         CLK100MHZ (net)
                  0.00    0.00   10.00 ^ clkbuf_0_CLK100MHZ/A (sky130_fd_sc_hd__clkbuf_16)
     2    0.02    0.03    0.08   10.08 ^ clkbuf_0_CLK100MHZ/X (sky130_fd_sc_hd__clkbuf_16)
                                         clknet_0_CLK100MHZ (net)
                  0.03    0.00   10.08 ^ clkbuf_1_1__f_CLK100MHZ/A (sky130_fd_sc_hd__clkbuf_16)
    13    0.06    0.06    0.11   10.18 ^ clkbuf_1_1__f_CLK100MHZ/X (sky130_fd_sc_hd__clkbuf_16)
                                         clknet_1_1__leaf_CLK100MHZ (net)
                  0.06    0.00   10.19 ^ _442_/CLK (sky130_fd_sc_hd__dfxtp_1)
                         -0.20    9.99   clock uncertainty
                          0.00    9.99   clock reconvergence pessimism
                         -0.03    9.96   library setup time
                                  9.96   data required time
-----------------------------------------------------------------------------
                                  9.96   data required time
                                 -2.86   data arrival time
-----------------------------------------------------------------------------
                                  7.10   slack (MET)


Startpoint: _464_ (rising edge-triggered flip-flop clocked by CLK100MHZ)
Endpoint: _437_ (rising edge-triggered flip-flop clocked by CLK100MHZ)
Path Group: CLK100MHZ
Path Type: max
Corner: Fastest

Fanout     Cap    Slew   Delay    Time   Description
-----------------------------------------------------------------------------
                          0.00    0.00   clock CLK100MHZ (rise edge)
                          0.00    0.00   clock source latency
     1    0.02    0.00    0.00    0.00 ^ CLK100MHZ (in)
                                         CLK100MHZ (net)
                  0.00    0.00    0.00 ^ clkbuf_0_CLK100MHZ/A (sky130_fd_sc_hd__clkbuf_16)
     2    0.02    0.03    0.08    0.08 ^ clkbuf_0_CLK100MHZ/X (sky130_fd_sc_hd__clkbuf_16)
                                         clknet_0_CLK100MHZ (net)
                  0.03    0.00    0.08 ^ clkbuf_1_0__f_CLK100MHZ/A (sky130_fd_sc_hd__clkbuf_16)
    16    0.06    0.06    0.11    0.19 ^ clkbuf_1_0__f_CLK100MHZ/X (sky130_fd_sc_hd__clkbuf_16)
                                         clknet_1_0__leaf_CLK100MHZ (net)
                  0.06    0.00    0.19 ^ _464_/CLK (sky130_fd_sc_hd__dfrtp_1)
     3    0.03    0.17    0.31    0.50 ^ _464_/Q (sky130_fd_sc_hd__dfrtp_1)
                                         imem.address[2] (net)
                  0.17    0.00    0.50 ^ _215_/A (sky130_fd_sc_hd__clkbuf_4)
    10    0.06    0.14    0.20    0.70 ^ _215_/X (sky130_fd_sc_hd__clkbuf_4)
                                         _060_ (net)
                  0.14    0.00    0.71 ^ _235_/A_N (sky130_fd_sc_hd__and2b_1)
     1    0.02    0.07    0.16    0.87 v _235_/X (sky130_fd_sc_hd__and2b_1)
                                         _077_ (net)
                  0.07    0.00    0.87 v _236_/A (sky130_fd_sc_hd__clkbuf_2)
     4    0.05    0.12    0.17    1.03 v _236_/X (sky130_fd_sc_hd__clkbuf_2)
                                         _078_ (net)
                  0.12    0.00    1.04 v _237_/B (sky130_fd_sc_hd__nand2_1)
     1    0.02    0.15    0.16    1.20 ^ _237_/Y (sky130_fd_sc_hd__nand2_1)
                                         _079_ (net)
                  0.15    0.00    1.20 ^ _239_/A3 (sky130_fd_sc_hd__a31o_2)
     5    0.04    0.17    0.20    1.40 ^ _239_/X (sky130_fd_sc_hd__a31o_2)
                                         _081_ (net)
                  0.17    0.00    1.41 ^ _240_/A (sky130_fd_sc_hd__buf_1)
     3    0.02    0.18    0.17    1.57 ^ _240_/X (sky130_fd_sc_hd__buf_1)
                                         _082_ (net)
                  0.18    0.00    1.57 ^ _241_/A (sky130_fd_sc_hd__dlymetal6s2s_1)
     3    0.04    0.28    0.25    1.82 ^ _241_/X (sky130_fd_sc_hd__dlymetal6s2s_1)
                                         _083_ (net)
                  0.28    0.00    1.82 ^ _275_/A (sky130_fd_sc_hd__buf_1)
     2    0.01    0.13    0.13    1.95 ^ _275_/X (sky130_fd_sc_hd__buf_1)
                                         _117_ (net)
                  0.13    0.00    1.95 ^ _304_/A (sky130_fd_sc_hd__nand2_1)
     2    0.03    0.14    0.13    2.08 v _304_/Y (sky130_fd_sc_hd__nand2_1)
                                         _146_ (net)
                  0.14    0.00    2.08 v _341_/A2 (sky130_fd_sc_hd__a21oi_1)
     1    0.02    0.35    0.33    2.41 ^ _341_/Y (sky130_fd_sc_hd__a21oi_1)
                                         _183_ (net)
                  0.35    0.00    2.41 ^ _342_/B1 (sky130_fd_sc_hd__a31o_2)
     9    0.05    0.22    0.21    2.62 ^ _342_/X (sky130_fd_sc_hd__a31o_2)
                                         _184_ (net)
                  0.22    0.00    2.62 ^ _365_/A1 (sky130_fd_sc_hd__mux2_1)
     1    0.01    0.07    0.13    2.75 ^ _365_/X (sky130_fd_sc_hd__mux2_1)
                                         _200_ (net)
                  0.07    0.00    2.75 ^ _366_/A (sky130_fd_sc_hd__clkbuf_1)
     1    0.01    0.07    0.08    2.84 ^ _366_/X (sky130_fd_sc_hd__clkbuf_1)
                                         _003_ (net)
                  0.07    0.00    2.84 ^ _437_/D (sky130_fd_sc_hd__dfxtp_1)
                                  2.84   data arrival time

                         10.00   10.00   clock CLK100MHZ (rise edge)
                          0.00   10.00   clock source latency
     1    0.02    0.00    0.00   10.00 ^ CLK100MHZ (in)
                                         CLK100MHZ (net)
                  0.00    0.00   10.00 ^ clkbuf_0_CLK100MHZ/A (sky130_fd_sc_hd__clkbuf_16)
     2    0.02    0.03    0.08   10.08 ^ clkbuf_0_CLK100MHZ/X (sky130_fd_sc_hd__clkbuf_16)
                                         clknet_0_CLK100MHZ (net)
                  0.03    0.00   10.08 ^ clkbuf_1_0__f_CLK100MHZ/A (sky130_fd_sc_hd__clkbuf_16)
    16    0.06    0.06    0.11   10.19 ^ clkbuf_1_0__f_CLK100MHZ/X (sky130_fd_sc_hd__clkbuf_16)
                                         clknet_1_0__leaf_CLK100MHZ (net)
                  0.06    0.00   10.19 ^ _437_/CLK (sky130_fd_sc_hd__dfxtp_1)
                         -0.20    9.99   clock uncertainty
                          0.00    9.99   clock reconvergence pessimism
                         -0.03    9.96   library setup time
                                  9.96   data required time
-----------------------------------------------------------------------------
                                  9.96   data required time
                                 -2.84   data arrival time
-----------------------------------------------------------------------------
                                  7.12   slack (MET)


Startpoint: _464_ (rising edge-triggered flip-flop clocked by CLK100MHZ)
Endpoint: _454_ (rising edge-triggered flip-flop clocked by CLK100MHZ)
Path Group: CLK100MHZ
Path Type: max
Corner: Fastest

Fanout     Cap    Slew   Delay    Time   Description
-----------------------------------------------------------------------------
                          0.00    0.00   clock CLK100MHZ (rise edge)
                          0.00    0.00   clock source latency
     1    0.02    0.00    0.00    0.00 ^ CLK100MHZ (in)
                                         CLK100MHZ (net)
                  0.00    0.00    0.00 ^ clkbuf_0_CLK100MHZ/A (sky130_fd_sc_hd__clkbuf_16)
     2    0.02    0.03    0.08    0.08 ^ clkbuf_0_CLK100MHZ/X (sky130_fd_sc_hd__clkbuf_16)
                                         clknet_0_CLK100MHZ (net)
                  0.03    0.00    0.08 ^ clkbuf_1_0__f_CLK100MHZ/A (sky130_fd_sc_hd__clkbuf_16)
    16    0.06    0.06    0.11    0.19 ^ clkbuf_1_0__f_CLK100MHZ/X (sky130_fd_sc_hd__clkbuf_16)
                                         clknet_1_0__leaf_CLK100MHZ (net)
                  0.06    0.00    0.19 ^ _464_/CLK (sky130_fd_sc_hd__dfrtp_1)
     3    0.03    0.17    0.31    0.50 ^ _464_/Q (sky130_fd_sc_hd__dfrtp_1)
                                         imem.address[2] (net)
                  0.17    0.00    0.50 ^ _215_/A (sky130_fd_sc_hd__clkbuf_4)
    10    0.06    0.14    0.20    0.70 ^ _215_/X (sky130_fd_sc_hd__clkbuf_4)
                                         _060_ (net)
                  0.14    0.00    0.70 ^ _216_/A (sky130_fd_sc_hd__clkbuf_2)
     5    0.04    0.18    0.19    0.89 ^ _216_/X (sky130_fd_sc_hd__clkbuf_2)
                                         _061_ (net)
                  0.18    0.00    0.90 ^ _217_/A (sky130_fd_sc_hd__clkbuf_1)
     1    0.01    0.11    0.11    1.01 ^ _217_/X (sky130_fd_sc_hd__clkbuf_1)
                                         _062_ (net)
                  0.11    0.00    1.01 ^ _218_/A (sky130_fd_sc_hd__buf_1)
     1    0.03    0.26    0.22    1.23 ^ _218_/X (sky130_fd_sc_hd__buf_1)
                                         _063_ (net)
                  0.26    0.00    1.23 ^ _219_/A (sky130_fd_sc_hd__buf_2)
     6    0.06    0.21    0.23    1.46 ^ _219_/X (sky130_fd_sc_hd__buf_2)
                                         _064_ (net)
                  0.21    0.00    1.46 ^ _410_/A (sky130_fd_sc_hd__nand3_1)
     1    0.02    0.14    0.14    1.60 v _410_/Y (sky130_fd_sc_hd__nand3_1)
                                         _046_ (net)
                  0.14    0.00    1.60 v _411_/A (sky130_fd_sc_hd__clkbuf_2)
     5    0.05    0.12    0.19    1.80 v _411_/X (sky130_fd_sc_hd__clkbuf_2)
                                         _047_ (net)
                  0.12    0.00    1.80 v _416_/B (sky130_fd_sc_hd__and2_1)
     1    0.02    0.08    0.19    1.98 v _416_/X (sky130_fd_sc_hd__and2_1)
                                         _050_ (net)
                  0.08    0.00    1.99 v _417_/A (sky130_fd_sc_hd__buf_1)
     1    0.01    0.06    0.11    2.09 v _417_/X (sky130_fd_sc_hd__buf_1)
                                         _020_ (net)
                  0.06    0.00    2.09 v _454_/D (sky130_fd_sc_hd__dfxtp_1)
                                  2.09   data arrival time

                         10.00   10.00   clock CLK100MHZ (rise edge)
                          0.00   10.00   clock source latency
     1    0.02    0.00    0.00   10.00 ^ CLK100MHZ (in)
                                         CLK100MHZ (net)
                  0.00    0.00   10.00 ^ clkbuf_0_CLK100MHZ/A (sky130_fd_sc_hd__clkbuf_16)
     2    0.02    0.03    0.08   10.08 ^ clkbuf_0_CLK100MHZ/X (sky130_fd_sc_hd__clkbuf_16)
                                         clknet_0_CLK100MHZ (net)
                  0.03    0.00   10.08 ^ clkbuf_1_0__f_CLK100MHZ/A (sky130_fd_sc_hd__clkbuf_16)
    16    0.06    0.06    0.11   10.19 ^ clkbuf_1_0__f_CLK100MHZ/X (sky130_fd_sc_hd__clkbuf_16)
                                         clknet_1_0__leaf_CLK100MHZ (net)
                  0.06    0.00   10.19 ^ _454_/CLK (sky130_fd_sc_hd__dfxtp_1)
                         -0.20    9.99   clock uncertainty
                          0.00    9.99   clock reconvergence pessimism
                         -0.08    9.91   library setup time
                                  9.91   data required time
-----------------------------------------------------------------------------
                                  9.91   data required time
                                 -2.09   data arrival time
-----------------------------------------------------------------------------
                                  7.82   slack (MET)


Startpoint: _464_ (rising edge-triggered flip-flop clocked by CLK100MHZ)
Endpoint: _456_ (rising edge-triggered flip-flop clocked by CLK100MHZ)
Path Group: CLK100MHZ
Path Type: max
Corner: Fastest

Fanout     Cap    Slew   Delay    Time   Description
-----------------------------------------------------------------------------
                          0.00    0.00   clock CLK100MHZ (rise edge)
                          0.00    0.00   clock source latency
     1    0.02    0.00    0.00    0.00 ^ CLK100MHZ (in)
                                         CLK100MHZ (net)
                  0.00    0.00    0.00 ^ clkbuf_0_CLK100MHZ/A (sky130_fd_sc_hd__clkbuf_16)
     2    0.02    0.03    0.08    0.08 ^ clkbuf_0_CLK100MHZ/X (sky130_fd_sc_hd__clkbuf_16)
                                         clknet_0_CLK100MHZ (net)
                  0.03    0.00    0.08 ^ clkbuf_1_0__f_CLK100MHZ/A (sky130_fd_sc_hd__clkbuf_16)
    16    0.06    0.06    0.11    0.19 ^ clkbuf_1_0__f_CLK100MHZ/X (sky130_fd_sc_hd__clkbuf_16)
                                         clknet_1_0__leaf_CLK100MHZ (net)
                  0.06    0.00    0.19 ^ _464_/CLK (sky130_fd_sc_hd__dfrtp_1)
     3    0.03    0.17    0.31    0.50 ^ _464_/Q (sky130_fd_sc_hd__dfrtp_1)
                                         imem.address[2] (net)
                  0.17    0.00    0.50 ^ _215_/A (sky130_fd_sc_hd__clkbuf_4)
    10    0.06    0.14    0.20    0.70 ^ _215_/X (sky130_fd_sc_hd__clkbuf_4)
                                         _060_ (net)
                  0.14    0.00    0.70 ^ _216_/A (sky130_fd_sc_hd__clkbuf_2)
     5    0.04    0.18    0.19    0.89 ^ _216_/X (sky130_fd_sc_hd__clkbuf_2)
                                         _061_ (net)
                  0.18    0.00    0.90 ^ _217_/A (sky130_fd_sc_hd__clkbuf_1)
     1    0.01    0.11    0.11    1.01 ^ _217_/X (sky130_fd_sc_hd__clkbuf_1)
                                         _062_ (net)
                  0.11    0.00    1.01 ^ _218_/A (sky130_fd_sc_hd__buf_1)
     1    0.03    0.26    0.22    1.23 ^ _218_/X (sky130_fd_sc_hd__buf_1)
                                         _063_ (net)
                  0.26    0.00    1.23 ^ _219_/A (sky130_fd_sc_hd__buf_2)
     6    0.06    0.21    0.23    1.46 ^ _219_/X (sky130_fd_sc_hd__buf_2)
                                         _064_ (net)
                  0.21    0.00    1.46 ^ _410_/A (sky130_fd_sc_hd__nand3_1)
     1    0.02    0.14    0.14    1.60 v _410_/Y (sky130_fd_sc_hd__nand3_1)
                                         _046_ (net)
                  0.14    0.00    1.60 v _411_/A (sky130_fd_sc_hd__clkbuf_2)
     5    0.05    0.12    0.19    1.80 v _411_/X (sky130_fd_sc_hd__clkbuf_2)
                                         _047_ (net)
                  0.12    0.00    1.80 v _420_/B (sky130_fd_sc_hd__and2_1)
     1    0.01    0.04    0.15    1.95 v _420_/X (sky130_fd_sc_hd__and2_1)
                                         _052_ (net)
                  0.04    0.00    1.95 v _421_/A (sky130_fd_sc_hd__clkbuf_1)
     1    0.02    0.07    0.11    2.05 v _421_/X (sky130_fd_sc_hd__clkbuf_1)
                                         _022_ (net)
                  0.07    0.00    2.05 v _456_/D (sky130_fd_sc_hd__dfxtp_1)
                                  2.05   data arrival time

                         10.00   10.00   clock CLK100MHZ (rise edge)
                          0.00   10.00   clock source latency
     1    0.02    0.00    0.00   10.00 ^ CLK100MHZ (in)
                                         CLK100MHZ (net)
                  0.00    0.00   10.00 ^ clkbuf_0_CLK100MHZ/A (sky130_fd_sc_hd__clkbuf_16)
     2    0.02    0.03    0.08   10.08 ^ clkbuf_0_CLK100MHZ/X (sky130_fd_sc_hd__clkbuf_16)
                                         clknet_0_CLK100MHZ (net)
                  0.03    0.00   10.08 ^ clkbuf_1_1__f_CLK100MHZ/A (sky130_fd_sc_hd__clkbuf_16)
    13    0.06    0.06    0.11   10.18 ^ clkbuf_1_1__f_CLK100MHZ/X (sky130_fd_sc_hd__clkbuf_16)
                                         clknet_1_1__leaf_CLK100MHZ (net)
                  0.06    0.00   10.19 ^ _456_/CLK (sky130_fd_sc_hd__dfxtp_1)
                         -0.20    9.99   clock uncertainty
                          0.00    9.99   clock reconvergence pessimism
                         -0.08    9.90   library setup time
                                  9.90   data required time
-----------------------------------------------------------------------------
                                  9.90   data required time
                                 -2.05   data arrival time
-----------------------------------------------------------------------------
                                  7.85   slack (MET)


Startpoint: _464_ (rising edge-triggered flip-flop clocked by CLK100MHZ)
Endpoint: _452_ (rising edge-triggered flip-flop clocked by CLK100MHZ)
Path Group: CLK100MHZ
Path Type: max
Corner: Fastest

Fanout     Cap    Slew   Delay    Time   Description
-----------------------------------------------------------------------------
                          0.00    0.00   clock CLK100MHZ (rise edge)
                          0.00    0.00   clock source latency
     1    0.02    0.00    0.00    0.00 ^ CLK100MHZ (in)
                                         CLK100MHZ (net)
                  0.00    0.00    0.00 ^ clkbuf_0_CLK100MHZ/A (sky130_fd_sc_hd__clkbuf_16)
     2    0.02    0.03    0.08    0.08 ^ clkbuf_0_CLK100MHZ/X (sky130_fd_sc_hd__clkbuf_16)
                                         clknet_0_CLK100MHZ (net)
                  0.03    0.00    0.08 ^ clkbuf_1_0__f_CLK100MHZ/A (sky130_fd_sc_hd__clkbuf_16)
    16    0.06    0.06    0.11    0.19 ^ clkbuf_1_0__f_CLK100MHZ/X (sky130_fd_sc_hd__clkbuf_16)
                                         clknet_1_0__leaf_CLK100MHZ (net)
                  0.06    0.00    0.19 ^ _464_/CLK (sky130_fd_sc_hd__dfrtp_1)
     3    0.03    0.17    0.31    0.50 ^ _464_/Q (sky130_fd_sc_hd__dfrtp_1)
                                         imem.address[2] (net)
                  0.17    0.00    0.50 ^ _215_/A (sky130_fd_sc_hd__clkbuf_4)
    10    0.06    0.14    0.20    0.70 ^ _215_/X (sky130_fd_sc_hd__clkbuf_4)
                                         _060_ (net)
                  0.14    0.00    0.70 ^ _216_/A (sky130_fd_sc_hd__clkbuf_2)
     5    0.04    0.18    0.19    0.89 ^ _216_/X (sky130_fd_sc_hd__clkbuf_2)
                                         _061_ (net)
                  0.18    0.00    0.90 ^ _217_/A (sky130_fd_sc_hd__clkbuf_1)
     1    0.01    0.11    0.11    1.01 ^ _217_/X (sky130_fd_sc_hd__clkbuf_1)
                                         _062_ (net)
                  0.11    0.00    1.01 ^ _218_/A (sky130_fd_sc_hd__buf_1)
     1    0.03    0.26    0.22    1.23 ^ _218_/X (sky130_fd_sc_hd__buf_1)
                                         _063_ (net)
                  0.26    0.00    1.23 ^ _219_/A (sky130_fd_sc_hd__buf_2)
     6    0.06    0.21    0.23    1.46 ^ _219_/X (sky130_fd_sc_hd__buf_2)
                                         _064_ (net)
                  0.21    0.00    1.46 ^ _410_/A (sky130_fd_sc_hd__nand3_1)
     1    0.02    0.14    0.14    1.60 v _410_/Y (sky130_fd_sc_hd__nand3_1)
                                         _046_ (net)
                  0.14    0.00    1.60 v _411_/A (sky130_fd_sc_hd__clkbuf_2)
     5    0.05    0.12    0.19    1.80 v _411_/X (sky130_fd_sc_hd__clkbuf_2)
                                         _047_ (net)
                  0.12    0.00    1.80 v _412_/B (sky130_fd_sc_hd__and2_1)
     1    0.02    0.07    0.18    1.98 v _412_/X (sky130_fd_sc_hd__and2_1)
                                         _048_ (net)
                  0.07    0.00    1.98 v _413_/A (sky130_fd_sc_hd__clkbuf_1)
     1    0.00    0.03    0.08    2.06 v _413_/X (sky130_fd_sc_hd__clkbuf_1)
                                         _018_ (net)
                  0.03    0.00    2.06 v _452_/D (sky130_fd_sc_hd__dfxtp_1)
                                  2.06   data arrival time

                         10.00   10.00   clock CLK100MHZ (rise edge)
                          0.00   10.00   clock source latency
     1    0.02    0.00    0.00   10.00 ^ CLK100MHZ (in)
                                         CLK100MHZ (net)
                  0.00    0.00   10.00 ^ clkbuf_0_CLK100MHZ/A (sky130_fd_sc_hd__clkbuf_16)
     2    0.02    0.03    0.08   10.08 ^ clkbuf_0_CLK100MHZ/X (sky130_fd_sc_hd__clkbuf_16)
                                         clknet_0_CLK100MHZ (net)
                  0.03    0.00   10.08 ^ clkbuf_1_1__f_CLK100MHZ/A (sky130_fd_sc_hd__clkbuf_16)
    13    0.06    0.06    0.11   10.18 ^ clkbuf_1_1__f_CLK100MHZ/X (sky130_fd_sc_hd__clkbuf_16)
                                         clknet_1_1__leaf_CLK100MHZ (net)
                  0.06    0.00   10.19 ^ _452_/CLK (sky130_fd_sc_hd__dfxtp_1)
                         -0.20    9.99   clock uncertainty
                          0.00    9.99   clock reconvergence pessimism
                         -0.07    9.92   library setup time
                                  9.92   data required time
-----------------------------------------------------------------------------
                                  9.92   data required time
                                 -2.06   data arrival time
-----------------------------------------------------------------------------
                                  7.86   slack (MET)


Startpoint: _464_ (rising edge-triggered flip-flop clocked by CLK100MHZ)
Endpoint: _453_ (rising edge-triggered flip-flop clocked by CLK100MHZ)
Path Group: CLK100MHZ
Path Type: max
Corner: Fastest

Fanout     Cap    Slew   Delay    Time   Description
-----------------------------------------------------------------------------
                          0.00    0.00   clock CLK100MHZ (rise edge)
                          0.00    0.00   clock source latency
     1    0.02    0.00    0.00    0.00 ^ CLK100MHZ (in)
                                         CLK100MHZ (net)
                  0.00    0.00    0.00 ^ clkbuf_0_CLK100MHZ/A (sky130_fd_sc_hd__clkbuf_16)
     2    0.02    0.03    0.08    0.08 ^ clkbuf_0_CLK100MHZ/X (sky130_fd_sc_hd__clkbuf_16)
                                         clknet_0_CLK100MHZ (net)
                  0.03    0.00    0.08 ^ clkbuf_1_0__f_CLK100MHZ/A (sky130_fd_sc_hd__clkbuf_16)
    16    0.06    0.06    0.11    0.19 ^ clkbuf_1_0__f_CLK100MHZ/X (sky130_fd_sc_hd__clkbuf_16)
                                         clknet_1_0__leaf_CLK100MHZ (net)
                  0.06    0.00    0.19 ^ _464_/CLK (sky130_fd_sc_hd__dfrtp_1)
     3    0.03    0.17    0.31    0.50 ^ _464_/Q (sky130_fd_sc_hd__dfrtp_1)
                                         imem.address[2] (net)
                  0.17    0.00    0.50 ^ _215_/A (sky130_fd_sc_hd__clkbuf_4)
    10    0.06    0.14    0.20    0.70 ^ _215_/X (sky130_fd_sc_hd__clkbuf_4)
                                         _060_ (net)
                  0.14    0.00    0.70 ^ _216_/A (sky130_fd_sc_hd__clkbuf_2)
     5    0.04    0.18    0.19    0.89 ^ _216_/X (sky130_fd_sc_hd__clkbuf_2)
                                         _061_ (net)
                  0.18    0.00    0.90 ^ _217_/A (sky130_fd_sc_hd__clkbuf_1)
     1    0.01    0.11    0.11    1.01 ^ _217_/X (sky130_fd_sc_hd__clkbuf_1)
                                         _062_ (net)
                  0.11    0.00    1.01 ^ _218_/A (sky130_fd_sc_hd__buf_1)
     1    0.03    0.26    0.22    1.23 ^ _218_/X (sky130_fd_sc_hd__buf_1)
                                         _063_ (net)
                  0.26    0.00    1.23 ^ _219_/A (sky130_fd_sc_hd__buf_2)
     6    0.06    0.21    0.23    1.46 ^ _219_/X (sky130_fd_sc_hd__buf_2)
                                         _064_ (net)
                  0.21    0.00    1.46 ^ _410_/A (sky130_fd_sc_hd__nand3_1)
     1    0.02    0.14    0.14    1.60 v _410_/Y (sky130_fd_sc_hd__nand3_1)
                                         _046_ (net)
                  0.14    0.00    1.60 v _411_/A (sky130_fd_sc_hd__clkbuf_2)
     5    0.05    0.12    0.19    1.80 v _411_/X (sky130_fd_sc_hd__clkbuf_2)
                                         _047_ (net)
                  0.12    0.00    1.80 v _414_/B (sky130_fd_sc_hd__and2_1)
     1    0.01    0.04    0.15    1.95 v _414_/X (sky130_fd_sc_hd__and2_1)
                                         _049_ (net)
                  0.04    0.00    1.95 v _415_/A (sky130_fd_sc_hd__clkbuf_1)
     1    0.01    0.03    0.07    2.02 v _415_/X (sky130_fd_sc_hd__clkbuf_1)
                                         _019_ (net)
                  0.03    0.00    2.02 v _453_/D (sky130_fd_sc_hd__dfxtp_1)
                                  2.02   data arrival time

                         10.00   10.00   clock CLK100MHZ (rise edge)
                          0.00   10.00   clock source latency
     1    0.02    0.00    0.00   10.00 ^ CLK100MHZ (in)
                                         CLK100MHZ (net)
                  0.00    0.00   10.00 ^ clkbuf_0_CLK100MHZ/A (sky130_fd_sc_hd__clkbuf_16)
     2    0.02    0.03    0.08   10.08 ^ clkbuf_0_CLK100MHZ/X (sky130_fd_sc_hd__clkbuf_16)
                                         clknet_0_CLK100MHZ (net)
                  0.03    0.00   10.08 ^ clkbuf_1_0__f_CLK100MHZ/A (sky130_fd_sc_hd__clkbuf_16)
    16    0.06    0.06    0.11   10.19 ^ clkbuf_1_0__f_CLK100MHZ/X (sky130_fd_sc_hd__clkbuf_16)
                                         clknet_1_0__leaf_CLK100MHZ (net)
                  0.06    0.00   10.19 ^ _453_/CLK (sky130_fd_sc_hd__dfxtp_1)
                         -0.20    9.99   clock uncertainty
                          0.00    9.99   clock reconvergence pessimism
                         -0.07    9.92   library setup time
                                  9.92   data required time
-----------------------------------------------------------------------------
                                  9.92   data required time
                                 -2.02   data arrival time
-----------------------------------------------------------------------------
                                  7.90   slack (MET)


Startpoint: _464_ (rising edge-triggered flip-flop clocked by CLK100MHZ)
Endpoint: _455_ (rising edge-triggered flip-flop clocked by CLK100MHZ)
Path Group: CLK100MHZ
Path Type: max
Corner: Fastest

Fanout     Cap    Slew   Delay    Time   Description
-----------------------------------------------------------------------------
                          0.00    0.00   clock CLK100MHZ (rise edge)
                          0.00    0.00   clock source latency
     1    0.02    0.00    0.00    0.00 ^ CLK100MHZ (in)
                                         CLK100MHZ (net)
                  0.00    0.00    0.00 ^ clkbuf_0_CLK100MHZ/A (sky130_fd_sc_hd__clkbuf_16)
     2    0.02    0.03    0.08    0.08 ^ clkbuf_0_CLK100MHZ/X (sky130_fd_sc_hd__clkbuf_16)
                                         clknet_0_CLK100MHZ (net)
                  0.03    0.00    0.08 ^ clkbuf_1_0__f_CLK100MHZ/A (sky130_fd_sc_hd__clkbuf_16)
    16    0.06    0.06    0.11    0.19 ^ clkbuf_1_0__f_CLK100MHZ/X (sky130_fd_sc_hd__clkbuf_16)
                                         clknet_1_0__leaf_CLK100MHZ (net)
                  0.06    0.00    0.19 ^ _464_/CLK (sky130_fd_sc_hd__dfrtp_1)
     3    0.03    0.17    0.31    0.50 ^ _464_/Q (sky130_fd_sc_hd__dfrtp_1)
                                         imem.address[2] (net)
                  0.17    0.00    0.50 ^ _215_/A (sky130_fd_sc_hd__clkbuf_4)
    10    0.06    0.14    0.20    0.70 ^ _215_/X (sky130_fd_sc_hd__clkbuf_4)
                                         _060_ (net)
                  0.14    0.00    0.70 ^ _216_/A (sky130_fd_sc_hd__clkbuf_2)
     5    0.04    0.18    0.19    0.89 ^ _216_/X (sky130_fd_sc_hd__clkbuf_2)
                                         _061_ (net)
                  0.18    0.00    0.90 ^ _217_/A (sky130_fd_sc_hd__clkbuf_1)
     1    0.01    0.11    0.11    1.01 ^ _217_/X (sky130_fd_sc_hd__clkbuf_1)
                                         _062_ (net)
                  0.11    0.00    1.01 ^ _218_/A (sky130_fd_sc_hd__buf_1)
     1    0.03    0.26    0.22    1.23 ^ _218_/X (sky130_fd_sc_hd__buf_1)
                                         _063_ (net)
                  0.26    0.00    1.23 ^ _219_/A (sky130_fd_sc_hd__buf_2)
     6    0.06    0.21    0.23    1.46 ^ _219_/X (sky130_fd_sc_hd__buf_2)
                                         _064_ (net)
                  0.21    0.00    1.46 ^ _410_/A (sky130_fd_sc_hd__nand3_1)
     1    0.02    0.14    0.14    1.60 v _410_/Y (sky130_fd_sc_hd__nand3_1)
                                         _046_ (net)
                  0.14    0.00    1.60 v _411_/A (sky130_fd_sc_hd__clkbuf_2)
     5    0.05    0.12    0.19    1.80 v _411_/X (sky130_fd_sc_hd__clkbuf_2)
                                         _047_ (net)
                  0.12    0.00    1.80 v _418_/B (sky130_fd_sc_hd__and2_1)
     1    0.00    0.03    0.14    1.94 v _418_/X (sky130_fd_sc_hd__and2_1)
                                         _051_ (net)
                  0.03    0.00    1.94 v _419_/A (sky130_fd_sc_hd__clkbuf_1)
     1    0.00    0.03    0.06    2.00 v _419_/X (sky130_fd_sc_hd__clkbuf_1)
                                         _021_ (net)
                  0.03    0.00    2.00 v _455_/D (sky130_fd_sc_hd__dfxtp_1)
                                  2.00   data arrival time

                         10.00   10.00   clock CLK100MHZ (rise edge)
                          0.00   10.00   clock source latency
     1    0.02    0.00    0.00   10.00 ^ CLK100MHZ (in)
                                         CLK100MHZ (net)
                  0.00    0.00   10.00 ^ clkbuf_0_CLK100MHZ/A (sky130_fd_sc_hd__clkbuf_16)
     2    0.02    0.03    0.08   10.08 ^ clkbuf_0_CLK100MHZ/X (sky130_fd_sc_hd__clkbuf_16)
                                         clknet_0_CLK100MHZ (net)
                  0.03    0.00   10.08 ^ clkbuf_1_0__f_CLK100MHZ/A (sky130_fd_sc_hd__clkbuf_16)
    16    0.06    0.06    0.11   10.19 ^ clkbuf_1_0__f_CLK100MHZ/X (sky130_fd_sc_hd__clkbuf_16)
                                         clknet_1_0__leaf_CLK100MHZ (net)
                  0.06    0.00   10.19 ^ _455_/CLK (sky130_fd_sc_hd__dfxtp_1)
                         -0.20    9.99   clock uncertainty
                          0.00    9.99   clock reconvergence pessimism
                         -0.06    9.92   library setup time
                                  9.92   data required time
-----------------------------------------------------------------------------
                                  9.92   data required time
                                 -2.00   data arrival time
-----------------------------------------------------------------------------
                                  7.92   slack (MET)


Startpoint: _464_ (rising edge-triggered flip-flop clocked by CLK100MHZ)
Endpoint: _464_ (rising edge-triggered flip-flop clocked by CLK100MHZ)
Path Group: CLK100MHZ
Path Type: max
Corner: Fastest

Fanout     Cap    Slew   Delay    Time   Description
-----------------------------------------------------------------------------
                          0.00    0.00   clock CLK100MHZ (rise edge)
                          0.00    0.00   clock source latency
     1    0.02    0.00    0.00    0.00 ^ CLK100MHZ (in)
                                         CLK100MHZ (net)
                  0.00    0.00    0.00 ^ clkbuf_0_CLK100MHZ/A (sky130_fd_sc_hd__clkbuf_16)
     2    0.02    0.03    0.08    0.08 ^ clkbuf_0_CLK100MHZ/X (sky130_fd_sc_hd__clkbuf_16)
                                         clknet_0_CLK100MHZ (net)
                  0.03    0.00    0.08 ^ clkbuf_1_0__f_CLK100MHZ/A (sky130_fd_sc_hd__clkbuf_16)
    16    0.06    0.06    0.11    0.19 ^ clkbuf_1_0__f_CLK100MHZ/X (sky130_fd_sc_hd__clkbuf_16)
                                         clknet_1_0__leaf_CLK100MHZ (net)
                  0.06    0.00    0.19 ^ _464_/CLK (sky130_fd_sc_hd__dfrtp_1)
     3    0.03    0.17    0.31    0.50 ^ _464_/Q (sky130_fd_sc_hd__dfrtp_1)
                                         imem.address[2] (net)
                  0.17    0.00    0.50 ^ _215_/A (sky130_fd_sc_hd__clkbuf_4)
    10    0.06    0.14    0.20    0.70 ^ _215_/X (sky130_fd_sc_hd__clkbuf_4)
                                         _060_ (net)
                  0.14    0.00    0.70 ^ _216_/A (sky130_fd_sc_hd__clkbuf_2)
     5    0.04    0.18    0.19    0.89 ^ _216_/X (sky130_fd_sc_hd__clkbuf_2)
                                         _061_ (net)
                  0.18    0.00    0.90 ^ _217_/A (sky130_fd_sc_hd__clkbuf_1)
     1    0.01    0.11    0.11    1.01 ^ _217_/X (sky130_fd_sc_hd__clkbuf_1)
                                         _062_ (net)
                  0.11    0.00    1.01 ^ _218_/A (sky130_fd_sc_hd__buf_1)
     1    0.03    0.26    0.22    1.23 ^ _218_/X (sky130_fd_sc_hd__buf_1)
                                         _063_ (net)
                  0.26    0.00    1.23 ^ _219_/A (sky130_fd_sc_hd__buf_2)
     6    0.06    0.21    0.23    1.46 ^ _219_/X (sky130_fd_sc_hd__buf_2)
                                         _064_ (net)
                  0.21    0.00    1.46 ^ _224_/A (sky130_fd_sc_hd__xor2_1)
     1    0.00    0.08    0.09    1.55 ^ _224_/X (sky130_fd_sc_hd__xor2_1)
                                         _030_ (net)
                  0.08    0.00    1.55 ^ _464_/D (sky130_fd_sc_hd__dfrtp_1)
                                  1.55   data arrival time

                         10.00   10.00   clock CLK100MHZ (rise edge)
                          0.00   10.00   clock source latency
     1    0.02    0.00    0.00   10.00 ^ CLK100MHZ (in)
                                         CLK100MHZ (net)
                  0.00    0.00   10.00 ^ clkbuf_0_CLK100MHZ/A (sky130_fd_sc_hd__clkbuf_16)
     2    0.02    0.03    0.08   10.08 ^ clkbuf_0_CLK100MHZ/X (sky130_fd_sc_hd__clkbuf_16)
                                         clknet_0_CLK100MHZ (net)
                  0.03    0.00   10.08 ^ clkbuf_1_0__f_CLK100MHZ/A (sky130_fd_sc_hd__clkbuf_16)
    16    0.06    0.06    0.11   10.19 ^ clkbuf_1_0__f_CLK100MHZ/X (sky130_fd_sc_hd__clkbuf_16)
                                         clknet_1_0__leaf_CLK100MHZ (net)
                  0.06    0.00   10.19 ^ _464_/CLK (sky130_fd_sc_hd__dfrtp_1)
                         -0.20    9.99   clock uncertainty
                          0.00    9.99   clock reconvergence pessimism
                         -0.04    9.95   library setup time
                                  9.95   data required time
-----------------------------------------------------------------------------
                                  9.95   data required time
                                 -1.55   data arrival time
-----------------------------------------------------------------------------
                                  8.40   slack (MET)


Startpoint: _462_ (rising edge-triggered flip-flop clocked by CLK100MHZ)
Endpoint: _463_ (rising edge-triggered flip-flop clocked by CLK100MHZ)
Path Group: CLK100MHZ
Path Type: max
Corner: Fastest

Fanout     Cap    Slew   Delay    Time   Description
-----------------------------------------------------------------------------
                          0.00    0.00   clock CLK100MHZ (rise edge)
                          0.00    0.00   clock source latency
     1    0.02    0.00    0.00    0.00 ^ CLK100MHZ (in)
                                         CLK100MHZ (net)
                  0.00    0.00    0.00 ^ clkbuf_0_CLK100MHZ/A (sky130_fd_sc_hd__clkbuf_16)
     2    0.02    0.03    0.08    0.08 ^ clkbuf_0_CLK100MHZ/X (sky130_fd_sc_hd__clkbuf_16)
                                         clknet_0_CLK100MHZ (net)
                  0.03    0.00    0.08 ^ clkbuf_1_1__f_CLK100MHZ/A (sky130_fd_sc_hd__clkbuf_16)
    13    0.06    0.06    0.11    0.18 ^ clkbuf_1_1__f_CLK100MHZ/X (sky130_fd_sc_hd__clkbuf_16)
                                         clknet_1_1__leaf_CLK100MHZ (net)
                  0.06    0.00    0.19 ^ _462_/CLK (sky130_fd_sc_hd__dfrtp_2)
     4    0.04    0.09    0.31    0.50 v _462_/Q (sky130_fd_sc_hd__dfrtp_2)
                                         imem.address[0] (net)
                  0.09    0.00    0.50 v _221_/A (sky130_fd_sc_hd__clkbuf_4)
    10    0.07    0.09    0.18    0.68 v _221_/X (sky130_fd_sc_hd__clkbuf_4)
                                         _066_ (net)
                  0.09    0.00    0.68 v _222_/A (sky130_fd_sc_hd__clkbuf_4)
     9    0.06    0.08    0.17    0.85 v _222_/X (sky130_fd_sc_hd__clkbuf_4)
                                         _067_ (net)
                  0.09    0.01    0.85 v _223_/C (sky130_fd_sc_hd__and3_1)
     2    0.03    0.10    0.21    1.06 v _223_/X (sky130_fd_sc_hd__and3_1)
                                         _068_ (net)
                  0.10    0.00    1.06 v _226_/A (sky130_fd_sc_hd__nor2_1)
     1    0.02    0.27    0.25    1.31 ^ _226_/Y (sky130_fd_sc_hd__nor2_1)
                                         _029_ (net)
                  0.27    0.00    1.31 ^ _463_/D (sky130_fd_sc_hd__dfrtp_4)
                                  1.31   data arrival time

                         10.00   10.00   clock CLK100MHZ (rise edge)
                          0.00   10.00   clock source latency
     1    0.02    0.00    0.00   10.00 ^ CLK100MHZ (in)
                                         CLK100MHZ (net)
                  0.00    0.00   10.00 ^ clkbuf_0_CLK100MHZ/A (sky130_fd_sc_hd__clkbuf_16)
     2    0.02    0.03    0.08   10.08 ^ clkbuf_0_CLK100MHZ/X (sky130_fd_sc_hd__clkbuf_16)
                                         clknet_0_CLK100MHZ (net)
                  0.03    0.00   10.08 ^ clkbuf_1_0__f_CLK100MHZ/A (sky130_fd_sc_hd__clkbuf_16)
    16    0.06    0.06    0.11   10.19 ^ clkbuf_1_0__f_CLK100MHZ/X (sky130_fd_sc_hd__clkbuf_16)
                                         clknet_1_0__leaf_CLK100MHZ (net)
                  0.06    0.00   10.19 ^ _463_/CLK (sky130_fd_sc_hd__dfrtp_4)
                         -0.20    9.99   clock uncertainty
                          0.00    9.99   clock reconvergence pessimism
                         -0.06    9.93   library setup time
                                  9.93   data required time
-----------------------------------------------------------------------------
                                  9.93   data required time
                                 -1.31   data arrival time
-----------------------------------------------------------------------------
                                  8.62   slack (MET)


Startpoint: _462_ (rising edge-triggered flip-flop clocked by CLK100MHZ)
Endpoint: _462_ (rising edge-triggered flip-flop clocked by CLK100MHZ)
Path Group: CLK100MHZ
Path Type: max
Corner: Fastest

Fanout     Cap    Slew   Delay    Time   Description
-----------------------------------------------------------------------------
                          0.00    0.00   clock CLK100MHZ (rise edge)
                          0.00    0.00   clock source latency
     1    0.02    0.00    0.00    0.00 ^ CLK100MHZ (in)
                                         CLK100MHZ (net)
                  0.00    0.00    0.00 ^ clkbuf_0_CLK100MHZ/A (sky130_fd_sc_hd__clkbuf_16)
     2    0.02    0.03    0.08    0.08 ^ clkbuf_0_CLK100MHZ/X (sky130_fd_sc_hd__clkbuf_16)
                                         clknet_0_CLK100MHZ (net)
                  0.03    0.00    0.08 ^ clkbuf_1_1__f_CLK100MHZ/A (sky130_fd_sc_hd__clkbuf_16)
    13    0.06    0.06    0.11    0.18 ^ clkbuf_1_1__f_CLK100MHZ/X (sky130_fd_sc_hd__clkbuf_16)
                                         clknet_1_1__leaf_CLK100MHZ (net)
                  0.06    0.00    0.19 ^ _462_/CLK (sky130_fd_sc_hd__dfrtp_2)
     4    0.04    0.15    0.31    0.50 ^ _462_/Q (sky130_fd_sc_hd__dfrtp_2)
                                         imem.address[0] (net)
                  0.15    0.00    0.50 ^ _221_/A (sky130_fd_sc_hd__clkbuf_4)
    10    0.07    0.15    0.20    0.70 ^ _221_/X (sky130_fd_sc_hd__clkbuf_4)
                                         _066_ (net)
                  0.15    0.00    0.70 ^ _222_/A (sky130_fd_sc_hd__clkbuf_4)
     9    0.06    0.14    0.19    0.89 ^ _222_/X (sky130_fd_sc_hd__clkbuf_4)
                                         _067_ (net)
                  0.14    0.01    0.90 ^ _227_/B (sky130_fd_sc_hd__xor2_1)
     1    0.02    0.29    0.25    1.15 ^ _227_/X (sky130_fd_sc_hd__xor2_1)
                                         _028_ (net)
                  0.29    0.00    1.15 ^ _462_/D (sky130_fd_sc_hd__dfrtp_2)
                                  1.15   data arrival time

                         10.00   10.00   clock CLK100MHZ (rise edge)
                          0.00   10.00   clock source latency
     1    0.02    0.00    0.00   10.00 ^ CLK100MHZ (in)
                                         CLK100MHZ (net)
                  0.00    0.00   10.00 ^ clkbuf_0_CLK100MHZ/A (sky130_fd_sc_hd__clkbuf_16)
     2    0.02    0.03    0.08   10.08 ^ clkbuf_0_CLK100MHZ/X (sky130_fd_sc_hd__clkbuf_16)
                                         clknet_0_CLK100MHZ (net)
                  0.03    0.00   10.08 ^ clkbuf_1_1__f_CLK100MHZ/A (sky130_fd_sc_hd__clkbuf_16)
    13    0.06    0.06    0.11   10.18 ^ clkbuf_1_1__f_CLK100MHZ/X (sky130_fd_sc_hd__clkbuf_16)
                                         clknet_1_1__leaf_CLK100MHZ (net)
                  0.06    0.00   10.19 ^ _462_/CLK (sky130_fd_sc_hd__dfrtp_2)
                         -0.20    9.99   clock uncertainty
                          0.00    9.99   clock reconvergence pessimism
                         -0.06    9.92   library setup time
                                  9.92   data required time
-----------------------------------------------------------------------------
                                  9.92   data required time
                                 -1.15   data arrival time
-----------------------------------------------------------------------------
                                  8.77   slack (MET)



worst slack corner Fastest: 6.4981
======================= Slowest Corner ===================================

Startpoint: _464_ (rising edge-triggered flip-flop clocked by CLK100MHZ)
Endpoint: _461_ (rising edge-triggered flip-flop clocked by CLK100MHZ)
Path Group: CLK100MHZ
Path Type: max
Corner: Slowest

Fanout     Cap    Slew   Delay    Time   Description
-----------------------------------------------------------------------------
                          0.00    0.00   clock CLK100MHZ (rise edge)
                          0.00    0.00   clock source latency
     1    0.02    0.00    0.00    0.00 ^ CLK100MHZ (in)
                                         CLK100MHZ (net)
                  0.00    0.00    0.00 ^ clkbuf_0_CLK100MHZ/A (sky130_fd_sc_hd__clkbuf_16)
     2    0.02    0.07    0.19    0.19 ^ clkbuf_0_CLK100MHZ/X (sky130_fd_sc_hd__clkbuf_16)
                                         clknet_0_CLK100MHZ (net)
                  0.07    0.00    0.19 ^ clkbuf_1_0__f_CLK100MHZ/A (sky130_fd_sc_hd__clkbuf_16)
    16    0.06    0.12    0.27    0.46 ^ clkbuf_1_0__f_CLK100MHZ/X (sky130_fd_sc_hd__clkbuf_16)
                                         clknet_1_0__leaf_CLK100MHZ (net)
                  0.12    0.00    0.47 ^ _464_/CLK (sky130_fd_sc_hd__dfrtp_1)
     3    0.03    0.36    0.89    1.36 ^ _464_/Q (sky130_fd_sc_hd__dfrtp_1)
                                         imem.address[2] (net)
                  0.36    0.00    1.36 ^ _215_/A (sky130_fd_sc_hd__clkbuf_4)
    10    0.06    0.29    0.54    1.90 ^ _215_/X (sky130_fd_sc_hd__clkbuf_4)
                                         _060_ (net)
                  0.29    0.00    1.90 ^ _216_/A (sky130_fd_sc_hd__clkbuf_2)
     5    0.04    0.35    0.49    2.39 ^ _216_/X (sky130_fd_sc_hd__clkbuf_2)
                                         _061_ (net)
                  0.35    0.00    2.39 ^ _246_/A_N (sky130_fd_sc_hd__and3b_1)
     1    0.01    0.13    0.52    2.91 v _246_/X (sky130_fd_sc_hd__and3b_1)
                                         _088_ (net)
                  0.13    0.00    2.91 v _247_/A (sky130_fd_sc_hd__buf_2)
     7    0.06    0.26    0.45    3.36 v _247_/X (sky130_fd_sc_hd__buf_2)
                                         _089_ (net)
                  0.26    0.00    3.36 v _248_/B (sky130_fd_sc_hd__or2_1)
     1    0.01    0.14    0.59    3.96 v _248_/X (sky130_fd_sc_hd__or2_1)
                                         _090_ (net)
                  0.14    0.00    3.96 v _249_/A (sky130_fd_sc_hd__clkbuf_2)
     5    0.04    0.28    0.40    4.36 v _249_/X (sky130_fd_sc_hd__clkbuf_2)
                                         _091_ (net)
                  0.28    0.00    4.36 v _266_/A2 (sky130_fd_sc_hd__a21o_1)
     2    0.02    0.18    0.52    4.87 v _266_/X (sky130_fd_sc_hd__a21o_1)
                                         _108_ (net)
                  0.18    0.00    4.87 v _268_/B (sky130_fd_sc_hd__or3_2)
     2    0.02    0.27    1.26    6.14 v _268_/X (sky130_fd_sc_hd__or3_2)
                                         _110_ (net)
                  0.27    0.00    6.14 v _312_/A2 (sky130_fd_sc_hd__a21oi_2)
     3    0.02    0.45    0.53    6.67 ^ _312_/Y (sky130_fd_sc_hd__a21oi_2)
                                         _154_ (net)
                  0.45    0.00    6.67 ^ _319_/A2 (sky130_fd_sc_hd__o21ai_2)
     3    0.03    0.27    0.38    7.05 v _319_/Y (sky130_fd_sc_hd__o21ai_2)
                                         _161_ (net)
                  0.27    0.00    7.05 v _373_/A1 (sky130_fd_sc_hd__a21oi_2)
     3    0.04    0.76    0.75    7.80 ^ _373_/Y (sky130_fd_sc_hd__a21oi_2)
                                         _204_ (net)
                  0.76    0.00    7.80 ^ _380_/A_N (sky130_fd_sc_hd__and2b_1)
     1    0.01    0.15    0.66    8.46 v _380_/X (sky130_fd_sc_hd__and2b_1)
                                         _211_ (net)
                  0.15    0.00    8.47 v _382_/A (sky130_fd_sc_hd__nor2_1)
     4    0.03    0.95    0.81    9.27 ^ _382_/Y (sky130_fd_sc_hd__nor2_1)
                                         _213_ (net)
                  0.95    0.00    9.28 ^ _432_/A1 (sky130_fd_sc_hd__mux2_1)
     1    0.02    0.30    0.70    9.97 ^ _432_/X (sky130_fd_sc_hd__mux2_1)
                                         _059_ (net)
                  0.30    0.00    9.97 ^ _433_/A (sky130_fd_sc_hd__buf_1)
     1    0.02    0.35    0.43   10.41 ^ _433_/X (sky130_fd_sc_hd__buf_1)
                                         _027_ (net)
                  0.35    0.00   10.41 ^ _461_/D (sky130_fd_sc_hd__dfxtp_1)
                                 10.41   data arrival time

                         10.00   10.00   clock CLK100MHZ (rise edge)
                          0.00   10.00   clock source latency
     1    0.02    0.00    0.00   10.00 ^ CLK100MHZ (in)
                                         CLK100MHZ (net)
                  0.00    0.00   10.00 ^ clkbuf_0_CLK100MHZ/A (sky130_fd_sc_hd__clkbuf_16)
     2    0.02    0.07    0.19   10.19 ^ clkbuf_0_CLK100MHZ/X (sky130_fd_sc_hd__clkbuf_16)
                                         clknet_0_CLK100MHZ (net)
                  0.07    0.00   10.19 ^ clkbuf_1_0__f_CLK100MHZ/A (sky130_fd_sc_hd__clkbuf_16)
    16    0.06    0.12    0.27   10.46 ^ clkbuf_1_0__f_CLK100MHZ/X (sky130_fd_sc_hd__clkbuf_16)
                                         clknet_1_0__leaf_CLK100MHZ (net)
                  0.12    0.00   10.47 ^ _461_/CLK (sky130_fd_sc_hd__dfxtp_1)
                         -0.20   10.27   clock uncertainty
                          0.00   10.27   clock reconvergence pessimism
                         -0.19   10.08   library setup time
                                 10.08   data required time
-----------------------------------------------------------------------------
                                 10.08   data required time
                                -10.41   data arrival time
-----------------------------------------------------------------------------
                                 -0.33   slack (VIOLATED)


Startpoint: _464_ (rising edge-triggered flip-flop clocked by CLK100MHZ)
Endpoint: _441_ (rising edge-triggered flip-flop clocked by CLK100MHZ)
Path Group: CLK100MHZ
Path Type: max
Corner: Slowest

Fanout     Cap    Slew   Delay    Time   Description
-----------------------------------------------------------------------------
                          0.00    0.00   clock CLK100MHZ (rise edge)
                          0.00    0.00   clock source latency
     1    0.02    0.00    0.00    0.00 ^ CLK100MHZ (in)
                                         CLK100MHZ (net)
                  0.00    0.00    0.00 ^ clkbuf_0_CLK100MHZ/A (sky130_fd_sc_hd__clkbuf_16)
     2    0.02    0.07    0.19    0.19 ^ clkbuf_0_CLK100MHZ/X (sky130_fd_sc_hd__clkbuf_16)
                                         clknet_0_CLK100MHZ (net)
                  0.07    0.00    0.19 ^ clkbuf_1_0__f_CLK100MHZ/A (sky130_fd_sc_hd__clkbuf_16)
    16    0.06    0.12    0.27    0.46 ^ clkbuf_1_0__f_CLK100MHZ/X (sky130_fd_sc_hd__clkbuf_16)
                                         clknet_1_0__leaf_CLK100MHZ (net)
                  0.12    0.00    0.47 ^ _464_/CLK (sky130_fd_sc_hd__dfrtp_1)
     3    0.03    0.36    0.89    1.36 ^ _464_/Q (sky130_fd_sc_hd__dfrtp_1)
                                         imem.address[2] (net)
                  0.36    0.00    1.36 ^ _215_/A (sky130_fd_sc_hd__clkbuf_4)
    10    0.06    0.29    0.54    1.90 ^ _215_/X (sky130_fd_sc_hd__clkbuf_4)
                                         _060_ (net)
                  0.29    0.00    1.90 ^ _216_/A (sky130_fd_sc_hd__clkbuf_2)
     5    0.04    0.35    0.49    2.39 ^ _216_/X (sky130_fd_sc_hd__clkbuf_2)
                                         _061_ (net)
                  0.35    0.00    2.39 ^ _246_/A_N (sky130_fd_sc_hd__and3b_1)
     1    0.01    0.13    0.52    2.91 v _246_/X (sky130_fd_sc_hd__and3b_1)
                                         _088_ (net)
                  0.13    0.00    2.91 v _247_/A (sky130_fd_sc_hd__buf_2)
     7    0.06    0.26    0.45    3.36 v _247_/X (sky130_fd_sc_hd__buf_2)
                                         _089_ (net)
                  0.26    0.00    3.36 v _248_/B (sky130_fd_sc_hd__or2_1)
     1    0.01    0.14    0.59    3.96 v _248_/X (sky130_fd_sc_hd__or2_1)
                                         _090_ (net)
                  0.14    0.00    3.96 v _249_/A (sky130_fd_sc_hd__clkbuf_2)
     5    0.04    0.28    0.40    4.36 v _249_/X (sky130_fd_sc_hd__clkbuf_2)
                                         _091_ (net)
                  0.28    0.00    4.36 v _266_/A2 (sky130_fd_sc_hd__a21o_1)
     2    0.02    0.18    0.52    4.87 v _266_/X (sky130_fd_sc_hd__a21o_1)
                                         _108_ (net)
                  0.18    0.00    4.87 v _268_/B (sky130_fd_sc_hd__or3_2)
     2    0.02    0.27    1.26    6.14 v _268_/X (sky130_fd_sc_hd__or3_2)
                                         _110_ (net)
                  0.27    0.00    6.14 v _312_/A2 (sky130_fd_sc_hd__a21oi_2)
     3    0.02    0.45    0.53    6.67 ^ _312_/Y (sky130_fd_sc_hd__a21oi_2)
                                         _154_ (net)
                  0.45    0.00    6.67 ^ _319_/A2 (sky130_fd_sc_hd__o21ai_2)
     3    0.03    0.27    0.38    7.05 v _319_/Y (sky130_fd_sc_hd__o21ai_2)
                                         _161_ (net)
                  0.27    0.00    7.05 v _373_/A1 (sky130_fd_sc_hd__a21oi_2)
     3    0.04    0.76    0.75    7.80 ^ _373_/Y (sky130_fd_sc_hd__a21oi_2)
                                         _204_ (net)
                  0.76    0.00    7.80 ^ _380_/A_N (sky130_fd_sc_hd__and2b_1)
     1    0.01    0.15    0.66    8.46 v _380_/X (sky130_fd_sc_hd__and2b_1)
                                         _211_ (net)
                  0.15    0.00    8.47 v _382_/A (sky130_fd_sc_hd__nor2_1)
     4    0.03    0.95    0.81    9.27 ^ _382_/Y (sky130_fd_sc_hd__nor2_1)
                                         _213_ (net)
                  0.95    0.00    9.27 ^ _383_/A1 (sky130_fd_sc_hd__mux2_1)
     1    0.01    0.22    0.64    9.91 ^ _383_/X (sky130_fd_sc_hd__mux2_1)
                                         _214_ (net)
                  0.22    0.00    9.91 ^ _384_/A (sky130_fd_sc_hd__buf_1)
     1    0.02    0.33    0.40   10.31 ^ _384_/X (sky130_fd_sc_hd__buf_1)
                                         _007_ (net)
                  0.33    0.00   10.31 ^ _441_/D (sky130_fd_sc_hd__dfxtp_1)
                                 10.31   data arrival time

                         10.00   10.00   clock CLK100MHZ (rise edge)
                          0.00   10.00   clock source latency
     1    0.02    0.00    0.00   10.00 ^ CLK100MHZ (in)
                                         CLK100MHZ (net)
                  0.00    0.00   10.00 ^ clkbuf_0_CLK100MHZ/A (sky130_fd_sc_hd__clkbuf_16)
     2    0.02    0.07    0.19   10.19 ^ clkbuf_0_CLK100MHZ/X (sky130_fd_sc_hd__clkbuf_16)
                                         clknet_0_CLK100MHZ (net)
                  0.07    0.00   10.19 ^ clkbuf_1_0__f_CLK100MHZ/A (sky130_fd_sc_hd__clkbuf_16)
    16    0.06    0.12    0.27   10.46 ^ clkbuf_1_0__f_CLK100MHZ/X (sky130_fd_sc_hd__clkbuf_16)
                                         clknet_1_0__leaf_CLK100MHZ (net)
                  0.12    0.00   10.47 ^ _441_/CLK (sky130_fd_sc_hd__dfxtp_1)
                         -0.20   10.27   clock uncertainty
                          0.00   10.27   clock reconvergence pessimism
                         -0.19   10.08   library setup time
                                 10.08   data required time
-----------------------------------------------------------------------------
                                 10.08   data required time
                                -10.31   data arrival time
-----------------------------------------------------------------------------
                                 -0.23   slack (VIOLATED)


Startpoint: _464_ (rising edge-triggered flip-flop clocked by CLK100MHZ)
Endpoint: _446_ (rising edge-triggered flip-flop clocked by CLK100MHZ)
Path Group: CLK100MHZ
Path Type: max
Corner: Slowest

Fanout     Cap    Slew   Delay    Time   Description
-----------------------------------------------------------------------------
                          0.00    0.00   clock CLK100MHZ (rise edge)
                          0.00    0.00   clock source latency
     1    0.02    0.00    0.00    0.00 ^ CLK100MHZ (in)
                                         CLK100MHZ (net)
                  0.00    0.00    0.00 ^ clkbuf_0_CLK100MHZ/A (sky130_fd_sc_hd__clkbuf_16)
     2    0.02    0.07    0.19    0.19 ^ clkbuf_0_CLK100MHZ/X (sky130_fd_sc_hd__clkbuf_16)
                                         clknet_0_CLK100MHZ (net)
                  0.07    0.00    0.19 ^ clkbuf_1_0__f_CLK100MHZ/A (sky130_fd_sc_hd__clkbuf_16)
    16    0.06    0.12    0.27    0.46 ^ clkbuf_1_0__f_CLK100MHZ/X (sky130_fd_sc_hd__clkbuf_16)
                                         clknet_1_0__leaf_CLK100MHZ (net)
                  0.12    0.00    0.47 ^ _464_/CLK (sky130_fd_sc_hd__dfrtp_1)
     3    0.03    0.36    0.89    1.36 ^ _464_/Q (sky130_fd_sc_hd__dfrtp_1)
                                         imem.address[2] (net)
                  0.36    0.00    1.36 ^ _215_/A (sky130_fd_sc_hd__clkbuf_4)
    10    0.06    0.29    0.54    1.90 ^ _215_/X (sky130_fd_sc_hd__clkbuf_4)
                                         _060_ (net)
                  0.29    0.00    1.90 ^ _216_/A (sky130_fd_sc_hd__clkbuf_2)
     5    0.04    0.35    0.49    2.39 ^ _216_/X (sky130_fd_sc_hd__clkbuf_2)
                                         _061_ (net)
                  0.35    0.00    2.39 ^ _246_/A_N (sky130_fd_sc_hd__and3b_1)
     1    0.01    0.13    0.52    2.91 v _246_/X (sky130_fd_sc_hd__and3b_1)
                                         _088_ (net)
                  0.13    0.00    2.91 v _247_/A (sky130_fd_sc_hd__buf_2)
     7    0.06    0.26    0.45    3.36 v _247_/X (sky130_fd_sc_hd__buf_2)
                                         _089_ (net)
                  0.26    0.00    3.36 v _248_/B (sky130_fd_sc_hd__or2_1)
     1    0.01    0.14    0.59    3.96 v _248_/X (sky130_fd_sc_hd__or2_1)
                                         _090_ (net)
                  0.14    0.00    3.96 v _249_/A (sky130_fd_sc_hd__clkbuf_2)
     5    0.04    0.28    0.40    4.36 v _249_/X (sky130_fd_sc_hd__clkbuf_2)
                                         _091_ (net)
                  0.28    0.00    4.36 v _266_/A2 (sky130_fd_sc_hd__a21o_1)
     2    0.02    0.18    0.52    4.87 v _266_/X (sky130_fd_sc_hd__a21o_1)
                                         _108_ (net)
                  0.18    0.00    4.87 v _268_/B (sky130_fd_sc_hd__or3_2)
     2    0.02    0.27    1.26    6.14 v _268_/X (sky130_fd_sc_hd__or3_2)
                                         _110_ (net)
                  0.27    0.00    6.14 v _312_/A2 (sky130_fd_sc_hd__a21oi_2)
     3    0.02    0.45    0.53    6.67 ^ _312_/Y (sky130_fd_sc_hd__a21oi_2)
                                         _154_ (net)
                  0.45    0.00    6.67 ^ _319_/A2 (sky130_fd_sc_hd__o21ai_2)
     3    0.03    0.27    0.38    7.05 v _319_/Y (sky130_fd_sc_hd__o21ai_2)
                                         _161_ (net)
                  0.27    0.00    7.05 v _373_/A1 (sky130_fd_sc_hd__a21oi_2)
     3    0.04    0.76    0.75    7.80 ^ _373_/Y (sky130_fd_sc_hd__a21oi_2)
                                         _204_ (net)
                  0.76    0.00    7.80 ^ _380_/A_N (sky130_fd_sc_hd__and2b_1)
     1    0.01    0.15    0.66    8.46 v _380_/X (sky130_fd_sc_hd__and2b_1)
                                         _211_ (net)
                  0.15    0.00    8.47 v _382_/A (sky130_fd_sc_hd__nor2_1)
     4    0.03    0.95    0.81    9.27 ^ _382_/Y (sky130_fd_sc_hd__nor2_1)
                                         _213_ (net)
                  0.95    0.00    9.27 ^ _395_/A1 (sky130_fd_sc_hd__mux2_1)
     1    0.01    0.21    0.62    9.89 ^ _395_/X (sky130_fd_sc_hd__mux2_1)
                                         _037_ (net)
                  0.21    0.00    9.90 ^ _396_/A (sky130_fd_sc_hd__clkbuf_1)
     1    0.01    0.21    0.31   10.21 ^ _396_/X (sky130_fd_sc_hd__clkbuf_1)
                                         _012_ (net)
                  0.21    0.00   10.21 ^ _446_/D (sky130_fd_sc_hd__dfxtp_1)
                                 10.21   data arrival time

                         10.00   10.00   clock CLK100MHZ (rise edge)
                          0.00   10.00   clock source latency
     1    0.02    0.00    0.00   10.00 ^ CLK100MHZ (in)
                                         CLK100MHZ (net)
                  0.00    0.00   10.00 ^ clkbuf_0_CLK100MHZ/A (sky130_fd_sc_hd__clkbuf_16)
     2    0.02    0.07    0.19   10.19 ^ clkbuf_0_CLK100MHZ/X (sky130_fd_sc_hd__clkbuf_16)
                                         clknet_0_CLK100MHZ (net)
                  0.07    0.00   10.19 ^ clkbuf_1_1__f_CLK100MHZ/A (sky130_fd_sc_hd__clkbuf_16)
    13    0.06    0.12    0.27   10.46 ^ clkbuf_1_1__f_CLK100MHZ/X (sky130_fd_sc_hd__clkbuf_16)
                                         clknet_1_1__leaf_CLK100MHZ (net)
                  0.12    0.00   10.46 ^ _446_/CLK (sky130_fd_sc_hd__dfxtp_1)
                         -0.20   10.26   clock uncertainty
                          0.00   10.26   clock reconvergence pessimism
                         -0.16   10.10   library setup time
                                 10.10   data required time
-----------------------------------------------------------------------------
                                 10.10   data required time
                                -10.21   data arrival time
-----------------------------------------------------------------------------
                                 -0.10   slack (VIOLATED)


Startpoint: _464_ (rising edge-triggered flip-flop clocked by CLK100MHZ)
Endpoint: _451_ (rising edge-triggered flip-flop clocked by CLK100MHZ)
Path Group: CLK100MHZ
Path Type: max
Corner: Slowest

Fanout     Cap    Slew   Delay    Time   Description
-----------------------------------------------------------------------------
                          0.00    0.00   clock CLK100MHZ (rise edge)
                          0.00    0.00   clock source latency
     1    0.02    0.00    0.00    0.00 ^ CLK100MHZ (in)
                                         CLK100MHZ (net)
                  0.00    0.00    0.00 ^ clkbuf_0_CLK100MHZ/A (sky130_fd_sc_hd__clkbuf_16)
     2    0.02    0.07    0.19    0.19 ^ clkbuf_0_CLK100MHZ/X (sky130_fd_sc_hd__clkbuf_16)
                                         clknet_0_CLK100MHZ (net)
                  0.07    0.00    0.19 ^ clkbuf_1_0__f_CLK100MHZ/A (sky130_fd_sc_hd__clkbuf_16)
    16    0.06    0.12    0.27    0.46 ^ clkbuf_1_0__f_CLK100MHZ/X (sky130_fd_sc_hd__clkbuf_16)
                                         clknet_1_0__leaf_CLK100MHZ (net)
                  0.12    0.00    0.47 ^ _464_/CLK (sky130_fd_sc_hd__dfrtp_1)
     3    0.03    0.36    0.89    1.36 ^ _464_/Q (sky130_fd_sc_hd__dfrtp_1)
                                         imem.address[2] (net)
                  0.36    0.00    1.36 ^ _215_/A (sky130_fd_sc_hd__clkbuf_4)
    10    0.06    0.29    0.54    1.90 ^ _215_/X (sky130_fd_sc_hd__clkbuf_4)
                                         _060_ (net)
                  0.29    0.00    1.90 ^ _216_/A (sky130_fd_sc_hd__clkbuf_2)
     5    0.04    0.35    0.49    2.39 ^ _216_/X (sky130_fd_sc_hd__clkbuf_2)
                                         _061_ (net)
                  0.35    0.00    2.39 ^ _246_/A_N (sky130_fd_sc_hd__and3b_1)
     1    0.01    0.13    0.52    2.91 v _246_/X (sky130_fd_sc_hd__and3b_1)
                                         _088_ (net)
                  0.13    0.00    2.91 v _247_/A (sky130_fd_sc_hd__buf_2)
     7    0.06    0.26    0.45    3.36 v _247_/X (sky130_fd_sc_hd__buf_2)
                                         _089_ (net)
                  0.26    0.00    3.36 v _248_/B (sky130_fd_sc_hd__or2_1)
     1    0.01    0.14    0.59    3.96 v _248_/X (sky130_fd_sc_hd__or2_1)
                                         _090_ (net)
                  0.14    0.00    3.96 v _249_/A (sky130_fd_sc_hd__clkbuf_2)
     5    0.04    0.28    0.40    4.36 v _249_/X (sky130_fd_sc_hd__clkbuf_2)
                                         _091_ (net)
                  0.28    0.00    4.36 v _266_/A2 (sky130_fd_sc_hd__a21o_1)
     2    0.02    0.18    0.52    4.87 v _266_/X (sky130_fd_sc_hd__a21o_1)
                                         _108_ (net)
                  0.18    0.00    4.87 v _268_/B (sky130_fd_sc_hd__or3_2)
     2    0.02    0.27    1.26    6.14 v _268_/X (sky130_fd_sc_hd__or3_2)
                                         _110_ (net)
                  0.27    0.00    6.14 v _312_/A2 (sky130_fd_sc_hd__a21oi_2)
     3    0.02    0.45    0.53    6.67 ^ _312_/Y (sky130_fd_sc_hd__a21oi_2)
                                         _154_ (net)
                  0.45    0.00    6.67 ^ _319_/A2 (sky130_fd_sc_hd__o21ai_2)
     3    0.03    0.27    0.38    7.05 v _319_/Y (sky130_fd_sc_hd__o21ai_2)
                                         _161_ (net)
                  0.27    0.00    7.05 v _373_/A1 (sky130_fd_sc_hd__a21oi_2)
     3    0.04    0.76    0.75    7.80 ^ _373_/Y (sky130_fd_sc_hd__a21oi_2)
                                         _204_ (net)
                  0.76    0.00    7.80 ^ _380_/A_N (sky130_fd_sc_hd__and2b_1)
     1    0.01    0.15    0.66    8.46 v _380_/X (sky130_fd_sc_hd__and2b_1)
                                         _211_ (net)
                  0.15    0.00    8.47 v _382_/A (sky130_fd_sc_hd__nor2_1)
     4    0.03    0.95    0.81    9.27 ^ _382_/Y (sky130_fd_sc_hd__nor2_1)
                                         _213_ (net)
                  0.95    0.00    9.28 ^ _408_/A0 (sky130_fd_sc_hd__mux2_1)
     1    0.01    0.15    0.57    9.84 ^ _408_/X (sky130_fd_sc_hd__mux2_1)
                                         _045_ (net)
                  0.15    0.00    9.84 ^ _409_/A (sky130_fd_sc_hd__clkbuf_1)
     1    0.01    0.18    0.26   10.11 ^ _409_/X (sky130_fd_sc_hd__clkbuf_1)
                                         _017_ (net)
                  0.18    0.00   10.11 ^ _451_/D (sky130_fd_sc_hd__dfxtp_1)
                                 10.11   data arrival time

                         10.00   10.00   clock CLK100MHZ (rise edge)
                          0.00   10.00   clock source latency
     1    0.02    0.00    0.00   10.00 ^ CLK100MHZ (in)
                                         CLK100MHZ (net)
                  0.00    0.00   10.00 ^ clkbuf_0_CLK100MHZ/A (sky130_fd_sc_hd__clkbuf_16)
     2    0.02    0.07    0.19   10.19 ^ clkbuf_0_CLK100MHZ/X (sky130_fd_sc_hd__clkbuf_16)
                                         clknet_0_CLK100MHZ (net)
                  0.07    0.00   10.19 ^ clkbuf_1_0__f_CLK100MHZ/A (sky130_fd_sc_hd__clkbuf_16)
    16    0.06    0.12    0.27   10.46 ^ clkbuf_1_0__f_CLK100MHZ/X (sky130_fd_sc_hd__clkbuf_16)
                                         clknet_1_0__leaf_CLK100MHZ (net)
                  0.12    0.00   10.47 ^ _451_/CLK (sky130_fd_sc_hd__dfxtp_1)
                         -0.20   10.27   clock uncertainty
                          0.00   10.27   clock reconvergence pessimism
                         -0.15   10.12   library setup time
                                 10.12   data required time
-----------------------------------------------------------------------------
                                 10.12   data required time
                                -10.11   data arrival time
-----------------------------------------------------------------------------
                                  0.01   slack (MET)


Startpoint: _464_ (rising edge-triggered flip-flop clocked by CLK100MHZ)
Endpoint: _445_ (rising edge-triggered flip-flop clocked by CLK100MHZ)
Path Group: CLK100MHZ
Path Type: max
Corner: Slowest

Fanout     Cap    Slew   Delay    Time   Description
-----------------------------------------------------------------------------
                          0.00    0.00   clock CLK100MHZ (rise edge)
                          0.00    0.00   clock source latency
     1    0.02    0.00    0.00    0.00 ^ CLK100MHZ (in)
                                         CLK100MHZ (net)
                  0.00    0.00    0.00 ^ clkbuf_0_CLK100MHZ/A (sky130_fd_sc_hd__clkbuf_16)
     2    0.02    0.07    0.19    0.19 ^ clkbuf_0_CLK100MHZ/X (sky130_fd_sc_hd__clkbuf_16)
                                         clknet_0_CLK100MHZ (net)
                  0.07    0.00    0.19 ^ clkbuf_1_0__f_CLK100MHZ/A (sky130_fd_sc_hd__clkbuf_16)
    16    0.06    0.12    0.27    0.46 ^ clkbuf_1_0__f_CLK100MHZ/X (sky130_fd_sc_hd__clkbuf_16)
                                         clknet_1_0__leaf_CLK100MHZ (net)
                  0.12    0.00    0.47 ^ _464_/CLK (sky130_fd_sc_hd__dfrtp_1)
     3    0.03    0.36    0.89    1.36 ^ _464_/Q (sky130_fd_sc_hd__dfrtp_1)
                                         imem.address[2] (net)
                  0.36    0.00    1.36 ^ _215_/A (sky130_fd_sc_hd__clkbuf_4)
    10    0.06    0.29    0.54    1.90 ^ _215_/X (sky130_fd_sc_hd__clkbuf_4)
                                         _060_ (net)
                  0.29    0.00    1.90 ^ _216_/A (sky130_fd_sc_hd__clkbuf_2)
     5    0.04    0.35    0.49    2.39 ^ _216_/X (sky130_fd_sc_hd__clkbuf_2)
                                         _061_ (net)
                  0.35    0.00    2.39 ^ _246_/A_N (sky130_fd_sc_hd__and3b_1)
     1    0.01    0.13    0.52    2.91 v _246_/X (sky130_fd_sc_hd__and3b_1)
                                         _088_ (net)
                  0.13    0.00    2.91 v _247_/A (sky130_fd_sc_hd__buf_2)
     7    0.06    0.26    0.45    3.36 v _247_/X (sky130_fd_sc_hd__buf_2)
                                         _089_ (net)
                  0.26    0.00    3.36 v _248_/B (sky130_fd_sc_hd__or2_1)
     1    0.01    0.14    0.59    3.96 v _248_/X (sky130_fd_sc_hd__or2_1)
                                         _090_ (net)
                  0.14    0.00    3.96 v _249_/A (sky130_fd_sc_hd__clkbuf_2)
     5    0.04    0.28    0.40    4.36 v _249_/X (sky130_fd_sc_hd__clkbuf_2)
                                         _091_ (net)
                  0.28    0.00    4.36 v _266_/A2 (sky130_fd_sc_hd__a21o_1)
     2    0.02    0.18    0.52    4.87 v _266_/X (sky130_fd_sc_hd__a21o_1)
                                         _108_ (net)
                  0.18    0.00    4.87 v _268_/B (sky130_fd_sc_hd__or3_2)
     2    0.02    0.27    1.26    6.14 v _268_/X (sky130_fd_sc_hd__or3_2)
                                         _110_ (net)
                  0.27    0.00    6.14 v _312_/A2 (sky130_fd_sc_hd__a21oi_2)
     3    0.02    0.45    0.53    6.67 ^ _312_/Y (sky130_fd_sc_hd__a21oi_2)
                                         _154_ (net)
                  0.45    0.00    6.67 ^ _319_/A2 (sky130_fd_sc_hd__o21ai_2)
     3    0.03    0.27    0.38    7.05 v _319_/Y (sky130_fd_sc_hd__o21ai_2)
                                         _161_ (net)
                  0.27    0.00    7.05 v _327_/A (sky130_fd_sc_hd__or2_1)
     1    0.02    0.22    0.72    7.77 v _327_/X (sky130_fd_sc_hd__or2_1)
                                         _169_ (net)
                  0.22    0.00    7.77 v _332_/A2 (sky130_fd_sc_hd__a32o_4)
     8    0.06    0.19    0.73    8.50 v _332_/X (sky130_fd_sc_hd__a32o_4)
                                         _174_ (net)
                  0.19    0.00    8.50 v _393_/A1 (sky130_fd_sc_hd__mux2_1)
     1    0.01    0.20    0.82    9.32 v _393_/X (sky130_fd_sc_hd__mux2_1)
                                         _036_ (net)
                  0.20    0.00    9.32 v _394_/A (sky130_fd_sc_hd__buf_1)
     1    0.03    0.37    0.46    9.78 v _394_/X (sky130_fd_sc_hd__buf_1)
                                         _011_ (net)
                  0.37    0.00    9.79 v _445_/D (sky130_fd_sc_hd__dfxtp_1)
                                  9.79   data arrival time

                         10.00   10.00   clock CLK100MHZ (rise edge)
                          0.00   10.00   clock source latency
     1    0.02    0.00    0.00   10.00 ^ CLK100MHZ (in)
                                         CLK100MHZ (net)
                  0.00    0.00   10.00 ^ clkbuf_0_CLK100MHZ/A (sky130_fd_sc_hd__clkbuf_16)
     2    0.02    0.07    0.19   10.19 ^ clkbuf_0_CLK100MHZ/X (sky130_fd_sc_hd__clkbuf_16)
                                         clknet_0_CLK100MHZ (net)
                  0.07    0.00   10.19 ^ clkbuf_1_1__f_CLK100MHZ/A (sky130_fd_sc_hd__clkbuf_16)
    13    0.06    0.12    0.27   10.46 ^ clkbuf_1_1__f_CLK100MHZ/X (sky130_fd_sc_hd__clkbuf_16)
                                         clknet_1_1__leaf_CLK100MHZ (net)
                  0.12    0.00   10.46 ^ _445_/CLK (sky130_fd_sc_hd__dfxtp_1)
                         -0.20   10.26   clock uncertainty
                          0.00   10.26   clock reconvergence pessimism
                         -0.38    9.88   library setup time
                                  9.88   data required time
-----------------------------------------------------------------------------
                                  9.88   data required time
                                 -9.79   data arrival time
-----------------------------------------------------------------------------
                                  0.10   slack (MET)


Startpoint: _464_ (rising edge-triggered flip-flop clocked by CLK100MHZ)
Endpoint: _440_ (rising edge-triggered flip-flop clocked by CLK100MHZ)
Path Group: CLK100MHZ
Path Type: max
Corner: Slowest

Fanout     Cap    Slew   Delay    Time   Description
-----------------------------------------------------------------------------
                          0.00    0.00   clock CLK100MHZ (rise edge)
                          0.00    0.00   clock source latency
     1    0.02    0.00    0.00    0.00 ^ CLK100MHZ (in)
                                         CLK100MHZ (net)
                  0.00    0.00    0.00 ^ clkbuf_0_CLK100MHZ/A (sky130_fd_sc_hd__clkbuf_16)
     2    0.02    0.07    0.19    0.19 ^ clkbuf_0_CLK100MHZ/X (sky130_fd_sc_hd__clkbuf_16)
                                         clknet_0_CLK100MHZ (net)
                  0.07    0.00    0.19 ^ clkbuf_1_0__f_CLK100MHZ/A (sky130_fd_sc_hd__clkbuf_16)
    16    0.06    0.12    0.27    0.46 ^ clkbuf_1_0__f_CLK100MHZ/X (sky130_fd_sc_hd__clkbuf_16)
                                         clknet_1_0__leaf_CLK100MHZ (net)
                  0.12    0.00    0.47 ^ _464_/CLK (sky130_fd_sc_hd__dfrtp_1)
     3    0.03    0.36    0.89    1.36 ^ _464_/Q (sky130_fd_sc_hd__dfrtp_1)
                                         imem.address[2] (net)
                  0.36    0.00    1.36 ^ _215_/A (sky130_fd_sc_hd__clkbuf_4)
    10    0.06    0.29    0.54    1.90 ^ _215_/X (sky130_fd_sc_hd__clkbuf_4)
                                         _060_ (net)
                  0.29    0.00    1.90 ^ _216_/A (sky130_fd_sc_hd__clkbuf_2)
     5    0.04    0.35    0.49    2.39 ^ _216_/X (sky130_fd_sc_hd__clkbuf_2)
                                         _061_ (net)
                  0.35    0.00    2.39 ^ _246_/A_N (sky130_fd_sc_hd__and3b_1)
     1    0.01    0.13    0.52    2.91 v _246_/X (sky130_fd_sc_hd__and3b_1)
                                         _088_ (net)
                  0.13    0.00    2.91 v _247_/A (sky130_fd_sc_hd__buf_2)
     7    0.06    0.26    0.45    3.36 v _247_/X (sky130_fd_sc_hd__buf_2)
                                         _089_ (net)
                  0.26    0.00    3.36 v _248_/B (sky130_fd_sc_hd__or2_1)
     1    0.01    0.14    0.59    3.96 v _248_/X (sky130_fd_sc_hd__or2_1)
                                         _090_ (net)
                  0.14    0.00    3.96 v _249_/A (sky130_fd_sc_hd__clkbuf_2)
     5    0.04    0.28    0.40    4.36 v _249_/X (sky130_fd_sc_hd__clkbuf_2)
                                         _091_ (net)
                  0.28    0.00    4.36 v _266_/A2 (sky130_fd_sc_hd__a21o_1)
     2    0.02    0.18    0.52    4.87 v _266_/X (sky130_fd_sc_hd__a21o_1)
                                         _108_ (net)
                  0.18    0.00    4.87 v _268_/B (sky130_fd_sc_hd__or3_2)
     2    0.02    0.27    1.26    6.14 v _268_/X (sky130_fd_sc_hd__or3_2)
                                         _110_ (net)
                  0.27    0.00    6.14 v _312_/A2 (sky130_fd_sc_hd__a21oi_2)
     3    0.02    0.45    0.53    6.67 ^ _312_/Y (sky130_fd_sc_hd__a21oi_2)
                                         _154_ (net)
                  0.45    0.00    6.67 ^ _319_/A2 (sky130_fd_sc_hd__o21ai_2)
     3    0.03    0.27    0.38    7.05 v _319_/Y (sky130_fd_sc_hd__o21ai_2)
                                         _161_ (net)
                  0.27    0.00    7.05 v _327_/A (sky130_fd_sc_hd__or2_1)
     1    0.02    0.22    0.72    7.77 v _327_/X (sky130_fd_sc_hd__or2_1)
                                         _169_ (net)
                  0.22    0.00    7.77 v _332_/A2 (sky130_fd_sc_hd__a32o_4)
     8    0.06    0.19    0.73    8.50 v _332_/X (sky130_fd_sc_hd__a32o_4)
                                         _174_ (net)
                  0.19    0.00    8.50 v _371_/A1 (sky130_fd_sc_hd__mux2_1)
     1    0.02    0.23    0.86    9.36 v _371_/X (sky130_fd_sc_hd__mux2_1)
                                         _203_ (net)
                  0.23    0.00    9.36 v _372_/A (sky130_fd_sc_hd__buf_1)
     1    0.02    0.27    0.41    9.77 v _372_/X (sky130_fd_sc_hd__buf_1)
                                         _006_ (net)
                  0.27    0.00    9.77 v _440_/D (sky130_fd_sc_hd__dfxtp_1)
                                  9.77   data arrival time

                         10.00   10.00   clock CLK100MHZ (rise edge)
                          0.00   10.00   clock source latency
     1    0.02    0.00    0.00   10.00 ^ CLK100MHZ (in)
                                         CLK100MHZ (net)
                  0.00    0.00   10.00 ^ clkbuf_0_CLK100MHZ/A (sky130_fd_sc_hd__clkbuf_16)
     2    0.02    0.07    0.19   10.19 ^ clkbuf_0_CLK100MHZ/X (sky130_fd_sc_hd__clkbuf_16)
                                         clknet_0_CLK100MHZ (net)
                  0.07    0.00   10.19 ^ clkbuf_1_0__f_CLK100MHZ/A (sky130_fd_sc_hd__clkbuf_16)
    16    0.06    0.12    0.27   10.46 ^ clkbuf_1_0__f_CLK100MHZ/X (sky130_fd_sc_hd__clkbuf_16)
                                         clknet_1_0__leaf_CLK100MHZ (net)
                  0.12    0.00   10.47 ^ _440_/CLK (sky130_fd_sc_hd__dfxtp_1)
                         -0.20   10.27   clock uncertainty
                          0.00   10.27   clock reconvergence pessimism
                         -0.34    9.93   library setup time
                                  9.93   data required time
-----------------------------------------------------------------------------
                                  9.93   data required time
                                 -9.77   data arrival time
-----------------------------------------------------------------------------
                                  0.16   slack (MET)


Startpoint: _464_ (rising edge-triggered flip-flop clocked by CLK100MHZ)
Endpoint: _460_ (rising edge-triggered flip-flop clocked by CLK100MHZ)
Path Group: CLK100MHZ
Path Type: max
Corner: Slowest

Fanout     Cap    Slew   Delay    Time   Description
-----------------------------------------------------------------------------
                          0.00    0.00   clock CLK100MHZ (rise edge)
                          0.00    0.00   clock source latency
     1    0.02    0.00    0.00    0.00 ^ CLK100MHZ (in)
                                         CLK100MHZ (net)
                  0.00    0.00    0.00 ^ clkbuf_0_CLK100MHZ/A (sky130_fd_sc_hd__clkbuf_16)
     2    0.02    0.07    0.19    0.19 ^ clkbuf_0_CLK100MHZ/X (sky130_fd_sc_hd__clkbuf_16)
                                         clknet_0_CLK100MHZ (net)
                  0.07    0.00    0.19 ^ clkbuf_1_0__f_CLK100MHZ/A (sky130_fd_sc_hd__clkbuf_16)
    16    0.06    0.12    0.27    0.46 ^ clkbuf_1_0__f_CLK100MHZ/X (sky130_fd_sc_hd__clkbuf_16)
                                         clknet_1_0__leaf_CLK100MHZ (net)
                  0.12    0.00    0.47 ^ _464_/CLK (sky130_fd_sc_hd__dfrtp_1)
     3    0.03    0.36    0.89    1.36 ^ _464_/Q (sky130_fd_sc_hd__dfrtp_1)
                                         imem.address[2] (net)
                  0.36    0.00    1.36 ^ _215_/A (sky130_fd_sc_hd__clkbuf_4)
    10    0.06    0.29    0.54    1.90 ^ _215_/X (sky130_fd_sc_hd__clkbuf_4)
                                         _060_ (net)
                  0.29    0.00    1.90 ^ _216_/A (sky130_fd_sc_hd__clkbuf_2)
     5    0.04    0.35    0.49    2.39 ^ _216_/X (sky130_fd_sc_hd__clkbuf_2)
                                         _061_ (net)
                  0.35    0.00    2.39 ^ _246_/A_N (sky130_fd_sc_hd__and3b_1)
     1    0.01    0.13    0.52    2.91 v _246_/X (sky130_fd_sc_hd__and3b_1)
                                         _088_ (net)
                  0.13    0.00    2.91 v _247_/A (sky130_fd_sc_hd__buf_2)
     7    0.06    0.26    0.45    3.36 v _247_/X (sky130_fd_sc_hd__buf_2)
                                         _089_ (net)
                  0.26    0.00    3.36 v _248_/B (sky130_fd_sc_hd__or2_1)
     1    0.01    0.14    0.59    3.96 v _248_/X (sky130_fd_sc_hd__or2_1)
                                         _090_ (net)
                  0.14    0.00    3.96 v _249_/A (sky130_fd_sc_hd__clkbuf_2)
     5    0.04    0.28    0.40    4.36 v _249_/X (sky130_fd_sc_hd__clkbuf_2)
                                         _091_ (net)
                  0.28    0.00    4.36 v _266_/A2 (sky130_fd_sc_hd__a21o_1)
     2    0.02    0.18    0.52    4.87 v _266_/X (sky130_fd_sc_hd__a21o_1)
                                         _108_ (net)
                  0.18    0.00    4.87 v _268_/B (sky130_fd_sc_hd__or3_2)
     2    0.02    0.27    1.26    6.14 v _268_/X (sky130_fd_sc_hd__or3_2)
                                         _110_ (net)
                  0.27    0.00    6.14 v _312_/A2 (sky130_fd_sc_hd__a21oi_2)
     3    0.02    0.45    0.53    6.67 ^ _312_/Y (sky130_fd_sc_hd__a21oi_2)
                                         _154_ (net)
                  0.45    0.00    6.67 ^ _319_/A2 (sky130_fd_sc_hd__o21ai_2)
     3    0.03    0.27    0.38    7.05 v _319_/Y (sky130_fd_sc_hd__o21ai_2)
                                         _161_ (net)
                  0.27    0.00    7.05 v _327_/A (sky130_fd_sc_hd__or2_1)
     1    0.02    0.22    0.72    7.77 v _327_/X (sky130_fd_sc_hd__or2_1)
                                         _169_ (net)
                  0.22    0.00    7.77 v _332_/A2 (sky130_fd_sc_hd__a32o_4)
     8    0.06    0.19    0.73    8.50 v _332_/X (sky130_fd_sc_hd__a32o_4)
                                         _174_ (net)
                  0.19    0.00    8.50 v _430_/A1 (sky130_fd_sc_hd__mux2_1)
     1    0.00    0.12    0.70    9.21 v _430_/X (sky130_fd_sc_hd__mux2_1)
                                         _058_ (net)
                  0.12    0.00    9.21 v _431_/A (sky130_fd_sc_hd__buf_1)
     1    0.02    0.18    0.28    9.49 v _431_/X (sky130_fd_sc_hd__buf_1)
                                         _026_ (net)
                  0.18    0.00    9.49 v _460_/D (sky130_fd_sc_hd__dfxtp_1)
                                  9.49   data arrival time

                         10.00   10.00   clock CLK100MHZ (rise edge)
                          0.00   10.00   clock source latency
     1    0.02    0.00    0.00   10.00 ^ CLK100MHZ (in)
                                         CLK100MHZ (net)
                  0.00    0.00   10.00 ^ clkbuf_0_CLK100MHZ/A (sky130_fd_sc_hd__clkbuf_16)
     2    0.02    0.07    0.19   10.19 ^ clkbuf_0_CLK100MHZ/X (sky130_fd_sc_hd__clkbuf_16)
                                         clknet_0_CLK100MHZ (net)
                  0.07    0.00   10.19 ^ clkbuf_1_0__f_CLK100MHZ/A (sky130_fd_sc_hd__clkbuf_16)
    16    0.06    0.12    0.27   10.46 ^ clkbuf_1_0__f_CLK100MHZ/X (sky130_fd_sc_hd__clkbuf_16)
                                         clknet_1_0__leaf_CLK100MHZ (net)
                  0.12    0.00   10.47 ^ _460_/CLK (sky130_fd_sc_hd__dfxtp_1)
                         -0.20   10.27   clock uncertainty
                          0.00   10.27   clock reconvergence pessimism
                         -0.30    9.97   library setup time
                                  9.97   data required time
-----------------------------------------------------------------------------
                                  9.97   data required time
                                 -9.49   data arrival time
-----------------------------------------------------------------------------
                                  0.47   slack (MET)


Startpoint: _464_ (rising edge-triggered flip-flop clocked by CLK100MHZ)
Endpoint: _450_ (rising edge-triggered flip-flop clocked by CLK100MHZ)
Path Group: CLK100MHZ
Path Type: max
Corner: Slowest

Fanout     Cap    Slew   Delay    Time   Description
-----------------------------------------------------------------------------
                          0.00    0.00   clock CLK100MHZ (rise edge)
                          0.00    0.00   clock source latency
     1    0.02    0.00    0.00    0.00 ^ CLK100MHZ (in)
                                         CLK100MHZ (net)
                  0.00    0.00    0.00 ^ clkbuf_0_CLK100MHZ/A (sky130_fd_sc_hd__clkbuf_16)
     2    0.02    0.07    0.19    0.19 ^ clkbuf_0_CLK100MHZ/X (sky130_fd_sc_hd__clkbuf_16)
                                         clknet_0_CLK100MHZ (net)
                  0.07    0.00    0.19 ^ clkbuf_1_0__f_CLK100MHZ/A (sky130_fd_sc_hd__clkbuf_16)
    16    0.06    0.12    0.27    0.46 ^ clkbuf_1_0__f_CLK100MHZ/X (sky130_fd_sc_hd__clkbuf_16)
                                         clknet_1_0__leaf_CLK100MHZ (net)
                  0.12    0.00    0.47 ^ _464_/CLK (sky130_fd_sc_hd__dfrtp_1)
     3    0.03    0.36    0.89    1.36 ^ _464_/Q (sky130_fd_sc_hd__dfrtp_1)
                                         imem.address[2] (net)
                  0.36    0.00    1.36 ^ _215_/A (sky130_fd_sc_hd__clkbuf_4)
    10    0.06    0.29    0.54    1.90 ^ _215_/X (sky130_fd_sc_hd__clkbuf_4)
                                         _060_ (net)
                  0.29    0.00    1.90 ^ _216_/A (sky130_fd_sc_hd__clkbuf_2)
     5    0.04    0.35    0.49    2.39 ^ _216_/X (sky130_fd_sc_hd__clkbuf_2)
                                         _061_ (net)
                  0.35    0.00    2.39 ^ _246_/A_N (sky130_fd_sc_hd__and3b_1)
     1    0.01    0.13    0.52    2.91 v _246_/X (sky130_fd_sc_hd__and3b_1)
                                         _088_ (net)
                  0.13    0.00    2.91 v _247_/A (sky130_fd_sc_hd__buf_2)
     7    0.06    0.26    0.45    3.36 v _247_/X (sky130_fd_sc_hd__buf_2)
                                         _089_ (net)
                  0.26    0.00    3.36 v _248_/B (sky130_fd_sc_hd__or2_1)
     1    0.01    0.14    0.59    3.96 v _248_/X (sky130_fd_sc_hd__or2_1)
                                         _090_ (net)
                  0.14    0.00    3.96 v _249_/A (sky130_fd_sc_hd__clkbuf_2)
     5    0.04    0.28    0.40    4.36 v _249_/X (sky130_fd_sc_hd__clkbuf_2)
                                         _091_ (net)
                  0.28    0.00    4.36 v _266_/A2 (sky130_fd_sc_hd__a21o_1)
     2    0.02    0.18    0.52    4.87 v _266_/X (sky130_fd_sc_hd__a21o_1)
                                         _108_ (net)
                  0.18    0.00    4.87 v _268_/B (sky130_fd_sc_hd__or3_2)
     2    0.02    0.27    1.26    6.14 v _268_/X (sky130_fd_sc_hd__or3_2)
                                         _110_ (net)
                  0.27    0.00    6.14 v _312_/A2 (sky130_fd_sc_hd__a21oi_2)
     3    0.02    0.45    0.53    6.67 ^ _312_/Y (sky130_fd_sc_hd__a21oi_2)
                                         _154_ (net)
                  0.45    0.00    6.67 ^ _319_/A2 (sky130_fd_sc_hd__o21ai_2)
     3    0.03    0.27    0.38    7.05 v _319_/Y (sky130_fd_sc_hd__o21ai_2)
                                         _161_ (net)
                  0.27    0.00    7.05 v _327_/A (sky130_fd_sc_hd__or2_1)
     1    0.02    0.22    0.72    7.77 v _327_/X (sky130_fd_sc_hd__or2_1)
                                         _169_ (net)
                  0.22    0.00    7.77 v _332_/A2 (sky130_fd_sc_hd__a32o_4)
     8    0.06    0.19    0.73    8.50 v _332_/X (sky130_fd_sc_hd__a32o_4)
                                         _174_ (net)
                  0.19    0.00    8.50 v _406_/A0 (sky130_fd_sc_hd__mux2_1)
     1    0.00    0.13    0.71    9.21 v _406_/X (sky130_fd_sc_hd__mux2_1)
                                         _044_ (net)
                  0.13    0.00    9.21 v _407_/A (sky130_fd_sc_hd__clkbuf_1)
     1    0.01    0.11    0.24    9.45 v _407_/X (sky130_fd_sc_hd__clkbuf_1)
                                         _016_ (net)
                  0.11    0.00    9.45 v _450_/D (sky130_fd_sc_hd__dfxtp_1)
                                  9.45   data arrival time

                         10.00   10.00   clock CLK100MHZ (rise edge)
                          0.00   10.00   clock source latency
     1    0.02    0.00    0.00   10.00 ^ CLK100MHZ (in)
                                         CLK100MHZ (net)
                  0.00    0.00   10.00 ^ clkbuf_0_CLK100MHZ/A (sky130_fd_sc_hd__clkbuf_16)
     2    0.02    0.07    0.19   10.19 ^ clkbuf_0_CLK100MHZ/X (sky130_fd_sc_hd__clkbuf_16)
                                         clknet_0_CLK100MHZ (net)
                  0.07    0.00   10.19 ^ clkbuf_1_0__f_CLK100MHZ/A (sky130_fd_sc_hd__clkbuf_16)
    16    0.06    0.12    0.27   10.46 ^ clkbuf_1_0__f_CLK100MHZ/X (sky130_fd_sc_hd__clkbuf_16)
                                         clknet_1_0__leaf_CLK100MHZ (net)
                  0.12    0.00   10.47 ^ _450_/CLK (sky130_fd_sc_hd__dfxtp_1)
                         -0.20   10.27   clock uncertainty
                          0.00   10.27   clock reconvergence pessimism
                         -0.27   10.00   library setup time
                                 10.00   data required time
-----------------------------------------------------------------------------
                                 10.00   data required time
                                 -9.45   data arrival time
-----------------------------------------------------------------------------
                                  0.55   slack (MET)


Startpoint: _464_ (rising edge-triggered flip-flop clocked by CLK100MHZ)
Endpoint: _439_ (rising edge-triggered flip-flop clocked by CLK100MHZ)
Path Group: CLK100MHZ
Path Type: max
Corner: Slowest

Fanout     Cap    Slew   Delay    Time   Description
-----------------------------------------------------------------------------
                          0.00    0.00   clock CLK100MHZ (rise edge)
                          0.00    0.00   clock source latency
     1    0.02    0.00    0.00    0.00 ^ CLK100MHZ (in)
                                         CLK100MHZ (net)
                  0.00    0.00    0.00 ^ clkbuf_0_CLK100MHZ/A (sky130_fd_sc_hd__clkbuf_16)
     2    0.02    0.07    0.19    0.19 ^ clkbuf_0_CLK100MHZ/X (sky130_fd_sc_hd__clkbuf_16)
                                         clknet_0_CLK100MHZ (net)
                  0.07    0.00    0.19 ^ clkbuf_1_0__f_CLK100MHZ/A (sky130_fd_sc_hd__clkbuf_16)
    16    0.06    0.12    0.27    0.46 ^ clkbuf_1_0__f_CLK100MHZ/X (sky130_fd_sc_hd__clkbuf_16)
                                         clknet_1_0__leaf_CLK100MHZ (net)
                  0.12    0.00    0.47 ^ _464_/CLK (sky130_fd_sc_hd__dfrtp_1)
     3    0.03    0.36    0.89    1.36 ^ _464_/Q (sky130_fd_sc_hd__dfrtp_1)
                                         imem.address[2] (net)
                  0.36    0.00    1.36 ^ _215_/A (sky130_fd_sc_hd__clkbuf_4)
    10    0.06    0.29    0.54    1.90 ^ _215_/X (sky130_fd_sc_hd__clkbuf_4)
                                         _060_ (net)
                  0.29    0.00    1.90 ^ _216_/A (sky130_fd_sc_hd__clkbuf_2)
     5    0.04    0.35    0.49    2.39 ^ _216_/X (sky130_fd_sc_hd__clkbuf_2)
                                         _061_ (net)
                  0.35    0.00    2.39 ^ _246_/A_N (sky130_fd_sc_hd__and3b_1)
     1    0.01    0.13    0.52    2.91 v _246_/X (sky130_fd_sc_hd__and3b_1)
                                         _088_ (net)
                  0.13    0.00    2.91 v _247_/A (sky130_fd_sc_hd__buf_2)
     7    0.06    0.26    0.45    3.36 v _247_/X (sky130_fd_sc_hd__buf_2)
                                         _089_ (net)
                  0.26    0.00    3.36 v _248_/B (sky130_fd_sc_hd__or2_1)
     1    0.01    0.14    0.59    3.96 v _248_/X (sky130_fd_sc_hd__or2_1)
                                         _090_ (net)
                  0.14    0.00    3.96 v _249_/A (sky130_fd_sc_hd__clkbuf_2)
     5    0.04    0.28    0.40    4.36 v _249_/X (sky130_fd_sc_hd__clkbuf_2)
                                         _091_ (net)
                  0.28    0.00    4.36 v _266_/A2 (sky130_fd_sc_hd__a21o_1)
     2    0.02    0.18    0.52    4.87 v _266_/X (sky130_fd_sc_hd__a21o_1)
                                         _108_ (net)
                  0.18    0.00    4.87 v _268_/B (sky130_fd_sc_hd__or3_2)
     2    0.02    0.27    1.26    6.14 v _268_/X (sky130_fd_sc_hd__or3_2)
                                         _110_ (net)
                  0.27    0.00    6.14 v _312_/A2 (sky130_fd_sc_hd__a21oi_2)
     3    0.02    0.45    0.53    6.67 ^ _312_/Y (sky130_fd_sc_hd__a21oi_2)
                                         _154_ (net)
                  0.45    0.00    6.67 ^ _314_/A2 (sky130_fd_sc_hd__a21oi_1)
     1    0.02    0.43    0.53    7.21 v _314_/Y (sky130_fd_sc_hd__a21oi_1)
                                         _156_ (net)
                  0.43    0.00    7.21 v _315_/B2 (sky130_fd_sc_hd__a2bb2o_4)
     9    0.05    0.17    0.63    7.84 v _315_/X (sky130_fd_sc_hd__a2bb2o_4)
                                         _157_ (net)
                  0.17    0.00    7.85 v _369_/A1 (sky130_fd_sc_hd__mux2_1)
     1    0.02    0.28    0.89    8.74 v _369_/X (sky130_fd_sc_hd__mux2_1)
                                         _202_ (net)
                  0.28    0.00    8.74 v _370_/A (sky130_fd_sc_hd__clkbuf_1)
     1    0.01    0.14    0.32    9.06 v _370_/X (sky130_fd_sc_hd__clkbuf_1)
                                         _005_ (net)
                  0.14    0.00    9.06 v _439_/D (sky130_fd_sc_hd__dfxtp_1)
                                  9.06   data arrival time

                         10.00   10.00   clock CLK100MHZ (rise edge)
                          0.00   10.00   clock source latency
     1    0.02    0.00    0.00   10.00 ^ CLK100MHZ (in)
                                         CLK100MHZ (net)
                  0.00    0.00   10.00 ^ clkbuf_0_CLK100MHZ/A (sky130_fd_sc_hd__clkbuf_16)
     2    0.02    0.07    0.19   10.19 ^ clkbuf_0_CLK100MHZ/X (sky130_fd_sc_hd__clkbuf_16)
                                         clknet_0_CLK100MHZ (net)
                  0.07    0.00   10.19 ^ clkbuf_1_1__f_CLK100MHZ/A (sky130_fd_sc_hd__clkbuf_16)
    13    0.06    0.12    0.27   10.46 ^ clkbuf_1_1__f_CLK100MHZ/X (sky130_fd_sc_hd__clkbuf_16)
                                         clknet_1_1__leaf_CLK100MHZ (net)
                  0.12    0.00   10.46 ^ _439_/CLK (sky130_fd_sc_hd__dfxtp_1)
                         -0.20   10.26   clock uncertainty
                          0.00   10.26   clock reconvergence pessimism
                         -0.28    9.98   library setup time
                                  9.98   data required time
-----------------------------------------------------------------------------
                                  9.98   data required time
                                 -9.06   data arrival time
-----------------------------------------------------------------------------
                                  0.91   slack (MET)


Startpoint: _464_ (rising edge-triggered flip-flop clocked by CLK100MHZ)
Endpoint: _449_ (rising edge-triggered flip-flop clocked by CLK100MHZ)
Path Group: CLK100MHZ
Path Type: max
Corner: Slowest

Fanout     Cap    Slew   Delay    Time   Description
-----------------------------------------------------------------------------
                          0.00    0.00   clock CLK100MHZ (rise edge)
                          0.00    0.00   clock source latency
     1    0.02    0.00    0.00    0.00 ^ CLK100MHZ (in)
                                         CLK100MHZ (net)
                  0.00    0.00    0.00 ^ clkbuf_0_CLK100MHZ/A (sky130_fd_sc_hd__clkbuf_16)
     2    0.02    0.07    0.19    0.19 ^ clkbuf_0_CLK100MHZ/X (sky130_fd_sc_hd__clkbuf_16)
                                         clknet_0_CLK100MHZ (net)
                  0.07    0.00    0.19 ^ clkbuf_1_0__f_CLK100MHZ/A (sky130_fd_sc_hd__clkbuf_16)
    16    0.06    0.12    0.27    0.46 ^ clkbuf_1_0__f_CLK100MHZ/X (sky130_fd_sc_hd__clkbuf_16)
                                         clknet_1_0__leaf_CLK100MHZ (net)
                  0.12    0.00    0.47 ^ _464_/CLK (sky130_fd_sc_hd__dfrtp_1)
     3    0.03    0.36    0.89    1.36 ^ _464_/Q (sky130_fd_sc_hd__dfrtp_1)
                                         imem.address[2] (net)
                  0.36    0.00    1.36 ^ _215_/A (sky130_fd_sc_hd__clkbuf_4)
    10    0.06    0.29    0.54    1.90 ^ _215_/X (sky130_fd_sc_hd__clkbuf_4)
                                         _060_ (net)
                  0.29    0.00    1.90 ^ _216_/A (sky130_fd_sc_hd__clkbuf_2)
     5    0.04    0.35    0.49    2.39 ^ _216_/X (sky130_fd_sc_hd__clkbuf_2)
                                         _061_ (net)
                  0.35    0.00    2.39 ^ _246_/A_N (sky130_fd_sc_hd__and3b_1)
     1    0.01    0.13    0.52    2.91 v _246_/X (sky130_fd_sc_hd__and3b_1)
                                         _088_ (net)
                  0.13    0.00    2.91 v _247_/A (sky130_fd_sc_hd__buf_2)
     7    0.06    0.26    0.45    3.36 v _247_/X (sky130_fd_sc_hd__buf_2)
                                         _089_ (net)
                  0.26    0.00    3.36 v _248_/B (sky130_fd_sc_hd__or2_1)
     1    0.01    0.14    0.59    3.96 v _248_/X (sky130_fd_sc_hd__or2_1)
                                         _090_ (net)
                  0.14    0.00    3.96 v _249_/A (sky130_fd_sc_hd__clkbuf_2)
     5    0.04    0.28    0.40    4.36 v _249_/X (sky130_fd_sc_hd__clkbuf_2)
                                         _091_ (net)
                  0.28    0.00    4.36 v _266_/A2 (sky130_fd_sc_hd__a21o_1)
     2    0.02    0.18    0.52    4.87 v _266_/X (sky130_fd_sc_hd__a21o_1)
                                         _108_ (net)
                  0.18    0.00    4.87 v _268_/B (sky130_fd_sc_hd__or3_2)
     2    0.02    0.27    1.26    6.14 v _268_/X (sky130_fd_sc_hd__or3_2)
                                         _110_ (net)
                  0.27    0.00    6.14 v _312_/A2 (sky130_fd_sc_hd__a21oi_2)
     3    0.02    0.45    0.53    6.67 ^ _312_/Y (sky130_fd_sc_hd__a21oi_2)
                                         _154_ (net)
                  0.45    0.00    6.67 ^ _314_/A2 (sky130_fd_sc_hd__a21oi_1)
     1    0.02    0.43    0.53    7.21 v _314_/Y (sky130_fd_sc_hd__a21oi_1)
                                         _156_ (net)
                  0.43    0.00    7.21 v _315_/B2 (sky130_fd_sc_hd__a2bb2o_4)
     9    0.05    0.17    0.63    7.84 v _315_/X (sky130_fd_sc_hd__a2bb2o_4)
                                         _157_ (net)
                  0.17    0.01    7.85 v _404_/A0 (sky130_fd_sc_hd__mux2_1)
     1    0.02    0.22    0.81    8.66 v _404_/X (sky130_fd_sc_hd__mux2_1)
                                         _043_ (net)
                  0.22    0.00    8.66 v _405_/A (sky130_fd_sc_hd__buf_1)
     1    0.02    0.21    0.36    9.02 v _405_/X (sky130_fd_sc_hd__buf_1)
                                         _015_ (net)
                  0.21    0.00    9.02 v _449_/D (sky130_fd_sc_hd__dfxtp_1)
                                  9.02   data arrival time

                         10.00   10.00   clock CLK100MHZ (rise edge)
                          0.00   10.00   clock source latency
     1    0.02    0.00    0.00   10.00 ^ CLK100MHZ (in)
                                         CLK100MHZ (net)
                  0.00    0.00   10.00 ^ clkbuf_0_CLK100MHZ/A (sky130_fd_sc_hd__clkbuf_16)
     2    0.02    0.07    0.19   10.19 ^ clkbuf_0_CLK100MHZ/X (sky130_fd_sc_hd__clkbuf_16)
                                         clknet_0_CLK100MHZ (net)
                  0.07    0.00   10.19 ^ clkbuf_1_0__f_CLK100MHZ/A (sky130_fd_sc_hd__clkbuf_16)
    16    0.06    0.12    0.27   10.46 ^ clkbuf_1_0__f_CLK100MHZ/X (sky130_fd_sc_hd__clkbuf_16)
                                         clknet_1_0__leaf_CLK100MHZ (net)
                  0.12    0.00   10.47 ^ _449_/CLK (sky130_fd_sc_hd__dfxtp_1)
                         -0.20   10.27   clock uncertainty
                          0.00   10.27   clock reconvergence pessimism
                         -0.31    9.95   library setup time
                                  9.95   data required time
-----------------------------------------------------------------------------
                                  9.95   data required time
                                 -9.02   data arrival time
-----------------------------------------------------------------------------
                                  0.93   slack (MET)


Startpoint: _464_ (rising edge-triggered flip-flop clocked by CLK100MHZ)
Endpoint: _443_ (rising edge-triggered flip-flop clocked by CLK100MHZ)
Path Group: CLK100MHZ
Path Type: max
Corner: Slowest

Fanout     Cap    Slew   Delay    Time   Description
-----------------------------------------------------------------------------
                          0.00    0.00   clock CLK100MHZ (rise edge)
                          0.00    0.00   clock source latency
     1    0.02    0.00    0.00    0.00 ^ CLK100MHZ (in)
                                         CLK100MHZ (net)
                  0.00    0.00    0.00 ^ clkbuf_0_CLK100MHZ/A (sky130_fd_sc_hd__clkbuf_16)
     2    0.02    0.07    0.19    0.19 ^ clkbuf_0_CLK100MHZ/X (sky130_fd_sc_hd__clkbuf_16)
                                         clknet_0_CLK100MHZ (net)
                  0.07    0.00    0.19 ^ clkbuf_1_0__f_CLK100MHZ/A (sky130_fd_sc_hd__clkbuf_16)
    16    0.06    0.12    0.27    0.46 ^ clkbuf_1_0__f_CLK100MHZ/X (sky130_fd_sc_hd__clkbuf_16)
                                         clknet_1_0__leaf_CLK100MHZ (net)
                  0.12    0.00    0.47 ^ _464_/CLK (sky130_fd_sc_hd__dfrtp_1)
     3    0.03    0.36    0.89    1.36 ^ _464_/Q (sky130_fd_sc_hd__dfrtp_1)
                                         imem.address[2] (net)
                  0.36    0.00    1.36 ^ _215_/A (sky130_fd_sc_hd__clkbuf_4)
    10    0.06    0.29    0.54    1.90 ^ _215_/X (sky130_fd_sc_hd__clkbuf_4)
                                         _060_ (net)
                  0.29    0.00    1.90 ^ _216_/A (sky130_fd_sc_hd__clkbuf_2)
     5    0.04    0.35    0.49    2.39 ^ _216_/X (sky130_fd_sc_hd__clkbuf_2)
                                         _061_ (net)
                  0.35    0.00    2.39 ^ _246_/A_N (sky130_fd_sc_hd__and3b_1)
     1    0.01    0.13    0.52    2.91 v _246_/X (sky130_fd_sc_hd__and3b_1)
                                         _088_ (net)
                  0.13    0.00    2.91 v _247_/A (sky130_fd_sc_hd__buf_2)
     7    0.06    0.26    0.45    3.36 v _247_/X (sky130_fd_sc_hd__buf_2)
                                         _089_ (net)
                  0.26    0.00    3.36 v _248_/B (sky130_fd_sc_hd__or2_1)
     1    0.01    0.14    0.59    3.96 v _248_/X (sky130_fd_sc_hd__or2_1)
                                         _090_ (net)
                  0.14    0.00    3.96 v _249_/A (sky130_fd_sc_hd__clkbuf_2)
     5    0.04    0.28    0.40    4.36 v _249_/X (sky130_fd_sc_hd__clkbuf_2)
                                         _091_ (net)
                  0.28    0.00    4.36 v _266_/A2 (sky130_fd_sc_hd__a21o_1)
     2    0.02    0.18    0.52    4.87 v _266_/X (sky130_fd_sc_hd__a21o_1)
                                         _108_ (net)
                  0.18    0.00    4.87 v _268_/B (sky130_fd_sc_hd__or3_2)
     2    0.02    0.27    1.26    6.14 v _268_/X (sky130_fd_sc_hd__or3_2)
                                         _110_ (net)
                  0.27    0.00    6.14 v _269_/B_N (sky130_fd_sc_hd__or2b_1)
     2    0.03    0.39    0.60    6.74 ^ _269_/X (sky130_fd_sc_hd__or2b_1)
                                         _111_ (net)
                  0.39    0.00    6.74 ^ _272_/A2 (sky130_fd_sc_hd__a21oi_2)
     1    0.02    0.27    0.34    7.08 v _272_/Y (sky130_fd_sc_hd__a21oi_2)
                                         _114_ (net)
                  0.27    0.00    7.08 v _296_/A2 (sky130_fd_sc_hd__a22o_4)
     9    0.06    0.18    0.68    7.76 v _296_/X (sky130_fd_sc_hd__a22o_4)
                                         _138_ (net)
                  0.18    0.00    7.77 v _389_/A1 (sky130_fd_sc_hd__mux2_1)
     1    0.01    0.17    0.78    8.55 v _389_/X (sky130_fd_sc_hd__mux2_1)
                                         _034_ (net)
                  0.17    0.00    8.55 v _390_/A (sky130_fd_sc_hd__buf_1)
     1    0.02    0.28    0.38    8.93 v _390_/X (sky130_fd_sc_hd__buf_1)
                                         _009_ (net)
                  0.28    0.00    8.93 v _443_/D (sky130_fd_sc_hd__dfxtp_1)
                                  8.93   data arrival time

                         10.00   10.00   clock CLK100MHZ (rise edge)
                          0.00   10.00   clock source latency
     1    0.02    0.00    0.00   10.00 ^ CLK100MHZ (in)
                                         CLK100MHZ (net)
                  0.00    0.00   10.00 ^ clkbuf_0_CLK100MHZ/A (sky130_fd_sc_hd__clkbuf_16)
     2    0.02    0.07    0.19   10.19 ^ clkbuf_0_CLK100MHZ/X (sky130_fd_sc_hd__clkbuf_16)
                                         clknet_0_CLK100MHZ (net)
                  0.07    0.00   10.19 ^ clkbuf_1_0__f_CLK100MHZ/A (sky130_fd_sc_hd__clkbuf_16)
    16    0.06    0.12    0.27   10.46 ^ clkbuf_1_0__f_CLK100MHZ/X (sky130_fd_sc_hd__clkbuf_16)
                                         clknet_1_0__leaf_CLK100MHZ (net)
                  0.12    0.00   10.47 ^ _443_/CLK (sky130_fd_sc_hd__dfxtp_1)
                         -0.20   10.27   clock uncertainty
                          0.00   10.27   clock reconvergence pessimism
                         -0.34    9.93   library setup time
                                  9.93   data required time
-----------------------------------------------------------------------------
                                  9.93   data required time
                                 -8.93   data arrival time
-----------------------------------------------------------------------------
                                  0.99   slack (MET)


Startpoint: _464_ (rising edge-triggered flip-flop clocked by CLK100MHZ)
Endpoint: _459_ (rising edge-triggered flip-flop clocked by CLK100MHZ)
Path Group: CLK100MHZ
Path Type: max
Corner: Slowest

Fanout     Cap    Slew   Delay    Time   Description
-----------------------------------------------------------------------------
                          0.00    0.00   clock CLK100MHZ (rise edge)
                          0.00    0.00   clock source latency
     1    0.02    0.00    0.00    0.00 ^ CLK100MHZ (in)
                                         CLK100MHZ (net)
                  0.00    0.00    0.00 ^ clkbuf_0_CLK100MHZ/A (sky130_fd_sc_hd__clkbuf_16)
     2    0.02    0.07    0.19    0.19 ^ clkbuf_0_CLK100MHZ/X (sky130_fd_sc_hd__clkbuf_16)
                                         clknet_0_CLK100MHZ (net)
                  0.07    0.00    0.19 ^ clkbuf_1_0__f_CLK100MHZ/A (sky130_fd_sc_hd__clkbuf_16)
    16    0.06    0.12    0.27    0.46 ^ clkbuf_1_0__f_CLK100MHZ/X (sky130_fd_sc_hd__clkbuf_16)
                                         clknet_1_0__leaf_CLK100MHZ (net)
                  0.12    0.00    0.47 ^ _464_/CLK (sky130_fd_sc_hd__dfrtp_1)
     3    0.03    0.36    0.89    1.36 ^ _464_/Q (sky130_fd_sc_hd__dfrtp_1)
                                         imem.address[2] (net)
                  0.36    0.00    1.36 ^ _215_/A (sky130_fd_sc_hd__clkbuf_4)
    10    0.06    0.29    0.54    1.90 ^ _215_/X (sky130_fd_sc_hd__clkbuf_4)
                                         _060_ (net)
                  0.29    0.00    1.90 ^ _216_/A (sky130_fd_sc_hd__clkbuf_2)
     5    0.04    0.35    0.49    2.39 ^ _216_/X (sky130_fd_sc_hd__clkbuf_2)
                                         _061_ (net)
                  0.35    0.00    2.39 ^ _246_/A_N (sky130_fd_sc_hd__and3b_1)
     1    0.01    0.13    0.52    2.91 v _246_/X (sky130_fd_sc_hd__and3b_1)
                                         _088_ (net)
                  0.13    0.00    2.91 v _247_/A (sky130_fd_sc_hd__buf_2)
     7    0.06    0.26    0.45    3.36 v _247_/X (sky130_fd_sc_hd__buf_2)
                                         _089_ (net)
                  0.26    0.00    3.36 v _248_/B (sky130_fd_sc_hd__or2_1)
     1    0.01    0.14    0.59    3.96 v _248_/X (sky130_fd_sc_hd__or2_1)
                                         _090_ (net)
                  0.14    0.00    3.96 v _249_/A (sky130_fd_sc_hd__clkbuf_2)
     5    0.04    0.28    0.40    4.36 v _249_/X (sky130_fd_sc_hd__clkbuf_2)
                                         _091_ (net)
                  0.28    0.00    4.36 v _266_/A2 (sky130_fd_sc_hd__a21o_1)
     2    0.02    0.18    0.52    4.87 v _266_/X (sky130_fd_sc_hd__a21o_1)
                                         _108_ (net)
                  0.18    0.00    4.87 v _268_/B (sky130_fd_sc_hd__or3_2)
     2    0.02    0.27    1.26    6.14 v _268_/X (sky130_fd_sc_hd__or3_2)
                                         _110_ (net)
                  0.27    0.00    6.14 v _312_/A2 (sky130_fd_sc_hd__a21oi_2)
     3    0.02    0.45    0.53    6.67 ^ _312_/Y (sky130_fd_sc_hd__a21oi_2)
                                         _154_ (net)
                  0.45    0.00    6.67 ^ _314_/A2 (sky130_fd_sc_hd__a21oi_1)
     1    0.02    0.43    0.53    7.21 v _314_/Y (sky130_fd_sc_hd__a21oi_1)
                                         _156_ (net)
                  0.43    0.00    7.21 v _315_/B2 (sky130_fd_sc_hd__a2bb2o_4)
     9    0.05    0.17    0.63    7.84 v _315_/X (sky130_fd_sc_hd__a2bb2o_4)
                                         _157_ (net)
                  0.17    0.00    7.85 v _428_/A1 (sky130_fd_sc_hd__mux2_1)
     1    0.01    0.17    0.77    8.61 v _428_/X (sky130_fd_sc_hd__mux2_1)
                                         _057_ (net)
                  0.17    0.00    8.61 v _429_/A (sky130_fd_sc_hd__buf_1)
     1    0.01    0.15    0.29    8.90 v _429_/X (sky130_fd_sc_hd__buf_1)
                                         _025_ (net)
                  0.15    0.00    8.90 v _459_/D (sky130_fd_sc_hd__dfxtp_1)
                                  8.90   data arrival time

                         10.00   10.00   clock CLK100MHZ (rise edge)
                          0.00   10.00   clock source latency
     1    0.02    0.00    0.00   10.00 ^ CLK100MHZ (in)
                                         CLK100MHZ (net)
                  0.00    0.00   10.00 ^ clkbuf_0_CLK100MHZ/A (sky130_fd_sc_hd__clkbuf_16)
     2    0.02    0.07    0.19   10.19 ^ clkbuf_0_CLK100MHZ/X (sky130_fd_sc_hd__clkbuf_16)
                                         clknet_0_CLK100MHZ (net)
                  0.07    0.00   10.19 ^ clkbuf_1_0__f_CLK100MHZ/A (sky130_fd_sc_hd__clkbuf_16)
    16    0.06    0.12    0.27   10.46 ^ clkbuf_1_0__f_CLK100MHZ/X (sky130_fd_sc_hd__clkbuf_16)
                                         clknet_1_0__leaf_CLK100MHZ (net)
                  0.12    0.00   10.47 ^ _459_/CLK (sky130_fd_sc_hd__dfxtp_1)
                         -0.20   10.27   clock uncertainty
                          0.00   10.27   clock reconvergence pessimism
                         -0.29    9.98   library setup time
                                  9.98   data required time
-----------------------------------------------------------------------------
                                  9.98   data required time
                                 -8.90   data arrival time
-----------------------------------------------------------------------------
                                  1.07   slack (MET)


Startpoint: _464_ (rising edge-triggered flip-flop clocked by CLK100MHZ)
Endpoint: _438_ (rising edge-triggered flip-flop clocked by CLK100MHZ)
Path Group: CLK100MHZ
Path Type: max
Corner: Slowest

Fanout     Cap    Slew   Delay    Time   Description
-----------------------------------------------------------------------------
                          0.00    0.00   clock CLK100MHZ (rise edge)
                          0.00    0.00   clock source latency
     1    0.02    0.00    0.00    0.00 ^ CLK100MHZ (in)
                                         CLK100MHZ (net)
                  0.00    0.00    0.00 ^ clkbuf_0_CLK100MHZ/A (sky130_fd_sc_hd__clkbuf_16)
     2    0.02    0.07    0.19    0.19 ^ clkbuf_0_CLK100MHZ/X (sky130_fd_sc_hd__clkbuf_16)
                                         clknet_0_CLK100MHZ (net)
                  0.07    0.00    0.19 ^ clkbuf_1_0__f_CLK100MHZ/A (sky130_fd_sc_hd__clkbuf_16)
    16    0.06    0.12    0.27    0.46 ^ clkbuf_1_0__f_CLK100MHZ/X (sky130_fd_sc_hd__clkbuf_16)
                                         clknet_1_0__leaf_CLK100MHZ (net)
                  0.12    0.00    0.47 ^ _464_/CLK (sky130_fd_sc_hd__dfrtp_1)
     3    0.03    0.36    0.89    1.36 ^ _464_/Q (sky130_fd_sc_hd__dfrtp_1)
                                         imem.address[2] (net)
                  0.36    0.00    1.36 ^ _215_/A (sky130_fd_sc_hd__clkbuf_4)
    10    0.06    0.29    0.54    1.90 ^ _215_/X (sky130_fd_sc_hd__clkbuf_4)
                                         _060_ (net)
                  0.29    0.00    1.90 ^ _216_/A (sky130_fd_sc_hd__clkbuf_2)
     5    0.04    0.35    0.49    2.39 ^ _216_/X (sky130_fd_sc_hd__clkbuf_2)
                                         _061_ (net)
                  0.35    0.00    2.39 ^ _246_/A_N (sky130_fd_sc_hd__and3b_1)
     1    0.01    0.13    0.52    2.91 v _246_/X (sky130_fd_sc_hd__and3b_1)
                                         _088_ (net)
                  0.13    0.00    2.91 v _247_/A (sky130_fd_sc_hd__buf_2)
     7    0.06    0.26    0.45    3.36 v _247_/X (sky130_fd_sc_hd__buf_2)
                                         _089_ (net)
                  0.26    0.00    3.36 v _248_/B (sky130_fd_sc_hd__or2_1)
     1    0.01    0.14    0.59    3.96 v _248_/X (sky130_fd_sc_hd__or2_1)
                                         _090_ (net)
                  0.14    0.00    3.96 v _249_/A (sky130_fd_sc_hd__clkbuf_2)
     5    0.04    0.28    0.40    4.36 v _249_/X (sky130_fd_sc_hd__clkbuf_2)
                                         _091_ (net)
                  0.28    0.00    4.36 v _266_/A2 (sky130_fd_sc_hd__a21o_1)
     2    0.02    0.18    0.52    4.87 v _266_/X (sky130_fd_sc_hd__a21o_1)
                                         _108_ (net)
                  0.18    0.00    4.87 v _268_/B (sky130_fd_sc_hd__or3_2)
     2    0.02    0.27    1.26    6.14 v _268_/X (sky130_fd_sc_hd__or3_2)
                                         _110_ (net)
                  0.27    0.00    6.14 v _269_/B_N (sky130_fd_sc_hd__or2b_1)
     2    0.03    0.39    0.60    6.74 ^ _269_/X (sky130_fd_sc_hd__or2b_1)
                                         _111_ (net)
                  0.39    0.00    6.74 ^ _272_/A2 (sky130_fd_sc_hd__a21oi_2)
     1    0.02    0.27    0.34    7.08 v _272_/Y (sky130_fd_sc_hd__a21oi_2)
                                         _114_ (net)
                  0.27    0.00    7.08 v _296_/A2 (sky130_fd_sc_hd__a22o_4)
     9    0.06    0.18    0.68    7.76 v _296_/X (sky130_fd_sc_hd__a22o_4)
                                         _138_ (net)
                  0.18    0.01    7.77 v _367_/A1 (sky130_fd_sc_hd__mux2_1)
     1    0.01    0.20    0.82    8.59 v _367_/X (sky130_fd_sc_hd__mux2_1)
                                         _201_ (net)
                  0.20    0.00    8.59 v _368_/A (sky130_fd_sc_hd__clkbuf_1)
     1    0.01    0.13    0.29    8.88 v _368_/X (sky130_fd_sc_hd__clkbuf_1)
                                         _004_ (net)
                  0.13    0.00    8.88 v _438_/D (sky130_fd_sc_hd__dfxtp_1)
                                  8.88   data arrival time

                         10.00   10.00   clock CLK100MHZ (rise edge)
                          0.00   10.00   clock source latency
     1    0.02    0.00    0.00   10.00 ^ CLK100MHZ (in)
                                         CLK100MHZ (net)
                  0.00    0.00   10.00 ^ clkbuf_0_CLK100MHZ/A (sky130_fd_sc_hd__clkbuf_16)
     2    0.02    0.07    0.19   10.19 ^ clkbuf_0_CLK100MHZ/X (sky130_fd_sc_hd__clkbuf_16)
                                         clknet_0_CLK100MHZ (net)
                  0.07    0.00   10.19 ^ clkbuf_1_1__f_CLK100MHZ/A (sky130_fd_sc_hd__clkbuf_16)
    13    0.06    0.12    0.27   10.46 ^ clkbuf_1_1__f_CLK100MHZ/X (sky130_fd_sc_hd__clkbuf_16)
                                         clknet_1_1__leaf_CLK100MHZ (net)
                  0.12    0.00   10.46 ^ _438_/CLK (sky130_fd_sc_hd__dfxtp_1)
                         -0.20   10.26   clock uncertainty
                          0.00   10.26   clock reconvergence pessimism
                         -0.28    9.98   library setup time
                                  9.98   data required time
-----------------------------------------------------------------------------
                                  9.98   data required time
                                 -8.88   data arrival time
-----------------------------------------------------------------------------
                                  1.10   slack (MET)


Startpoint: _464_ (rising edge-triggered flip-flop clocked by CLK100MHZ)
Endpoint: _448_ (rising edge-triggered flip-flop clocked by CLK100MHZ)
Path Group: CLK100MHZ
Path Type: max
Corner: Slowest

Fanout     Cap    Slew   Delay    Time   Description
-----------------------------------------------------------------------------
                          0.00    0.00   clock CLK100MHZ (rise edge)
                          0.00    0.00   clock source latency
     1    0.02    0.00    0.00    0.00 ^ CLK100MHZ (in)
                                         CLK100MHZ (net)
                  0.00    0.00    0.00 ^ clkbuf_0_CLK100MHZ/A (sky130_fd_sc_hd__clkbuf_16)
     2    0.02    0.07    0.19    0.19 ^ clkbuf_0_CLK100MHZ/X (sky130_fd_sc_hd__clkbuf_16)
                                         clknet_0_CLK100MHZ (net)
                  0.07    0.00    0.19 ^ clkbuf_1_0__f_CLK100MHZ/A (sky130_fd_sc_hd__clkbuf_16)
    16    0.06    0.12    0.27    0.46 ^ clkbuf_1_0__f_CLK100MHZ/X (sky130_fd_sc_hd__clkbuf_16)
                                         clknet_1_0__leaf_CLK100MHZ (net)
                  0.12    0.00    0.47 ^ _464_/CLK (sky130_fd_sc_hd__dfrtp_1)
     3    0.03    0.36    0.89    1.36 ^ _464_/Q (sky130_fd_sc_hd__dfrtp_1)
                                         imem.address[2] (net)
                  0.36    0.00    1.36 ^ _215_/A (sky130_fd_sc_hd__clkbuf_4)
    10    0.06    0.29    0.54    1.90 ^ _215_/X (sky130_fd_sc_hd__clkbuf_4)
                                         _060_ (net)
                  0.29    0.00    1.90 ^ _216_/A (sky130_fd_sc_hd__clkbuf_2)
     5    0.04    0.35    0.49    2.39 ^ _216_/X (sky130_fd_sc_hd__clkbuf_2)
                                         _061_ (net)
                  0.35    0.00    2.39 ^ _246_/A_N (sky130_fd_sc_hd__and3b_1)
     1    0.01    0.13    0.52    2.91 v _246_/X (sky130_fd_sc_hd__and3b_1)
                                         _088_ (net)
                  0.13    0.00    2.91 v _247_/A (sky130_fd_sc_hd__buf_2)
     7    0.06    0.26    0.45    3.36 v _247_/X (sky130_fd_sc_hd__buf_2)
                                         _089_ (net)
                  0.26    0.00    3.36 v _248_/B (sky130_fd_sc_hd__or2_1)
     1    0.01    0.14    0.59    3.96 v _248_/X (sky130_fd_sc_hd__or2_1)
                                         _090_ (net)
                  0.14    0.00    3.96 v _249_/A (sky130_fd_sc_hd__clkbuf_2)
     5    0.04    0.28    0.40    4.36 v _249_/X (sky130_fd_sc_hd__clkbuf_2)
                                         _091_ (net)
                  0.28    0.00    4.36 v _266_/A2 (sky130_fd_sc_hd__a21o_1)
     2    0.02    0.18    0.52    4.87 v _266_/X (sky130_fd_sc_hd__a21o_1)
                                         _108_ (net)
                  0.18    0.00    4.87 v _268_/B (sky130_fd_sc_hd__or3_2)
     2    0.02    0.27    1.26    6.14 v _268_/X (sky130_fd_sc_hd__or3_2)
                                         _110_ (net)
                  0.27    0.00    6.14 v _269_/B_N (sky130_fd_sc_hd__or2b_1)
     2    0.03    0.39    0.60    6.74 ^ _269_/X (sky130_fd_sc_hd__or2b_1)
                                         _111_ (net)
                  0.39    0.00    6.74 ^ _272_/A2 (sky130_fd_sc_hd__a21oi_2)
     1    0.02    0.27    0.34    7.08 v _272_/Y (sky130_fd_sc_hd__a21oi_2)
                                         _114_ (net)
                  0.27    0.00    7.08 v _296_/A2 (sky130_fd_sc_hd__a22o_4)
     9    0.06    0.18    0.68    7.76 v _296_/X (sky130_fd_sc_hd__a22o_4)
                                         _138_ (net)
                  0.18    0.00    7.77 v _402_/A0 (sky130_fd_sc_hd__mux2_1)
     1    0.01    0.16    0.74    8.51 v _402_/X (sky130_fd_sc_hd__mux2_1)
                                         _042_ (net)
                  0.16    0.00    8.51 v _403_/A (sky130_fd_sc_hd__clkbuf_1)
     1    0.01    0.15    0.28    8.79 v _403_/X (sky130_fd_sc_hd__clkbuf_1)
                                         _014_ (net)
                  0.15    0.00    8.79 v _448_/D (sky130_fd_sc_hd__dfxtp_1)
                                  8.79   data arrival time

                         10.00   10.00   clock CLK100MHZ (rise edge)
                          0.00   10.00   clock source latency
     1    0.02    0.00    0.00   10.00 ^ CLK100MHZ (in)
                                         CLK100MHZ (net)
                  0.00    0.00   10.00 ^ clkbuf_0_CLK100MHZ/A (sky130_fd_sc_hd__clkbuf_16)
     2    0.02    0.07    0.19   10.19 ^ clkbuf_0_CLK100MHZ/X (sky130_fd_sc_hd__clkbuf_16)
                                         clknet_0_CLK100MHZ (net)
                  0.07    0.00   10.19 ^ clkbuf_1_0__f_CLK100MHZ/A (sky130_fd_sc_hd__clkbuf_16)
    16    0.06    0.12    0.27   10.46 ^ clkbuf_1_0__f_CLK100MHZ/X (sky130_fd_sc_hd__clkbuf_16)
                                         clknet_1_0__leaf_CLK100MHZ (net)
                  0.12    0.00   10.47 ^ _448_/CLK (sky130_fd_sc_hd__dfxtp_1)
                         -0.20   10.27   clock uncertainty
                          0.00   10.27   clock reconvergence pessimism
                         -0.29    9.98   library setup time
                                  9.98   data required time
-----------------------------------------------------------------------------
                                  9.98   data required time
                                 -8.79   data arrival time
-----------------------------------------------------------------------------
                                  1.19   slack (MET)


Startpoint: _464_ (rising edge-triggered flip-flop clocked by CLK100MHZ)
Endpoint: _444_ (rising edge-triggered flip-flop clocked by CLK100MHZ)
Path Group: CLK100MHZ
Path Type: max
Corner: Slowest

Fanout     Cap    Slew   Delay    Time   Description
-----------------------------------------------------------------------------
                          0.00    0.00   clock CLK100MHZ (rise edge)
                          0.00    0.00   clock source latency
     1    0.02    0.00    0.00    0.00 ^ CLK100MHZ (in)
                                         CLK100MHZ (net)
                  0.00    0.00    0.00 ^ clkbuf_0_CLK100MHZ/A (sky130_fd_sc_hd__clkbuf_16)
     2    0.02    0.07    0.19    0.19 ^ clkbuf_0_CLK100MHZ/X (sky130_fd_sc_hd__clkbuf_16)
                                         clknet_0_CLK100MHZ (net)
                  0.07    0.00    0.19 ^ clkbuf_1_0__f_CLK100MHZ/A (sky130_fd_sc_hd__clkbuf_16)
    16    0.06    0.12    0.27    0.46 ^ clkbuf_1_0__f_CLK100MHZ/X (sky130_fd_sc_hd__clkbuf_16)
                                         clknet_1_0__leaf_CLK100MHZ (net)
                  0.12    0.00    0.47 ^ _464_/CLK (sky130_fd_sc_hd__dfrtp_1)
     3    0.03    0.36    0.89    1.36 ^ _464_/Q (sky130_fd_sc_hd__dfrtp_1)
                                         imem.address[2] (net)
                  0.36    0.00    1.36 ^ _215_/A (sky130_fd_sc_hd__clkbuf_4)
    10    0.06    0.29    0.54    1.90 ^ _215_/X (sky130_fd_sc_hd__clkbuf_4)
                                         _060_ (net)
                  0.29    0.00    1.90 ^ _216_/A (sky130_fd_sc_hd__clkbuf_2)
     5    0.04    0.35    0.49    2.39 ^ _216_/X (sky130_fd_sc_hd__clkbuf_2)
                                         _061_ (net)
                  0.35    0.00    2.39 ^ _246_/A_N (sky130_fd_sc_hd__and3b_1)
     1    0.01    0.13    0.52    2.91 v _246_/X (sky130_fd_sc_hd__and3b_1)
                                         _088_ (net)
                  0.13    0.00    2.91 v _247_/A (sky130_fd_sc_hd__buf_2)
     7    0.06    0.26    0.45    3.36 v _247_/X (sky130_fd_sc_hd__buf_2)
                                         _089_ (net)
                  0.26    0.00    3.36 v _248_/B (sky130_fd_sc_hd__or2_1)
     1    0.01    0.14    0.59    3.96 v _248_/X (sky130_fd_sc_hd__or2_1)
                                         _090_ (net)
                  0.14    0.00    3.96 v _249_/A (sky130_fd_sc_hd__clkbuf_2)
     5    0.04    0.28    0.40    4.36 v _249_/X (sky130_fd_sc_hd__clkbuf_2)
                                         _091_ (net)
                  0.28    0.00    4.36 v _266_/A2 (sky130_fd_sc_hd__a21o_1)
     2    0.02    0.18    0.52    4.87 v _266_/X (sky130_fd_sc_hd__a21o_1)
                                         _108_ (net)
                  0.18    0.00    4.87 v _268_/B (sky130_fd_sc_hd__or3_2)
     2    0.02    0.27    1.26    6.14 v _268_/X (sky130_fd_sc_hd__or3_2)
                                         _110_ (net)
                  0.27    0.00    6.14 v _312_/A2 (sky130_fd_sc_hd__a21oi_2)
     3    0.02    0.45    0.53    6.67 ^ _312_/Y (sky130_fd_sc_hd__a21oi_2)
                                         _154_ (net)
                  0.45    0.00    6.67 ^ _314_/A2 (sky130_fd_sc_hd__a21oi_1)
     1    0.02    0.43    0.53    7.21 v _314_/Y (sky130_fd_sc_hd__a21oi_1)
                                         _156_ (net)
                  0.43    0.00    7.21 v _315_/B2 (sky130_fd_sc_hd__a2bb2o_4)
     9    0.05    0.17    0.63    7.84 v _315_/X (sky130_fd_sc_hd__a2bb2o_4)
                                         _157_ (net)
                  0.17    0.01    7.85 v _391_/A1 (sky130_fd_sc_hd__mux2_1)
     1    0.00    0.11    0.68    8.53 v _391_/X (sky130_fd_sc_hd__mux2_1)
                                         _035_ (net)
                  0.11    0.00    8.53 v _392_/A (sky130_fd_sc_hd__clkbuf_1)
     1    0.01    0.13    0.24    8.77 v _392_/X (sky130_fd_sc_hd__clkbuf_1)
                                         _010_ (net)
                  0.13    0.00    8.77 v _444_/D (sky130_fd_sc_hd__dfxtp_1)
                                  8.77   data arrival time

                         10.00   10.00   clock CLK100MHZ (rise edge)
                          0.00   10.00   clock source latency
     1    0.02    0.00    0.00   10.00 ^ CLK100MHZ (in)
                                         CLK100MHZ (net)
                  0.00    0.00   10.00 ^ clkbuf_0_CLK100MHZ/A (sky130_fd_sc_hd__clkbuf_16)
     2    0.02    0.07    0.19   10.19 ^ clkbuf_0_CLK100MHZ/X (sky130_fd_sc_hd__clkbuf_16)
                                         clknet_0_CLK100MHZ (net)
                  0.07    0.00   10.19 ^ clkbuf_1_1__f_CLK100MHZ/A (sky130_fd_sc_hd__clkbuf_16)
    13    0.06    0.12    0.27   10.46 ^ clkbuf_1_1__f_CLK100MHZ/X (sky130_fd_sc_hd__clkbuf_16)
                                         clknet_1_1__leaf_CLK100MHZ (net)
                  0.12    0.00   10.46 ^ _444_/CLK (sky130_fd_sc_hd__dfxtp_1)
                         -0.20   10.26   clock uncertainty
                          0.00   10.26   clock reconvergence pessimism
                         -0.28    9.98   library setup time
                                  9.98   data required time
-----------------------------------------------------------------------------
                                  9.98   data required time
                                 -8.77   data arrival time
-----------------------------------------------------------------------------
                                  1.21   slack (MET)


Startpoint: _464_ (rising edge-triggered flip-flop clocked by CLK100MHZ)
Endpoint: _458_ (rising edge-triggered flip-flop clocked by CLK100MHZ)
Path Group: CLK100MHZ
Path Type: max
Corner: Slowest

Fanout     Cap    Slew   Delay    Time   Description
-----------------------------------------------------------------------------
                          0.00    0.00   clock CLK100MHZ (rise edge)
                          0.00    0.00   clock source latency
     1    0.02    0.00    0.00    0.00 ^ CLK100MHZ (in)
                                         CLK100MHZ (net)
                  0.00    0.00    0.00 ^ clkbuf_0_CLK100MHZ/A (sky130_fd_sc_hd__clkbuf_16)
     2    0.02    0.07    0.19    0.19 ^ clkbuf_0_CLK100MHZ/X (sky130_fd_sc_hd__clkbuf_16)
                                         clknet_0_CLK100MHZ (net)
                  0.07    0.00    0.19 ^ clkbuf_1_0__f_CLK100MHZ/A (sky130_fd_sc_hd__clkbuf_16)
    16    0.06    0.12    0.27    0.46 ^ clkbuf_1_0__f_CLK100MHZ/X (sky130_fd_sc_hd__clkbuf_16)
                                         clknet_1_0__leaf_CLK100MHZ (net)
                  0.12    0.00    0.47 ^ _464_/CLK (sky130_fd_sc_hd__dfrtp_1)
     3    0.03    0.36    0.89    1.36 ^ _464_/Q (sky130_fd_sc_hd__dfrtp_1)
                                         imem.address[2] (net)
                  0.36    0.00    1.36 ^ _215_/A (sky130_fd_sc_hd__clkbuf_4)
    10    0.06    0.29    0.54    1.90 ^ _215_/X (sky130_fd_sc_hd__clkbuf_4)
                                         _060_ (net)
                  0.29    0.00    1.90 ^ _216_/A (sky130_fd_sc_hd__clkbuf_2)
     5    0.04    0.35    0.49    2.39 ^ _216_/X (sky130_fd_sc_hd__clkbuf_2)
                                         _061_ (net)
                  0.35    0.00    2.39 ^ _246_/A_N (sky130_fd_sc_hd__and3b_1)
     1    0.01    0.13    0.52    2.91 v _246_/X (sky130_fd_sc_hd__and3b_1)
                                         _088_ (net)
                  0.13    0.00    2.91 v _247_/A (sky130_fd_sc_hd__buf_2)
     7    0.06    0.26    0.45    3.36 v _247_/X (sky130_fd_sc_hd__buf_2)
                                         _089_ (net)
                  0.26    0.00    3.36 v _248_/B (sky130_fd_sc_hd__or2_1)
     1    0.01    0.14    0.59    3.96 v _248_/X (sky130_fd_sc_hd__or2_1)
                                         _090_ (net)
                  0.14    0.00    3.96 v _249_/A (sky130_fd_sc_hd__clkbuf_2)
     5    0.04    0.28    0.40    4.36 v _249_/X (sky130_fd_sc_hd__clkbuf_2)
                                         _091_ (net)
                  0.28    0.00    4.36 v _266_/A2 (sky130_fd_sc_hd__a21o_1)
     2    0.02    0.18    0.52    4.87 v _266_/X (sky130_fd_sc_hd__a21o_1)
                                         _108_ (net)
                  0.18    0.00    4.87 v _268_/B (sky130_fd_sc_hd__or3_2)
     2    0.02    0.27    1.26    6.14 v _268_/X (sky130_fd_sc_hd__or3_2)
                                         _110_ (net)
                  0.27    0.00    6.14 v _269_/B_N (sky130_fd_sc_hd__or2b_1)
     2    0.03    0.39    0.60    6.74 ^ _269_/X (sky130_fd_sc_hd__or2b_1)
                                         _111_ (net)
                  0.39    0.00    6.74 ^ _272_/A2 (sky130_fd_sc_hd__a21oi_2)
     1    0.02    0.27    0.34    7.08 v _272_/Y (sky130_fd_sc_hd__a21oi_2)
                                         _114_ (net)
                  0.27    0.00    7.08 v _296_/A2 (sky130_fd_sc_hd__a22o_4)
     9    0.06    0.18    0.68    7.76 v _296_/X (sky130_fd_sc_hd__a22o_4)
                                         _138_ (net)
                  0.18    0.01    7.77 v _426_/A1 (sky130_fd_sc_hd__mux2_1)
     1    0.01    0.16    0.76    8.53 v _426_/X (sky130_fd_sc_hd__mux2_1)
                                         _056_ (net)
                  0.16    0.00    8.53 v _427_/A (sky130_fd_sc_hd__clkbuf_1)
     1    0.01    0.11    0.25    8.78 v _427_/X (sky130_fd_sc_hd__clkbuf_1)
                                         _024_ (net)
                  0.11    0.00    8.78 v _458_/D (sky130_fd_sc_hd__dfxtp_1)
                                  8.78   data arrival time

                         10.00   10.00   clock CLK100MHZ (rise edge)
                          0.00   10.00   clock source latency
     1    0.02    0.00    0.00   10.00 ^ CLK100MHZ (in)
                                         CLK100MHZ (net)
                  0.00    0.00   10.00 ^ clkbuf_0_CLK100MHZ/A (sky130_fd_sc_hd__clkbuf_16)
     2    0.02    0.07    0.19   10.19 ^ clkbuf_0_CLK100MHZ/X (sky130_fd_sc_hd__clkbuf_16)
                                         clknet_0_CLK100MHZ (net)
                  0.07    0.00   10.19 ^ clkbuf_1_1__f_CLK100MHZ/A (sky130_fd_sc_hd__clkbuf_16)
    13    0.06    0.12    0.27   10.46 ^ clkbuf_1_1__f_CLK100MHZ/X (sky130_fd_sc_hd__clkbuf_16)
                                         clknet_1_1__leaf_CLK100MHZ (net)
                  0.12    0.00   10.46 ^ _458_/CLK (sky130_fd_sc_hd__dfxtp_1)
                         -0.20   10.26   clock uncertainty
                          0.00   10.26   clock reconvergence pessimism
                         -0.27    9.99   library setup time
                                  9.99   data required time
-----------------------------------------------------------------------------
                                  9.99   data required time
                                 -8.78   data arrival time
-----------------------------------------------------------------------------
                                  1.21   slack (MET)


Startpoint: _464_ (rising edge-triggered flip-flop clocked by CLK100MHZ)
Endpoint: _447_ (rising edge-triggered flip-flop clocked by CLK100MHZ)
Path Group: CLK100MHZ
Path Type: max
Corner: Slowest

Fanout     Cap    Slew   Delay    Time   Description
-----------------------------------------------------------------------------
                          0.00    0.00   clock CLK100MHZ (rise edge)
                          0.00    0.00   clock source latency
     1    0.02    0.00    0.00    0.00 ^ CLK100MHZ (in)
                                         CLK100MHZ (net)
                  0.00    0.00    0.00 ^ clkbuf_0_CLK100MHZ/A (sky130_fd_sc_hd__clkbuf_16)
     2    0.02    0.07    0.19    0.19 ^ clkbuf_0_CLK100MHZ/X (sky130_fd_sc_hd__clkbuf_16)
                                         clknet_0_CLK100MHZ (net)
                  0.07    0.00    0.19 ^ clkbuf_1_0__f_CLK100MHZ/A (sky130_fd_sc_hd__clkbuf_16)
    16    0.06    0.12    0.27    0.46 ^ clkbuf_1_0__f_CLK100MHZ/X (sky130_fd_sc_hd__clkbuf_16)
                                         clknet_1_0__leaf_CLK100MHZ (net)
                  0.12    0.00    0.47 ^ _464_/CLK (sky130_fd_sc_hd__dfrtp_1)
     3    0.03    0.36    0.89    1.36 ^ _464_/Q (sky130_fd_sc_hd__dfrtp_1)
                                         imem.address[2] (net)
                  0.36    0.00    1.36 ^ _215_/A (sky130_fd_sc_hd__clkbuf_4)
    10    0.06    0.29    0.54    1.90 ^ _215_/X (sky130_fd_sc_hd__clkbuf_4)
                                         _060_ (net)
                  0.29    0.00    1.90 ^ _235_/A_N (sky130_fd_sc_hd__and2b_1)
     1    0.02    0.19    0.56    2.46 v _235_/X (sky130_fd_sc_hd__and2b_1)
                                         _077_ (net)
                  0.19    0.00    2.46 v _236_/A (sky130_fd_sc_hd__clkbuf_2)
     4    0.05    0.33    0.46    2.92 v _236_/X (sky130_fd_sc_hd__clkbuf_2)
                                         _078_ (net)
                  0.33    0.00    2.92 v _237_/B (sky130_fd_sc_hd__nand2_1)
     1    0.02    0.32    0.40    3.32 ^ _237_/Y (sky130_fd_sc_hd__nand2_1)
                                         _079_ (net)
                  0.32    0.00    3.32 ^ _239_/A3 (sky130_fd_sc_hd__a31o_2)
     5    0.04    0.35    0.64    3.96 ^ _239_/X (sky130_fd_sc_hd__a31o_2)
                                         _081_ (net)
                  0.35    0.00    3.96 ^ _240_/A (sky130_fd_sc_hd__buf_1)
     3    0.02    0.39    0.47    4.43 ^ _240_/X (sky130_fd_sc_hd__buf_1)
                                         _082_ (net)
                  0.39    0.00    4.43 ^ _241_/A (sky130_fd_sc_hd__dlymetal6s2s_1)
     3    0.04    0.54    0.62    5.06 ^ _241_/X (sky130_fd_sc_hd__dlymetal6s2s_1)
                                         _083_ (net)
                  0.54    0.00    5.06 ^ _275_/A (sky130_fd_sc_hd__buf_1)
     2    0.01    0.29    0.46    5.51 ^ _275_/X (sky130_fd_sc_hd__buf_1)
                                         _117_ (net)
                  0.29    0.00    5.52 ^ _304_/A (sky130_fd_sc_hd__nand2_1)
     2    0.03    0.46    0.48    5.99 v _304_/Y (sky130_fd_sc_hd__nand2_1)
                                         _146_ (net)
                  0.46    0.00    5.99 v _341_/A2 (sky130_fd_sc_hd__a21oi_1)
     1    0.02    0.78    0.84    6.83 ^ _341_/Y (sky130_fd_sc_hd__a21oi_1)
                                         _183_ (net)
                  0.78    0.00    6.84 ^ _342_/B1 (sky130_fd_sc_hd__a31o_2)
     9    0.05    0.46    0.72    7.55 ^ _342_/X (sky130_fd_sc_hd__a31o_2)
                                         _184_ (net)
                  0.46    0.00    7.56 ^ _400_/A0 (sky130_fd_sc_hd__mux2_1)
     1    0.02    0.26    0.52    8.08 ^ _400_/X (sky130_fd_sc_hd__mux2_1)
                                         _041_ (net)
                  0.26    0.00    8.08 ^ _401_/A (sky130_fd_sc_hd__buf_1)
     1    0.02    0.34    0.42    8.50 ^ _401_/X (sky130_fd_sc_hd__buf_1)
                                         _013_ (net)
                  0.34    0.00    8.50 ^ _447_/D (sky130_fd_sc_hd__dfxtp_1)
                                  8.50   data arrival time

                         10.00   10.00   clock CLK100MHZ (rise edge)
                          0.00   10.00   clock source latency
     1    0.02    0.00    0.00   10.00 ^ CLK100MHZ (in)
                                         CLK100MHZ (net)
                  0.00    0.00   10.00 ^ clkbuf_0_CLK100MHZ/A (sky130_fd_sc_hd__clkbuf_16)
     2    0.02    0.07    0.19   10.19 ^ clkbuf_0_CLK100MHZ/X (sky130_fd_sc_hd__clkbuf_16)
                                         clknet_0_CLK100MHZ (net)
                  0.07    0.00   10.19 ^ clkbuf_1_1__f_CLK100MHZ/A (sky130_fd_sc_hd__clkbuf_16)
    13    0.06    0.12    0.27   10.46 ^ clkbuf_1_1__f_CLK100MHZ/X (sky130_fd_sc_hd__clkbuf_16)
                                         clknet_1_1__leaf_CLK100MHZ (net)
                  0.12    0.00   10.46 ^ _447_/CLK (sky130_fd_sc_hd__dfxtp_1)
                         -0.20   10.26   clock uncertainty
                          0.00   10.26   clock reconvergence pessimism
                         -0.19   10.07   library setup time
                                 10.07   data required time
-----------------------------------------------------------------------------
                                 10.07   data required time
                                 -8.50   data arrival time
-----------------------------------------------------------------------------
                                  1.57   slack (MET)


Startpoint: _464_ (rising edge-triggered flip-flop clocked by CLK100MHZ)
Endpoint: _457_ (rising edge-triggered flip-flop clocked by CLK100MHZ)
Path Group: CLK100MHZ
Path Type: max
Corner: Slowest

Fanout     Cap    Slew   Delay    Time   Description
-----------------------------------------------------------------------------
                          0.00    0.00   clock CLK100MHZ (rise edge)
                          0.00    0.00   clock source latency
     1    0.02    0.00    0.00    0.00 ^ CLK100MHZ (in)
                                         CLK100MHZ (net)
                  0.00    0.00    0.00 ^ clkbuf_0_CLK100MHZ/A (sky130_fd_sc_hd__clkbuf_16)
     2    0.02    0.07    0.19    0.19 ^ clkbuf_0_CLK100MHZ/X (sky130_fd_sc_hd__clkbuf_16)
                                         clknet_0_CLK100MHZ (net)
                  0.07    0.00    0.19 ^ clkbuf_1_0__f_CLK100MHZ/A (sky130_fd_sc_hd__clkbuf_16)
    16    0.06    0.12    0.27    0.46 ^ clkbuf_1_0__f_CLK100MHZ/X (sky130_fd_sc_hd__clkbuf_16)
                                         clknet_1_0__leaf_CLK100MHZ (net)
                  0.12    0.00    0.47 ^ _464_/CLK (sky130_fd_sc_hd__dfrtp_1)
     3    0.03    0.36    0.89    1.36 ^ _464_/Q (sky130_fd_sc_hd__dfrtp_1)
                                         imem.address[2] (net)
                  0.36    0.00    1.36 ^ _215_/A (sky130_fd_sc_hd__clkbuf_4)
    10    0.06    0.29    0.54    1.90 ^ _215_/X (sky130_fd_sc_hd__clkbuf_4)
                                         _060_ (net)
                  0.29    0.00    1.90 ^ _235_/A_N (sky130_fd_sc_hd__and2b_1)
     1    0.02    0.19    0.56    2.46 v _235_/X (sky130_fd_sc_hd__and2b_1)
                                         _077_ (net)
                  0.19    0.00    2.46 v _236_/A (sky130_fd_sc_hd__clkbuf_2)
     4    0.05    0.33    0.46    2.92 v _236_/X (sky130_fd_sc_hd__clkbuf_2)
                                         _078_ (net)
                  0.33    0.00    2.92 v _237_/B (sky130_fd_sc_hd__nand2_1)
     1    0.02    0.32    0.40    3.32 ^ _237_/Y (sky130_fd_sc_hd__nand2_1)
                                         _079_ (net)
                  0.32    0.00    3.32 ^ _239_/A3 (sky130_fd_sc_hd__a31o_2)
     5    0.04    0.35    0.64    3.96 ^ _239_/X (sky130_fd_sc_hd__a31o_2)
                                         _081_ (net)
                  0.35    0.00    3.96 ^ _240_/A (sky130_fd_sc_hd__buf_1)
     3    0.02    0.39    0.47    4.43 ^ _240_/X (sky130_fd_sc_hd__buf_1)
                                         _082_ (net)
                  0.39    0.00    4.43 ^ _241_/A (sky130_fd_sc_hd__dlymetal6s2s_1)
     3    0.04    0.54    0.62    5.06 ^ _241_/X (sky130_fd_sc_hd__dlymetal6s2s_1)
                                         _083_ (net)
                  0.54    0.00    5.06 ^ _275_/A (sky130_fd_sc_hd__buf_1)
     2    0.01    0.29    0.46    5.51 ^ _275_/X (sky130_fd_sc_hd__buf_1)
                                         _117_ (net)
                  0.29    0.00    5.52 ^ _304_/A (sky130_fd_sc_hd__nand2_1)
     2    0.03    0.46    0.48    5.99 v _304_/Y (sky130_fd_sc_hd__nand2_1)
                                         _146_ (net)
                  0.46    0.00    5.99 v _341_/A2 (sky130_fd_sc_hd__a21oi_1)
     1    0.02    0.78    0.84    6.83 ^ _341_/Y (sky130_fd_sc_hd__a21oi_1)
                                         _183_ (net)
                  0.78    0.00    6.84 ^ _342_/B1 (sky130_fd_sc_hd__a31o_2)
     9    0.05    0.46    0.72    7.55 ^ _342_/X (sky130_fd_sc_hd__a31o_2)
                                         _184_ (net)
                  0.46    0.00    7.56 ^ _424_/A1 (sky130_fd_sc_hd__mux2_1)
     1    0.01    0.19    0.48    8.04 ^ _424_/X (sky130_fd_sc_hd__mux2_1)
                                         _055_ (net)
                  0.19    0.00    8.04 ^ _425_/A (sky130_fd_sc_hd__clkbuf_1)
     1    0.02    0.33    0.39    8.42 ^ _425_/X (sky130_fd_sc_hd__clkbuf_1)
                                         _023_ (net)
                  0.33    0.00    8.42 ^ _457_/D (sky130_fd_sc_hd__dfxtp_1)
                                  8.42   data arrival time

                         10.00   10.00   clock CLK100MHZ (rise edge)
                          0.00   10.00   clock source latency
     1    0.02    0.00    0.00   10.00 ^ CLK100MHZ (in)
                                         CLK100MHZ (net)
                  0.00    0.00   10.00 ^ clkbuf_0_CLK100MHZ/A (sky130_fd_sc_hd__clkbuf_16)
     2    0.02    0.07    0.19   10.19 ^ clkbuf_0_CLK100MHZ/X (sky130_fd_sc_hd__clkbuf_16)
                                         clknet_0_CLK100MHZ (net)
                  0.07    0.00   10.19 ^ clkbuf_1_1__f_CLK100MHZ/A (sky130_fd_sc_hd__clkbuf_16)
    13    0.06    0.12    0.27   10.46 ^ clkbuf_1_1__f_CLK100MHZ/X (sky130_fd_sc_hd__clkbuf_16)
                                         clknet_1_1__leaf_CLK100MHZ (net)
                  0.12    0.00   10.46 ^ _457_/CLK (sky130_fd_sc_hd__dfxtp_1)
                         -0.20   10.26   clock uncertainty
                          0.00   10.26   clock reconvergence pessimism
                         -0.19   10.07   library setup time
                                 10.07   data required time
-----------------------------------------------------------------------------
                                 10.07   data required time
                                 -8.42   data arrival time
-----------------------------------------------------------------------------
                                  1.65   slack (MET)


Startpoint: _464_ (rising edge-triggered flip-flop clocked by CLK100MHZ)
Endpoint: _442_ (rising edge-triggered flip-flop clocked by CLK100MHZ)
Path Group: CLK100MHZ
Path Type: max
Corner: Slowest

Fanout     Cap    Slew   Delay    Time   Description
-----------------------------------------------------------------------------
                          0.00    0.00   clock CLK100MHZ (rise edge)
                          0.00    0.00   clock source latency
     1    0.02    0.00    0.00    0.00 ^ CLK100MHZ (in)
                                         CLK100MHZ (net)
                  0.00    0.00    0.00 ^ clkbuf_0_CLK100MHZ/A (sky130_fd_sc_hd__clkbuf_16)
     2    0.02    0.07    0.19    0.19 ^ clkbuf_0_CLK100MHZ/X (sky130_fd_sc_hd__clkbuf_16)
                                         clknet_0_CLK100MHZ (net)
                  0.07    0.00    0.19 ^ clkbuf_1_0__f_CLK100MHZ/A (sky130_fd_sc_hd__clkbuf_16)
    16    0.06    0.12    0.27    0.46 ^ clkbuf_1_0__f_CLK100MHZ/X (sky130_fd_sc_hd__clkbuf_16)
                                         clknet_1_0__leaf_CLK100MHZ (net)
                  0.12    0.00    0.47 ^ _464_/CLK (sky130_fd_sc_hd__dfrtp_1)
     3    0.03    0.36    0.89    1.36 ^ _464_/Q (sky130_fd_sc_hd__dfrtp_1)
                                         imem.address[2] (net)
                  0.36    0.00    1.36 ^ _215_/A (sky130_fd_sc_hd__clkbuf_4)
    10    0.06    0.29    0.54    1.90 ^ _215_/X (sky130_fd_sc_hd__clkbuf_4)
                                         _060_ (net)
                  0.29    0.00    1.90 ^ _235_/A_N (sky130_fd_sc_hd__and2b_1)
     1    0.02    0.19    0.56    2.46 v _235_/X (sky130_fd_sc_hd__and2b_1)
                                         _077_ (net)
                  0.19    0.00    2.46 v _236_/A (sky130_fd_sc_hd__clkbuf_2)
     4    0.05    0.33    0.46    2.92 v _236_/X (sky130_fd_sc_hd__clkbuf_2)
                                         _078_ (net)
                  0.33    0.00    2.92 v _237_/B (sky130_fd_sc_hd__nand2_1)
     1    0.02    0.32    0.40    3.32 ^ _237_/Y (sky130_fd_sc_hd__nand2_1)
                                         _079_ (net)
                  0.32    0.00    3.32 ^ _239_/A3 (sky130_fd_sc_hd__a31o_2)
     5    0.04    0.35    0.64    3.96 ^ _239_/X (sky130_fd_sc_hd__a31o_2)
                                         _081_ (net)
                  0.35    0.00    3.96 ^ _240_/A (sky130_fd_sc_hd__buf_1)
     3    0.02    0.39    0.47    4.43 ^ _240_/X (sky130_fd_sc_hd__buf_1)
                                         _082_ (net)
                  0.39    0.00    4.43 ^ _241_/A (sky130_fd_sc_hd__dlymetal6s2s_1)
     3    0.04    0.54    0.62    5.06 ^ _241_/X (sky130_fd_sc_hd__dlymetal6s2s_1)
                                         _083_ (net)
                  0.54    0.00    5.06 ^ _275_/A (sky130_fd_sc_hd__buf_1)
     2    0.01    0.29    0.46    5.51 ^ _275_/X (sky130_fd_sc_hd__buf_1)
                                         _117_ (net)
                  0.29    0.00    5.52 ^ _304_/A (sky130_fd_sc_hd__nand2_1)
     2    0.03    0.46    0.48    5.99 v _304_/Y (sky130_fd_sc_hd__nand2_1)
                                         _146_ (net)
                  0.46    0.00    5.99 v _341_/A2 (sky130_fd_sc_hd__a21oi_1)
     1    0.02    0.78    0.84    6.83 ^ _341_/Y (sky130_fd_sc_hd__a21oi_1)
                                         _183_ (net)
                  0.78    0.00    6.84 ^ _342_/B1 (sky130_fd_sc_hd__a31o_2)
     9    0.05    0.46    0.72    7.55 ^ _342_/X (sky130_fd_sc_hd__a31o_2)
                                         _184_ (net)
                  0.46    0.00    7.56 ^ _387_/A1 (sky130_fd_sc_hd__mux2_1)
     1    0.01    0.21    0.49    8.05 ^ _387_/X (sky130_fd_sc_hd__mux2_1)
                                         _033_ (net)
                  0.21    0.00    8.05 ^ _388_/A (sky130_fd_sc_hd__clkbuf_1)
     1    0.01    0.14    0.26    8.31 ^ _388_/X (sky130_fd_sc_hd__clkbuf_1)
                                         _008_ (net)
                  0.14    0.00    8.31 ^ _442_/D (sky130_fd_sc_hd__dfxtp_1)
                                  8.31   data arrival time

                         10.00   10.00   clock CLK100MHZ (rise edge)
                          0.00   10.00   clock source latency
     1    0.02    0.00    0.00   10.00 ^ CLK100MHZ (in)
                                         CLK100MHZ (net)
                  0.00    0.00   10.00 ^ clkbuf_0_CLK100MHZ/A (sky130_fd_sc_hd__clkbuf_16)
     2    0.02    0.07    0.19   10.19 ^ clkbuf_0_CLK100MHZ/X (sky130_fd_sc_hd__clkbuf_16)
                                         clknet_0_CLK100MHZ (net)
                  0.07    0.00   10.19 ^ clkbuf_1_1__f_CLK100MHZ/A (sky130_fd_sc_hd__clkbuf_16)
    13    0.06    0.12    0.27   10.46 ^ clkbuf_1_1__f_CLK100MHZ/X (sky130_fd_sc_hd__clkbuf_16)
                                         clknet_1_1__leaf_CLK100MHZ (net)
                  0.12    0.00   10.46 ^ _442_/CLK (sky130_fd_sc_hd__dfxtp_1)
                         -0.20   10.26   clock uncertainty
                          0.00   10.26   clock reconvergence pessimism
                         -0.14   10.12   library setup time
                                 10.12   data required time
-----------------------------------------------------------------------------
                                 10.12   data required time
                                 -8.31   data arrival time
-----------------------------------------------------------------------------
                                  1.81   slack (MET)


Startpoint: _464_ (rising edge-triggered flip-flop clocked by CLK100MHZ)
Endpoint: _437_ (rising edge-triggered flip-flop clocked by CLK100MHZ)
Path Group: CLK100MHZ
Path Type: max
Corner: Slowest

Fanout     Cap    Slew   Delay    Time   Description
-----------------------------------------------------------------------------
                          0.00    0.00   clock CLK100MHZ (rise edge)
                          0.00    0.00   clock source latency
     1    0.02    0.00    0.00    0.00 ^ CLK100MHZ (in)
                                         CLK100MHZ (net)
                  0.00    0.00    0.00 ^ clkbuf_0_CLK100MHZ/A (sky130_fd_sc_hd__clkbuf_16)
     2    0.02    0.07    0.19    0.19 ^ clkbuf_0_CLK100MHZ/X (sky130_fd_sc_hd__clkbuf_16)
                                         clknet_0_CLK100MHZ (net)
                  0.07    0.00    0.19 ^ clkbuf_1_0__f_CLK100MHZ/A (sky130_fd_sc_hd__clkbuf_16)
    16    0.06    0.12    0.27    0.46 ^ clkbuf_1_0__f_CLK100MHZ/X (sky130_fd_sc_hd__clkbuf_16)
                                         clknet_1_0__leaf_CLK100MHZ (net)
                  0.12    0.00    0.47 ^ _464_/CLK (sky130_fd_sc_hd__dfrtp_1)
     3    0.03    0.36    0.89    1.36 ^ _464_/Q (sky130_fd_sc_hd__dfrtp_1)
                                         imem.address[2] (net)
                  0.36    0.00    1.36 ^ _215_/A (sky130_fd_sc_hd__clkbuf_4)
    10    0.06    0.29    0.54    1.90 ^ _215_/X (sky130_fd_sc_hd__clkbuf_4)
                                         _060_ (net)
                  0.29    0.00    1.90 ^ _235_/A_N (sky130_fd_sc_hd__and2b_1)
     1    0.02    0.19    0.56    2.46 v _235_/X (sky130_fd_sc_hd__and2b_1)
                                         _077_ (net)
                  0.19    0.00    2.46 v _236_/A (sky130_fd_sc_hd__clkbuf_2)
     4    0.05    0.33    0.46    2.92 v _236_/X (sky130_fd_sc_hd__clkbuf_2)
                                         _078_ (net)
                  0.33    0.00    2.92 v _237_/B (sky130_fd_sc_hd__nand2_1)
     1    0.02    0.32    0.40    3.32 ^ _237_/Y (sky130_fd_sc_hd__nand2_1)
                                         _079_ (net)
                  0.32    0.00    3.32 ^ _239_/A3 (sky130_fd_sc_hd__a31o_2)
     5    0.04    0.35    0.64    3.96 ^ _239_/X (sky130_fd_sc_hd__a31o_2)
                                         _081_ (net)
                  0.35    0.00    3.96 ^ _240_/A (sky130_fd_sc_hd__buf_1)
     3    0.02    0.39    0.47    4.43 ^ _240_/X (sky130_fd_sc_hd__buf_1)
                                         _082_ (net)
                  0.39    0.00    4.43 ^ _241_/A (sky130_fd_sc_hd__dlymetal6s2s_1)
     3    0.04    0.54    0.62    5.06 ^ _241_/X (sky130_fd_sc_hd__dlymetal6s2s_1)
                                         _083_ (net)
                  0.54    0.00    5.06 ^ _275_/A (sky130_fd_sc_hd__buf_1)
     2    0.01    0.29    0.46    5.51 ^ _275_/X (sky130_fd_sc_hd__buf_1)
                                         _117_ (net)
                  0.29    0.00    5.52 ^ _304_/A (sky130_fd_sc_hd__nand2_1)
     2    0.03    0.46    0.48    5.99 v _304_/Y (sky130_fd_sc_hd__nand2_1)
                                         _146_ (net)
                  0.46    0.00    5.99 v _341_/A2 (sky130_fd_sc_hd__a21oi_1)
     1    0.02    0.78    0.84    6.83 ^ _341_/Y (sky130_fd_sc_hd__a21oi_1)
                                         _183_ (net)
                  0.78    0.00    6.84 ^ _342_/B1 (sky130_fd_sc_hd__a31o_2)
     9    0.05    0.46    0.72    7.55 ^ _342_/X (sky130_fd_sc_hd__a31o_2)
                                         _184_ (net)
                  0.46    0.00    7.55 ^ _365_/A1 (sky130_fd_sc_hd__mux2_1)
     1    0.01    0.16    0.45    8.00 ^ _365_/X (sky130_fd_sc_hd__mux2_1)
                                         _200_ (net)
                  0.16    0.00    8.00 ^ _366_/A (sky130_fd_sc_hd__clkbuf_1)
     1    0.01    0.15    0.25    8.25 ^ _366_/X (sky130_fd_sc_hd__clkbuf_1)
                                         _003_ (net)
                  0.15    0.00    8.25 ^ _437_/D (sky130_fd_sc_hd__dfxtp_1)
                                  8.25   data arrival time

                         10.00   10.00   clock CLK100MHZ (rise edge)
                          0.00   10.00   clock source latency
     1    0.02    0.00    0.00   10.00 ^ CLK100MHZ (in)
                                         CLK100MHZ (net)
                  0.00    0.00   10.00 ^ clkbuf_0_CLK100MHZ/A (sky130_fd_sc_hd__clkbuf_16)
     2    0.02    0.07    0.19   10.19 ^ clkbuf_0_CLK100MHZ/X (sky130_fd_sc_hd__clkbuf_16)
                                         clknet_0_CLK100MHZ (net)
                  0.07    0.00   10.19 ^ clkbuf_1_0__f_CLK100MHZ/A (sky130_fd_sc_hd__clkbuf_16)
    16    0.06    0.12    0.27   10.46 ^ clkbuf_1_0__f_CLK100MHZ/X (sky130_fd_sc_hd__clkbuf_16)
                                         clknet_1_0__leaf_CLK100MHZ (net)
                  0.12    0.00   10.47 ^ _437_/CLK (sky130_fd_sc_hd__dfxtp_1)
                         -0.20   10.27   clock uncertainty
                          0.00   10.27   clock reconvergence pessimism
                         -0.14   10.13   library setup time
                                 10.13   data required time
-----------------------------------------------------------------------------
                                 10.13   data required time
                                 -8.25   data arrival time
-----------------------------------------------------------------------------
                                  1.88   slack (MET)


Startpoint: _464_ (rising edge-triggered flip-flop clocked by CLK100MHZ)
Endpoint: _454_ (rising edge-triggered flip-flop clocked by CLK100MHZ)
Path Group: CLK100MHZ
Path Type: max
Corner: Slowest

Fanout     Cap    Slew   Delay    Time   Description
-----------------------------------------------------------------------------
                          0.00    0.00   clock CLK100MHZ (rise edge)
                          0.00    0.00   clock source latency
     1    0.02    0.00    0.00    0.00 ^ CLK100MHZ (in)
                                         CLK100MHZ (net)
                  0.00    0.00    0.00 ^ clkbuf_0_CLK100MHZ/A (sky130_fd_sc_hd__clkbuf_16)
     2    0.02    0.07    0.19    0.19 ^ clkbuf_0_CLK100MHZ/X (sky130_fd_sc_hd__clkbuf_16)
                                         clknet_0_CLK100MHZ (net)
                  0.07    0.00    0.19 ^ clkbuf_1_0__f_CLK100MHZ/A (sky130_fd_sc_hd__clkbuf_16)
    16    0.06    0.12    0.27    0.46 ^ clkbuf_1_0__f_CLK100MHZ/X (sky130_fd_sc_hd__clkbuf_16)
                                         clknet_1_0__leaf_CLK100MHZ (net)
                  0.12    0.00    0.47 ^ _464_/CLK (sky130_fd_sc_hd__dfrtp_1)
     3    0.03    0.36    0.89    1.36 ^ _464_/Q (sky130_fd_sc_hd__dfrtp_1)
                                         imem.address[2] (net)
                  0.36    0.00    1.36 ^ _215_/A (sky130_fd_sc_hd__clkbuf_4)
    10    0.06    0.29    0.54    1.90 ^ _215_/X (sky130_fd_sc_hd__clkbuf_4)
                                         _060_ (net)
                  0.29    0.00    1.90 ^ _216_/A (sky130_fd_sc_hd__clkbuf_2)
     5    0.04    0.35    0.49    2.39 ^ _216_/X (sky130_fd_sc_hd__clkbuf_2)
                                         _061_ (net)
                  0.35    0.00    2.39 ^ _217_/A (sky130_fd_sc_hd__clkbuf_1)
     1    0.01    0.23    0.37    2.75 ^ _217_/X (sky130_fd_sc_hd__clkbuf_1)
                                         _062_ (net)
                  0.23    0.00    2.76 ^ _218_/A (sky130_fd_sc_hd__buf_1)
     1    0.03    0.56    0.57    3.33 ^ _218_/X (sky130_fd_sc_hd__buf_1)
                                         _063_ (net)
                  0.56    0.00    3.33 ^ _219_/A (sky130_fd_sc_hd__buf_2)
     6    0.06    0.44    0.66    3.99 ^ _219_/X (sky130_fd_sc_hd__buf_2)
                                         _064_ (net)
                  0.44    0.00    3.99 ^ _410_/A (sky130_fd_sc_hd__nand3_1)
     1    0.02    0.52    0.58    4.57 v _410_/Y (sky130_fd_sc_hd__nand3_1)
                                         _046_ (net)
                  0.52    0.00    4.57 v _411_/A (sky130_fd_sc_hd__clkbuf_2)
     5    0.05    0.32    0.58    5.16 v _411_/X (sky130_fd_sc_hd__clkbuf_2)
                                         _047_ (net)
                  0.32    0.00    5.16 v _416_/B (sky130_fd_sc_hd__and2_1)
     1    0.02    0.22    0.58    5.74 v _416_/X (sky130_fd_sc_hd__and2_1)
                                         _050_ (net)
                  0.22    0.00    5.74 v _417_/A (sky130_fd_sc_hd__buf_1)
     1    0.01    0.16    0.32    6.06 v _417_/X (sky130_fd_sc_hd__buf_1)
                                         _020_ (net)
                  0.16    0.00    6.06 v _454_/D (sky130_fd_sc_hd__dfxtp_1)
                                  6.06   data arrival time

                         10.00   10.00   clock CLK100MHZ (rise edge)
                          0.00   10.00   clock source latency
     1    0.02    0.00    0.00   10.00 ^ CLK100MHZ (in)
                                         CLK100MHZ (net)
                  0.00    0.00   10.00 ^ clkbuf_0_CLK100MHZ/A (sky130_fd_sc_hd__clkbuf_16)
     2    0.02    0.07    0.19   10.19 ^ clkbuf_0_CLK100MHZ/X (sky130_fd_sc_hd__clkbuf_16)
                                         clknet_0_CLK100MHZ (net)
                  0.07    0.00   10.19 ^ clkbuf_1_0__f_CLK100MHZ/A (sky130_fd_sc_hd__clkbuf_16)
    16    0.06    0.12    0.27   10.46 ^ clkbuf_1_0__f_CLK100MHZ/X (sky130_fd_sc_hd__clkbuf_16)
                                         clknet_1_0__leaf_CLK100MHZ (net)
                  0.12    0.00   10.47 ^ _454_/CLK (sky130_fd_sc_hd__dfxtp_1)
                         -0.20   10.27   clock uncertainty
                          0.00   10.27   clock reconvergence pessimism
                         -0.29    9.98   library setup time
                                  9.98   data required time
-----------------------------------------------------------------------------
                                  9.98   data required time
                                 -6.06   data arrival time
-----------------------------------------------------------------------------
                                  3.91   slack (MET)


Startpoint: _464_ (rising edge-triggered flip-flop clocked by CLK100MHZ)
Endpoint: _456_ (rising edge-triggered flip-flop clocked by CLK100MHZ)
Path Group: CLK100MHZ
Path Type: max
Corner: Slowest

Fanout     Cap    Slew   Delay    Time   Description
-----------------------------------------------------------------------------
                          0.00    0.00   clock CLK100MHZ (rise edge)
                          0.00    0.00   clock source latency
     1    0.02    0.00    0.00    0.00 ^ CLK100MHZ (in)
                                         CLK100MHZ (net)
                  0.00    0.00    0.00 ^ clkbuf_0_CLK100MHZ/A (sky130_fd_sc_hd__clkbuf_16)
     2    0.02    0.07    0.19    0.19 ^ clkbuf_0_CLK100MHZ/X (sky130_fd_sc_hd__clkbuf_16)
                                         clknet_0_CLK100MHZ (net)
                  0.07    0.00    0.19 ^ clkbuf_1_0__f_CLK100MHZ/A (sky130_fd_sc_hd__clkbuf_16)
    16    0.06    0.12    0.27    0.46 ^ clkbuf_1_0__f_CLK100MHZ/X (sky130_fd_sc_hd__clkbuf_16)
                                         clknet_1_0__leaf_CLK100MHZ (net)
                  0.12    0.00    0.47 ^ _464_/CLK (sky130_fd_sc_hd__dfrtp_1)
     3    0.03    0.36    0.89    1.36 ^ _464_/Q (sky130_fd_sc_hd__dfrtp_1)
                                         imem.address[2] (net)
                  0.36    0.00    1.36 ^ _215_/A (sky130_fd_sc_hd__clkbuf_4)
    10    0.06    0.29    0.54    1.90 ^ _215_/X (sky130_fd_sc_hd__clkbuf_4)
                                         _060_ (net)
                  0.29    0.00    1.90 ^ _216_/A (sky130_fd_sc_hd__clkbuf_2)
     5    0.04    0.35    0.49    2.39 ^ _216_/X (sky130_fd_sc_hd__clkbuf_2)
                                         _061_ (net)
                  0.35    0.00    2.39 ^ _217_/A (sky130_fd_sc_hd__clkbuf_1)
     1    0.01    0.23    0.37    2.75 ^ _217_/X (sky130_fd_sc_hd__clkbuf_1)
                                         _062_ (net)
                  0.23    0.00    2.76 ^ _218_/A (sky130_fd_sc_hd__buf_1)
     1    0.03    0.56    0.57    3.33 ^ _218_/X (sky130_fd_sc_hd__buf_1)
                                         _063_ (net)
                  0.56    0.00    3.33 ^ _219_/A (sky130_fd_sc_hd__buf_2)
     6    0.06    0.44    0.66    3.99 ^ _219_/X (sky130_fd_sc_hd__buf_2)
                                         _064_ (net)
                  0.44    0.00    3.99 ^ _410_/A (sky130_fd_sc_hd__nand3_1)
     1    0.02    0.52    0.58    4.57 v _410_/Y (sky130_fd_sc_hd__nand3_1)
                                         _046_ (net)
                  0.52    0.00    4.57 v _411_/A (sky130_fd_sc_hd__clkbuf_2)
     5    0.05    0.32    0.58    5.16 v _411_/X (sky130_fd_sc_hd__clkbuf_2)
                                         _047_ (net)
                  0.32    0.00    5.16 v _420_/B (sky130_fd_sc_hd__and2_1)
     1    0.01    0.10    0.48    5.64 v _420_/X (sky130_fd_sc_hd__and2_1)
                                         _052_ (net)
                  0.10    0.00    5.64 v _421_/A (sky130_fd_sc_hd__clkbuf_1)
     1    0.02    0.21    0.30    5.94 v _421_/X (sky130_fd_sc_hd__clkbuf_1)
                                         _022_ (net)
                  0.21    0.00    5.94 v _456_/D (sky130_fd_sc_hd__dfxtp_1)
                                  5.94   data arrival time

                         10.00   10.00   clock CLK100MHZ (rise edge)
                          0.00   10.00   clock source latency
     1    0.02    0.00    0.00   10.00 ^ CLK100MHZ (in)
                                         CLK100MHZ (net)
                  0.00    0.00   10.00 ^ clkbuf_0_CLK100MHZ/A (sky130_fd_sc_hd__clkbuf_16)
     2    0.02    0.07    0.19   10.19 ^ clkbuf_0_CLK100MHZ/X (sky130_fd_sc_hd__clkbuf_16)
                                         clknet_0_CLK100MHZ (net)
                  0.07    0.00   10.19 ^ clkbuf_1_1__f_CLK100MHZ/A (sky130_fd_sc_hd__clkbuf_16)
    13    0.06    0.12    0.27   10.46 ^ clkbuf_1_1__f_CLK100MHZ/X (sky130_fd_sc_hd__clkbuf_16)
                                         clknet_1_1__leaf_CLK100MHZ (net)
                  0.12    0.00   10.46 ^ _456_/CLK (sky130_fd_sc_hd__dfxtp_1)
                         -0.20   10.26   clock uncertainty
                          0.00   10.26   clock reconvergence pessimism
                         -0.31    9.95   library setup time
                                  9.95   data required time
-----------------------------------------------------------------------------
                                  9.95   data required time
                                 -5.94   data arrival time
-----------------------------------------------------------------------------
                                  4.01   slack (MET)


Startpoint: _464_ (rising edge-triggered flip-flop clocked by CLK100MHZ)
Endpoint: _452_ (rising edge-triggered flip-flop clocked by CLK100MHZ)
Path Group: CLK100MHZ
Path Type: max
Corner: Slowest

Fanout     Cap    Slew   Delay    Time   Description
-----------------------------------------------------------------------------
                          0.00    0.00   clock CLK100MHZ (rise edge)
                          0.00    0.00   clock source latency
     1    0.02    0.00    0.00    0.00 ^ CLK100MHZ (in)
                                         CLK100MHZ (net)
                  0.00    0.00    0.00 ^ clkbuf_0_CLK100MHZ/A (sky130_fd_sc_hd__clkbuf_16)
     2    0.02    0.07    0.19    0.19 ^ clkbuf_0_CLK100MHZ/X (sky130_fd_sc_hd__clkbuf_16)
                                         clknet_0_CLK100MHZ (net)
                  0.07    0.00    0.19 ^ clkbuf_1_0__f_CLK100MHZ/A (sky130_fd_sc_hd__clkbuf_16)
    16    0.06    0.12    0.27    0.46 ^ clkbuf_1_0__f_CLK100MHZ/X (sky130_fd_sc_hd__clkbuf_16)
                                         clknet_1_0__leaf_CLK100MHZ (net)
                  0.12    0.00    0.47 ^ _464_/CLK (sky130_fd_sc_hd__dfrtp_1)
     3    0.03    0.36    0.89    1.36 ^ _464_/Q (sky130_fd_sc_hd__dfrtp_1)
                                         imem.address[2] (net)
                  0.36    0.00    1.36 ^ _215_/A (sky130_fd_sc_hd__clkbuf_4)
    10    0.06    0.29    0.54    1.90 ^ _215_/X (sky130_fd_sc_hd__clkbuf_4)
                                         _060_ (net)
                  0.29    0.00    1.90 ^ _216_/A (sky130_fd_sc_hd__clkbuf_2)
     5    0.04    0.35    0.49    2.39 ^ _216_/X (sky130_fd_sc_hd__clkbuf_2)
                                         _061_ (net)
                  0.35    0.00    2.39 ^ _217_/A (sky130_fd_sc_hd__clkbuf_1)
     1    0.01    0.23    0.37    2.75 ^ _217_/X (sky130_fd_sc_hd__clkbuf_1)
                                         _062_ (net)
                  0.23    0.00    2.76 ^ _218_/A (sky130_fd_sc_hd__buf_1)
     1    0.03    0.56    0.57    3.33 ^ _218_/X (sky130_fd_sc_hd__buf_1)
                                         _063_ (net)
                  0.56    0.00    3.33 ^ _219_/A (sky130_fd_sc_hd__buf_2)
     6    0.06    0.44    0.66    3.99 ^ _219_/X (sky130_fd_sc_hd__buf_2)
                                         _064_ (net)
                  0.44    0.00    3.99 ^ _410_/A (sky130_fd_sc_hd__nand3_1)
     1    0.02    0.52    0.58    4.57 v _410_/Y (sky130_fd_sc_hd__nand3_1)
                                         _046_ (net)
                  0.52    0.00    4.57 v _411_/A (sky130_fd_sc_hd__clkbuf_2)
     5    0.05    0.32    0.58    5.16 v _411_/X (sky130_fd_sc_hd__clkbuf_2)
                                         _047_ (net)
                  0.32    0.00    5.16 v _412_/B (sky130_fd_sc_hd__and2_1)
     1    0.02    0.20    0.56    5.72 v _412_/X (sky130_fd_sc_hd__and2_1)
                                         _048_ (net)
                  0.20    0.00    5.72 v _413_/A (sky130_fd_sc_hd__clkbuf_1)
     1    0.00    0.07    0.24    5.96 v _413_/X (sky130_fd_sc_hd__clkbuf_1)
                                         _018_ (net)
                  0.07    0.00    5.96 v _452_/D (sky130_fd_sc_hd__dfxtp_1)
                                  5.96   data arrival time

                         10.00   10.00   clock CLK100MHZ (rise edge)
                          0.00   10.00   clock source latency
     1    0.02    0.00    0.00   10.00 ^ CLK100MHZ (in)
                                         CLK100MHZ (net)
                  0.00    0.00   10.00 ^ clkbuf_0_CLK100MHZ/A (sky130_fd_sc_hd__clkbuf_16)
     2    0.02    0.07    0.19   10.19 ^ clkbuf_0_CLK100MHZ/X (sky130_fd_sc_hd__clkbuf_16)
                                         clknet_0_CLK100MHZ (net)
                  0.07    0.00   10.19 ^ clkbuf_1_1__f_CLK100MHZ/A (sky130_fd_sc_hd__clkbuf_16)
    13    0.06    0.12    0.27   10.46 ^ clkbuf_1_1__f_CLK100MHZ/X (sky130_fd_sc_hd__clkbuf_16)
                                         clknet_1_1__leaf_CLK100MHZ (net)
                  0.12    0.00   10.46 ^ _452_/CLK (sky130_fd_sc_hd__dfxtp_1)
                         -0.20   10.26   clock uncertainty
                          0.00   10.26   clock reconvergence pessimism
                         -0.26   10.01   library setup time
                                 10.01   data required time
-----------------------------------------------------------------------------
                                 10.01   data required time
                                 -5.96   data arrival time
-----------------------------------------------------------------------------
                                  4.04   slack (MET)


Startpoint: _464_ (rising edge-triggered flip-flop clocked by CLK100MHZ)
Endpoint: _453_ (rising edge-triggered flip-flop clocked by CLK100MHZ)
Path Group: CLK100MHZ
Path Type: max
Corner: Slowest

Fanout     Cap    Slew   Delay    Time   Description
-----------------------------------------------------------------------------
                          0.00    0.00   clock CLK100MHZ (rise edge)
                          0.00    0.00   clock source latency
     1    0.02    0.00    0.00    0.00 ^ CLK100MHZ (in)
                                         CLK100MHZ (net)
                  0.00    0.00    0.00 ^ clkbuf_0_CLK100MHZ/A (sky130_fd_sc_hd__clkbuf_16)
     2    0.02    0.07    0.19    0.19 ^ clkbuf_0_CLK100MHZ/X (sky130_fd_sc_hd__clkbuf_16)
                                         clknet_0_CLK100MHZ (net)
                  0.07    0.00    0.19 ^ clkbuf_1_0__f_CLK100MHZ/A (sky130_fd_sc_hd__clkbuf_16)
    16    0.06    0.12    0.27    0.46 ^ clkbuf_1_0__f_CLK100MHZ/X (sky130_fd_sc_hd__clkbuf_16)
                                         clknet_1_0__leaf_CLK100MHZ (net)
                  0.12    0.00    0.47 ^ _464_/CLK (sky130_fd_sc_hd__dfrtp_1)
     3    0.03    0.36    0.89    1.36 ^ _464_/Q (sky130_fd_sc_hd__dfrtp_1)
                                         imem.address[2] (net)
                  0.36    0.00    1.36 ^ _215_/A (sky130_fd_sc_hd__clkbuf_4)
    10    0.06    0.29    0.54    1.90 ^ _215_/X (sky130_fd_sc_hd__clkbuf_4)
                                         _060_ (net)
                  0.29    0.00    1.90 ^ _216_/A (sky130_fd_sc_hd__clkbuf_2)
     5    0.04    0.35    0.49    2.39 ^ _216_/X (sky130_fd_sc_hd__clkbuf_2)
                                         _061_ (net)
                  0.35    0.00    2.39 ^ _217_/A (sky130_fd_sc_hd__clkbuf_1)
     1    0.01    0.23    0.37    2.75 ^ _217_/X (sky130_fd_sc_hd__clkbuf_1)
                                         _062_ (net)
                  0.23    0.00    2.76 ^ _218_/A (sky130_fd_sc_hd__buf_1)
     1    0.03    0.56    0.57    3.33 ^ _218_/X (sky130_fd_sc_hd__buf_1)
                                         _063_ (net)
                  0.56    0.00    3.33 ^ _219_/A (sky130_fd_sc_hd__buf_2)
     6    0.06    0.44    0.66    3.99 ^ _219_/X (sky130_fd_sc_hd__buf_2)
                                         _064_ (net)
                  0.44    0.00    3.99 ^ _410_/A (sky130_fd_sc_hd__nand3_1)
     1    0.02    0.52    0.58    4.57 v _410_/Y (sky130_fd_sc_hd__nand3_1)
                                         _046_ (net)
                  0.52    0.00    4.57 v _411_/A (sky130_fd_sc_hd__clkbuf_2)
     5    0.05    0.32    0.58    5.16 v _411_/X (sky130_fd_sc_hd__clkbuf_2)
                                         _047_ (net)
                  0.32    0.00    5.16 v _414_/B (sky130_fd_sc_hd__and2_1)
     1    0.01    0.10    0.48    5.64 v _414_/X (sky130_fd_sc_hd__and2_1)
                                         _049_ (net)
                  0.10    0.00    5.64 v _415_/A (sky130_fd_sc_hd__clkbuf_1)
     1    0.01    0.09    0.21    5.85 v _415_/X (sky130_fd_sc_hd__clkbuf_1)
                                         _019_ (net)
                  0.09    0.00    5.85 v _453_/D (sky130_fd_sc_hd__dfxtp_1)
                                  5.85   data arrival time

                         10.00   10.00   clock CLK100MHZ (rise edge)
                          0.00   10.00   clock source latency
     1    0.02    0.00    0.00   10.00 ^ CLK100MHZ (in)
                                         CLK100MHZ (net)
                  0.00    0.00   10.00 ^ clkbuf_0_CLK100MHZ/A (sky130_fd_sc_hd__clkbuf_16)
     2    0.02    0.07    0.19   10.19 ^ clkbuf_0_CLK100MHZ/X (sky130_fd_sc_hd__clkbuf_16)
                                         clknet_0_CLK100MHZ (net)
                  0.07    0.00   10.19 ^ clkbuf_1_0__f_CLK100MHZ/A (sky130_fd_sc_hd__clkbuf_16)
    16    0.06    0.12    0.27   10.46 ^ clkbuf_1_0__f_CLK100MHZ/X (sky130_fd_sc_hd__clkbuf_16)
                                         clknet_1_0__leaf_CLK100MHZ (net)
                  0.12    0.00   10.47 ^ _453_/CLK (sky130_fd_sc_hd__dfxtp_1)
                         -0.20   10.27   clock uncertainty
                          0.00   10.27   clock reconvergence pessimism
                         -0.26   10.00   library setup time
                                 10.00   data required time
-----------------------------------------------------------------------------
                                 10.00   data required time
                                 -5.85   data arrival time
-----------------------------------------------------------------------------
                                  4.15   slack (MET)


Startpoint: _464_ (rising edge-triggered flip-flop clocked by CLK100MHZ)
Endpoint: _455_ (rising edge-triggered flip-flop clocked by CLK100MHZ)
Path Group: CLK100MHZ
Path Type: max
Corner: Slowest

Fanout     Cap    Slew   Delay    Time   Description
-----------------------------------------------------------------------------
                          0.00    0.00   clock CLK100MHZ (rise edge)
                          0.00    0.00   clock source latency
     1    0.02    0.00    0.00    0.00 ^ CLK100MHZ (in)
                                         CLK100MHZ (net)
                  0.00    0.00    0.00 ^ clkbuf_0_CLK100MHZ/A (sky130_fd_sc_hd__clkbuf_16)
     2    0.02    0.07    0.19    0.19 ^ clkbuf_0_CLK100MHZ/X (sky130_fd_sc_hd__clkbuf_16)
                                         clknet_0_CLK100MHZ (net)
                  0.07    0.00    0.19 ^ clkbuf_1_0__f_CLK100MHZ/A (sky130_fd_sc_hd__clkbuf_16)
    16    0.06    0.12    0.27    0.46 ^ clkbuf_1_0__f_CLK100MHZ/X (sky130_fd_sc_hd__clkbuf_16)
                                         clknet_1_0__leaf_CLK100MHZ (net)
                  0.12    0.00    0.47 ^ _464_/CLK (sky130_fd_sc_hd__dfrtp_1)
     3    0.03    0.36    0.89    1.36 ^ _464_/Q (sky130_fd_sc_hd__dfrtp_1)
                                         imem.address[2] (net)
                  0.36    0.00    1.36 ^ _215_/A (sky130_fd_sc_hd__clkbuf_4)
    10    0.06    0.29    0.54    1.90 ^ _215_/X (sky130_fd_sc_hd__clkbuf_4)
                                         _060_ (net)
                  0.29    0.00    1.90 ^ _216_/A (sky130_fd_sc_hd__clkbuf_2)
     5    0.04    0.35    0.49    2.39 ^ _216_/X (sky130_fd_sc_hd__clkbuf_2)
                                         _061_ (net)
                  0.35    0.00    2.39 ^ _217_/A (sky130_fd_sc_hd__clkbuf_1)
     1    0.01    0.23    0.37    2.75 ^ _217_/X (sky130_fd_sc_hd__clkbuf_1)
                                         _062_ (net)
                  0.23    0.00    2.76 ^ _218_/A (sky130_fd_sc_hd__buf_1)
     1    0.03    0.56    0.57    3.33 ^ _218_/X (sky130_fd_sc_hd__buf_1)
                                         _063_ (net)
                  0.56    0.00    3.33 ^ _219_/A (sky130_fd_sc_hd__buf_2)
     6    0.06    0.44    0.66    3.99 ^ _219_/X (sky130_fd_sc_hd__buf_2)
                                         _064_ (net)
                  0.44    0.00    3.99 ^ _410_/A (sky130_fd_sc_hd__nand3_1)
     1    0.02    0.52    0.58    4.57 v _410_/Y (sky130_fd_sc_hd__nand3_1)
                                         _046_ (net)
                  0.52    0.00    4.57 v _411_/A (sky130_fd_sc_hd__clkbuf_2)
     5    0.05    0.32    0.58    5.16 v _411_/X (sky130_fd_sc_hd__clkbuf_2)
                                         _047_ (net)
                  0.32    0.00    5.16 v _418_/B (sky130_fd_sc_hd__and2_1)
     1    0.00    0.08    0.46    5.62 v _418_/X (sky130_fd_sc_hd__and2_1)
                                         _051_ (net)
                  0.08    0.00    5.62 v _419_/A (sky130_fd_sc_hd__clkbuf_1)
     1    0.00    0.07    0.18    5.80 v _419_/X (sky130_fd_sc_hd__clkbuf_1)
                                         _021_ (net)
                  0.07    0.00    5.80 v _455_/D (sky130_fd_sc_hd__dfxtp_1)
                                  5.80   data arrival time

                         10.00   10.00   clock CLK100MHZ (rise edge)
                          0.00   10.00   clock source latency
     1    0.02    0.00    0.00   10.00 ^ CLK100MHZ (in)
                                         CLK100MHZ (net)
                  0.00    0.00   10.00 ^ clkbuf_0_CLK100MHZ/A (sky130_fd_sc_hd__clkbuf_16)
     2    0.02    0.07    0.19   10.19 ^ clkbuf_0_CLK100MHZ/X (sky130_fd_sc_hd__clkbuf_16)
                                         clknet_0_CLK100MHZ (net)
                  0.07    0.00   10.19 ^ clkbuf_1_0__f_CLK100MHZ/A (sky130_fd_sc_hd__clkbuf_16)
    16    0.06    0.12    0.27   10.46 ^ clkbuf_1_0__f_CLK100MHZ/X (sky130_fd_sc_hd__clkbuf_16)
                                         clknet_1_0__leaf_CLK100MHZ (net)
                  0.12    0.00   10.47 ^ _455_/CLK (sky130_fd_sc_hd__dfxtp_1)
                         -0.20   10.27   clock uncertainty
                          0.00   10.27   clock reconvergence pessimism
                         -0.25   10.01   library setup time
                                 10.01   data required time
-----------------------------------------------------------------------------
                                 10.01   data required time
                                 -5.80   data arrival time
-----------------------------------------------------------------------------
                                  4.21   slack (MET)


Startpoint: _464_ (rising edge-triggered flip-flop clocked by CLK100MHZ)
Endpoint: _464_ (rising edge-triggered flip-flop clocked by CLK100MHZ)
Path Group: CLK100MHZ
Path Type: max
Corner: Slowest

Fanout     Cap    Slew   Delay    Time   Description
-----------------------------------------------------------------------------
                          0.00    0.00   clock CLK100MHZ (rise edge)
                          0.00    0.00   clock source latency
     1    0.02    0.00    0.00    0.00 ^ CLK100MHZ (in)
                                         CLK100MHZ (net)
                  0.00    0.00    0.00 ^ clkbuf_0_CLK100MHZ/A (sky130_fd_sc_hd__clkbuf_16)
     2    0.02    0.07    0.19    0.19 ^ clkbuf_0_CLK100MHZ/X (sky130_fd_sc_hd__clkbuf_16)
                                         clknet_0_CLK100MHZ (net)
                  0.07    0.00    0.19 ^ clkbuf_1_0__f_CLK100MHZ/A (sky130_fd_sc_hd__clkbuf_16)
    16    0.06    0.12    0.27    0.46 ^ clkbuf_1_0__f_CLK100MHZ/X (sky130_fd_sc_hd__clkbuf_16)
                                         clknet_1_0__leaf_CLK100MHZ (net)
                  0.12    0.00    0.47 ^ _464_/CLK (sky130_fd_sc_hd__dfrtp_1)
     3    0.03    0.36    0.89    1.36 ^ _464_/Q (sky130_fd_sc_hd__dfrtp_1)
                                         imem.address[2] (net)
                  0.36    0.00    1.36 ^ _215_/A (sky130_fd_sc_hd__clkbuf_4)
    10    0.06    0.29    0.54    1.90 ^ _215_/X (sky130_fd_sc_hd__clkbuf_4)
                                         _060_ (net)
                  0.29    0.00    1.90 ^ _216_/A (sky130_fd_sc_hd__clkbuf_2)
     5    0.04    0.35    0.49    2.39 ^ _216_/X (sky130_fd_sc_hd__clkbuf_2)
                                         _061_ (net)
                  0.35    0.00    2.39 ^ _217_/A (sky130_fd_sc_hd__clkbuf_1)
     1    0.01    0.23    0.37    2.75 ^ _217_/X (sky130_fd_sc_hd__clkbuf_1)
                                         _062_ (net)
                  0.23    0.00    2.76 ^ _218_/A (sky130_fd_sc_hd__buf_1)
     1    0.03    0.56    0.57    3.33 ^ _218_/X (sky130_fd_sc_hd__buf_1)
                                         _063_ (net)
                  0.56    0.00    3.33 ^ _219_/A (sky130_fd_sc_hd__buf_2)
     6    0.06    0.44    0.66    3.99 ^ _219_/X (sky130_fd_sc_hd__buf_2)
                                         _064_ (net)
                  0.44    0.00    3.99 ^ _224_/A (sky130_fd_sc_hd__xor2_1)
     1    0.00    0.14    0.24    4.23 v _224_/X (sky130_fd_sc_hd__xor2_1)
                                         _030_ (net)
                  0.14    0.00    4.23 v _464_/D (sky130_fd_sc_hd__dfrtp_1)
                                  4.23   data arrival time

                         10.00   10.00   clock CLK100MHZ (rise edge)
                          0.00   10.00   clock source latency
     1    0.02    0.00    0.00   10.00 ^ CLK100MHZ (in)
                                         CLK100MHZ (net)
                  0.00    0.00   10.00 ^ clkbuf_0_CLK100MHZ/A (sky130_fd_sc_hd__clkbuf_16)
     2    0.02    0.07    0.19   10.19 ^ clkbuf_0_CLK100MHZ/X (sky130_fd_sc_hd__clkbuf_16)
                                         clknet_0_CLK100MHZ (net)
                  0.07    0.00   10.19 ^ clkbuf_1_0__f_CLK100MHZ/A (sky130_fd_sc_hd__clkbuf_16)
    16    0.06    0.12    0.27   10.46 ^ clkbuf_1_0__f_CLK100MHZ/X (sky130_fd_sc_hd__clkbuf_16)
                                         clknet_1_0__leaf_CLK100MHZ (net)
                  0.12    0.00   10.47 ^ _464_/CLK (sky130_fd_sc_hd__dfrtp_1)
                         -0.20   10.27   clock uncertainty
                          0.00   10.27   clock reconvergence pessimism
                         -0.29    9.97   library setup time
                                  9.97   data required time
-----------------------------------------------------------------------------
                                  9.97   data required time
                                 -4.23   data arrival time
-----------------------------------------------------------------------------
                                  5.74   slack (MET)


Startpoint: _462_ (rising edge-triggered flip-flop clocked by CLK100MHZ)
Endpoint: _463_ (rising edge-triggered flip-flop clocked by CLK100MHZ)
Path Group: CLK100MHZ
Path Type: max
Corner: Slowest

Fanout     Cap    Slew   Delay    Time   Description
-----------------------------------------------------------------------------
                          0.00    0.00   clock CLK100MHZ (rise edge)
                          0.00    0.00   clock source latency
     1    0.02    0.00    0.00    0.00 ^ CLK100MHZ (in)
                                         CLK100MHZ (net)
                  0.00    0.00    0.00 ^ clkbuf_0_CLK100MHZ/A (sky130_fd_sc_hd__clkbuf_16)
     2    0.02    0.07    0.19    0.19 ^ clkbuf_0_CLK100MHZ/X (sky130_fd_sc_hd__clkbuf_16)
                                         clknet_0_CLK100MHZ (net)
                  0.07    0.00    0.19 ^ clkbuf_1_1__f_CLK100MHZ/A (sky130_fd_sc_hd__clkbuf_16)
    13    0.06    0.12    0.27    0.46 ^ clkbuf_1_1__f_CLK100MHZ/X (sky130_fd_sc_hd__clkbuf_16)
                                         clknet_1_1__leaf_CLK100MHZ (net)
                  0.12    0.00    0.46 ^ _462_/CLK (sky130_fd_sc_hd__dfrtp_2)
     4    0.04    0.22    0.99    1.46 v _462_/Q (sky130_fd_sc_hd__dfrtp_2)
                                         imem.address[0] (net)
                  0.22    0.00    1.46 v _221_/A (sky130_fd_sc_hd__clkbuf_4)
    10    0.06    0.23    0.47    1.93 v _221_/X (sky130_fd_sc_hd__clkbuf_4)
                                         _066_ (net)
                  0.23    0.00    1.93 v _222_/A (sky130_fd_sc_hd__clkbuf_4)
     9    0.06    0.21    0.45    2.38 v _222_/X (sky130_fd_sc_hd__clkbuf_4)
                                         _067_ (net)
                  0.21    0.01    2.39 v _223_/C (sky130_fd_sc_hd__and3_1)
     2    0.03    0.29    0.63    3.02 v _223_/X (sky130_fd_sc_hd__and3_1)
                                         _068_ (net)
                  0.29    0.00    3.03 v _226_/A (sky130_fd_sc_hd__nor2_1)
     1    0.02    0.62    0.62    3.65 ^ _226_/Y (sky130_fd_sc_hd__nor2_1)
                                         _029_ (net)
                  0.62    0.00    3.65 ^ _463_/D (sky130_fd_sc_hd__dfrtp_4)
                                  3.65   data arrival time

                         10.00   10.00   clock CLK100MHZ (rise edge)
                          0.00   10.00   clock source latency
     1    0.02    0.00    0.00   10.00 ^ CLK100MHZ (in)
                                         CLK100MHZ (net)
                  0.00    0.00   10.00 ^ clkbuf_0_CLK100MHZ/A (sky130_fd_sc_hd__clkbuf_16)
     2    0.02    0.07    0.19   10.19 ^ clkbuf_0_CLK100MHZ/X (sky130_fd_sc_hd__clkbuf_16)
                                         clknet_0_CLK100MHZ (net)
                  0.07    0.00   10.19 ^ clkbuf_1_0__f_CLK100MHZ/A (sky130_fd_sc_hd__clkbuf_16)
    16    0.06    0.12    0.27   10.46 ^ clkbuf_1_0__f_CLK100MHZ/X (sky130_fd_sc_hd__clkbuf_16)
                                         clknet_1_0__leaf_CLK100MHZ (net)
                  0.12    0.00   10.47 ^ _463_/CLK (sky130_fd_sc_hd__dfrtp_4)
                         -0.20   10.27   clock uncertainty
                          0.00   10.27   clock reconvergence pessimism
                         -0.27   10.00   library setup time
                                 10.00   data required time
-----------------------------------------------------------------------------
                                 10.00   data required time
                                 -3.65   data arrival time
-----------------------------------------------------------------------------
                                  6.35   slack (MET)


Startpoint: _462_ (rising edge-triggered flip-flop clocked by CLK100MHZ)
Endpoint: _462_ (rising edge-triggered flip-flop clocked by CLK100MHZ)
Path Group: CLK100MHZ
Path Type: max
Corner: Slowest

Fanout     Cap    Slew   Delay    Time   Description
-----------------------------------------------------------------------------
                          0.00    0.00   clock CLK100MHZ (rise edge)
                          0.00    0.00   clock source latency
     1    0.02    0.00    0.00    0.00 ^ CLK100MHZ (in)
                                         CLK100MHZ (net)
                  0.00    0.00    0.00 ^ clkbuf_0_CLK100MHZ/A (sky130_fd_sc_hd__clkbuf_16)
     2    0.02    0.07    0.19    0.19 ^ clkbuf_0_CLK100MHZ/X (sky130_fd_sc_hd__clkbuf_16)
                                         clknet_0_CLK100MHZ (net)
                  0.07    0.00    0.19 ^ clkbuf_1_1__f_CLK100MHZ/A (sky130_fd_sc_hd__clkbuf_16)
    13    0.06    0.12    0.27    0.46 ^ clkbuf_1_1__f_CLK100MHZ/X (sky130_fd_sc_hd__clkbuf_16)
                                         clknet_1_1__leaf_CLK100MHZ (net)
                  0.12    0.00    0.46 ^ _462_/CLK (sky130_fd_sc_hd__dfrtp_2)
     4    0.04    0.31    0.92    1.38 ^ _462_/Q (sky130_fd_sc_hd__dfrtp_2)
                                         imem.address[0] (net)
                  0.31    0.00    1.38 ^ _221_/A (sky130_fd_sc_hd__clkbuf_4)
    10    0.07    0.32    0.54    1.92 ^ _221_/X (sky130_fd_sc_hd__clkbuf_4)
                                         _066_ (net)
                  0.32    0.00    1.92 ^ _222_/A (sky130_fd_sc_hd__clkbuf_4)
     9    0.06    0.28    0.51    2.44 ^ _222_/X (sky130_fd_sc_hd__clkbuf_4)
                                         _067_ (net)
                  0.28    0.01    2.44 ^ _227_/B (sky130_fd_sc_hd__xor2_1)
     1    0.02    0.65    0.67    3.11 ^ _227_/X (sky130_fd_sc_hd__xor2_1)
                                         _028_ (net)
                  0.65    0.00    3.11 ^ _462_/D (sky130_fd_sc_hd__dfrtp_2)
                                  3.11   data arrival time

                         10.00   10.00   clock CLK100MHZ (rise edge)
                          0.00   10.00   clock source latency
     1    0.02    0.00    0.00   10.00 ^ CLK100MHZ (in)
                                         CLK100MHZ (net)
                  0.00    0.00   10.00 ^ clkbuf_0_CLK100MHZ/A (sky130_fd_sc_hd__clkbuf_16)
     2    0.02    0.07    0.19   10.19 ^ clkbuf_0_CLK100MHZ/X (sky130_fd_sc_hd__clkbuf_16)
                                         clknet_0_CLK100MHZ (net)
                  0.07    0.00   10.19 ^ clkbuf_1_1__f_CLK100MHZ/A (sky130_fd_sc_hd__clkbuf_16)
    13    0.06    0.12    0.27   10.46 ^ clkbuf_1_1__f_CLK100MHZ/X (sky130_fd_sc_hd__clkbuf_16)
                                         clknet_1_1__leaf_CLK100MHZ (net)
                  0.12    0.00   10.46 ^ _462_/CLK (sky130_fd_sc_hd__dfrtp_2)
                         -0.20   10.26   clock uncertainty
                          0.00   10.26   clock reconvergence pessimism
                         -0.28    9.98   library setup time
                                  9.98   data required time
-----------------------------------------------------------------------------
                                  9.98   data required time
                                 -3.11   data arrival time
-----------------------------------------------------------------------------
                                  6.87   slack (MET)



worst slack corner Slowest: -0.3343
======================= Typical Corner ===================================

Startpoint: _464_ (rising edge-triggered flip-flop clocked by CLK100MHZ)
Endpoint: _461_ (rising edge-triggered flip-flop clocked by CLK100MHZ)
Path Group: CLK100MHZ
Path Type: max
Corner: Typical

Fanout     Cap    Slew   Delay    Time   Description
-----------------------------------------------------------------------------
                          0.00    0.00   clock CLK100MHZ (rise edge)
                          0.00    0.00   clock source latency
     1    0.02    0.00    0.00    0.00 ^ CLK100MHZ (in)
                                         CLK100MHZ (net)
                  0.00    0.00    0.00 ^ clkbuf_0_CLK100MHZ/A (sky130_fd_sc_hd__clkbuf_16)
     2    0.02    0.04    0.11    0.11 ^ clkbuf_0_CLK100MHZ/X (sky130_fd_sc_hd__clkbuf_16)
                                         clknet_0_CLK100MHZ (net)
                  0.04    0.00    0.11 ^ clkbuf_1_0__f_CLK100MHZ/A (sky130_fd_sc_hd__clkbuf_16)
    16    0.06    0.08    0.16    0.27 ^ clkbuf_1_0__f_CLK100MHZ/X (sky130_fd_sc_hd__clkbuf_16)
                                         clknet_1_0__leaf_CLK100MHZ (net)
                  0.08    0.00    0.27 ^ _464_/CLK (sky130_fd_sc_hd__dfrtp_1)
     3    0.03    0.23    0.47    0.74 ^ _464_/Q (sky130_fd_sc_hd__dfrtp_1)
                                         imem.address[2] (net)
                  0.23    0.00    0.74 ^ _215_/A (sky130_fd_sc_hd__clkbuf_4)
    10    0.06    0.18    0.30    1.04 ^ _215_/X (sky130_fd_sc_hd__clkbuf_4)
                                         _060_ (net)
                  0.18    0.00    1.05 ^ _216_/A (sky130_fd_sc_hd__clkbuf_2)
     5    0.04    0.23    0.28    1.32 ^ _216_/X (sky130_fd_sc_hd__clkbuf_2)
                                         _061_ (net)
                  0.23    0.00    1.32 ^ _246_/A_N (sky130_fd_sc_hd__and3b_1)
     1    0.01    0.07    0.24    1.57 v _246_/X (sky130_fd_sc_hd__and3b_1)
                                         _088_ (net)
                  0.07    0.00    1.57 v _247_/A (sky130_fd_sc_hd__buf_2)
     7    0.06    0.14    0.23    1.79 v _247_/X (sky130_fd_sc_hd__buf_2)
                                         _089_ (net)
                  0.14    0.00    1.80 v _248_/B (sky130_fd_sc_hd__or2_1)
     1    0.01    0.07    0.27    2.07 v _248_/X (sky130_fd_sc_hd__or2_1)
                                         _090_ (net)
                  0.07    0.00    2.07 v _249_/A (sky130_fd_sc_hd__clkbuf_2)
     5    0.04    0.15    0.22    2.28 v _249_/X (sky130_fd_sc_hd__clkbuf_2)
                                         _091_ (net)
                  0.15    0.00    2.29 v _266_/A2 (sky130_fd_sc_hd__a21o_1)
     2    0.02    0.10    0.28    2.56 v _266_/X (sky130_fd_sc_hd__a21o_1)
                                         _108_ (net)
                  0.10    0.00    2.56 v _268_/B (sky130_fd_sc_hd__or3_2)
     2    0.02    0.13    0.54    3.11 v _268_/X (sky130_fd_sc_hd__or3_2)
                                         _110_ (net)
                  0.13    0.00    3.11 v _312_/A2 (sky130_fd_sc_hd__a21oi_2)
     3    0.02    0.28    0.30    3.41 ^ _312_/Y (sky130_fd_sc_hd__a21oi_2)
                                         _154_ (net)
                  0.28    0.00    3.41 ^ _319_/A2 (sky130_fd_sc_hd__o21ai_2)
     3    0.03    0.14    0.17    3.58 v _319_/Y (sky130_fd_sc_hd__o21ai_2)
                                         _161_ (net)
                  0.14    0.00    3.59 v _373_/A1 (sky130_fd_sc_hd__a21oi_2)
     3    0.04    0.47    0.44    4.02 ^ _373_/Y (sky130_fd_sc_hd__a21oi_2)
                                         _204_ (net)
                  0.47    0.00    4.03 ^ _380_/A_N (sky130_fd_sc_hd__and2b_1)
     1    0.01    0.08    0.29    4.31 v _380_/X (sky130_fd_sc_hd__and2b_1)
                                         _211_ (net)
                  0.08    0.00    4.31 v _382_/A (sky130_fd_sc_hd__nor2_1)
     4    0.03    0.57    0.47    4.78 ^ _382_/Y (sky130_fd_sc_hd__nor2_1)
                                         _213_ (net)
                  0.57    0.00    4.79 ^ _432_/A1 (sky130_fd_sc_hd__mux2_1)
     1    0.02    0.19    0.34    5.12 ^ _432_/X (sky130_fd_sc_hd__mux2_1)
                                         _059_ (net)
                  0.19    0.00    5.12 ^ _433_/A (sky130_fd_sc_hd__buf_1)
     1    0.02    0.22    0.23    5.35 ^ _433_/X (sky130_fd_sc_hd__buf_1)
                                         _027_ (net)
                  0.22    0.00    5.36 ^ _461_/D (sky130_fd_sc_hd__dfxtp_1)
                                  5.36   data arrival time

                         10.00   10.00   clock CLK100MHZ (rise edge)
                          0.00   10.00   clock source latency
     1    0.02    0.00    0.00   10.00 ^ CLK100MHZ (in)
                                         CLK100MHZ (net)
                  0.00    0.00   10.00 ^ clkbuf_0_CLK100MHZ/A (sky130_fd_sc_hd__clkbuf_16)
     2    0.02    0.04    0.11   10.11 ^ clkbuf_0_CLK100MHZ/X (sky130_fd_sc_hd__clkbuf_16)
                                         clknet_0_CLK100MHZ (net)
                  0.04    0.00   10.11 ^ clkbuf_1_0__f_CLK100MHZ/A (sky130_fd_sc_hd__clkbuf_16)
    16    0.06    0.08    0.16   10.27 ^ clkbuf_1_0__f_CLK100MHZ/X (sky130_fd_sc_hd__clkbuf_16)
                                         clknet_1_0__leaf_CLK100MHZ (net)
                  0.08    0.00   10.27 ^ _461_/CLK (sky130_fd_sc_hd__dfxtp_1)
                         -0.20   10.07   clock uncertainty
                          0.00   10.07   clock reconvergence pessimism
                         -0.09    9.98   library setup time
                                  9.98   data required time
-----------------------------------------------------------------------------
                                  9.98   data required time
                                 -5.36   data arrival time
-----------------------------------------------------------------------------
                                  4.63   slack (MET)


Startpoint: _464_ (rising edge-triggered flip-flop clocked by CLK100MHZ)
Endpoint: _441_ (rising edge-triggered flip-flop clocked by CLK100MHZ)
Path Group: CLK100MHZ
Path Type: max
Corner: Typical

Fanout     Cap    Slew   Delay    Time   Description
-----------------------------------------------------------------------------
                          0.00    0.00   clock CLK100MHZ (rise edge)
                          0.00    0.00   clock source latency
     1    0.02    0.00    0.00    0.00 ^ CLK100MHZ (in)
                                         CLK100MHZ (net)
                  0.00    0.00    0.00 ^ clkbuf_0_CLK100MHZ/A (sky130_fd_sc_hd__clkbuf_16)
     2    0.02    0.04    0.11    0.11 ^ clkbuf_0_CLK100MHZ/X (sky130_fd_sc_hd__clkbuf_16)
                                         clknet_0_CLK100MHZ (net)
                  0.04    0.00    0.11 ^ clkbuf_1_0__f_CLK100MHZ/A (sky130_fd_sc_hd__clkbuf_16)
    16    0.06    0.08    0.16    0.27 ^ clkbuf_1_0__f_CLK100MHZ/X (sky130_fd_sc_hd__clkbuf_16)
                                         clknet_1_0__leaf_CLK100MHZ (net)
                  0.08    0.00    0.27 ^ _464_/CLK (sky130_fd_sc_hd__dfrtp_1)
     3    0.03    0.23    0.47    0.74 ^ _464_/Q (sky130_fd_sc_hd__dfrtp_1)
                                         imem.address[2] (net)
                  0.23    0.00    0.74 ^ _215_/A (sky130_fd_sc_hd__clkbuf_4)
    10    0.06    0.18    0.30    1.04 ^ _215_/X (sky130_fd_sc_hd__clkbuf_4)
                                         _060_ (net)
                  0.18    0.00    1.05 ^ _216_/A (sky130_fd_sc_hd__clkbuf_2)
     5    0.04    0.23    0.28    1.32 ^ _216_/X (sky130_fd_sc_hd__clkbuf_2)
                                         _061_ (net)
                  0.23    0.00    1.32 ^ _246_/A_N (sky130_fd_sc_hd__and3b_1)
     1    0.01    0.07    0.24    1.57 v _246_/X (sky130_fd_sc_hd__and3b_1)
                                         _088_ (net)
                  0.07    0.00    1.57 v _247_/A (sky130_fd_sc_hd__buf_2)
     7    0.06    0.14    0.23    1.79 v _247_/X (sky130_fd_sc_hd__buf_2)
                                         _089_ (net)
                  0.14    0.00    1.80 v _248_/B (sky130_fd_sc_hd__or2_1)
     1    0.01    0.07    0.27    2.07 v _248_/X (sky130_fd_sc_hd__or2_1)
                                         _090_ (net)
                  0.07    0.00    2.07 v _249_/A (sky130_fd_sc_hd__clkbuf_2)
     5    0.04    0.15    0.22    2.28 v _249_/X (sky130_fd_sc_hd__clkbuf_2)
                                         _091_ (net)
                  0.15    0.00    2.29 v _266_/A2 (sky130_fd_sc_hd__a21o_1)
     2    0.02    0.10    0.28    2.56 v _266_/X (sky130_fd_sc_hd__a21o_1)
                                         _108_ (net)
                  0.10    0.00    2.56 v _268_/B (sky130_fd_sc_hd__or3_2)
     2    0.02    0.13    0.54    3.11 v _268_/X (sky130_fd_sc_hd__or3_2)
                                         _110_ (net)
                  0.13    0.00    3.11 v _312_/A2 (sky130_fd_sc_hd__a21oi_2)
     3    0.02    0.28    0.30    3.41 ^ _312_/Y (sky130_fd_sc_hd__a21oi_2)
                                         _154_ (net)
                  0.28    0.00    3.41 ^ _319_/A2 (sky130_fd_sc_hd__o21ai_2)
     3    0.03    0.14    0.17    3.58 v _319_/Y (sky130_fd_sc_hd__o21ai_2)
                                         _161_ (net)
                  0.14    0.00    3.59 v _373_/A1 (sky130_fd_sc_hd__a21oi_2)
     3    0.04    0.47    0.44    4.02 ^ _373_/Y (sky130_fd_sc_hd__a21oi_2)
                                         _204_ (net)
                  0.47    0.00    4.03 ^ _380_/A_N (sky130_fd_sc_hd__and2b_1)
     1    0.01    0.08    0.29    4.31 v _380_/X (sky130_fd_sc_hd__and2b_1)
                                         _211_ (net)
                  0.08    0.00    4.31 v _382_/A (sky130_fd_sc_hd__nor2_1)
     4    0.03    0.57    0.47    4.78 ^ _382_/Y (sky130_fd_sc_hd__nor2_1)
                                         _213_ (net)
                  0.57    0.00    4.78 ^ _383_/A1 (sky130_fd_sc_hd__mux2_1)
     1    0.01    0.14    0.30    5.08 ^ _383_/X (sky130_fd_sc_hd__mux2_1)
                                         _214_ (net)
                  0.14    0.00    5.08 ^ _384_/A (sky130_fd_sc_hd__buf_1)
     1    0.02    0.21    0.22    5.30 ^ _384_/X (sky130_fd_sc_hd__buf_1)
                                         _007_ (net)
                  0.21    0.00    5.30 ^ _441_/D (sky130_fd_sc_hd__dfxtp_1)
                                  5.30   data arrival time

                         10.00   10.00   clock CLK100MHZ (rise edge)
                          0.00   10.00   clock source latency
     1    0.02    0.00    0.00   10.00 ^ CLK100MHZ (in)
                                         CLK100MHZ (net)
                  0.00    0.00   10.00 ^ clkbuf_0_CLK100MHZ/A (sky130_fd_sc_hd__clkbuf_16)
     2    0.02    0.04    0.11   10.11 ^ clkbuf_0_CLK100MHZ/X (sky130_fd_sc_hd__clkbuf_16)
                                         clknet_0_CLK100MHZ (net)
                  0.04    0.00   10.11 ^ clkbuf_1_0__f_CLK100MHZ/A (sky130_fd_sc_hd__clkbuf_16)
    16    0.06    0.08    0.16   10.27 ^ clkbuf_1_0__f_CLK100MHZ/X (sky130_fd_sc_hd__clkbuf_16)
                                         clknet_1_0__leaf_CLK100MHZ (net)
                  0.08    0.00   10.27 ^ _441_/CLK (sky130_fd_sc_hd__dfxtp_1)
                         -0.20   10.07   clock uncertainty
                          0.00   10.07   clock reconvergence pessimism
                         -0.09    9.98   library setup time
                                  9.98   data required time
-----------------------------------------------------------------------------
                                  9.98   data required time
                                 -5.30   data arrival time
-----------------------------------------------------------------------------
                                  4.68   slack (MET)


Startpoint: _464_ (rising edge-triggered flip-flop clocked by CLK100MHZ)
Endpoint: _446_ (rising edge-triggered flip-flop clocked by CLK100MHZ)
Path Group: CLK100MHZ
Path Type: max
Corner: Typical

Fanout     Cap    Slew   Delay    Time   Description
-----------------------------------------------------------------------------
                          0.00    0.00   clock CLK100MHZ (rise edge)
                          0.00    0.00   clock source latency
     1    0.02    0.00    0.00    0.00 ^ CLK100MHZ (in)
                                         CLK100MHZ (net)
                  0.00    0.00    0.00 ^ clkbuf_0_CLK100MHZ/A (sky130_fd_sc_hd__clkbuf_16)
     2    0.02    0.04    0.11    0.11 ^ clkbuf_0_CLK100MHZ/X (sky130_fd_sc_hd__clkbuf_16)
                                         clknet_0_CLK100MHZ (net)
                  0.04    0.00    0.11 ^ clkbuf_1_0__f_CLK100MHZ/A (sky130_fd_sc_hd__clkbuf_16)
    16    0.06    0.08    0.16    0.27 ^ clkbuf_1_0__f_CLK100MHZ/X (sky130_fd_sc_hd__clkbuf_16)
                                         clknet_1_0__leaf_CLK100MHZ (net)
                  0.08    0.00    0.27 ^ _464_/CLK (sky130_fd_sc_hd__dfrtp_1)
     3    0.03    0.23    0.47    0.74 ^ _464_/Q (sky130_fd_sc_hd__dfrtp_1)
                                         imem.address[2] (net)
                  0.23    0.00    0.74 ^ _215_/A (sky130_fd_sc_hd__clkbuf_4)
    10    0.06    0.18    0.30    1.04 ^ _215_/X (sky130_fd_sc_hd__clkbuf_4)
                                         _060_ (net)
                  0.18    0.00    1.05 ^ _216_/A (sky130_fd_sc_hd__clkbuf_2)
     5    0.04    0.23    0.28    1.32 ^ _216_/X (sky130_fd_sc_hd__clkbuf_2)
                                         _061_ (net)
                  0.23    0.00    1.32 ^ _246_/A_N (sky130_fd_sc_hd__and3b_1)
     1    0.01    0.07    0.24    1.57 v _246_/X (sky130_fd_sc_hd__and3b_1)
                                         _088_ (net)
                  0.07    0.00    1.57 v _247_/A (sky130_fd_sc_hd__buf_2)
     7    0.06    0.14    0.23    1.79 v _247_/X (sky130_fd_sc_hd__buf_2)
                                         _089_ (net)
                  0.14    0.00    1.80 v _248_/B (sky130_fd_sc_hd__or2_1)
     1    0.01    0.07    0.27    2.07 v _248_/X (sky130_fd_sc_hd__or2_1)
                                         _090_ (net)
                  0.07    0.00    2.07 v _249_/A (sky130_fd_sc_hd__clkbuf_2)
     5    0.04    0.15    0.22    2.28 v _249_/X (sky130_fd_sc_hd__clkbuf_2)
                                         _091_ (net)
                  0.15    0.00    2.29 v _266_/A2 (sky130_fd_sc_hd__a21o_1)
     2    0.02    0.10    0.28    2.56 v _266_/X (sky130_fd_sc_hd__a21o_1)
                                         _108_ (net)
                  0.10    0.00    2.56 v _268_/B (sky130_fd_sc_hd__or3_2)
     2    0.02    0.13    0.54    3.11 v _268_/X (sky130_fd_sc_hd__or3_2)
                                         _110_ (net)
                  0.13    0.00    3.11 v _312_/A2 (sky130_fd_sc_hd__a21oi_2)
     3    0.02    0.28    0.30    3.41 ^ _312_/Y (sky130_fd_sc_hd__a21oi_2)
                                         _154_ (net)
                  0.28    0.00    3.41 ^ _319_/A2 (sky130_fd_sc_hd__o21ai_2)
     3    0.03    0.14    0.17    3.58 v _319_/Y (sky130_fd_sc_hd__o21ai_2)
                                         _161_ (net)
                  0.14    0.00    3.59 v _373_/A1 (sky130_fd_sc_hd__a21oi_2)
     3    0.04    0.47    0.44    4.02 ^ _373_/Y (sky130_fd_sc_hd__a21oi_2)
                                         _204_ (net)
                  0.47    0.00    4.03 ^ _380_/A_N (sky130_fd_sc_hd__and2b_1)
     1    0.01    0.08    0.29    4.31 v _380_/X (sky130_fd_sc_hd__and2b_1)
                                         _211_ (net)
                  0.08    0.00    4.31 v _382_/A (sky130_fd_sc_hd__nor2_1)
     4    0.03    0.57    0.47    4.78 ^ _382_/Y (sky130_fd_sc_hd__nor2_1)
                                         _213_ (net)
                  0.57    0.00    4.79 ^ _395_/A1 (sky130_fd_sc_hd__mux2_1)
     1    0.01    0.12    0.29    5.07 ^ _395_/X (sky130_fd_sc_hd__mux2_1)
                                         _037_ (net)
                  0.12    0.00    5.07 ^ _396_/A (sky130_fd_sc_hd__clkbuf_1)
     1    0.01    0.13    0.17    5.24 ^ _396_/X (sky130_fd_sc_hd__clkbuf_1)
                                         _012_ (net)
                  0.13    0.00    5.24 ^ _446_/D (sky130_fd_sc_hd__dfxtp_1)
                                  5.24   data arrival time

                         10.00   10.00   clock CLK100MHZ (rise edge)
                          0.00   10.00   clock source latency
     1    0.02    0.00    0.00   10.00 ^ CLK100MHZ (in)
                                         CLK100MHZ (net)
                  0.00    0.00   10.00 ^ clkbuf_0_CLK100MHZ/A (sky130_fd_sc_hd__clkbuf_16)
     2    0.02    0.04    0.11   10.11 ^ clkbuf_0_CLK100MHZ/X (sky130_fd_sc_hd__clkbuf_16)
                                         clknet_0_CLK100MHZ (net)
                  0.04    0.00   10.11 ^ clkbuf_1_1__f_CLK100MHZ/A (sky130_fd_sc_hd__clkbuf_16)
    13    0.06    0.08    0.15   10.27 ^ clkbuf_1_1__f_CLK100MHZ/X (sky130_fd_sc_hd__clkbuf_16)
                                         clknet_1_1__leaf_CLK100MHZ (net)
                  0.08    0.00   10.27 ^ _446_/CLK (sky130_fd_sc_hd__dfxtp_1)
                         -0.20   10.07   clock uncertainty
                          0.00   10.07   clock reconvergence pessimism
                         -0.07   10.00   library setup time
                                 10.00   data required time
-----------------------------------------------------------------------------
                                 10.00   data required time
                                 -5.24   data arrival time
-----------------------------------------------------------------------------
                                  4.76   slack (MET)


Startpoint: _464_ (rising edge-triggered flip-flop clocked by CLK100MHZ)
Endpoint: _451_ (rising edge-triggered flip-flop clocked by CLK100MHZ)
Path Group: CLK100MHZ
Path Type: max
Corner: Typical

Fanout     Cap    Slew   Delay    Time   Description
-----------------------------------------------------------------------------
                          0.00    0.00   clock CLK100MHZ (rise edge)
                          0.00    0.00   clock source latency
     1    0.02    0.00    0.00    0.00 ^ CLK100MHZ (in)
                                         CLK100MHZ (net)
                  0.00    0.00    0.00 ^ clkbuf_0_CLK100MHZ/A (sky130_fd_sc_hd__clkbuf_16)
     2    0.02    0.04    0.11    0.11 ^ clkbuf_0_CLK100MHZ/X (sky130_fd_sc_hd__clkbuf_16)
                                         clknet_0_CLK100MHZ (net)
                  0.04    0.00    0.11 ^ clkbuf_1_0__f_CLK100MHZ/A (sky130_fd_sc_hd__clkbuf_16)
    16    0.06    0.08    0.16    0.27 ^ clkbuf_1_0__f_CLK100MHZ/X (sky130_fd_sc_hd__clkbuf_16)
                                         clknet_1_0__leaf_CLK100MHZ (net)
                  0.08    0.00    0.27 ^ _464_/CLK (sky130_fd_sc_hd__dfrtp_1)
     3    0.03    0.23    0.47    0.74 ^ _464_/Q (sky130_fd_sc_hd__dfrtp_1)
                                         imem.address[2] (net)
                  0.23    0.00    0.74 ^ _215_/A (sky130_fd_sc_hd__clkbuf_4)
    10    0.06    0.18    0.30    1.04 ^ _215_/X (sky130_fd_sc_hd__clkbuf_4)
                                         _060_ (net)
                  0.18    0.00    1.05 ^ _216_/A (sky130_fd_sc_hd__clkbuf_2)
     5    0.04    0.23    0.28    1.32 ^ _216_/X (sky130_fd_sc_hd__clkbuf_2)
                                         _061_ (net)
                  0.23    0.00    1.32 ^ _246_/A_N (sky130_fd_sc_hd__and3b_1)
     1    0.01    0.07    0.24    1.57 v _246_/X (sky130_fd_sc_hd__and3b_1)
                                         _088_ (net)
                  0.07    0.00    1.57 v _247_/A (sky130_fd_sc_hd__buf_2)
     7    0.06    0.14    0.23    1.79 v _247_/X (sky130_fd_sc_hd__buf_2)
                                         _089_ (net)
                  0.14    0.00    1.80 v _248_/B (sky130_fd_sc_hd__or2_1)
     1    0.01    0.07    0.27    2.07 v _248_/X (sky130_fd_sc_hd__or2_1)
                                         _090_ (net)
                  0.07    0.00    2.07 v _249_/A (sky130_fd_sc_hd__clkbuf_2)
     5    0.04    0.15    0.22    2.28 v _249_/X (sky130_fd_sc_hd__clkbuf_2)
                                         _091_ (net)
                  0.15    0.00    2.29 v _266_/A2 (sky130_fd_sc_hd__a21o_1)
     2    0.02    0.10    0.28    2.56 v _266_/X (sky130_fd_sc_hd__a21o_1)
                                         _108_ (net)
                  0.10    0.00    2.56 v _268_/B (sky130_fd_sc_hd__or3_2)
     2    0.02    0.13    0.54    3.11 v _268_/X (sky130_fd_sc_hd__or3_2)
                                         _110_ (net)
                  0.13    0.00    3.11 v _312_/A2 (sky130_fd_sc_hd__a21oi_2)
     3    0.02    0.28    0.30    3.41 ^ _312_/Y (sky130_fd_sc_hd__a21oi_2)
                                         _154_ (net)
                  0.28    0.00    3.41 ^ _319_/A2 (sky130_fd_sc_hd__o21ai_2)
     3    0.03    0.14    0.17    3.58 v _319_/Y (sky130_fd_sc_hd__o21ai_2)
                                         _161_ (net)
                  0.14    0.00    3.59 v _373_/A1 (sky130_fd_sc_hd__a21oi_2)
     3    0.04    0.47    0.44    4.02 ^ _373_/Y (sky130_fd_sc_hd__a21oi_2)
                                         _204_ (net)
                  0.47    0.00    4.03 ^ _380_/A_N (sky130_fd_sc_hd__and2b_1)
     1    0.01    0.08    0.29    4.31 v _380_/X (sky130_fd_sc_hd__and2b_1)
                                         _211_ (net)
                  0.08    0.00    4.31 v _382_/A (sky130_fd_sc_hd__nor2_1)
     4    0.03    0.57    0.47    4.78 ^ _382_/Y (sky130_fd_sc_hd__nor2_1)
                                         _213_ (net)
                  0.57    0.00    4.79 ^ _408_/A0 (sky130_fd_sc_hd__mux2_1)
     1    0.01    0.09    0.26    5.04 ^ _408_/X (sky130_fd_sc_hd__mux2_1)
                                         _045_ (net)
                  0.09    0.00    5.04 ^ _409_/A (sky130_fd_sc_hd__clkbuf_1)
     1    0.01    0.11    0.14    5.19 ^ _409_/X (sky130_fd_sc_hd__clkbuf_1)
                                         _017_ (net)
                  0.11    0.00    5.19 ^ _451_/D (sky130_fd_sc_hd__dfxtp_1)
                                  5.19   data arrival time

                         10.00   10.00   clock CLK100MHZ (rise edge)
                          0.00   10.00   clock source latency
     1    0.02    0.00    0.00   10.00 ^ CLK100MHZ (in)
                                         CLK100MHZ (net)
                  0.00    0.00   10.00 ^ clkbuf_0_CLK100MHZ/A (sky130_fd_sc_hd__clkbuf_16)
     2    0.02    0.04    0.11   10.11 ^ clkbuf_0_CLK100MHZ/X (sky130_fd_sc_hd__clkbuf_16)
                                         clknet_0_CLK100MHZ (net)
                  0.04    0.00   10.11 ^ clkbuf_1_0__f_CLK100MHZ/A (sky130_fd_sc_hd__clkbuf_16)
    16    0.06    0.08    0.16   10.27 ^ clkbuf_1_0__f_CLK100MHZ/X (sky130_fd_sc_hd__clkbuf_16)
                                         clknet_1_0__leaf_CLK100MHZ (net)
                  0.08    0.00   10.27 ^ _451_/CLK (sky130_fd_sc_hd__dfxtp_1)
                         -0.20   10.07   clock uncertainty
                          0.00   10.07   clock reconvergence pessimism
                         -0.06   10.01   library setup time
                                 10.01   data required time
-----------------------------------------------------------------------------
                                 10.01   data required time
                                 -5.19   data arrival time
-----------------------------------------------------------------------------
                                  4.82   slack (MET)


Startpoint: _464_ (rising edge-triggered flip-flop clocked by CLK100MHZ)
Endpoint: _445_ (rising edge-triggered flip-flop clocked by CLK100MHZ)
Path Group: CLK100MHZ
Path Type: max
Corner: Typical

Fanout     Cap    Slew   Delay    Time   Description
-----------------------------------------------------------------------------
                          0.00    0.00   clock CLK100MHZ (rise edge)
                          0.00    0.00   clock source latency
     1    0.02    0.00    0.00    0.00 ^ CLK100MHZ (in)
                                         CLK100MHZ (net)
                  0.00    0.00    0.00 ^ clkbuf_0_CLK100MHZ/A (sky130_fd_sc_hd__clkbuf_16)
     2    0.02    0.04    0.11    0.11 ^ clkbuf_0_CLK100MHZ/X (sky130_fd_sc_hd__clkbuf_16)
                                         clknet_0_CLK100MHZ (net)
                  0.04    0.00    0.11 ^ clkbuf_1_0__f_CLK100MHZ/A (sky130_fd_sc_hd__clkbuf_16)
    16    0.06    0.08    0.16    0.27 ^ clkbuf_1_0__f_CLK100MHZ/X (sky130_fd_sc_hd__clkbuf_16)
                                         clknet_1_0__leaf_CLK100MHZ (net)
                  0.08    0.00    0.27 ^ _464_/CLK (sky130_fd_sc_hd__dfrtp_1)
     3    0.03    0.23    0.47    0.74 ^ _464_/Q (sky130_fd_sc_hd__dfrtp_1)
                                         imem.address[2] (net)
                  0.23    0.00    0.74 ^ _215_/A (sky130_fd_sc_hd__clkbuf_4)
    10    0.06    0.18    0.30    1.04 ^ _215_/X (sky130_fd_sc_hd__clkbuf_4)
                                         _060_ (net)
                  0.18    0.00    1.05 ^ _216_/A (sky130_fd_sc_hd__clkbuf_2)
     5    0.04    0.23    0.28    1.32 ^ _216_/X (sky130_fd_sc_hd__clkbuf_2)
                                         _061_ (net)
                  0.23    0.00    1.32 ^ _246_/A_N (sky130_fd_sc_hd__and3b_1)
     1    0.01    0.07    0.24    1.57 v _246_/X (sky130_fd_sc_hd__and3b_1)
                                         _088_ (net)
                  0.07    0.00    1.57 v _247_/A (sky130_fd_sc_hd__buf_2)
     7    0.06    0.14    0.23    1.79 v _247_/X (sky130_fd_sc_hd__buf_2)
                                         _089_ (net)
                  0.14    0.00    1.80 v _248_/B (sky130_fd_sc_hd__or2_1)
     1    0.01    0.07    0.27    2.07 v _248_/X (sky130_fd_sc_hd__or2_1)
                                         _090_ (net)
                  0.07    0.00    2.07 v _249_/A (sky130_fd_sc_hd__clkbuf_2)
     5    0.04    0.15    0.22    2.28 v _249_/X (sky130_fd_sc_hd__clkbuf_2)
                                         _091_ (net)
                  0.15    0.00    2.29 v _266_/A2 (sky130_fd_sc_hd__a21o_1)
     2    0.02    0.10    0.28    2.56 v _266_/X (sky130_fd_sc_hd__a21o_1)
                                         _108_ (net)
                  0.10    0.00    2.56 v _268_/B (sky130_fd_sc_hd__or3_2)
     2    0.02    0.13    0.54    3.11 v _268_/X (sky130_fd_sc_hd__or3_2)
                                         _110_ (net)
                  0.13    0.00    3.11 v _312_/A2 (sky130_fd_sc_hd__a21oi_2)
     3    0.02    0.28    0.30    3.41 ^ _312_/Y (sky130_fd_sc_hd__a21oi_2)
                                         _154_ (net)
                  0.28    0.00    3.41 ^ _319_/A2 (sky130_fd_sc_hd__o21ai_2)
     3    0.03    0.14    0.17    3.58 v _319_/Y (sky130_fd_sc_hd__o21ai_2)
                                         _161_ (net)
                  0.14    0.00    3.59 v _327_/A (sky130_fd_sc_hd__or2_1)
     1    0.02    0.11    0.33    3.91 v _327_/X (sky130_fd_sc_hd__or2_1)
                                         _169_ (net)
                  0.11    0.00    3.91 v _332_/A2 (sky130_fd_sc_hd__a32o_4)
     8    0.06    0.11    0.41    4.32 v _332_/X (sky130_fd_sc_hd__a32o_4)
                                         _174_ (net)
                  0.11    0.00    4.32 v _393_/A1 (sky130_fd_sc_hd__mux2_1)
     1    0.01    0.10    0.37    4.70 v _393_/X (sky130_fd_sc_hd__mux2_1)
                                         _036_ (net)
                  0.10    0.00    4.70 v _394_/A (sky130_fd_sc_hd__buf_1)
     1    0.03    0.19    0.24    4.93 v _394_/X (sky130_fd_sc_hd__buf_1)
                                         _011_ (net)
                  0.19    0.00    4.94 v _445_/D (sky130_fd_sc_hd__dfxtp_1)
                                  4.94   data arrival time

                         10.00   10.00   clock CLK100MHZ (rise edge)
                          0.00   10.00   clock source latency
     1    0.02    0.00    0.00   10.00 ^ CLK100MHZ (in)
                                         CLK100MHZ (net)
                  0.00    0.00   10.00 ^ clkbuf_0_CLK100MHZ/A (sky130_fd_sc_hd__clkbuf_16)
     2    0.02    0.04    0.11   10.11 ^ clkbuf_0_CLK100MHZ/X (sky130_fd_sc_hd__clkbuf_16)
                                         clknet_0_CLK100MHZ (net)
                  0.04    0.00   10.11 ^ clkbuf_1_1__f_CLK100MHZ/A (sky130_fd_sc_hd__clkbuf_16)
    13    0.06    0.08    0.15   10.27 ^ clkbuf_1_1__f_CLK100MHZ/X (sky130_fd_sc_hd__clkbuf_16)
                                         clknet_1_1__leaf_CLK100MHZ (net)
                  0.08    0.00   10.27 ^ _445_/CLK (sky130_fd_sc_hd__dfxtp_1)
                         -0.20   10.07   clock uncertainty
                          0.00   10.07   clock reconvergence pessimism
                         -0.17    9.90   library setup time
                                  9.90   data required time
-----------------------------------------------------------------------------
                                  9.90   data required time
                                 -4.94   data arrival time
-----------------------------------------------------------------------------
                                  4.96   slack (MET)


Startpoint: _464_ (rising edge-triggered flip-flop clocked by CLK100MHZ)
Endpoint: _440_ (rising edge-triggered flip-flop clocked by CLK100MHZ)
Path Group: CLK100MHZ
Path Type: max
Corner: Typical

Fanout     Cap    Slew   Delay    Time   Description
-----------------------------------------------------------------------------
                          0.00    0.00   clock CLK100MHZ (rise edge)
                          0.00    0.00   clock source latency
     1    0.02    0.00    0.00    0.00 ^ CLK100MHZ (in)
                                         CLK100MHZ (net)
                  0.00    0.00    0.00 ^ clkbuf_0_CLK100MHZ/A (sky130_fd_sc_hd__clkbuf_16)
     2    0.02    0.04    0.11    0.11 ^ clkbuf_0_CLK100MHZ/X (sky130_fd_sc_hd__clkbuf_16)
                                         clknet_0_CLK100MHZ (net)
                  0.04    0.00    0.11 ^ clkbuf_1_0__f_CLK100MHZ/A (sky130_fd_sc_hd__clkbuf_16)
    16    0.06    0.08    0.16    0.27 ^ clkbuf_1_0__f_CLK100MHZ/X (sky130_fd_sc_hd__clkbuf_16)
                                         clknet_1_0__leaf_CLK100MHZ (net)
                  0.08    0.00    0.27 ^ _464_/CLK (sky130_fd_sc_hd__dfrtp_1)
     3    0.03    0.23    0.47    0.74 ^ _464_/Q (sky130_fd_sc_hd__dfrtp_1)
                                         imem.address[2] (net)
                  0.23    0.00    0.74 ^ _215_/A (sky130_fd_sc_hd__clkbuf_4)
    10    0.06    0.18    0.30    1.04 ^ _215_/X (sky130_fd_sc_hd__clkbuf_4)
                                         _060_ (net)
                  0.18    0.00    1.05 ^ _216_/A (sky130_fd_sc_hd__clkbuf_2)
     5    0.04    0.23    0.28    1.32 ^ _216_/X (sky130_fd_sc_hd__clkbuf_2)
                                         _061_ (net)
                  0.23    0.00    1.32 ^ _246_/A_N (sky130_fd_sc_hd__and3b_1)
     1    0.01    0.07    0.24    1.57 v _246_/X (sky130_fd_sc_hd__and3b_1)
                                         _088_ (net)
                  0.07    0.00    1.57 v _247_/A (sky130_fd_sc_hd__buf_2)
     7    0.06    0.14    0.23    1.79 v _247_/X (sky130_fd_sc_hd__buf_2)
                                         _089_ (net)
                  0.14    0.00    1.80 v _248_/B (sky130_fd_sc_hd__or2_1)
     1    0.01    0.07    0.27    2.07 v _248_/X (sky130_fd_sc_hd__or2_1)
                                         _090_ (net)
                  0.07    0.00    2.07 v _249_/A (sky130_fd_sc_hd__clkbuf_2)
     5    0.04    0.15    0.22    2.28 v _249_/X (sky130_fd_sc_hd__clkbuf_2)
                                         _091_ (net)
                  0.15    0.00    2.29 v _266_/A2 (sky130_fd_sc_hd__a21o_1)
     2    0.02    0.10    0.28    2.56 v _266_/X (sky130_fd_sc_hd__a21o_1)
                                         _108_ (net)
                  0.10    0.00    2.56 v _268_/B (sky130_fd_sc_hd__or3_2)
     2    0.02    0.13    0.54    3.11 v _268_/X (sky130_fd_sc_hd__or3_2)
                                         _110_ (net)
                  0.13    0.00    3.11 v _312_/A2 (sky130_fd_sc_hd__a21oi_2)
     3    0.02    0.28    0.30    3.41 ^ _312_/Y (sky130_fd_sc_hd__a21oi_2)
                                         _154_ (net)
                  0.28    0.00    3.41 ^ _319_/A2 (sky130_fd_sc_hd__o21ai_2)
     3    0.03    0.14    0.17    3.58 v _319_/Y (sky130_fd_sc_hd__o21ai_2)
                                         _161_ (net)
                  0.14    0.00    3.59 v _327_/A (sky130_fd_sc_hd__or2_1)
     1    0.02    0.11    0.33    3.91 v _327_/X (sky130_fd_sc_hd__or2_1)
                                         _169_ (net)
                  0.11    0.00    3.91 v _332_/A2 (sky130_fd_sc_hd__a32o_4)
     8    0.06    0.11    0.41    4.32 v _332_/X (sky130_fd_sc_hd__a32o_4)
                                         _174_ (net)
                  0.11    0.00    4.33 v _371_/A1 (sky130_fd_sc_hd__mux2_1)
     1    0.02    0.12    0.39    4.72 v _371_/X (sky130_fd_sc_hd__mux2_1)
                                         _203_ (net)
                  0.12    0.00    4.72 v _372_/A (sky130_fd_sc_hd__buf_1)
     1    0.02    0.14    0.21    4.93 v _372_/X (sky130_fd_sc_hd__buf_1)
                                         _006_ (net)
                  0.14    0.00    4.93 v _440_/D (sky130_fd_sc_hd__dfxtp_1)
                                  4.93   data arrival time

                         10.00   10.00   clock CLK100MHZ (rise edge)
                          0.00   10.00   clock source latency
     1    0.02    0.00    0.00   10.00 ^ CLK100MHZ (in)
                                         CLK100MHZ (net)
                  0.00    0.00   10.00 ^ clkbuf_0_CLK100MHZ/A (sky130_fd_sc_hd__clkbuf_16)
     2    0.02    0.04    0.11   10.11 ^ clkbuf_0_CLK100MHZ/X (sky130_fd_sc_hd__clkbuf_16)
                                         clknet_0_CLK100MHZ (net)
                  0.04    0.00   10.11 ^ clkbuf_1_0__f_CLK100MHZ/A (sky130_fd_sc_hd__clkbuf_16)
    16    0.06    0.08    0.16   10.27 ^ clkbuf_1_0__f_CLK100MHZ/X (sky130_fd_sc_hd__clkbuf_16)
                                         clknet_1_0__leaf_CLK100MHZ (net)
                  0.08    0.00   10.27 ^ _440_/CLK (sky130_fd_sc_hd__dfxtp_1)
                         -0.20   10.07   clock uncertainty
                          0.00   10.07   clock reconvergence pessimism
                         -0.14    9.93   library setup time
                                  9.93   data required time
-----------------------------------------------------------------------------
                                  9.93   data required time
                                 -4.93   data arrival time
-----------------------------------------------------------------------------
                                  5.00   slack (MET)


Startpoint: _464_ (rising edge-triggered flip-flop clocked by CLK100MHZ)
Endpoint: _460_ (rising edge-triggered flip-flop clocked by CLK100MHZ)
Path Group: CLK100MHZ
Path Type: max
Corner: Typical

Fanout     Cap    Slew   Delay    Time   Description
-----------------------------------------------------------------------------
                          0.00    0.00   clock CLK100MHZ (rise edge)
                          0.00    0.00   clock source latency
     1    0.02    0.00    0.00    0.00 ^ CLK100MHZ (in)
                                         CLK100MHZ (net)
                  0.00    0.00    0.00 ^ clkbuf_0_CLK100MHZ/A (sky130_fd_sc_hd__clkbuf_16)
     2    0.02    0.04    0.11    0.11 ^ clkbuf_0_CLK100MHZ/X (sky130_fd_sc_hd__clkbuf_16)
                                         clknet_0_CLK100MHZ (net)
                  0.04    0.00    0.11 ^ clkbuf_1_0__f_CLK100MHZ/A (sky130_fd_sc_hd__clkbuf_16)
    16    0.06    0.08    0.16    0.27 ^ clkbuf_1_0__f_CLK100MHZ/X (sky130_fd_sc_hd__clkbuf_16)
                                         clknet_1_0__leaf_CLK100MHZ (net)
                  0.08    0.00    0.27 ^ _464_/CLK (sky130_fd_sc_hd__dfrtp_1)
     3    0.03    0.23    0.47    0.74 ^ _464_/Q (sky130_fd_sc_hd__dfrtp_1)
                                         imem.address[2] (net)
                  0.23    0.00    0.74 ^ _215_/A (sky130_fd_sc_hd__clkbuf_4)
    10    0.06    0.18    0.30    1.04 ^ _215_/X (sky130_fd_sc_hd__clkbuf_4)
                                         _060_ (net)
                  0.18    0.00    1.05 ^ _216_/A (sky130_fd_sc_hd__clkbuf_2)
     5    0.04    0.23    0.28    1.32 ^ _216_/X (sky130_fd_sc_hd__clkbuf_2)
                                         _061_ (net)
                  0.23    0.00    1.32 ^ _246_/A_N (sky130_fd_sc_hd__and3b_1)
     1    0.01    0.07    0.24    1.57 v _246_/X (sky130_fd_sc_hd__and3b_1)
                                         _088_ (net)
                  0.07    0.00    1.57 v _247_/A (sky130_fd_sc_hd__buf_2)
     7    0.06    0.14    0.23    1.79 v _247_/X (sky130_fd_sc_hd__buf_2)
                                         _089_ (net)
                  0.14    0.00    1.80 v _248_/B (sky130_fd_sc_hd__or2_1)
     1    0.01    0.07    0.27    2.07 v _248_/X (sky130_fd_sc_hd__or2_1)
                                         _090_ (net)
                  0.07    0.00    2.07 v _249_/A (sky130_fd_sc_hd__clkbuf_2)
     5    0.04    0.15    0.22    2.28 v _249_/X (sky130_fd_sc_hd__clkbuf_2)
                                         _091_ (net)
                  0.15    0.00    2.29 v _266_/A2 (sky130_fd_sc_hd__a21o_1)
     2    0.02    0.10    0.28    2.56 v _266_/X (sky130_fd_sc_hd__a21o_1)
                                         _108_ (net)
                  0.10    0.00    2.56 v _268_/B (sky130_fd_sc_hd__or3_2)
     2    0.02    0.13    0.54    3.11 v _268_/X (sky130_fd_sc_hd__or3_2)
                                         _110_ (net)
                  0.13    0.00    3.11 v _312_/A2 (sky130_fd_sc_hd__a21oi_2)
     3    0.02    0.28    0.30    3.41 ^ _312_/Y (sky130_fd_sc_hd__a21oi_2)
                                         _154_ (net)
                  0.28    0.00    3.41 ^ _319_/A2 (sky130_fd_sc_hd__o21ai_2)
     3    0.03    0.14    0.17    3.58 v _319_/Y (sky130_fd_sc_hd__o21ai_2)
                                         _161_ (net)
                  0.14    0.00    3.59 v _327_/A (sky130_fd_sc_hd__or2_1)
     1    0.02    0.11    0.33    3.91 v _327_/X (sky130_fd_sc_hd__or2_1)
                                         _169_ (net)
                  0.11    0.00    3.91 v _332_/A2 (sky130_fd_sc_hd__a32o_4)
     8    0.06    0.11    0.41    4.32 v _332_/X (sky130_fd_sc_hd__a32o_4)
                                         _174_ (net)
                  0.11    0.00    4.33 v _430_/A1 (sky130_fd_sc_hd__mux2_1)
     1    0.00    0.06    0.31    4.64 v _430_/X (sky130_fd_sc_hd__mux2_1)
                                         _058_ (net)
                  0.06    0.00    4.64 v _431_/A (sky130_fd_sc_hd__buf_1)
     1    0.02    0.09    0.15    4.79 v _431_/X (sky130_fd_sc_hd__buf_1)
                                         _026_ (net)
                  0.09    0.00    4.79 v _460_/D (sky130_fd_sc_hd__dfxtp_1)
                                  4.79   data arrival time

                         10.00   10.00   clock CLK100MHZ (rise edge)
                          0.00   10.00   clock source latency
     1    0.02    0.00    0.00   10.00 ^ CLK100MHZ (in)
                                         CLK100MHZ (net)
                  0.00    0.00   10.00 ^ clkbuf_0_CLK100MHZ/A (sky130_fd_sc_hd__clkbuf_16)
     2    0.02    0.04    0.11   10.11 ^ clkbuf_0_CLK100MHZ/X (sky130_fd_sc_hd__clkbuf_16)
                                         clknet_0_CLK100MHZ (net)
                  0.04    0.00   10.11 ^ clkbuf_1_0__f_CLK100MHZ/A (sky130_fd_sc_hd__clkbuf_16)
    16    0.06    0.08    0.16   10.27 ^ clkbuf_1_0__f_CLK100MHZ/X (sky130_fd_sc_hd__clkbuf_16)
                                         clknet_1_0__leaf_CLK100MHZ (net)
                  0.08    0.00   10.27 ^ _460_/CLK (sky130_fd_sc_hd__dfxtp_1)
                         -0.20   10.07   clock uncertainty
                          0.00   10.07   clock reconvergence pessimism
                         -0.12    9.95   library setup time
                                  9.95   data required time
-----------------------------------------------------------------------------
                                  9.95   data required time
                                 -4.79   data arrival time
-----------------------------------------------------------------------------
                                  5.16   slack (MET)


Startpoint: _464_ (rising edge-triggered flip-flop clocked by CLK100MHZ)
Endpoint: _450_ (rising edge-triggered flip-flop clocked by CLK100MHZ)
Path Group: CLK100MHZ
Path Type: max
Corner: Typical

Fanout     Cap    Slew   Delay    Time   Description
-----------------------------------------------------------------------------
                          0.00    0.00   clock CLK100MHZ (rise edge)
                          0.00    0.00   clock source latency
     1    0.02    0.00    0.00    0.00 ^ CLK100MHZ (in)
                                         CLK100MHZ (net)
                  0.00    0.00    0.00 ^ clkbuf_0_CLK100MHZ/A (sky130_fd_sc_hd__clkbuf_16)
     2    0.02    0.04    0.11    0.11 ^ clkbuf_0_CLK100MHZ/X (sky130_fd_sc_hd__clkbuf_16)
                                         clknet_0_CLK100MHZ (net)
                  0.04    0.00    0.11 ^ clkbuf_1_0__f_CLK100MHZ/A (sky130_fd_sc_hd__clkbuf_16)
    16    0.06    0.08    0.16    0.27 ^ clkbuf_1_0__f_CLK100MHZ/X (sky130_fd_sc_hd__clkbuf_16)
                                         clknet_1_0__leaf_CLK100MHZ (net)
                  0.08    0.00    0.27 ^ _464_/CLK (sky130_fd_sc_hd__dfrtp_1)
     3    0.03    0.23    0.47    0.74 ^ _464_/Q (sky130_fd_sc_hd__dfrtp_1)
                                         imem.address[2] (net)
                  0.23    0.00    0.74 ^ _215_/A (sky130_fd_sc_hd__clkbuf_4)
    10    0.06    0.18    0.30    1.04 ^ _215_/X (sky130_fd_sc_hd__clkbuf_4)
                                         _060_ (net)
                  0.18    0.00    1.05 ^ _216_/A (sky130_fd_sc_hd__clkbuf_2)
     5    0.04    0.23    0.28    1.32 ^ _216_/X (sky130_fd_sc_hd__clkbuf_2)
                                         _061_ (net)
                  0.23    0.00    1.32 ^ _246_/A_N (sky130_fd_sc_hd__and3b_1)
     1    0.01    0.07    0.24    1.57 v _246_/X (sky130_fd_sc_hd__and3b_1)
                                         _088_ (net)
                  0.07    0.00    1.57 v _247_/A (sky130_fd_sc_hd__buf_2)
     7    0.06    0.14    0.23    1.79 v _247_/X (sky130_fd_sc_hd__buf_2)
                                         _089_ (net)
                  0.14    0.00    1.80 v _248_/B (sky130_fd_sc_hd__or2_1)
     1    0.01    0.07    0.27    2.07 v _248_/X (sky130_fd_sc_hd__or2_1)
                                         _090_ (net)
                  0.07    0.00    2.07 v _249_/A (sky130_fd_sc_hd__clkbuf_2)
     5    0.04    0.15    0.22    2.28 v _249_/X (sky130_fd_sc_hd__clkbuf_2)
                                         _091_ (net)
                  0.15    0.00    2.29 v _266_/A2 (sky130_fd_sc_hd__a21o_1)
     2    0.02    0.10    0.28    2.56 v _266_/X (sky130_fd_sc_hd__a21o_1)
                                         _108_ (net)
                  0.10    0.00    2.56 v _268_/B (sky130_fd_sc_hd__or3_2)
     2    0.02    0.13    0.54    3.11 v _268_/X (sky130_fd_sc_hd__or3_2)
                                         _110_ (net)
                  0.13    0.00    3.11 v _312_/A2 (sky130_fd_sc_hd__a21oi_2)
     3    0.02    0.28    0.30    3.41 ^ _312_/Y (sky130_fd_sc_hd__a21oi_2)
                                         _154_ (net)
                  0.28    0.00    3.41 ^ _319_/A2 (sky130_fd_sc_hd__o21ai_2)
     3    0.03    0.14    0.17    3.58 v _319_/Y (sky130_fd_sc_hd__o21ai_2)
                                         _161_ (net)
                  0.14    0.00    3.59 v _327_/A (sky130_fd_sc_hd__or2_1)
     1    0.02    0.11    0.33    3.91 v _327_/X (sky130_fd_sc_hd__or2_1)
                                         _169_ (net)
                  0.11    0.00    3.91 v _332_/A2 (sky130_fd_sc_hd__a32o_4)
     8    0.06    0.11    0.41    4.32 v _332_/X (sky130_fd_sc_hd__a32o_4)
                                         _174_ (net)
                  0.11    0.00    4.33 v _406_/A0 (sky130_fd_sc_hd__mux2_1)
     1    0.00    0.07    0.32    4.64 v _406_/X (sky130_fd_sc_hd__mux2_1)
                                         _044_ (net)
                  0.07    0.00    4.64 v _407_/A (sky130_fd_sc_hd__clkbuf_1)
     1    0.01    0.06    0.12    4.76 v _407_/X (sky130_fd_sc_hd__clkbuf_1)
                                         _016_ (net)
                  0.06    0.00    4.76 v _450_/D (sky130_fd_sc_hd__dfxtp_1)
                                  4.76   data arrival time

                         10.00   10.00   clock CLK100MHZ (rise edge)
                          0.00   10.00   clock source latency
     1    0.02    0.00    0.00   10.00 ^ CLK100MHZ (in)
                                         CLK100MHZ (net)
                  0.00    0.00   10.00 ^ clkbuf_0_CLK100MHZ/A (sky130_fd_sc_hd__clkbuf_16)
     2    0.02    0.04    0.11   10.11 ^ clkbuf_0_CLK100MHZ/X (sky130_fd_sc_hd__clkbuf_16)
                                         clknet_0_CLK100MHZ (net)
                  0.04    0.00   10.11 ^ clkbuf_1_0__f_CLK100MHZ/A (sky130_fd_sc_hd__clkbuf_16)
    16    0.06    0.08    0.16   10.27 ^ clkbuf_1_0__f_CLK100MHZ/X (sky130_fd_sc_hd__clkbuf_16)
                                         clknet_1_0__leaf_CLK100MHZ (net)
                  0.08    0.00   10.27 ^ _450_/CLK (sky130_fd_sc_hd__dfxtp_1)
                         -0.20   10.07   clock uncertainty
                          0.00   10.07   clock reconvergence pessimism
                         -0.11    9.96   library setup time
                                  9.96   data required time
-----------------------------------------------------------------------------
                                  9.96   data required time
                                 -4.76   data arrival time
-----------------------------------------------------------------------------
                                  5.20   slack (MET)


Startpoint: _462_ (rising edge-triggered flip-flop clocked by CLK100MHZ)
Endpoint: _449_ (rising edge-triggered flip-flop clocked by CLK100MHZ)
Path Group: CLK100MHZ
Path Type: max
Corner: Typical

Fanout     Cap    Slew   Delay    Time   Description
-----------------------------------------------------------------------------
                          0.00    0.00   clock CLK100MHZ (rise edge)
                          0.00    0.00   clock source latency
     1    0.02    0.00    0.00    0.00 ^ CLK100MHZ (in)
                                         CLK100MHZ (net)
                  0.00    0.00    0.00 ^ clkbuf_0_CLK100MHZ/A (sky130_fd_sc_hd__clkbuf_16)
     2    0.02    0.04    0.11    0.11 ^ clkbuf_0_CLK100MHZ/X (sky130_fd_sc_hd__clkbuf_16)
                                         clknet_0_CLK100MHZ (net)
                  0.04    0.00    0.11 ^ clkbuf_1_1__f_CLK100MHZ/A (sky130_fd_sc_hd__clkbuf_16)
    13    0.06    0.08    0.15    0.27 ^ clkbuf_1_1__f_CLK100MHZ/X (sky130_fd_sc_hd__clkbuf_16)
                                         clknet_1_1__leaf_CLK100MHZ (net)
                  0.08    0.00    0.27 ^ _462_/CLK (sky130_fd_sc_hd__dfrtp_2)
     4    0.04    0.19    0.48    0.74 ^ _462_/Q (sky130_fd_sc_hd__dfrtp_2)
                                         imem.address[0] (net)
                  0.19    0.00    0.74 ^ _221_/A (sky130_fd_sc_hd__clkbuf_4)
    10    0.07    0.20    0.30    1.05 ^ _221_/X (sky130_fd_sc_hd__clkbuf_4)
                                         _066_ (net)
                  0.20    0.00    1.05 ^ _222_/A (sky130_fd_sc_hd__clkbuf_4)
     9    0.06    0.18    0.29    1.33 ^ _222_/X (sky130_fd_sc_hd__clkbuf_4)
                                         _067_ (net)
                  0.18    0.00    1.34 ^ _246_/C (sky130_fd_sc_hd__and3b_1)
     1    0.01    0.12    0.24    1.57 ^ _246_/X (sky130_fd_sc_hd__and3b_1)
                                         _088_ (net)
                  0.12    0.00    1.57 ^ _247_/A (sky130_fd_sc_hd__buf_2)
     7    0.06    0.29    0.31    1.88 ^ _247_/X (sky130_fd_sc_hd__buf_2)
                                         _089_ (net)
                  0.29    0.01    1.89 ^ _248_/B (sky130_fd_sc_hd__or2_1)
     1    0.01    0.09    0.18    2.07 ^ _248_/X (sky130_fd_sc_hd__or2_1)
                                         _090_ (net)
                  0.09    0.00    2.07 ^ _249_/A (sky130_fd_sc_hd__clkbuf_2)
     5    0.04    0.23    0.25    2.31 ^ _249_/X (sky130_fd_sc_hd__clkbuf_2)
                                         _091_ (net)
                  0.23    0.00    2.32 ^ _276_/A (sky130_fd_sc_hd__buf_1)
     1    0.01    0.14    0.19    2.50 ^ _276_/X (sky130_fd_sc_hd__buf_1)
                                         _118_ (net)
                  0.14    0.00    2.50 ^ _277_/A (sky130_fd_sc_hd__buf_1)
     1    0.02    0.29    0.28    2.78 ^ _277_/X (sky130_fd_sc_hd__buf_1)
                                         _119_ (net)
                  0.29    0.00    2.78 ^ _278_/A (sky130_fd_sc_hd__clkbuf_1)
     1    0.01    0.15    0.20    2.98 ^ _278_/X (sky130_fd_sc_hd__clkbuf_1)
                                         _120_ (net)
                  0.15    0.00    2.98 ^ _279_/A2 (sky130_fd_sc_hd__a21oi_1)
     2    0.02    0.16    0.17    3.15 v _279_/Y (sky130_fd_sc_hd__a21oi_1)
                                         _121_ (net)
                  0.16    0.00    3.15 v _303_/A0 (sky130_fd_sc_hd__mux2_1)
     1    0.01    0.08    0.36    3.51 v _303_/X (sky130_fd_sc_hd__mux2_1)
                                         _145_ (net)
                  0.08    0.00    3.51 v _306_/A0 (sky130_fd_sc_hd__mux2_1)
     1    0.01    0.09    0.33    3.85 v _306_/X (sky130_fd_sc_hd__mux2_1)
                                         _148_ (net)
                  0.09    0.00    3.85 v _315_/A2_N (sky130_fd_sc_hd__a2bb2o_4)
     9    0.06    0.18    0.32    4.16 ^ _315_/X (sky130_fd_sc_hd__a2bb2o_4)
                                         _157_ (net)
                  0.18    0.01    4.17 ^ _404_/A0 (sky130_fd_sc_hd__mux2_1)
     1    0.02    0.15    0.24    4.41 ^ _404_/X (sky130_fd_sc_hd__mux2_1)
                                         _043_ (net)
                  0.15    0.00    4.41 ^ _405_/A (sky130_fd_sc_hd__buf_1)
     1    0.02    0.22    0.23    4.64 ^ _405_/X (sky130_fd_sc_hd__buf_1)
                                         _015_ (net)
                  0.22    0.00    4.64 ^ _449_/D (sky130_fd_sc_hd__dfxtp_1)
                                  4.64   data arrival time

                         10.00   10.00   clock CLK100MHZ (rise edge)
                          0.00   10.00   clock source latency
     1    0.02    0.00    0.00   10.00 ^ CLK100MHZ (in)
                                         CLK100MHZ (net)
                  0.00    0.00   10.00 ^ clkbuf_0_CLK100MHZ/A (sky130_fd_sc_hd__clkbuf_16)
     2    0.02    0.04    0.11   10.11 ^ clkbuf_0_CLK100MHZ/X (sky130_fd_sc_hd__clkbuf_16)
                                         clknet_0_CLK100MHZ (net)
                  0.04    0.00   10.11 ^ clkbuf_1_0__f_CLK100MHZ/A (sky130_fd_sc_hd__clkbuf_16)
    16    0.06    0.08    0.16   10.27 ^ clkbuf_1_0__f_CLK100MHZ/X (sky130_fd_sc_hd__clkbuf_16)
                                         clknet_1_0__leaf_CLK100MHZ (net)
                  0.08    0.00   10.27 ^ _449_/CLK (sky130_fd_sc_hd__dfxtp_1)
                         -0.20   10.07   clock uncertainty
                          0.00   10.07   clock reconvergence pessimism
                         -0.09    9.98   library setup time
                                  9.98   data required time
-----------------------------------------------------------------------------
                                  9.98   data required time
                                 -4.64   data arrival time
-----------------------------------------------------------------------------
                                  5.34   slack (MET)


Startpoint: _462_ (rising edge-triggered flip-flop clocked by CLK100MHZ)
Endpoint: _439_ (rising edge-triggered flip-flop clocked by CLK100MHZ)
Path Group: CLK100MHZ
Path Type: max
Corner: Typical

Fanout     Cap    Slew   Delay    Time   Description
-----------------------------------------------------------------------------
                          0.00    0.00   clock CLK100MHZ (rise edge)
                          0.00    0.00   clock source latency
     1    0.02    0.00    0.00    0.00 ^ CLK100MHZ (in)
                                         CLK100MHZ (net)
                  0.00    0.00    0.00 ^ clkbuf_0_CLK100MHZ/A (sky130_fd_sc_hd__clkbuf_16)
     2    0.02    0.04    0.11    0.11 ^ clkbuf_0_CLK100MHZ/X (sky130_fd_sc_hd__clkbuf_16)
                                         clknet_0_CLK100MHZ (net)
                  0.04    0.00    0.11 ^ clkbuf_1_1__f_CLK100MHZ/A (sky130_fd_sc_hd__clkbuf_16)
    13    0.06    0.08    0.15    0.27 ^ clkbuf_1_1__f_CLK100MHZ/X (sky130_fd_sc_hd__clkbuf_16)
                                         clknet_1_1__leaf_CLK100MHZ (net)
                  0.08    0.00    0.27 ^ _462_/CLK (sky130_fd_sc_hd__dfrtp_2)
     4    0.04    0.19    0.48    0.74 ^ _462_/Q (sky130_fd_sc_hd__dfrtp_2)
                                         imem.address[0] (net)
                  0.19    0.00    0.74 ^ _221_/A (sky130_fd_sc_hd__clkbuf_4)
    10    0.07    0.20    0.30    1.05 ^ _221_/X (sky130_fd_sc_hd__clkbuf_4)
                                         _066_ (net)
                  0.20    0.00    1.05 ^ _222_/A (sky130_fd_sc_hd__clkbuf_4)
     9    0.06    0.18    0.29    1.33 ^ _222_/X (sky130_fd_sc_hd__clkbuf_4)
                                         _067_ (net)
                  0.18    0.00    1.34 ^ _246_/C (sky130_fd_sc_hd__and3b_1)
     1    0.01    0.12    0.24    1.57 ^ _246_/X (sky130_fd_sc_hd__and3b_1)
                                         _088_ (net)
                  0.12    0.00    1.57 ^ _247_/A (sky130_fd_sc_hd__buf_2)
     7    0.06    0.29    0.31    1.88 ^ _247_/X (sky130_fd_sc_hd__buf_2)
                                         _089_ (net)
                  0.29    0.01    1.89 ^ _248_/B (sky130_fd_sc_hd__or2_1)
     1    0.01    0.09    0.18    2.07 ^ _248_/X (sky130_fd_sc_hd__or2_1)
                                         _090_ (net)
                  0.09    0.00    2.07 ^ _249_/A (sky130_fd_sc_hd__clkbuf_2)
     5    0.04    0.23    0.25    2.31 ^ _249_/X (sky130_fd_sc_hd__clkbuf_2)
                                         _091_ (net)
                  0.23    0.00    2.32 ^ _276_/A (sky130_fd_sc_hd__buf_1)
     1    0.01    0.14    0.19    2.50 ^ _276_/X (sky130_fd_sc_hd__buf_1)
                                         _118_ (net)
                  0.14    0.00    2.50 ^ _277_/A (sky130_fd_sc_hd__buf_1)
     1    0.02    0.29    0.28    2.78 ^ _277_/X (sky130_fd_sc_hd__buf_1)
                                         _119_ (net)
                  0.29    0.00    2.78 ^ _278_/A (sky130_fd_sc_hd__clkbuf_1)
     1    0.01    0.15    0.20    2.98 ^ _278_/X (sky130_fd_sc_hd__clkbuf_1)
                                         _120_ (net)
                  0.15    0.00    2.98 ^ _279_/A2 (sky130_fd_sc_hd__a21oi_1)
     2    0.02    0.16    0.17    3.15 v _279_/Y (sky130_fd_sc_hd__a21oi_1)
                                         _121_ (net)
                  0.16    0.00    3.15 v _303_/A0 (sky130_fd_sc_hd__mux2_1)
     1    0.01    0.08    0.36    3.51 v _303_/X (sky130_fd_sc_hd__mux2_1)
                                         _145_ (net)
                  0.08    0.00    3.51 v _306_/A0 (sky130_fd_sc_hd__mux2_1)
     1    0.01    0.09    0.33    3.85 v _306_/X (sky130_fd_sc_hd__mux2_1)
                                         _148_ (net)
                  0.09    0.00    3.85 v _315_/A2_N (sky130_fd_sc_hd__a2bb2o_4)
     9    0.06    0.18    0.32    4.16 ^ _315_/X (sky130_fd_sc_hd__a2bb2o_4)
                                         _157_ (net)
                  0.18    0.00    4.17 ^ _369_/A1 (sky130_fd_sc_hd__mux2_1)
     1    0.02    0.21    0.28    4.45 ^ _369_/X (sky130_fd_sc_hd__mux2_1)
                                         _202_ (net)
                  0.21    0.00    4.45 ^ _370_/A (sky130_fd_sc_hd__clkbuf_1)
     1    0.01    0.14    0.18    4.63 ^ _370_/X (sky130_fd_sc_hd__clkbuf_1)
                                         _005_ (net)
                  0.14    0.00    4.63 ^ _439_/D (sky130_fd_sc_hd__dfxtp_1)
                                  4.63   data arrival time

                         10.00   10.00   clock CLK100MHZ (rise edge)
                          0.00   10.00   clock source latency
     1    0.02    0.00    0.00   10.00 ^ CLK100MHZ (in)
                                         CLK100MHZ (net)
                  0.00    0.00   10.00 ^ clkbuf_0_CLK100MHZ/A (sky130_fd_sc_hd__clkbuf_16)
     2    0.02    0.04    0.11   10.11 ^ clkbuf_0_CLK100MHZ/X (sky130_fd_sc_hd__clkbuf_16)
                                         clknet_0_CLK100MHZ (net)
                  0.04    0.00   10.11 ^ clkbuf_1_1__f_CLK100MHZ/A (sky130_fd_sc_hd__clkbuf_16)
    13    0.06    0.08    0.15   10.27 ^ clkbuf_1_1__f_CLK100MHZ/X (sky130_fd_sc_hd__clkbuf_16)
                                         clknet_1_1__leaf_CLK100MHZ (net)
                  0.08    0.00   10.27 ^ _439_/CLK (sky130_fd_sc_hd__dfxtp_1)
                         -0.20   10.07   clock uncertainty
                          0.00   10.07   clock reconvergence pessimism
                         -0.07   10.00   library setup time
                                 10.00   data required time
-----------------------------------------------------------------------------
                                 10.00   data required time
                                 -4.63   data arrival time
-----------------------------------------------------------------------------
                                  5.36   slack (MET)


Startpoint: _464_ (rising edge-triggered flip-flop clocked by CLK100MHZ)
Endpoint: _443_ (rising edge-triggered flip-flop clocked by CLK100MHZ)
Path Group: CLK100MHZ
Path Type: max
Corner: Typical

Fanout     Cap    Slew   Delay    Time   Description
-----------------------------------------------------------------------------
                          0.00    0.00   clock CLK100MHZ (rise edge)
                          0.00    0.00   clock source latency
     1    0.02    0.00    0.00    0.00 ^ CLK100MHZ (in)
                                         CLK100MHZ (net)
                  0.00    0.00    0.00 ^ clkbuf_0_CLK100MHZ/A (sky130_fd_sc_hd__clkbuf_16)
     2    0.02    0.04    0.11    0.11 ^ clkbuf_0_CLK100MHZ/X (sky130_fd_sc_hd__clkbuf_16)
                                         clknet_0_CLK100MHZ (net)
                  0.04    0.00    0.11 ^ clkbuf_1_0__f_CLK100MHZ/A (sky130_fd_sc_hd__clkbuf_16)
    16    0.06    0.08    0.16    0.27 ^ clkbuf_1_0__f_CLK100MHZ/X (sky130_fd_sc_hd__clkbuf_16)
                                         clknet_1_0__leaf_CLK100MHZ (net)
                  0.08    0.00    0.27 ^ _464_/CLK (sky130_fd_sc_hd__dfrtp_1)
     3    0.02    0.13    0.46    0.73 v _464_/Q (sky130_fd_sc_hd__dfrtp_1)
                                         imem.address[2] (net)
                  0.13    0.00    0.74 v _215_/A (sky130_fd_sc_hd__clkbuf_4)
    10    0.06    0.12    0.26    0.99 v _215_/X (sky130_fd_sc_hd__clkbuf_4)
                                         _060_ (net)
                  0.12    0.00    0.99 v _235_/A_N (sky130_fd_sc_hd__and2b_1)
     1    0.02    0.17    0.31    1.31 ^ _235_/X (sky130_fd_sc_hd__and2b_1)
                                         _077_ (net)
                  0.17    0.00    1.31 ^ _236_/A (sky130_fd_sc_hd__clkbuf_2)
     4    0.05    0.27    0.30    1.61 ^ _236_/X (sky130_fd_sc_hd__clkbuf_2)
                                         _078_ (net)
                  0.27    0.00    1.61 ^ _237_/B (sky130_fd_sc_hd__nand2_1)
     1    0.02    0.16    0.20    1.81 v _237_/Y (sky130_fd_sc_hd__nand2_1)
                                         _079_ (net)
                  0.16    0.00    1.82 v _239_/A3 (sky130_fd_sc_hd__a31o_2)
     5    0.04    0.11    0.37    2.19 v _239_/X (sky130_fd_sc_hd__a31o_2)
                                         _081_ (net)
                  0.11    0.00    2.19 v _240_/A (sky130_fd_sc_hd__buf_1)
     3    0.02    0.12    0.19    2.38 v _240_/X (sky130_fd_sc_hd__buf_1)
                                         _082_ (net)
                  0.12    0.00    2.38 v _241_/A (sky130_fd_sc_hd__dlymetal6s2s_1)
     3    0.03    0.17    0.28    2.67 v _241_/X (sky130_fd_sc_hd__dlymetal6s2s_1)
                                         _083_ (net)
                  0.17    0.00    2.67 v _242_/A (sky130_fd_sc_hd__buf_1)
     2    0.03    0.18    0.26    2.93 v _242_/X (sky130_fd_sc_hd__buf_1)
                                         _084_ (net)
                  0.18    0.00    2.93 v _254_/A (sky130_fd_sc_hd__nor2_2)
     3    0.04    0.41    0.40    3.32 ^ _254_/Y (sky130_fd_sc_hd__nor2_2)
                                         _096_ (net)
                  0.41    0.00    3.33 ^ _280_/B1 (sky130_fd_sc_hd__a21oi_1)
     2    0.01    0.13    0.15    3.47 v _280_/Y (sky130_fd_sc_hd__a21oi_1)
                                         _122_ (net)
                  0.13    0.00    3.47 v _281_/B (sky130_fd_sc_hd__and2_1)
     1    0.01    0.06    0.22    3.69 v _281_/X (sky130_fd_sc_hd__and2_1)
                                         _123_ (net)
                  0.06    0.00    3.69 v _296_/B1 (sky130_fd_sc_hd__a22o_4)
     9    0.06    0.10    0.30    3.99 v _296_/X (sky130_fd_sc_hd__a22o_4)
                                         _138_ (net)
                  0.10    0.00    4.00 v _389_/A1 (sky130_fd_sc_hd__mux2_1)
     1    0.01    0.09    0.35    4.35 v _389_/X (sky130_fd_sc_hd__mux2_1)
                                         _034_ (net)
                  0.09    0.00    4.35 v _390_/A (sky130_fd_sc_hd__buf_1)
     1    0.02    0.14    0.20    4.55 v _390_/X (sky130_fd_sc_hd__buf_1)
                                         _009_ (net)
                  0.14    0.00    4.55 v _443_/D (sky130_fd_sc_hd__dfxtp_1)
                                  4.55   data arrival time

                         10.00   10.00   clock CLK100MHZ (rise edge)
                          0.00   10.00   clock source latency
     1    0.02    0.00    0.00   10.00 ^ CLK100MHZ (in)
                                         CLK100MHZ (net)
                  0.00    0.00   10.00 ^ clkbuf_0_CLK100MHZ/A (sky130_fd_sc_hd__clkbuf_16)
     2    0.02    0.04    0.11   10.11 ^ clkbuf_0_CLK100MHZ/X (sky130_fd_sc_hd__clkbuf_16)
                                         clknet_0_CLK100MHZ (net)
                  0.04    0.00   10.11 ^ clkbuf_1_0__f_CLK100MHZ/A (sky130_fd_sc_hd__clkbuf_16)
    16    0.06    0.08    0.16   10.27 ^ clkbuf_1_0__f_CLK100MHZ/X (sky130_fd_sc_hd__clkbuf_16)
                                         clknet_1_0__leaf_CLK100MHZ (net)
                  0.08    0.00   10.27 ^ _443_/CLK (sky130_fd_sc_hd__dfxtp_1)
                         -0.20   10.07   clock uncertainty
                          0.00   10.07   clock reconvergence pessimism
                         -0.15    9.93   library setup time
                                  9.93   data required time
-----------------------------------------------------------------------------
                                  9.93   data required time
                                 -4.55   data arrival time
-----------------------------------------------------------------------------
                                  5.38   slack (MET)


Startpoint: _464_ (rising edge-triggered flip-flop clocked by CLK100MHZ)
Endpoint: _438_ (rising edge-triggered flip-flop clocked by CLK100MHZ)
Path Group: CLK100MHZ
Path Type: max
Corner: Typical

Fanout     Cap    Slew   Delay    Time   Description
-----------------------------------------------------------------------------
                          0.00    0.00   clock CLK100MHZ (rise edge)
                          0.00    0.00   clock source latency
     1    0.02    0.00    0.00    0.00 ^ CLK100MHZ (in)
                                         CLK100MHZ (net)
                  0.00    0.00    0.00 ^ clkbuf_0_CLK100MHZ/A (sky130_fd_sc_hd__clkbuf_16)
     2    0.02    0.04    0.11    0.11 ^ clkbuf_0_CLK100MHZ/X (sky130_fd_sc_hd__clkbuf_16)
                                         clknet_0_CLK100MHZ (net)
                  0.04    0.00    0.11 ^ clkbuf_1_0__f_CLK100MHZ/A (sky130_fd_sc_hd__clkbuf_16)
    16    0.06    0.08    0.16    0.27 ^ clkbuf_1_0__f_CLK100MHZ/X (sky130_fd_sc_hd__clkbuf_16)
                                         clknet_1_0__leaf_CLK100MHZ (net)
                  0.08    0.00    0.27 ^ _464_/CLK (sky130_fd_sc_hd__dfrtp_1)
     3    0.02    0.13    0.46    0.73 v _464_/Q (sky130_fd_sc_hd__dfrtp_1)
                                         imem.address[2] (net)
                  0.13    0.00    0.74 v _215_/A (sky130_fd_sc_hd__clkbuf_4)
    10    0.06    0.12    0.26    0.99 v _215_/X (sky130_fd_sc_hd__clkbuf_4)
                                         _060_ (net)
                  0.12    0.00    0.99 v _235_/A_N (sky130_fd_sc_hd__and2b_1)
     1    0.02    0.17    0.31    1.31 ^ _235_/X (sky130_fd_sc_hd__and2b_1)
                                         _077_ (net)
                  0.17    0.00    1.31 ^ _236_/A (sky130_fd_sc_hd__clkbuf_2)
     4    0.05    0.27    0.30    1.61 ^ _236_/X (sky130_fd_sc_hd__clkbuf_2)
                                         _078_ (net)
                  0.27    0.00    1.61 ^ _237_/B (sky130_fd_sc_hd__nand2_1)
     1    0.02    0.16    0.20    1.81 v _237_/Y (sky130_fd_sc_hd__nand2_1)
                                         _079_ (net)
                  0.16    0.00    1.82 v _239_/A3 (sky130_fd_sc_hd__a31o_2)
     5    0.04    0.11    0.37    2.19 v _239_/X (sky130_fd_sc_hd__a31o_2)
                                         _081_ (net)
                  0.11    0.00    2.19 v _240_/A (sky130_fd_sc_hd__buf_1)
     3    0.02    0.12    0.19    2.38 v _240_/X (sky130_fd_sc_hd__buf_1)
                                         _082_ (net)
                  0.12    0.00    2.38 v _241_/A (sky130_fd_sc_hd__dlymetal6s2s_1)
     3    0.03    0.17    0.28    2.67 v _241_/X (sky130_fd_sc_hd__dlymetal6s2s_1)
                                         _083_ (net)
                  0.17    0.00    2.67 v _242_/A (sky130_fd_sc_hd__buf_1)
     2    0.03    0.18    0.26    2.93 v _242_/X (sky130_fd_sc_hd__buf_1)
                                         _084_ (net)
                  0.18    0.00    2.93 v _254_/A (sky130_fd_sc_hd__nor2_2)
     3    0.04    0.41    0.40    3.32 ^ _254_/Y (sky130_fd_sc_hd__nor2_2)
                                         _096_ (net)
                  0.41    0.00    3.33 ^ _280_/B1 (sky130_fd_sc_hd__a21oi_1)
     2    0.01    0.13    0.15    3.47 v _280_/Y (sky130_fd_sc_hd__a21oi_1)
                                         _122_ (net)
                  0.13    0.00    3.47 v _281_/B (sky130_fd_sc_hd__and2_1)
     1    0.01    0.06    0.22    3.69 v _281_/X (sky130_fd_sc_hd__and2_1)
                                         _123_ (net)
                  0.06    0.00    3.69 v _296_/B1 (sky130_fd_sc_hd__a22o_4)
     9    0.06    0.10    0.30    3.99 v _296_/X (sky130_fd_sc_hd__a22o_4)
                                         _138_ (net)
                  0.10    0.01    4.00 v _367_/A1 (sky130_fd_sc_hd__mux2_1)
     1    0.01    0.10    0.37    4.37 v _367_/X (sky130_fd_sc_hd__mux2_1)
                                         _201_ (net)
                  0.10    0.00    4.37 v _368_/A (sky130_fd_sc_hd__clkbuf_1)
     1    0.01    0.07    0.15    4.52 v _368_/X (sky130_fd_sc_hd__clkbuf_1)
                                         _004_ (net)
                  0.07    0.00    4.52 v _438_/D (sky130_fd_sc_hd__dfxtp_1)
                                  4.52   data arrival time

                         10.00   10.00   clock CLK100MHZ (rise edge)
                          0.00   10.00   clock source latency
     1    0.02    0.00    0.00   10.00 ^ CLK100MHZ (in)
                                         CLK100MHZ (net)
                  0.00    0.00   10.00 ^ clkbuf_0_CLK100MHZ/A (sky130_fd_sc_hd__clkbuf_16)
     2    0.02    0.04    0.11   10.11 ^ clkbuf_0_CLK100MHZ/X (sky130_fd_sc_hd__clkbuf_16)
                                         clknet_0_CLK100MHZ (net)
                  0.04    0.00   10.11 ^ clkbuf_1_1__f_CLK100MHZ/A (sky130_fd_sc_hd__clkbuf_16)
    13    0.06    0.08    0.15   10.27 ^ clkbuf_1_1__f_CLK100MHZ/X (sky130_fd_sc_hd__clkbuf_16)
                                         clknet_1_1__leaf_CLK100MHZ (net)
                  0.08    0.00   10.27 ^ _438_/CLK (sky130_fd_sc_hd__dfxtp_1)
                         -0.20   10.07   clock uncertainty
                          0.00   10.07   clock reconvergence pessimism
                         -0.11    9.95   library setup time
                                  9.95   data required time
-----------------------------------------------------------------------------
                                  9.95   data required time
                                 -4.52   data arrival time
-----------------------------------------------------------------------------
                                  5.44   slack (MET)


Startpoint: _462_ (rising edge-triggered flip-flop clocked by CLK100MHZ)
Endpoint: _459_ (rising edge-triggered flip-flop clocked by CLK100MHZ)
Path Group: CLK100MHZ
Path Type: max
Corner: Typical

Fanout     Cap    Slew   Delay    Time   Description
-----------------------------------------------------------------------------
                          0.00    0.00   clock CLK100MHZ (rise edge)
                          0.00    0.00   clock source latency
     1    0.02    0.00    0.00    0.00 ^ CLK100MHZ (in)
                                         CLK100MHZ (net)
                  0.00    0.00    0.00 ^ clkbuf_0_CLK100MHZ/A (sky130_fd_sc_hd__clkbuf_16)
     2    0.02    0.04    0.11    0.11 ^ clkbuf_0_CLK100MHZ/X (sky130_fd_sc_hd__clkbuf_16)
                                         clknet_0_CLK100MHZ (net)
                  0.04    0.00    0.11 ^ clkbuf_1_1__f_CLK100MHZ/A (sky130_fd_sc_hd__clkbuf_16)
    13    0.06    0.08    0.15    0.27 ^ clkbuf_1_1__f_CLK100MHZ/X (sky130_fd_sc_hd__clkbuf_16)
                                         clknet_1_1__leaf_CLK100MHZ (net)
                  0.08    0.00    0.27 ^ _462_/CLK (sky130_fd_sc_hd__dfrtp_2)
     4    0.04    0.19    0.48    0.74 ^ _462_/Q (sky130_fd_sc_hd__dfrtp_2)
                                         imem.address[0] (net)
                  0.19    0.00    0.74 ^ _221_/A (sky130_fd_sc_hd__clkbuf_4)
    10    0.07    0.20    0.30    1.05 ^ _221_/X (sky130_fd_sc_hd__clkbuf_4)
                                         _066_ (net)
                  0.20    0.00    1.05 ^ _222_/A (sky130_fd_sc_hd__clkbuf_4)
     9    0.06    0.18    0.29    1.33 ^ _222_/X (sky130_fd_sc_hd__clkbuf_4)
                                         _067_ (net)
                  0.18    0.00    1.34 ^ _246_/C (sky130_fd_sc_hd__and3b_1)
     1    0.01    0.12    0.24    1.57 ^ _246_/X (sky130_fd_sc_hd__and3b_1)
                                         _088_ (net)
                  0.12    0.00    1.57 ^ _247_/A (sky130_fd_sc_hd__buf_2)
     7    0.06    0.29    0.31    1.88 ^ _247_/X (sky130_fd_sc_hd__buf_2)
                                         _089_ (net)
                  0.29    0.01    1.89 ^ _248_/B (sky130_fd_sc_hd__or2_1)
     1    0.01    0.09    0.18    2.07 ^ _248_/X (sky130_fd_sc_hd__or2_1)
                                         _090_ (net)
                  0.09    0.00    2.07 ^ _249_/A (sky130_fd_sc_hd__clkbuf_2)
     5    0.04    0.23    0.25    2.31 ^ _249_/X (sky130_fd_sc_hd__clkbuf_2)
                                         _091_ (net)
                  0.23    0.00    2.32 ^ _276_/A (sky130_fd_sc_hd__buf_1)
     1    0.01    0.14    0.19    2.50 ^ _276_/X (sky130_fd_sc_hd__buf_1)
                                         _118_ (net)
                  0.14    0.00    2.50 ^ _277_/A (sky130_fd_sc_hd__buf_1)
     1    0.02    0.29    0.28    2.78 ^ _277_/X (sky130_fd_sc_hd__buf_1)
                                         _119_ (net)
                  0.29    0.00    2.78 ^ _278_/A (sky130_fd_sc_hd__clkbuf_1)
     1    0.01    0.15    0.20    2.98 ^ _278_/X (sky130_fd_sc_hd__clkbuf_1)
                                         _120_ (net)
                  0.15    0.00    2.98 ^ _279_/A2 (sky130_fd_sc_hd__a21oi_1)
     2    0.02    0.16    0.17    3.15 v _279_/Y (sky130_fd_sc_hd__a21oi_1)
                                         _121_ (net)
                  0.16    0.00    3.15 v _303_/A0 (sky130_fd_sc_hd__mux2_1)
     1    0.01    0.08    0.36    3.51 v _303_/X (sky130_fd_sc_hd__mux2_1)
                                         _145_ (net)
                  0.08    0.00    3.51 v _306_/A0 (sky130_fd_sc_hd__mux2_1)
     1    0.01    0.09    0.33    3.85 v _306_/X (sky130_fd_sc_hd__mux2_1)
                                         _148_ (net)
                  0.09    0.00    3.85 v _315_/A2_N (sky130_fd_sc_hd__a2bb2o_4)
     9    0.06    0.18    0.32    4.16 ^ _315_/X (sky130_fd_sc_hd__a2bb2o_4)
                                         _157_ (net)
                  0.18    0.00    4.17 ^ _428_/A1 (sky130_fd_sc_hd__mux2_1)
     1    0.01    0.09    0.20    4.37 ^ _428_/X (sky130_fd_sc_hd__mux2_1)
                                         _057_ (net)
                  0.09    0.00    4.37 ^ _429_/A (sky130_fd_sc_hd__buf_1)
     1    0.01    0.15    0.17    4.54 ^ _429_/X (sky130_fd_sc_hd__buf_1)
                                         _025_ (net)
                  0.15    0.00    4.54 ^ _459_/D (sky130_fd_sc_hd__dfxtp_1)
                                  4.54   data arrival time

                         10.00   10.00   clock CLK100MHZ (rise edge)
                          0.00   10.00   clock source latency
     1    0.02    0.00    0.00   10.00 ^ CLK100MHZ (in)
                                         CLK100MHZ (net)
                  0.00    0.00   10.00 ^ clkbuf_0_CLK100MHZ/A (sky130_fd_sc_hd__clkbuf_16)
     2    0.02    0.04    0.11   10.11 ^ clkbuf_0_CLK100MHZ/X (sky130_fd_sc_hd__clkbuf_16)
                                         clknet_0_CLK100MHZ (net)
                  0.04    0.00   10.11 ^ clkbuf_1_0__f_CLK100MHZ/A (sky130_fd_sc_hd__clkbuf_16)
    16    0.06    0.08    0.16   10.27 ^ clkbuf_1_0__f_CLK100MHZ/X (sky130_fd_sc_hd__clkbuf_16)
                                         clknet_1_0__leaf_CLK100MHZ (net)
                  0.08    0.00   10.27 ^ _459_/CLK (sky130_fd_sc_hd__dfxtp_1)
                         -0.20   10.07   clock uncertainty
                          0.00   10.07   clock reconvergence pessimism
                         -0.07   10.00   library setup time
                                 10.00   data required time
-----------------------------------------------------------------------------
                                 10.00   data required time
                                 -4.54   data arrival time
-----------------------------------------------------------------------------
                                  5.46   slack (MET)


Startpoint: _464_ (rising edge-triggered flip-flop clocked by CLK100MHZ)
Endpoint: _447_ (rising edge-triggered flip-flop clocked by CLK100MHZ)
Path Group: CLK100MHZ
Path Type: max
Corner: Typical

Fanout     Cap    Slew   Delay    Time   Description
-----------------------------------------------------------------------------
                          0.00    0.00   clock CLK100MHZ (rise edge)
                          0.00    0.00   clock source latency
     1    0.02    0.00    0.00    0.00 ^ CLK100MHZ (in)
                                         CLK100MHZ (net)
                  0.00    0.00    0.00 ^ clkbuf_0_CLK100MHZ/A (sky130_fd_sc_hd__clkbuf_16)
     2    0.02    0.04    0.11    0.11 ^ clkbuf_0_CLK100MHZ/X (sky130_fd_sc_hd__clkbuf_16)
                                         clknet_0_CLK100MHZ (net)
                  0.04    0.00    0.11 ^ clkbuf_1_0__f_CLK100MHZ/A (sky130_fd_sc_hd__clkbuf_16)
    16    0.06    0.08    0.16    0.27 ^ clkbuf_1_0__f_CLK100MHZ/X (sky130_fd_sc_hd__clkbuf_16)
                                         clknet_1_0__leaf_CLK100MHZ (net)
                  0.08    0.00    0.27 ^ _464_/CLK (sky130_fd_sc_hd__dfrtp_1)
     3    0.03    0.23    0.47    0.74 ^ _464_/Q (sky130_fd_sc_hd__dfrtp_1)
                                         imem.address[2] (net)
                  0.23    0.00    0.74 ^ _215_/A (sky130_fd_sc_hd__clkbuf_4)
    10    0.06    0.18    0.30    1.04 ^ _215_/X (sky130_fd_sc_hd__clkbuf_4)
                                         _060_ (net)
                  0.18    0.00    1.05 ^ _235_/A_N (sky130_fd_sc_hd__and2b_1)
     1    0.02    0.10    0.26    1.31 v _235_/X (sky130_fd_sc_hd__and2b_1)
                                         _077_ (net)
                  0.10    0.00    1.31 v _236_/A (sky130_fd_sc_hd__clkbuf_2)
     4    0.05    0.18    0.25    1.56 v _236_/X (sky130_fd_sc_hd__clkbuf_2)
                                         _078_ (net)
                  0.18    0.00    1.56 v _237_/B (sky130_fd_sc_hd__nand2_1)
     1    0.02    0.20    0.23    1.79 ^ _237_/Y (sky130_fd_sc_hd__nand2_1)
                                         _079_ (net)
                  0.20    0.00    1.79 ^ _239_/A3 (sky130_fd_sc_hd__a31o_2)
     5    0.04    0.22    0.32    2.11 ^ _239_/X (sky130_fd_sc_hd__a31o_2)
                                         _081_ (net)
                  0.22    0.00    2.11 ^ _240_/A (sky130_fd_sc_hd__buf_1)
     3    0.02    0.24    0.26    2.37 ^ _240_/X (sky130_fd_sc_hd__buf_1)
                                         _082_ (net)
                  0.24    0.00    2.37 ^ _241_/A (sky130_fd_sc_hd__dlymetal6s2s_1)
     3    0.04    0.36    0.36    2.73 ^ _241_/X (sky130_fd_sc_hd__dlymetal6s2s_1)
                                         _083_ (net)
                  0.36    0.00    2.73 ^ _275_/A (sky130_fd_sc_hd__buf_1)
     2    0.01    0.18    0.22    2.95 ^ _275_/X (sky130_fd_sc_hd__buf_1)
                                         _117_ (net)
                  0.18    0.00    2.95 ^ _304_/A (sky130_fd_sc_hd__nand2_1)
     2    0.03    0.20    0.22    3.17 v _304_/Y (sky130_fd_sc_hd__nand2_1)
                                         _146_ (net)
                  0.20    0.00    3.17 v _341_/A2 (sky130_fd_sc_hd__a21oi_1)
     1    0.02    0.48    0.48    3.65 ^ _341_/Y (sky130_fd_sc_hd__a21oi_1)
                                         _183_ (net)
                  0.48    0.00    3.65 ^ _342_/B1 (sky130_fd_sc_hd__a31o_2)
     9    0.05    0.29    0.37    4.01 ^ _342_/X (sky130_fd_sc_hd__a31o_2)
                                         _184_ (net)
                  0.29    0.00    4.02 ^ _400_/A0 (sky130_fd_sc_hd__mux2_1)
     1    0.02    0.16    0.27    4.29 ^ _400_/X (sky130_fd_sc_hd__mux2_1)
                                         _041_ (net)
                  0.16    0.00    4.29 ^ _401_/A (sky130_fd_sc_hd__buf_1)
     1    0.02    0.21    0.23    4.52 ^ _401_/X (sky130_fd_sc_hd__buf_1)
                                         _013_ (net)
                  0.21    0.00    4.52 ^ _447_/D (sky130_fd_sc_hd__dfxtp_1)
                                  4.52   data arrival time

                         10.00   10.00   clock CLK100MHZ (rise edge)
                          0.00   10.00   clock source latency
     1    0.02    0.00    0.00   10.00 ^ CLK100MHZ (in)
                                         CLK100MHZ (net)
                  0.00    0.00   10.00 ^ clkbuf_0_CLK100MHZ/A (sky130_fd_sc_hd__clkbuf_16)
     2    0.02    0.04    0.11   10.11 ^ clkbuf_0_CLK100MHZ/X (sky130_fd_sc_hd__clkbuf_16)
                                         clknet_0_CLK100MHZ (net)
                  0.04    0.00   10.11 ^ clkbuf_1_1__f_CLK100MHZ/A (sky130_fd_sc_hd__clkbuf_16)
    13    0.06    0.08    0.15   10.27 ^ clkbuf_1_1__f_CLK100MHZ/X (sky130_fd_sc_hd__clkbuf_16)
                                         clknet_1_1__leaf_CLK100MHZ (net)
                  0.08    0.00   10.27 ^ _447_/CLK (sky130_fd_sc_hd__dfxtp_1)
                         -0.20   10.07   clock uncertainty
                          0.00   10.07   clock reconvergence pessimism
                         -0.09    9.98   library setup time
                                  9.98   data required time
-----------------------------------------------------------------------------
                                  9.98   data required time
                                 -4.52   data arrival time
-----------------------------------------------------------------------------
                                  5.46   slack (MET)


Startpoint: _464_ (rising edge-triggered flip-flop clocked by CLK100MHZ)
Endpoint: _448_ (rising edge-triggered flip-flop clocked by CLK100MHZ)
Path Group: CLK100MHZ
Path Type: max
Corner: Typical

Fanout     Cap    Slew   Delay    Time   Description
-----------------------------------------------------------------------------
                          0.00    0.00   clock CLK100MHZ (rise edge)
                          0.00    0.00   clock source latency
     1    0.02    0.00    0.00    0.00 ^ CLK100MHZ (in)
                                         CLK100MHZ (net)
                  0.00    0.00    0.00 ^ clkbuf_0_CLK100MHZ/A (sky130_fd_sc_hd__clkbuf_16)
     2    0.02    0.04    0.11    0.11 ^ clkbuf_0_CLK100MHZ/X (sky130_fd_sc_hd__clkbuf_16)
                                         clknet_0_CLK100MHZ (net)
                  0.04    0.00    0.11 ^ clkbuf_1_0__f_CLK100MHZ/A (sky130_fd_sc_hd__clkbuf_16)
    16    0.06    0.08    0.16    0.27 ^ clkbuf_1_0__f_CLK100MHZ/X (sky130_fd_sc_hd__clkbuf_16)
                                         clknet_1_0__leaf_CLK100MHZ (net)
                  0.08    0.00    0.27 ^ _464_/CLK (sky130_fd_sc_hd__dfrtp_1)
     3    0.02    0.13    0.46    0.73 v _464_/Q (sky130_fd_sc_hd__dfrtp_1)
                                         imem.address[2] (net)
                  0.13    0.00    0.74 v _215_/A (sky130_fd_sc_hd__clkbuf_4)
    10    0.06    0.12    0.26    0.99 v _215_/X (sky130_fd_sc_hd__clkbuf_4)
                                         _060_ (net)
                  0.12    0.00    0.99 v _235_/A_N (sky130_fd_sc_hd__and2b_1)
     1    0.02    0.17    0.31    1.31 ^ _235_/X (sky130_fd_sc_hd__and2b_1)
                                         _077_ (net)
                  0.17    0.00    1.31 ^ _236_/A (sky130_fd_sc_hd__clkbuf_2)
     4    0.05    0.27    0.30    1.61 ^ _236_/X (sky130_fd_sc_hd__clkbuf_2)
                                         _078_ (net)
                  0.27    0.00    1.61 ^ _237_/B (sky130_fd_sc_hd__nand2_1)
     1    0.02    0.16    0.20    1.81 v _237_/Y (sky130_fd_sc_hd__nand2_1)
                                         _079_ (net)
                  0.16    0.00    1.82 v _239_/A3 (sky130_fd_sc_hd__a31o_2)
     5    0.04    0.11    0.37    2.19 v _239_/X (sky130_fd_sc_hd__a31o_2)
                                         _081_ (net)
                  0.11    0.00    2.19 v _240_/A (sky130_fd_sc_hd__buf_1)
     3    0.02    0.12    0.19    2.38 v _240_/X (sky130_fd_sc_hd__buf_1)
                                         _082_ (net)
                  0.12    0.00    2.38 v _241_/A (sky130_fd_sc_hd__dlymetal6s2s_1)
     3    0.03    0.17    0.28    2.67 v _241_/X (sky130_fd_sc_hd__dlymetal6s2s_1)
                                         _083_ (net)
                  0.17    0.00    2.67 v _242_/A (sky130_fd_sc_hd__buf_1)
     2    0.03    0.18    0.26    2.93 v _242_/X (sky130_fd_sc_hd__buf_1)
                                         _084_ (net)
                  0.18    0.00    2.93 v _254_/A (sky130_fd_sc_hd__nor2_2)
     3    0.04    0.41    0.40    3.32 ^ _254_/Y (sky130_fd_sc_hd__nor2_2)
                                         _096_ (net)
                  0.41    0.00    3.33 ^ _280_/B1 (sky130_fd_sc_hd__a21oi_1)
     2    0.01    0.13    0.15    3.47 v _280_/Y (sky130_fd_sc_hd__a21oi_1)
                                         _122_ (net)
                  0.13    0.00    3.47 v _281_/B (sky130_fd_sc_hd__and2_1)
     1    0.01    0.06    0.22    3.69 v _281_/X (sky130_fd_sc_hd__and2_1)
                                         _123_ (net)
                  0.06    0.00    3.69 v _296_/B1 (sky130_fd_sc_hd__a22o_4)
     9    0.06    0.10    0.30    3.99 v _296_/X (sky130_fd_sc_hd__a22o_4)
                                         _138_ (net)
                  0.10    0.00    3.99 v _402_/A0 (sky130_fd_sc_hd__mux2_1)
     1    0.01    0.08    0.33    4.33 v _402_/X (sky130_fd_sc_hd__mux2_1)
                                         _042_ (net)
                  0.08    0.00    4.33 v _403_/A (sky130_fd_sc_hd__clkbuf_1)
     1    0.01    0.08    0.15    4.47 v _403_/X (sky130_fd_sc_hd__clkbuf_1)
                                         _014_ (net)
                  0.08    0.00    4.48 v _448_/D (sky130_fd_sc_hd__dfxtp_1)
                                  4.48   data arrival time

                         10.00   10.00   clock CLK100MHZ (rise edge)
                          0.00   10.00   clock source latency
     1    0.02    0.00    0.00   10.00 ^ CLK100MHZ (in)
                                         CLK100MHZ (net)
                  0.00    0.00   10.00 ^ clkbuf_0_CLK100MHZ/A (sky130_fd_sc_hd__clkbuf_16)
     2    0.02    0.04    0.11   10.11 ^ clkbuf_0_CLK100MHZ/X (sky130_fd_sc_hd__clkbuf_16)
                                         clknet_0_CLK100MHZ (net)
                  0.04    0.00   10.11 ^ clkbuf_1_0__f_CLK100MHZ/A (sky130_fd_sc_hd__clkbuf_16)
    16    0.06    0.08    0.16   10.27 ^ clkbuf_1_0__f_CLK100MHZ/X (sky130_fd_sc_hd__clkbuf_16)
                                         clknet_1_0__leaf_CLK100MHZ (net)
                  0.08    0.00   10.27 ^ _448_/CLK (sky130_fd_sc_hd__dfxtp_1)
                         -0.20   10.07   clock uncertainty
                          0.00   10.07   clock reconvergence pessimism
                         -0.12    9.95   library setup time
                                  9.95   data required time
-----------------------------------------------------------------------------
                                  9.95   data required time
                                 -4.48   data arrival time
-----------------------------------------------------------------------------
                                  5.48   slack (MET)


Startpoint: _464_ (rising edge-triggered flip-flop clocked by CLK100MHZ)
Endpoint: _458_ (rising edge-triggered flip-flop clocked by CLK100MHZ)
Path Group: CLK100MHZ
Path Type: max
Corner: Typical

Fanout     Cap    Slew   Delay    Time   Description
-----------------------------------------------------------------------------
                          0.00    0.00   clock CLK100MHZ (rise edge)
                          0.00    0.00   clock source latency
     1    0.02    0.00    0.00    0.00 ^ CLK100MHZ (in)
                                         CLK100MHZ (net)
                  0.00    0.00    0.00 ^ clkbuf_0_CLK100MHZ/A (sky130_fd_sc_hd__clkbuf_16)
     2    0.02    0.04    0.11    0.11 ^ clkbuf_0_CLK100MHZ/X (sky130_fd_sc_hd__clkbuf_16)
                                         clknet_0_CLK100MHZ (net)
                  0.04    0.00    0.11 ^ clkbuf_1_0__f_CLK100MHZ/A (sky130_fd_sc_hd__clkbuf_16)
    16    0.06    0.08    0.16    0.27 ^ clkbuf_1_0__f_CLK100MHZ/X (sky130_fd_sc_hd__clkbuf_16)
                                         clknet_1_0__leaf_CLK100MHZ (net)
                  0.08    0.00    0.27 ^ _464_/CLK (sky130_fd_sc_hd__dfrtp_1)
     3    0.02    0.13    0.46    0.73 v _464_/Q (sky130_fd_sc_hd__dfrtp_1)
                                         imem.address[2] (net)
                  0.13    0.00    0.74 v _215_/A (sky130_fd_sc_hd__clkbuf_4)
    10    0.06    0.12    0.26    0.99 v _215_/X (sky130_fd_sc_hd__clkbuf_4)
                                         _060_ (net)
                  0.12    0.00    0.99 v _235_/A_N (sky130_fd_sc_hd__and2b_1)
     1    0.02    0.17    0.31    1.31 ^ _235_/X (sky130_fd_sc_hd__and2b_1)
                                         _077_ (net)
                  0.17    0.00    1.31 ^ _236_/A (sky130_fd_sc_hd__clkbuf_2)
     4    0.05    0.27    0.30    1.61 ^ _236_/X (sky130_fd_sc_hd__clkbuf_2)
                                         _078_ (net)
                  0.27    0.00    1.61 ^ _237_/B (sky130_fd_sc_hd__nand2_1)
     1    0.02    0.16    0.20    1.81 v _237_/Y (sky130_fd_sc_hd__nand2_1)
                                         _079_ (net)
                  0.16    0.00    1.82 v _239_/A3 (sky130_fd_sc_hd__a31o_2)
     5    0.04    0.11    0.37    2.19 v _239_/X (sky130_fd_sc_hd__a31o_2)
                                         _081_ (net)
                  0.11    0.00    2.19 v _240_/A (sky130_fd_sc_hd__buf_1)
     3    0.02    0.12    0.19    2.38 v _240_/X (sky130_fd_sc_hd__buf_1)
                                         _082_ (net)
                  0.12    0.00    2.38 v _241_/A (sky130_fd_sc_hd__dlymetal6s2s_1)
     3    0.03    0.17    0.28    2.67 v _241_/X (sky130_fd_sc_hd__dlymetal6s2s_1)
                                         _083_ (net)
                  0.17    0.00    2.67 v _242_/A (sky130_fd_sc_hd__buf_1)
     2    0.03    0.18    0.26    2.93 v _242_/X (sky130_fd_sc_hd__buf_1)
                                         _084_ (net)
                  0.18    0.00    2.93 v _254_/A (sky130_fd_sc_hd__nor2_2)
     3    0.04    0.41    0.40    3.32 ^ _254_/Y (sky130_fd_sc_hd__nor2_2)
                                         _096_ (net)
                  0.41    0.00    3.33 ^ _280_/B1 (sky130_fd_sc_hd__a21oi_1)
     2    0.01    0.13    0.15    3.47 v _280_/Y (sky130_fd_sc_hd__a21oi_1)
                                         _122_ (net)
                  0.13    0.00    3.47 v _281_/B (sky130_fd_sc_hd__and2_1)
     1    0.01    0.06    0.22    3.69 v _281_/X (sky130_fd_sc_hd__and2_1)
                                         _123_ (net)
                  0.06    0.00    3.69 v _296_/B1 (sky130_fd_sc_hd__a22o_4)
     9    0.06    0.10    0.30    3.99 v _296_/X (sky130_fd_sc_hd__a22o_4)
                                         _138_ (net)
                  0.10    0.01    4.00 v _426_/A1 (sky130_fd_sc_hd__mux2_1)
     1    0.01    0.08    0.34    4.34 v _426_/X (sky130_fd_sc_hd__mux2_1)
                                         _056_ (net)
                  0.08    0.00    4.34 v _427_/A (sky130_fd_sc_hd__clkbuf_1)
     1    0.01    0.06    0.13    4.47 v _427_/X (sky130_fd_sc_hd__clkbuf_1)
                                         _024_ (net)
                  0.06    0.00    4.47 v _458_/D (sky130_fd_sc_hd__dfxtp_1)
                                  4.47   data arrival time

                         10.00   10.00   clock CLK100MHZ (rise edge)
                          0.00   10.00   clock source latency
     1    0.02    0.00    0.00   10.00 ^ CLK100MHZ (in)
                                         CLK100MHZ (net)
                  0.00    0.00   10.00 ^ clkbuf_0_CLK100MHZ/A (sky130_fd_sc_hd__clkbuf_16)
     2    0.02    0.04    0.11   10.11 ^ clkbuf_0_CLK100MHZ/X (sky130_fd_sc_hd__clkbuf_16)
                                         clknet_0_CLK100MHZ (net)
                  0.04    0.00   10.11 ^ clkbuf_1_1__f_CLK100MHZ/A (sky130_fd_sc_hd__clkbuf_16)
    13    0.06    0.08    0.15   10.27 ^ clkbuf_1_1__f_CLK100MHZ/X (sky130_fd_sc_hd__clkbuf_16)
                                         clknet_1_1__leaf_CLK100MHZ (net)
                  0.08    0.00   10.27 ^ _458_/CLK (sky130_fd_sc_hd__dfxtp_1)
                         -0.20   10.07   clock uncertainty
                          0.00   10.07   clock reconvergence pessimism
                         -0.11    9.96   library setup time
                                  9.96   data required time
-----------------------------------------------------------------------------
                                  9.96   data required time
                                 -4.47   data arrival time
-----------------------------------------------------------------------------
                                  5.49   slack (MET)


Startpoint: _464_ (rising edge-triggered flip-flop clocked by CLK100MHZ)
Endpoint: _457_ (rising edge-triggered flip-flop clocked by CLK100MHZ)
Path Group: CLK100MHZ
Path Type: max
Corner: Typical

Fanout     Cap    Slew   Delay    Time   Description
-----------------------------------------------------------------------------
                          0.00    0.00   clock CLK100MHZ (rise edge)
                          0.00    0.00   clock source latency
     1    0.02    0.00    0.00    0.00 ^ CLK100MHZ (in)
                                         CLK100MHZ (net)
                  0.00    0.00    0.00 ^ clkbuf_0_CLK100MHZ/A (sky130_fd_sc_hd__clkbuf_16)
     2    0.02    0.04    0.11    0.11 ^ clkbuf_0_CLK100MHZ/X (sky130_fd_sc_hd__clkbuf_16)
                                         clknet_0_CLK100MHZ (net)
                  0.04    0.00    0.11 ^ clkbuf_1_0__f_CLK100MHZ/A (sky130_fd_sc_hd__clkbuf_16)
    16    0.06    0.08    0.16    0.27 ^ clkbuf_1_0__f_CLK100MHZ/X (sky130_fd_sc_hd__clkbuf_16)
                                         clknet_1_0__leaf_CLK100MHZ (net)
                  0.08    0.00    0.27 ^ _464_/CLK (sky130_fd_sc_hd__dfrtp_1)
     3    0.03    0.23    0.47    0.74 ^ _464_/Q (sky130_fd_sc_hd__dfrtp_1)
                                         imem.address[2] (net)
                  0.23    0.00    0.74 ^ _215_/A (sky130_fd_sc_hd__clkbuf_4)
    10    0.06    0.18    0.30    1.04 ^ _215_/X (sky130_fd_sc_hd__clkbuf_4)
                                         _060_ (net)
                  0.18    0.00    1.05 ^ _235_/A_N (sky130_fd_sc_hd__and2b_1)
     1    0.02    0.10    0.26    1.31 v _235_/X (sky130_fd_sc_hd__and2b_1)
                                         _077_ (net)
                  0.10    0.00    1.31 v _236_/A (sky130_fd_sc_hd__clkbuf_2)
     4    0.05    0.18    0.25    1.56 v _236_/X (sky130_fd_sc_hd__clkbuf_2)
                                         _078_ (net)
                  0.18    0.00    1.56 v _237_/B (sky130_fd_sc_hd__nand2_1)
     1    0.02    0.20    0.23    1.79 ^ _237_/Y (sky130_fd_sc_hd__nand2_1)
                                         _079_ (net)
                  0.20    0.00    1.79 ^ _239_/A3 (sky130_fd_sc_hd__a31o_2)
     5    0.04    0.22    0.32    2.11 ^ _239_/X (sky130_fd_sc_hd__a31o_2)
                                         _081_ (net)
                  0.22    0.00    2.11 ^ _240_/A (sky130_fd_sc_hd__buf_1)
     3    0.02    0.24    0.26    2.37 ^ _240_/X (sky130_fd_sc_hd__buf_1)
                                         _082_ (net)
                  0.24    0.00    2.37 ^ _241_/A (sky130_fd_sc_hd__dlymetal6s2s_1)
     3    0.04    0.36    0.36    2.73 ^ _241_/X (sky130_fd_sc_hd__dlymetal6s2s_1)
                                         _083_ (net)
                  0.36    0.00    2.73 ^ _275_/A (sky130_fd_sc_hd__buf_1)
     2    0.01    0.18    0.22    2.95 ^ _275_/X (sky130_fd_sc_hd__buf_1)
                                         _117_ (net)
                  0.18    0.00    2.95 ^ _304_/A (sky130_fd_sc_hd__nand2_1)
     2    0.03    0.20    0.22    3.17 v _304_/Y (sky130_fd_sc_hd__nand2_1)
                                         _146_ (net)
                  0.20    0.00    3.17 v _341_/A2 (sky130_fd_sc_hd__a21oi_1)
     1    0.02    0.48    0.48    3.65 ^ _341_/Y (sky130_fd_sc_hd__a21oi_1)
                                         _183_ (net)
                  0.48    0.00    3.65 ^ _342_/B1 (sky130_fd_sc_hd__a31o_2)
     9    0.05    0.29    0.37    4.01 ^ _342_/X (sky130_fd_sc_hd__a31o_2)
                                         _184_ (net)
                  0.29    0.00    4.02 ^ _424_/A1 (sky130_fd_sc_hd__mux2_1)
     1    0.01    0.12    0.25    4.26 ^ _424_/X (sky130_fd_sc_hd__mux2_1)
                                         _055_ (net)
                  0.12    0.00    4.26 ^ _425_/A (sky130_fd_sc_hd__clkbuf_1)
     1    0.02    0.21    0.21    4.48 ^ _425_/X (sky130_fd_sc_hd__clkbuf_1)
                                         _023_ (net)
                  0.21    0.00    4.48 ^ _457_/D (sky130_fd_sc_hd__dfxtp_1)
                                  4.48   data arrival time

                         10.00   10.00   clock CLK100MHZ (rise edge)
                          0.00   10.00   clock source latency
     1    0.02    0.00    0.00   10.00 ^ CLK100MHZ (in)
                                         CLK100MHZ (net)
                  0.00    0.00   10.00 ^ clkbuf_0_CLK100MHZ/A (sky130_fd_sc_hd__clkbuf_16)
     2    0.02    0.04    0.11   10.11 ^ clkbuf_0_CLK100MHZ/X (sky130_fd_sc_hd__clkbuf_16)
                                         clknet_0_CLK100MHZ (net)
                  0.04    0.00   10.11 ^ clkbuf_1_1__f_CLK100MHZ/A (sky130_fd_sc_hd__clkbuf_16)
    13    0.06    0.08    0.15   10.27 ^ clkbuf_1_1__f_CLK100MHZ/X (sky130_fd_sc_hd__clkbuf_16)
                                         clknet_1_1__leaf_CLK100MHZ (net)
                  0.08    0.00   10.27 ^ _457_/CLK (sky130_fd_sc_hd__dfxtp_1)
                         -0.20   10.07   clock uncertainty
                          0.00   10.07   clock reconvergence pessimism
                         -0.09    9.98   library setup time
                                  9.98   data required time
-----------------------------------------------------------------------------
                                  9.98   data required time
                                 -4.48   data arrival time
-----------------------------------------------------------------------------
                                  5.50   slack (MET)


Startpoint: _464_ (rising edge-triggered flip-flop clocked by CLK100MHZ)
Endpoint: _444_ (rising edge-triggered flip-flop clocked by CLK100MHZ)
Path Group: CLK100MHZ
Path Type: max
Corner: Typical

Fanout     Cap    Slew   Delay    Time   Description
-----------------------------------------------------------------------------
                          0.00    0.00   clock CLK100MHZ (rise edge)
                          0.00    0.00   clock source latency
     1    0.02    0.00    0.00    0.00 ^ CLK100MHZ (in)
                                         CLK100MHZ (net)
                  0.00    0.00    0.00 ^ clkbuf_0_CLK100MHZ/A (sky130_fd_sc_hd__clkbuf_16)
     2    0.02    0.04    0.11    0.11 ^ clkbuf_0_CLK100MHZ/X (sky130_fd_sc_hd__clkbuf_16)
                                         clknet_0_CLK100MHZ (net)
                  0.04    0.00    0.11 ^ clkbuf_1_0__f_CLK100MHZ/A (sky130_fd_sc_hd__clkbuf_16)
    16    0.06    0.08    0.16    0.27 ^ clkbuf_1_0__f_CLK100MHZ/X (sky130_fd_sc_hd__clkbuf_16)
                                         clknet_1_0__leaf_CLK100MHZ (net)
                  0.08    0.00    0.27 ^ _464_/CLK (sky130_fd_sc_hd__dfrtp_1)
     3    0.03    0.23    0.47    0.74 ^ _464_/Q (sky130_fd_sc_hd__dfrtp_1)
                                         imem.address[2] (net)
                  0.23    0.00    0.74 ^ _215_/A (sky130_fd_sc_hd__clkbuf_4)
    10    0.06    0.18    0.30    1.04 ^ _215_/X (sky130_fd_sc_hd__clkbuf_4)
                                         _060_ (net)
                  0.18    0.00    1.05 ^ _216_/A (sky130_fd_sc_hd__clkbuf_2)
     5    0.04    0.23    0.28    1.32 ^ _216_/X (sky130_fd_sc_hd__clkbuf_2)
                                         _061_ (net)
                  0.23    0.00    1.32 ^ _246_/A_N (sky130_fd_sc_hd__and3b_1)
     1    0.01    0.07    0.24    1.57 v _246_/X (sky130_fd_sc_hd__and3b_1)
                                         _088_ (net)
                  0.07    0.00    1.57 v _247_/A (sky130_fd_sc_hd__buf_2)
     7    0.06    0.14    0.23    1.79 v _247_/X (sky130_fd_sc_hd__buf_2)
                                         _089_ (net)
                  0.14    0.00    1.80 v _248_/B (sky130_fd_sc_hd__or2_1)
     1    0.01    0.07    0.27    2.07 v _248_/X (sky130_fd_sc_hd__or2_1)
                                         _090_ (net)
                  0.07    0.00    2.07 v _249_/A (sky130_fd_sc_hd__clkbuf_2)
     5    0.04    0.15    0.22    2.28 v _249_/X (sky130_fd_sc_hd__clkbuf_2)
                                         _091_ (net)
                  0.15    0.00    2.29 v _266_/A2 (sky130_fd_sc_hd__a21o_1)
     2    0.02    0.10    0.28    2.56 v _266_/X (sky130_fd_sc_hd__a21o_1)
                                         _108_ (net)
                  0.10    0.00    2.56 v _268_/B (sky130_fd_sc_hd__or3_2)
     2    0.02    0.13    0.54    3.11 v _268_/X (sky130_fd_sc_hd__or3_2)
                                         _110_ (net)
                  0.13    0.00    3.11 v _312_/A2 (sky130_fd_sc_hd__a21oi_2)
     3    0.02    0.28    0.30    3.41 ^ _312_/Y (sky130_fd_sc_hd__a21oi_2)
                                         _154_ (net)
                  0.28    0.00    3.41 ^ _314_/A2 (sky130_fd_sc_hd__a21oi_1)
     1    0.02    0.21    0.24    3.66 v _314_/Y (sky130_fd_sc_hd__a21oi_1)
                                         _156_ (net)
                  0.21    0.00    3.66 v _315_/B2 (sky130_fd_sc_hd__a2bb2o_4)
     9    0.05    0.09    0.33    3.99 v _315_/X (sky130_fd_sc_hd__a2bb2o_4)
                                         _157_ (net)
                  0.09    0.01    4.00 v _391_/A1 (sky130_fd_sc_hd__mux2_1)
     1    0.00    0.05    0.30    4.30 v _391_/X (sky130_fd_sc_hd__mux2_1)
                                         _035_ (net)
                  0.05    0.00    4.30 v _392_/A (sky130_fd_sc_hd__clkbuf_1)
     1    0.01    0.07    0.12    4.42 v _392_/X (sky130_fd_sc_hd__clkbuf_1)
                                         _010_ (net)
                  0.07    0.00    4.42 v _444_/D (sky130_fd_sc_hd__dfxtp_1)
                                  4.42   data arrival time

                         10.00   10.00   clock CLK100MHZ (rise edge)
                          0.00   10.00   clock source latency
     1    0.02    0.00    0.00   10.00 ^ CLK100MHZ (in)
                                         CLK100MHZ (net)
                  0.00    0.00   10.00 ^ clkbuf_0_CLK100MHZ/A (sky130_fd_sc_hd__clkbuf_16)
     2    0.02    0.04    0.11   10.11 ^ clkbuf_0_CLK100MHZ/X (sky130_fd_sc_hd__clkbuf_16)
                                         clknet_0_CLK100MHZ (net)
                  0.04    0.00   10.11 ^ clkbuf_1_1__f_CLK100MHZ/A (sky130_fd_sc_hd__clkbuf_16)
    13    0.06    0.08    0.15   10.27 ^ clkbuf_1_1__f_CLK100MHZ/X (sky130_fd_sc_hd__clkbuf_16)
                                         clknet_1_1__leaf_CLK100MHZ (net)
                  0.08    0.00   10.27 ^ _444_/CLK (sky130_fd_sc_hd__dfxtp_1)
                         -0.20   10.07   clock uncertainty
                          0.00   10.07   clock reconvergence pessimism
                         -0.11    9.95   library setup time
                                  9.95   data required time
-----------------------------------------------------------------------------
                                  9.95   data required time
                                 -4.42   data arrival time
-----------------------------------------------------------------------------
                                  5.53   slack (MET)


Startpoint: _464_ (rising edge-triggered flip-flop clocked by CLK100MHZ)
Endpoint: _442_ (rising edge-triggered flip-flop clocked by CLK100MHZ)
Path Group: CLK100MHZ
Path Type: max
Corner: Typical

Fanout     Cap    Slew   Delay    Time   Description
-----------------------------------------------------------------------------
                          0.00    0.00   clock CLK100MHZ (rise edge)
                          0.00    0.00   clock source latency
     1    0.02    0.00    0.00    0.00 ^ CLK100MHZ (in)
                                         CLK100MHZ (net)
                  0.00    0.00    0.00 ^ clkbuf_0_CLK100MHZ/A (sky130_fd_sc_hd__clkbuf_16)
     2    0.02    0.04    0.11    0.11 ^ clkbuf_0_CLK100MHZ/X (sky130_fd_sc_hd__clkbuf_16)
                                         clknet_0_CLK100MHZ (net)
                  0.04    0.00    0.11 ^ clkbuf_1_0__f_CLK100MHZ/A (sky130_fd_sc_hd__clkbuf_16)
    16    0.06    0.08    0.16    0.27 ^ clkbuf_1_0__f_CLK100MHZ/X (sky130_fd_sc_hd__clkbuf_16)
                                         clknet_1_0__leaf_CLK100MHZ (net)
                  0.08    0.00    0.27 ^ _464_/CLK (sky130_fd_sc_hd__dfrtp_1)
     3    0.03    0.23    0.47    0.74 ^ _464_/Q (sky130_fd_sc_hd__dfrtp_1)
                                         imem.address[2] (net)
                  0.23    0.00    0.74 ^ _215_/A (sky130_fd_sc_hd__clkbuf_4)
    10    0.06    0.18    0.30    1.04 ^ _215_/X (sky130_fd_sc_hd__clkbuf_4)
                                         _060_ (net)
                  0.18    0.00    1.05 ^ _235_/A_N (sky130_fd_sc_hd__and2b_1)
     1    0.02    0.10    0.26    1.31 v _235_/X (sky130_fd_sc_hd__and2b_1)
                                         _077_ (net)
                  0.10    0.00    1.31 v _236_/A (sky130_fd_sc_hd__clkbuf_2)
     4    0.05    0.18    0.25    1.56 v _236_/X (sky130_fd_sc_hd__clkbuf_2)
                                         _078_ (net)
                  0.18    0.00    1.56 v _237_/B (sky130_fd_sc_hd__nand2_1)
     1    0.02    0.20    0.23    1.79 ^ _237_/Y (sky130_fd_sc_hd__nand2_1)
                                         _079_ (net)
                  0.20    0.00    1.79 ^ _239_/A3 (sky130_fd_sc_hd__a31o_2)
     5    0.04    0.22    0.32    2.11 ^ _239_/X (sky130_fd_sc_hd__a31o_2)
                                         _081_ (net)
                  0.22    0.00    2.11 ^ _240_/A (sky130_fd_sc_hd__buf_1)
     3    0.02    0.24    0.26    2.37 ^ _240_/X (sky130_fd_sc_hd__buf_1)
                                         _082_ (net)
                  0.24    0.00    2.37 ^ _241_/A (sky130_fd_sc_hd__dlymetal6s2s_1)
     3    0.04    0.36    0.36    2.73 ^ _241_/X (sky130_fd_sc_hd__dlymetal6s2s_1)
                                         _083_ (net)
                  0.36    0.00    2.73 ^ _275_/A (sky130_fd_sc_hd__buf_1)
     2    0.01    0.18    0.22    2.95 ^ _275_/X (sky130_fd_sc_hd__buf_1)
                                         _117_ (net)
                  0.18    0.00    2.95 ^ _304_/A (sky130_fd_sc_hd__nand2_1)
     2    0.03    0.20    0.22    3.17 v _304_/Y (sky130_fd_sc_hd__nand2_1)
                                         _146_ (net)
                  0.20    0.00    3.17 v _341_/A2 (sky130_fd_sc_hd__a21oi_1)
     1    0.02    0.48    0.48    3.65 ^ _341_/Y (sky130_fd_sc_hd__a21oi_1)
                                         _183_ (net)
                  0.48    0.00    3.65 ^ _342_/B1 (sky130_fd_sc_hd__a31o_2)
     9    0.05    0.29    0.37    4.01 ^ _342_/X (sky130_fd_sc_hd__a31o_2)
                                         _184_ (net)
                  0.29    0.00    4.02 ^ _387_/A1 (sky130_fd_sc_hd__mux2_1)
     1    0.01    0.13    0.25    4.27 ^ _387_/X (sky130_fd_sc_hd__mux2_1)
                                         _033_ (net)
                  0.13    0.00    4.27 ^ _388_/A (sky130_fd_sc_hd__clkbuf_1)
     1    0.01    0.09    0.13    4.41 ^ _388_/X (sky130_fd_sc_hd__clkbuf_1)
                                         _008_ (net)
                  0.09    0.00    4.41 ^ _442_/D (sky130_fd_sc_hd__dfxtp_1)
                                  4.41   data arrival time

                         10.00   10.00   clock CLK100MHZ (rise edge)
                          0.00   10.00   clock source latency
     1    0.02    0.00    0.00   10.00 ^ CLK100MHZ (in)
                                         CLK100MHZ (net)
                  0.00    0.00   10.00 ^ clkbuf_0_CLK100MHZ/A (sky130_fd_sc_hd__clkbuf_16)
     2    0.02    0.04    0.11   10.11 ^ clkbuf_0_CLK100MHZ/X (sky130_fd_sc_hd__clkbuf_16)
                                         clknet_0_CLK100MHZ (net)
                  0.04    0.00   10.11 ^ clkbuf_1_1__f_CLK100MHZ/A (sky130_fd_sc_hd__clkbuf_16)
    13    0.06    0.08    0.15   10.27 ^ clkbuf_1_1__f_CLK100MHZ/X (sky130_fd_sc_hd__clkbuf_16)
                                         clknet_1_1__leaf_CLK100MHZ (net)
                  0.08    0.00   10.27 ^ _442_/CLK (sky130_fd_sc_hd__dfxtp_1)
                         -0.20   10.07   clock uncertainty
                          0.00   10.07   clock reconvergence pessimism
                         -0.06   10.01   library setup time
                                 10.01   data required time
-----------------------------------------------------------------------------
                                 10.01   data required time
                                 -4.41   data arrival time
-----------------------------------------------------------------------------
                                  5.60   slack (MET)


Startpoint: _464_ (rising edge-triggered flip-flop clocked by CLK100MHZ)
Endpoint: _437_ (rising edge-triggered flip-flop clocked by CLK100MHZ)
Path Group: CLK100MHZ
Path Type: max
Corner: Typical

Fanout     Cap    Slew   Delay    Time   Description
-----------------------------------------------------------------------------
                          0.00    0.00   clock CLK100MHZ (rise edge)
                          0.00    0.00   clock source latency
     1    0.02    0.00    0.00    0.00 ^ CLK100MHZ (in)
                                         CLK100MHZ (net)
                  0.00    0.00    0.00 ^ clkbuf_0_CLK100MHZ/A (sky130_fd_sc_hd__clkbuf_16)
     2    0.02    0.04    0.11    0.11 ^ clkbuf_0_CLK100MHZ/X (sky130_fd_sc_hd__clkbuf_16)
                                         clknet_0_CLK100MHZ (net)
                  0.04    0.00    0.11 ^ clkbuf_1_0__f_CLK100MHZ/A (sky130_fd_sc_hd__clkbuf_16)
    16    0.06    0.08    0.16    0.27 ^ clkbuf_1_0__f_CLK100MHZ/X (sky130_fd_sc_hd__clkbuf_16)
                                         clknet_1_0__leaf_CLK100MHZ (net)
                  0.08    0.00    0.27 ^ _464_/CLK (sky130_fd_sc_hd__dfrtp_1)
     3    0.03    0.23    0.47    0.74 ^ _464_/Q (sky130_fd_sc_hd__dfrtp_1)
                                         imem.address[2] (net)
                  0.23    0.00    0.74 ^ _215_/A (sky130_fd_sc_hd__clkbuf_4)
    10    0.06    0.18    0.30    1.04 ^ _215_/X (sky130_fd_sc_hd__clkbuf_4)
                                         _060_ (net)
                  0.18    0.00    1.05 ^ _235_/A_N (sky130_fd_sc_hd__and2b_1)
     1    0.02    0.10    0.26    1.31 v _235_/X (sky130_fd_sc_hd__and2b_1)
                                         _077_ (net)
                  0.10    0.00    1.31 v _236_/A (sky130_fd_sc_hd__clkbuf_2)
     4    0.05    0.18    0.25    1.56 v _236_/X (sky130_fd_sc_hd__clkbuf_2)
                                         _078_ (net)
                  0.18    0.00    1.56 v _237_/B (sky130_fd_sc_hd__nand2_1)
     1    0.02    0.20    0.23    1.79 ^ _237_/Y (sky130_fd_sc_hd__nand2_1)
                                         _079_ (net)
                  0.20    0.00    1.79 ^ _239_/A3 (sky130_fd_sc_hd__a31o_2)
     5    0.04    0.22    0.32    2.11 ^ _239_/X (sky130_fd_sc_hd__a31o_2)
                                         _081_ (net)
                  0.22    0.00    2.11 ^ _240_/A (sky130_fd_sc_hd__buf_1)
     3    0.02    0.24    0.26    2.37 ^ _240_/X (sky130_fd_sc_hd__buf_1)
                                         _082_ (net)
                  0.24    0.00    2.37 ^ _241_/A (sky130_fd_sc_hd__dlymetal6s2s_1)
     3    0.04    0.36    0.36    2.73 ^ _241_/X (sky130_fd_sc_hd__dlymetal6s2s_1)
                                         _083_ (net)
                  0.36    0.00    2.73 ^ _275_/A (sky130_fd_sc_hd__buf_1)
     2    0.01    0.18    0.22    2.95 ^ _275_/X (sky130_fd_sc_hd__buf_1)
                                         _117_ (net)
                  0.18    0.00    2.95 ^ _304_/A (sky130_fd_sc_hd__nand2_1)
     2    0.03    0.20    0.22    3.17 v _304_/Y (sky130_fd_sc_hd__nand2_1)
                                         _146_ (net)
                  0.20    0.00    3.17 v _341_/A2 (sky130_fd_sc_hd__a21oi_1)
     1    0.02    0.48    0.48    3.65 ^ _341_/Y (sky130_fd_sc_hd__a21oi_1)
                                         _183_ (net)
                  0.48    0.00    3.65 ^ _342_/B1 (sky130_fd_sc_hd__a31o_2)
     9    0.05    0.29    0.37    4.01 ^ _342_/X (sky130_fd_sc_hd__a31o_2)
                                         _184_ (net)
                  0.29    0.00    4.01 ^ _365_/A1 (sky130_fd_sc_hd__mux2_1)
     1    0.01    0.10    0.23    4.24 ^ _365_/X (sky130_fd_sc_hd__mux2_1)
                                         _200_ (net)
                  0.10    0.00    4.24 ^ _366_/A (sky130_fd_sc_hd__clkbuf_1)
     1    0.01    0.10    0.13    4.37 ^ _366_/X (sky130_fd_sc_hd__clkbuf_1)
                                         _003_ (net)
                  0.10    0.00    4.37 ^ _437_/D (sky130_fd_sc_hd__dfxtp_1)
                                  4.37   data arrival time

                         10.00   10.00   clock CLK100MHZ (rise edge)
                          0.00   10.00   clock source latency
     1    0.02    0.00    0.00   10.00 ^ CLK100MHZ (in)
                                         CLK100MHZ (net)
                  0.00    0.00   10.00 ^ clkbuf_0_CLK100MHZ/A (sky130_fd_sc_hd__clkbuf_16)
     2    0.02    0.04    0.11   10.11 ^ clkbuf_0_CLK100MHZ/X (sky130_fd_sc_hd__clkbuf_16)
                                         clknet_0_CLK100MHZ (net)
                  0.04    0.00   10.11 ^ clkbuf_1_0__f_CLK100MHZ/A (sky130_fd_sc_hd__clkbuf_16)
    16    0.06    0.08    0.16   10.27 ^ clkbuf_1_0__f_CLK100MHZ/X (sky130_fd_sc_hd__clkbuf_16)
                                         clknet_1_0__leaf_CLK100MHZ (net)
                  0.08    0.00   10.27 ^ _437_/CLK (sky130_fd_sc_hd__dfxtp_1)
                         -0.20   10.07   clock uncertainty
                          0.00   10.07   clock reconvergence pessimism
                         -0.06   10.01   library setup time
                                 10.01   data required time
-----------------------------------------------------------------------------
                                 10.01   data required time
                                 -4.37   data arrival time
-----------------------------------------------------------------------------
                                  5.63   slack (MET)


Startpoint: _464_ (rising edge-triggered flip-flop clocked by CLK100MHZ)
Endpoint: _454_ (rising edge-triggered flip-flop clocked by CLK100MHZ)
Path Group: CLK100MHZ
Path Type: max
Corner: Typical

Fanout     Cap    Slew   Delay    Time   Description
-----------------------------------------------------------------------------
                          0.00    0.00   clock CLK100MHZ (rise edge)
                          0.00    0.00   clock source latency
     1    0.02    0.00    0.00    0.00 ^ CLK100MHZ (in)
                                         CLK100MHZ (net)
                  0.00    0.00    0.00 ^ clkbuf_0_CLK100MHZ/A (sky130_fd_sc_hd__clkbuf_16)
     2    0.02    0.04    0.11    0.11 ^ clkbuf_0_CLK100MHZ/X (sky130_fd_sc_hd__clkbuf_16)
                                         clknet_0_CLK100MHZ (net)
                  0.04    0.00    0.11 ^ clkbuf_1_0__f_CLK100MHZ/A (sky130_fd_sc_hd__clkbuf_16)
    16    0.06    0.08    0.16    0.27 ^ clkbuf_1_0__f_CLK100MHZ/X (sky130_fd_sc_hd__clkbuf_16)
                                         clknet_1_0__leaf_CLK100MHZ (net)
                  0.08    0.00    0.27 ^ _464_/CLK (sky130_fd_sc_hd__dfrtp_1)
     3    0.03    0.23    0.47    0.74 ^ _464_/Q (sky130_fd_sc_hd__dfrtp_1)
                                         imem.address[2] (net)
                  0.23    0.00    0.74 ^ _215_/A (sky130_fd_sc_hd__clkbuf_4)
    10    0.06    0.18    0.30    1.04 ^ _215_/X (sky130_fd_sc_hd__clkbuf_4)
                                         _060_ (net)
                  0.18    0.00    1.05 ^ _216_/A (sky130_fd_sc_hd__clkbuf_2)
     5    0.04    0.23    0.28    1.32 ^ _216_/X (sky130_fd_sc_hd__clkbuf_2)
                                         _061_ (net)
                  0.23    0.00    1.32 ^ _217_/A (sky130_fd_sc_hd__clkbuf_1)
     1    0.01    0.14    0.19    1.51 ^ _217_/X (sky130_fd_sc_hd__clkbuf_1)
                                         _062_ (net)
                  0.14    0.00    1.51 ^ _218_/A (sky130_fd_sc_hd__buf_1)
     1    0.03    0.35    0.32    1.83 ^ _218_/X (sky130_fd_sc_hd__buf_1)
                                         _063_ (net)
                  0.35    0.00    1.83 ^ _219_/A (sky130_fd_sc_hd__buf_2)
     6    0.06    0.28    0.35    2.19 ^ _219_/X (sky130_fd_sc_hd__buf_2)
                                         _064_ (net)
                  0.28    0.00    2.19 ^ _410_/A (sky130_fd_sc_hd__nand3_1)
     1    0.02    0.22    0.26    2.45 v _410_/Y (sky130_fd_sc_hd__nand3_1)
                                         _046_ (net)
                  0.22    0.00    2.45 v _411_/A (sky130_fd_sc_hd__clkbuf_2)
     5    0.05    0.18    0.30    2.74 v _411_/X (sky130_fd_sc_hd__clkbuf_2)
                                         _047_ (net)
                  0.18    0.00    2.74 v _416_/B (sky130_fd_sc_hd__and2_1)
     1    0.02    0.12    0.29    3.03 v _416_/X (sky130_fd_sc_hd__and2_1)
                                         _050_ (net)
                  0.12    0.00    3.03 v _417_/A (sky130_fd_sc_hd__buf_1)
     1    0.01    0.08    0.16    3.20 v _417_/X (sky130_fd_sc_hd__buf_1)
                                         _020_ (net)
                  0.08    0.00    3.20 v _454_/D (sky130_fd_sc_hd__dfxtp_1)
                                  3.20   data arrival time

                         10.00   10.00   clock CLK100MHZ (rise edge)
                          0.00   10.00   clock source latency
     1    0.02    0.00    0.00   10.00 ^ CLK100MHZ (in)
                                         CLK100MHZ (net)
                  0.00    0.00   10.00 ^ clkbuf_0_CLK100MHZ/A (sky130_fd_sc_hd__clkbuf_16)
     2    0.02    0.04    0.11   10.11 ^ clkbuf_0_CLK100MHZ/X (sky130_fd_sc_hd__clkbuf_16)
                                         clknet_0_CLK100MHZ (net)
                  0.04    0.00   10.11 ^ clkbuf_1_0__f_CLK100MHZ/A (sky130_fd_sc_hd__clkbuf_16)
    16    0.06    0.08    0.16   10.27 ^ clkbuf_1_0__f_CLK100MHZ/X (sky130_fd_sc_hd__clkbuf_16)
                                         clknet_1_0__leaf_CLK100MHZ (net)
                  0.08    0.00   10.27 ^ _454_/CLK (sky130_fd_sc_hd__dfxtp_1)
                         -0.20   10.07   clock uncertainty
                          0.00   10.07   clock reconvergence pessimism
                         -0.12    9.95   library setup time
                                  9.95   data required time
-----------------------------------------------------------------------------
                                  9.95   data required time
                                 -3.20   data arrival time
-----------------------------------------------------------------------------
                                  6.75   slack (MET)


Startpoint: _464_ (rising edge-triggered flip-flop clocked by CLK100MHZ)
Endpoint: _456_ (rising edge-triggered flip-flop clocked by CLK100MHZ)
Path Group: CLK100MHZ
Path Type: max
Corner: Typical

Fanout     Cap    Slew   Delay    Time   Description
-----------------------------------------------------------------------------
                          0.00    0.00   clock CLK100MHZ (rise edge)
                          0.00    0.00   clock source latency
     1    0.02    0.00    0.00    0.00 ^ CLK100MHZ (in)
                                         CLK100MHZ (net)
                  0.00    0.00    0.00 ^ clkbuf_0_CLK100MHZ/A (sky130_fd_sc_hd__clkbuf_16)
     2    0.02    0.04    0.11    0.11 ^ clkbuf_0_CLK100MHZ/X (sky130_fd_sc_hd__clkbuf_16)
                                         clknet_0_CLK100MHZ (net)
                  0.04    0.00    0.11 ^ clkbuf_1_0__f_CLK100MHZ/A (sky130_fd_sc_hd__clkbuf_16)
    16    0.06    0.08    0.16    0.27 ^ clkbuf_1_0__f_CLK100MHZ/X (sky130_fd_sc_hd__clkbuf_16)
                                         clknet_1_0__leaf_CLK100MHZ (net)
                  0.08    0.00    0.27 ^ _464_/CLK (sky130_fd_sc_hd__dfrtp_1)
     3    0.03    0.23    0.47    0.74 ^ _464_/Q (sky130_fd_sc_hd__dfrtp_1)
                                         imem.address[2] (net)
                  0.23    0.00    0.74 ^ _215_/A (sky130_fd_sc_hd__clkbuf_4)
    10    0.06    0.18    0.30    1.04 ^ _215_/X (sky130_fd_sc_hd__clkbuf_4)
                                         _060_ (net)
                  0.18    0.00    1.05 ^ _216_/A (sky130_fd_sc_hd__clkbuf_2)
     5    0.04    0.23    0.28    1.32 ^ _216_/X (sky130_fd_sc_hd__clkbuf_2)
                                         _061_ (net)
                  0.23    0.00    1.32 ^ _217_/A (sky130_fd_sc_hd__clkbuf_1)
     1    0.01    0.14    0.19    1.51 ^ _217_/X (sky130_fd_sc_hd__clkbuf_1)
                                         _062_ (net)
                  0.14    0.00    1.51 ^ _218_/A (sky130_fd_sc_hd__buf_1)
     1    0.03    0.35    0.32    1.83 ^ _218_/X (sky130_fd_sc_hd__buf_1)
                                         _063_ (net)
                  0.35    0.00    1.83 ^ _219_/A (sky130_fd_sc_hd__buf_2)
     6    0.06    0.28    0.35    2.19 ^ _219_/X (sky130_fd_sc_hd__buf_2)
                                         _064_ (net)
                  0.28    0.00    2.19 ^ _410_/A (sky130_fd_sc_hd__nand3_1)
     1    0.02    0.22    0.26    2.45 v _410_/Y (sky130_fd_sc_hd__nand3_1)
                                         _046_ (net)
                  0.22    0.00    2.45 v _411_/A (sky130_fd_sc_hd__clkbuf_2)
     5    0.05    0.18    0.30    2.74 v _411_/X (sky130_fd_sc_hd__clkbuf_2)
                                         _047_ (net)
                  0.18    0.00    2.74 v _420_/B (sky130_fd_sc_hd__and2_1)
     1    0.01    0.05    0.23    2.97 v _420_/X (sky130_fd_sc_hd__and2_1)
                                         _052_ (net)
                  0.05    0.00    2.97 v _421_/A (sky130_fd_sc_hd__clkbuf_1)
     1    0.02    0.11    0.16    3.13 v _421_/X (sky130_fd_sc_hd__clkbuf_1)
                                         _022_ (net)
                  0.11    0.00    3.13 v _456_/D (sky130_fd_sc_hd__dfxtp_1)
                                  3.13   data arrival time

                         10.00   10.00   clock CLK100MHZ (rise edge)
                          0.00   10.00   clock source latency
     1    0.02    0.00    0.00   10.00 ^ CLK100MHZ (in)
                                         CLK100MHZ (net)
                  0.00    0.00   10.00 ^ clkbuf_0_CLK100MHZ/A (sky130_fd_sc_hd__clkbuf_16)
     2    0.02    0.04    0.11   10.11 ^ clkbuf_0_CLK100MHZ/X (sky130_fd_sc_hd__clkbuf_16)
                                         clknet_0_CLK100MHZ (net)
                  0.04    0.00   10.11 ^ clkbuf_1_1__f_CLK100MHZ/A (sky130_fd_sc_hd__clkbuf_16)
    13    0.06    0.08    0.15   10.27 ^ clkbuf_1_1__f_CLK100MHZ/X (sky130_fd_sc_hd__clkbuf_16)
                                         clknet_1_1__leaf_CLK100MHZ (net)
                  0.08    0.00   10.27 ^ _456_/CLK (sky130_fd_sc_hd__dfxtp_1)
                         -0.20   10.07   clock uncertainty
                          0.00   10.07   clock reconvergence pessimism
                         -0.13    9.94   library setup time
                                  9.94   data required time
-----------------------------------------------------------------------------
                                  9.94   data required time
                                 -3.13   data arrival time
-----------------------------------------------------------------------------
                                  6.80   slack (MET)


Startpoint: _464_ (rising edge-triggered flip-flop clocked by CLK100MHZ)
Endpoint: _452_ (rising edge-triggered flip-flop clocked by CLK100MHZ)
Path Group: CLK100MHZ
Path Type: max
Corner: Typical

Fanout     Cap    Slew   Delay    Time   Description
-----------------------------------------------------------------------------
                          0.00    0.00   clock CLK100MHZ (rise edge)
                          0.00    0.00   clock source latency
     1    0.02    0.00    0.00    0.00 ^ CLK100MHZ (in)
                                         CLK100MHZ (net)
                  0.00    0.00    0.00 ^ clkbuf_0_CLK100MHZ/A (sky130_fd_sc_hd__clkbuf_16)
     2    0.02    0.04    0.11    0.11 ^ clkbuf_0_CLK100MHZ/X (sky130_fd_sc_hd__clkbuf_16)
                                         clknet_0_CLK100MHZ (net)
                  0.04    0.00    0.11 ^ clkbuf_1_0__f_CLK100MHZ/A (sky130_fd_sc_hd__clkbuf_16)
    16    0.06    0.08    0.16    0.27 ^ clkbuf_1_0__f_CLK100MHZ/X (sky130_fd_sc_hd__clkbuf_16)
                                         clknet_1_0__leaf_CLK100MHZ (net)
                  0.08    0.00    0.27 ^ _464_/CLK (sky130_fd_sc_hd__dfrtp_1)
     3    0.03    0.23    0.47    0.74 ^ _464_/Q (sky130_fd_sc_hd__dfrtp_1)
                                         imem.address[2] (net)
                  0.23    0.00    0.74 ^ _215_/A (sky130_fd_sc_hd__clkbuf_4)
    10    0.06    0.18    0.30    1.04 ^ _215_/X (sky130_fd_sc_hd__clkbuf_4)
                                         _060_ (net)
                  0.18    0.00    1.05 ^ _216_/A (sky130_fd_sc_hd__clkbuf_2)
     5    0.04    0.23    0.28    1.32 ^ _216_/X (sky130_fd_sc_hd__clkbuf_2)
                                         _061_ (net)
                  0.23    0.00    1.32 ^ _217_/A (sky130_fd_sc_hd__clkbuf_1)
     1    0.01    0.14    0.19    1.51 ^ _217_/X (sky130_fd_sc_hd__clkbuf_1)
                                         _062_ (net)
                  0.14    0.00    1.51 ^ _218_/A (sky130_fd_sc_hd__buf_1)
     1    0.03    0.35    0.32    1.83 ^ _218_/X (sky130_fd_sc_hd__buf_1)
                                         _063_ (net)
                  0.35    0.00    1.83 ^ _219_/A (sky130_fd_sc_hd__buf_2)
     6    0.06    0.28    0.35    2.19 ^ _219_/X (sky130_fd_sc_hd__buf_2)
                                         _064_ (net)
                  0.28    0.00    2.19 ^ _410_/A (sky130_fd_sc_hd__nand3_1)
     1    0.02    0.22    0.26    2.45 v _410_/Y (sky130_fd_sc_hd__nand3_1)
                                         _046_ (net)
                  0.22    0.00    2.45 v _411_/A (sky130_fd_sc_hd__clkbuf_2)
     5    0.05    0.18    0.30    2.74 v _411_/X (sky130_fd_sc_hd__clkbuf_2)
                                         _047_ (net)
                  0.18    0.00    2.74 v _412_/B (sky130_fd_sc_hd__and2_1)
     1    0.02    0.10    0.28    3.02 v _412_/X (sky130_fd_sc_hd__and2_1)
                                         _048_ (net)
                  0.10    0.00    3.02 v _413_/A (sky130_fd_sc_hd__clkbuf_1)
     1    0.00    0.04    0.12    3.14 v _413_/X (sky130_fd_sc_hd__clkbuf_1)
                                         _018_ (net)
                  0.04    0.00    3.14 v _452_/D (sky130_fd_sc_hd__dfxtp_1)
                                  3.14   data arrival time

                         10.00   10.00   clock CLK100MHZ (rise edge)
                          0.00   10.00   clock source latency
     1    0.02    0.00    0.00   10.00 ^ CLK100MHZ (in)
                                         CLK100MHZ (net)
                  0.00    0.00   10.00 ^ clkbuf_0_CLK100MHZ/A (sky130_fd_sc_hd__clkbuf_16)
     2    0.02    0.04    0.11   10.11 ^ clkbuf_0_CLK100MHZ/X (sky130_fd_sc_hd__clkbuf_16)
                                         clknet_0_CLK100MHZ (net)
                  0.04    0.00   10.11 ^ clkbuf_1_1__f_CLK100MHZ/A (sky130_fd_sc_hd__clkbuf_16)
    13    0.06    0.08    0.15   10.27 ^ clkbuf_1_1__f_CLK100MHZ/X (sky130_fd_sc_hd__clkbuf_16)
                                         clknet_1_1__leaf_CLK100MHZ (net)
                  0.08    0.00   10.27 ^ _452_/CLK (sky130_fd_sc_hd__dfxtp_1)
                         -0.20   10.07   clock uncertainty
                          0.00   10.07   clock reconvergence pessimism
                         -0.10    9.97   library setup time
                                  9.97   data required time
-----------------------------------------------------------------------------
                                  9.97   data required time
                                 -3.14   data arrival time
-----------------------------------------------------------------------------
                                  6.82   slack (MET)


Startpoint: _464_ (rising edge-triggered flip-flop clocked by CLK100MHZ)
Endpoint: _453_ (rising edge-triggered flip-flop clocked by CLK100MHZ)
Path Group: CLK100MHZ
Path Type: max
Corner: Typical

Fanout     Cap    Slew   Delay    Time   Description
-----------------------------------------------------------------------------
                          0.00    0.00   clock CLK100MHZ (rise edge)
                          0.00    0.00   clock source latency
     1    0.02    0.00    0.00    0.00 ^ CLK100MHZ (in)
                                         CLK100MHZ (net)
                  0.00    0.00    0.00 ^ clkbuf_0_CLK100MHZ/A (sky130_fd_sc_hd__clkbuf_16)
     2    0.02    0.04    0.11    0.11 ^ clkbuf_0_CLK100MHZ/X (sky130_fd_sc_hd__clkbuf_16)
                                         clknet_0_CLK100MHZ (net)
                  0.04    0.00    0.11 ^ clkbuf_1_0__f_CLK100MHZ/A (sky130_fd_sc_hd__clkbuf_16)
    16    0.06    0.08    0.16    0.27 ^ clkbuf_1_0__f_CLK100MHZ/X (sky130_fd_sc_hd__clkbuf_16)
                                         clknet_1_0__leaf_CLK100MHZ (net)
                  0.08    0.00    0.27 ^ _464_/CLK (sky130_fd_sc_hd__dfrtp_1)
     3    0.03    0.23    0.47    0.74 ^ _464_/Q (sky130_fd_sc_hd__dfrtp_1)
                                         imem.address[2] (net)
                  0.23    0.00    0.74 ^ _215_/A (sky130_fd_sc_hd__clkbuf_4)
    10    0.06    0.18    0.30    1.04 ^ _215_/X (sky130_fd_sc_hd__clkbuf_4)
                                         _060_ (net)
                  0.18    0.00    1.05 ^ _216_/A (sky130_fd_sc_hd__clkbuf_2)
     5    0.04    0.23    0.28    1.32 ^ _216_/X (sky130_fd_sc_hd__clkbuf_2)
                                         _061_ (net)
                  0.23    0.00    1.32 ^ _217_/A (sky130_fd_sc_hd__clkbuf_1)
     1    0.01    0.14    0.19    1.51 ^ _217_/X (sky130_fd_sc_hd__clkbuf_1)
                                         _062_ (net)
                  0.14    0.00    1.51 ^ _218_/A (sky130_fd_sc_hd__buf_1)
     1    0.03    0.35    0.32    1.83 ^ _218_/X (sky130_fd_sc_hd__buf_1)
                                         _063_ (net)
                  0.35    0.00    1.83 ^ _219_/A (sky130_fd_sc_hd__buf_2)
     6    0.06    0.28    0.35    2.19 ^ _219_/X (sky130_fd_sc_hd__buf_2)
                                         _064_ (net)
                  0.28    0.00    2.19 ^ _410_/A (sky130_fd_sc_hd__nand3_1)
     1    0.02    0.22    0.26    2.45 v _410_/Y (sky130_fd_sc_hd__nand3_1)
                                         _046_ (net)
                  0.22    0.00    2.45 v _411_/A (sky130_fd_sc_hd__clkbuf_2)
     5    0.05    0.18    0.30    2.74 v _411_/X (sky130_fd_sc_hd__clkbuf_2)
                                         _047_ (net)
                  0.18    0.00    2.74 v _414_/B (sky130_fd_sc_hd__and2_1)
     1    0.01    0.05    0.23    2.98 v _414_/X (sky130_fd_sc_hd__and2_1)
                                         _049_ (net)
                  0.05    0.00    2.98 v _415_/A (sky130_fd_sc_hd__clkbuf_1)
     1    0.01    0.05    0.11    3.09 v _415_/X (sky130_fd_sc_hd__clkbuf_1)
                                         _019_ (net)
                  0.05    0.00    3.09 v _453_/D (sky130_fd_sc_hd__dfxtp_1)
                                  3.09   data arrival time

                         10.00   10.00   clock CLK100MHZ (rise edge)
                          0.00   10.00   clock source latency
     1    0.02    0.00    0.00   10.00 ^ CLK100MHZ (in)
                                         CLK100MHZ (net)
                  0.00    0.00   10.00 ^ clkbuf_0_CLK100MHZ/A (sky130_fd_sc_hd__clkbuf_16)
     2    0.02    0.04    0.11   10.11 ^ clkbuf_0_CLK100MHZ/X (sky130_fd_sc_hd__clkbuf_16)
                                         clknet_0_CLK100MHZ (net)
                  0.04    0.00   10.11 ^ clkbuf_1_0__f_CLK100MHZ/A (sky130_fd_sc_hd__clkbuf_16)
    16    0.06    0.08    0.16   10.27 ^ clkbuf_1_0__f_CLK100MHZ/X (sky130_fd_sc_hd__clkbuf_16)
                                         clknet_1_0__leaf_CLK100MHZ (net)
                  0.08    0.00   10.27 ^ _453_/CLK (sky130_fd_sc_hd__dfxtp_1)
                         -0.20   10.07   clock uncertainty
                          0.00   10.07   clock reconvergence pessimism
                         -0.10    9.97   library setup time
                                  9.97   data required time
-----------------------------------------------------------------------------
                                  9.97   data required time
                                 -3.09   data arrival time
-----------------------------------------------------------------------------
                                  6.88   slack (MET)


Startpoint: _464_ (rising edge-triggered flip-flop clocked by CLK100MHZ)
Endpoint: _455_ (rising edge-triggered flip-flop clocked by CLK100MHZ)
Path Group: CLK100MHZ
Path Type: max
Corner: Typical

Fanout     Cap    Slew   Delay    Time   Description
-----------------------------------------------------------------------------
                          0.00    0.00   clock CLK100MHZ (rise edge)
                          0.00    0.00   clock source latency
     1    0.02    0.00    0.00    0.00 ^ CLK100MHZ (in)
                                         CLK100MHZ (net)
                  0.00    0.00    0.00 ^ clkbuf_0_CLK100MHZ/A (sky130_fd_sc_hd__clkbuf_16)
     2    0.02    0.04    0.11    0.11 ^ clkbuf_0_CLK100MHZ/X (sky130_fd_sc_hd__clkbuf_16)
                                         clknet_0_CLK100MHZ (net)
                  0.04    0.00    0.11 ^ clkbuf_1_0__f_CLK100MHZ/A (sky130_fd_sc_hd__clkbuf_16)
    16    0.06    0.08    0.16    0.27 ^ clkbuf_1_0__f_CLK100MHZ/X (sky130_fd_sc_hd__clkbuf_16)
                                         clknet_1_0__leaf_CLK100MHZ (net)
                  0.08    0.00    0.27 ^ _464_/CLK (sky130_fd_sc_hd__dfrtp_1)
     3    0.03    0.23    0.47    0.74 ^ _464_/Q (sky130_fd_sc_hd__dfrtp_1)
                                         imem.address[2] (net)
                  0.23    0.00    0.74 ^ _215_/A (sky130_fd_sc_hd__clkbuf_4)
    10    0.06    0.18    0.30    1.04 ^ _215_/X (sky130_fd_sc_hd__clkbuf_4)
                                         _060_ (net)
                  0.18    0.00    1.05 ^ _216_/A (sky130_fd_sc_hd__clkbuf_2)
     5    0.04    0.23    0.28    1.32 ^ _216_/X (sky130_fd_sc_hd__clkbuf_2)
                                         _061_ (net)
                  0.23    0.00    1.32 ^ _217_/A (sky130_fd_sc_hd__clkbuf_1)
     1    0.01    0.14    0.19    1.51 ^ _217_/X (sky130_fd_sc_hd__clkbuf_1)
                                         _062_ (net)
                  0.14    0.00    1.51 ^ _218_/A (sky130_fd_sc_hd__buf_1)
     1    0.03    0.35    0.32    1.83 ^ _218_/X (sky130_fd_sc_hd__buf_1)
                                         _063_ (net)
                  0.35    0.00    1.83 ^ _219_/A (sky130_fd_sc_hd__buf_2)
     6    0.06    0.28    0.35    2.19 ^ _219_/X (sky130_fd_sc_hd__buf_2)
                                         _064_ (net)
                  0.28    0.00    2.19 ^ _410_/A (sky130_fd_sc_hd__nand3_1)
     1    0.02    0.22    0.26    2.45 v _410_/Y (sky130_fd_sc_hd__nand3_1)
                                         _046_ (net)
                  0.22    0.00    2.45 v _411_/A (sky130_fd_sc_hd__clkbuf_2)
     5    0.05    0.18    0.30    2.74 v _411_/X (sky130_fd_sc_hd__clkbuf_2)
                                         _047_ (net)
                  0.18    0.00    2.74 v _418_/B (sky130_fd_sc_hd__and2_1)
     1    0.00    0.04    0.22    2.96 v _418_/X (sky130_fd_sc_hd__and2_1)
                                         _051_ (net)
                  0.04    0.00    2.96 v _419_/A (sky130_fd_sc_hd__clkbuf_1)
     1    0.00    0.04    0.10    3.06 v _419_/X (sky130_fd_sc_hd__clkbuf_1)
                                         _021_ (net)
                  0.04    0.00    3.06 v _455_/D (sky130_fd_sc_hd__dfxtp_1)
                                  3.06   data arrival time

                         10.00   10.00   clock CLK100MHZ (rise edge)
                          0.00   10.00   clock source latency
     1    0.02    0.00    0.00   10.00 ^ CLK100MHZ (in)
                                         CLK100MHZ (net)
                  0.00    0.00   10.00 ^ clkbuf_0_CLK100MHZ/A (sky130_fd_sc_hd__clkbuf_16)
     2    0.02    0.04    0.11   10.11 ^ clkbuf_0_CLK100MHZ/X (sky130_fd_sc_hd__clkbuf_16)
                                         clknet_0_CLK100MHZ (net)
                  0.04    0.00   10.11 ^ clkbuf_1_0__f_CLK100MHZ/A (sky130_fd_sc_hd__clkbuf_16)
    16    0.06    0.08    0.16   10.27 ^ clkbuf_1_0__f_CLK100MHZ/X (sky130_fd_sc_hd__clkbuf_16)
                                         clknet_1_0__leaf_CLK100MHZ (net)
                  0.08    0.00   10.27 ^ _455_/CLK (sky130_fd_sc_hd__dfxtp_1)
                         -0.20   10.07   clock uncertainty
                          0.00   10.07   clock reconvergence pessimism
                         -0.10    9.97   library setup time
                                  9.97   data required time
-----------------------------------------------------------------------------
                                  9.97   data required time
                                 -3.06   data arrival time
-----------------------------------------------------------------------------
                                  6.91   slack (MET)


Startpoint: _464_ (rising edge-triggered flip-flop clocked by CLK100MHZ)
Endpoint: _464_ (rising edge-triggered flip-flop clocked by CLK100MHZ)
Path Group: CLK100MHZ
Path Type: max
Corner: Typical

Fanout     Cap    Slew   Delay    Time   Description
-----------------------------------------------------------------------------
                          0.00    0.00   clock CLK100MHZ (rise edge)
                          0.00    0.00   clock source latency
     1    0.02    0.00    0.00    0.00 ^ CLK100MHZ (in)
                                         CLK100MHZ (net)
                  0.00    0.00    0.00 ^ clkbuf_0_CLK100MHZ/A (sky130_fd_sc_hd__clkbuf_16)
     2    0.02    0.04    0.11    0.11 ^ clkbuf_0_CLK100MHZ/X (sky130_fd_sc_hd__clkbuf_16)
                                         clknet_0_CLK100MHZ (net)
                  0.04    0.00    0.11 ^ clkbuf_1_0__f_CLK100MHZ/A (sky130_fd_sc_hd__clkbuf_16)
    16    0.06    0.08    0.16    0.27 ^ clkbuf_1_0__f_CLK100MHZ/X (sky130_fd_sc_hd__clkbuf_16)
                                         clknet_1_0__leaf_CLK100MHZ (net)
                  0.08    0.00    0.27 ^ _464_/CLK (sky130_fd_sc_hd__dfrtp_1)
     3    0.03    0.23    0.47    0.74 ^ _464_/Q (sky130_fd_sc_hd__dfrtp_1)
                                         imem.address[2] (net)
                  0.23    0.00    0.74 ^ _215_/A (sky130_fd_sc_hd__clkbuf_4)
    10    0.06    0.18    0.30    1.04 ^ _215_/X (sky130_fd_sc_hd__clkbuf_4)
                                         _060_ (net)
                  0.18    0.00    1.05 ^ _216_/A (sky130_fd_sc_hd__clkbuf_2)
     5    0.04    0.23    0.28    1.32 ^ _216_/X (sky130_fd_sc_hd__clkbuf_2)
                                         _061_ (net)
                  0.23    0.00    1.32 ^ _217_/A (sky130_fd_sc_hd__clkbuf_1)
     1    0.01    0.14    0.19    1.51 ^ _217_/X (sky130_fd_sc_hd__clkbuf_1)
                                         _062_ (net)
                  0.14    0.00    1.51 ^ _218_/A (sky130_fd_sc_hd__buf_1)
     1    0.03    0.35    0.32    1.83 ^ _218_/X (sky130_fd_sc_hd__buf_1)
                                         _063_ (net)
                  0.35    0.00    1.83 ^ _219_/A (sky130_fd_sc_hd__buf_2)
     6    0.06    0.28    0.35    2.19 ^ _219_/X (sky130_fd_sc_hd__buf_2)
                                         _064_ (net)
                  0.28    0.00    2.19 ^ _224_/A (sky130_fd_sc_hd__xor2_1)
     1    0.00    0.11    0.17    2.36 ^ _224_/X (sky130_fd_sc_hd__xor2_1)
                                         _030_ (net)
                  0.11    0.00    2.36 ^ _464_/D (sky130_fd_sc_hd__dfrtp_1)
                                  2.36   data arrival time

                         10.00   10.00   clock CLK100MHZ (rise edge)
                          0.00   10.00   clock source latency
     1    0.02    0.00    0.00   10.00 ^ CLK100MHZ (in)
                                         CLK100MHZ (net)
                  0.00    0.00   10.00 ^ clkbuf_0_CLK100MHZ/A (sky130_fd_sc_hd__clkbuf_16)
     2    0.02    0.04    0.11   10.11 ^ clkbuf_0_CLK100MHZ/X (sky130_fd_sc_hd__clkbuf_16)
                                         clknet_0_CLK100MHZ (net)
                  0.04    0.00   10.11 ^ clkbuf_1_0__f_CLK100MHZ/A (sky130_fd_sc_hd__clkbuf_16)
    16    0.06    0.08    0.16   10.27 ^ clkbuf_1_0__f_CLK100MHZ/X (sky130_fd_sc_hd__clkbuf_16)
                                         clknet_1_0__leaf_CLK100MHZ (net)
                  0.08    0.00   10.27 ^ _464_/CLK (sky130_fd_sc_hd__dfrtp_1)
                         -0.20   10.07   clock uncertainty
                          0.00   10.07   clock reconvergence pessimism
                         -0.07   10.00   library setup time
                                 10.00   data required time
-----------------------------------------------------------------------------
                                 10.00   data required time
                                 -2.36   data arrival time
-----------------------------------------------------------------------------
                                  7.64   slack (MET)


Startpoint: _462_ (rising edge-triggered flip-flop clocked by CLK100MHZ)
Endpoint: _463_ (rising edge-triggered flip-flop clocked by CLK100MHZ)
Path Group: CLK100MHZ
Path Type: max
Corner: Typical

Fanout     Cap    Slew   Delay    Time   Description
-----------------------------------------------------------------------------
                          0.00    0.00   clock CLK100MHZ (rise edge)
                          0.00    0.00   clock source latency
     1    0.02    0.00    0.00    0.00 ^ CLK100MHZ (in)
                                         CLK100MHZ (net)
                  0.00    0.00    0.00 ^ clkbuf_0_CLK100MHZ/A (sky130_fd_sc_hd__clkbuf_16)
     2    0.02    0.04    0.11    0.11 ^ clkbuf_0_CLK100MHZ/X (sky130_fd_sc_hd__clkbuf_16)
                                         clknet_0_CLK100MHZ (net)
                  0.04    0.00    0.11 ^ clkbuf_1_1__f_CLK100MHZ/A (sky130_fd_sc_hd__clkbuf_16)
    13    0.06    0.08    0.15    0.27 ^ clkbuf_1_1__f_CLK100MHZ/X (sky130_fd_sc_hd__clkbuf_16)
                                         clknet_1_1__leaf_CLK100MHZ (net)
                  0.08    0.00    0.27 ^ _462_/CLK (sky130_fd_sc_hd__dfrtp_2)
     4    0.04    0.12    0.49    0.76 v _462_/Q (sky130_fd_sc_hd__dfrtp_2)
                                         imem.address[0] (net)
                  0.12    0.00    0.76 v _221_/A (sky130_fd_sc_hd__clkbuf_4)
    10    0.06    0.13    0.26    1.02 v _221_/X (sky130_fd_sc_hd__clkbuf_4)
                                         _066_ (net)
                  0.13    0.00    1.02 v _222_/A (sky130_fd_sc_hd__clkbuf_4)
     9    0.06    0.12    0.25    1.27 v _222_/X (sky130_fd_sc_hd__clkbuf_4)
                                         _067_ (net)
                  0.12    0.01    1.27 v _223_/C (sky130_fd_sc_hd__and3_1)
     2    0.03    0.15    0.31    1.59 v _223_/X (sky130_fd_sc_hd__and3_1)
                                         _068_ (net)
                  0.15    0.00    1.59 v _226_/A (sky130_fd_sc_hd__nor2_1)
     1    0.02    0.38    0.36    1.95 ^ _226_/Y (sky130_fd_sc_hd__nor2_1)
                                         _029_ (net)
                  0.38    0.00    1.95 ^ _463_/D (sky130_fd_sc_hd__dfrtp_4)
                                  1.95   data arrival time

                         10.00   10.00   clock CLK100MHZ (rise edge)
                          0.00   10.00   clock source latency
     1    0.02    0.00    0.00   10.00 ^ CLK100MHZ (in)
                                         CLK100MHZ (net)
                  0.00    0.00   10.00 ^ clkbuf_0_CLK100MHZ/A (sky130_fd_sc_hd__clkbuf_16)
     2    0.02    0.04    0.11   10.11 ^ clkbuf_0_CLK100MHZ/X (sky130_fd_sc_hd__clkbuf_16)
                                         clknet_0_CLK100MHZ (net)
                  0.04    0.00   10.11 ^ clkbuf_1_0__f_CLK100MHZ/A (sky130_fd_sc_hd__clkbuf_16)
    16    0.06    0.08    0.16   10.27 ^ clkbuf_1_0__f_CLK100MHZ/X (sky130_fd_sc_hd__clkbuf_16)
                                         clknet_1_0__leaf_CLK100MHZ (net)
                  0.08    0.00   10.27 ^ _463_/CLK (sky130_fd_sc_hd__dfrtp_4)
                         -0.20   10.07   clock uncertainty
                          0.00   10.07   clock reconvergence pessimism
                         -0.13    9.94   library setup time
                                  9.94   data required time
-----------------------------------------------------------------------------
                                  9.94   data required time
                                 -1.95   data arrival time
-----------------------------------------------------------------------------
                                  7.99   slack (MET)


Startpoint: _462_ (rising edge-triggered flip-flop clocked by CLK100MHZ)
Endpoint: _462_ (rising edge-triggered flip-flop clocked by CLK100MHZ)
Path Group: CLK100MHZ
Path Type: max
Corner: Typical

Fanout     Cap    Slew   Delay    Time   Description
-----------------------------------------------------------------------------
                          0.00    0.00   clock CLK100MHZ (rise edge)
                          0.00    0.00   clock source latency
     1    0.02    0.00    0.00    0.00 ^ CLK100MHZ (in)
                                         CLK100MHZ (net)
                  0.00    0.00    0.00 ^ clkbuf_0_CLK100MHZ/A (sky130_fd_sc_hd__clkbuf_16)
     2    0.02    0.04    0.11    0.11 ^ clkbuf_0_CLK100MHZ/X (sky130_fd_sc_hd__clkbuf_16)
                                         clknet_0_CLK100MHZ (net)
                  0.04    0.00    0.11 ^ clkbuf_1_1__f_CLK100MHZ/A (sky130_fd_sc_hd__clkbuf_16)
    13    0.06    0.08    0.15    0.27 ^ clkbuf_1_1__f_CLK100MHZ/X (sky130_fd_sc_hd__clkbuf_16)
                                         clknet_1_1__leaf_CLK100MHZ (net)
                  0.08    0.00    0.27 ^ _462_/CLK (sky130_fd_sc_hd__dfrtp_2)
     4    0.04    0.19    0.48    0.74 ^ _462_/Q (sky130_fd_sc_hd__dfrtp_2)
                                         imem.address[0] (net)
                  0.19    0.00    0.74 ^ _221_/A (sky130_fd_sc_hd__clkbuf_4)
    10    0.07    0.20    0.30    1.05 ^ _221_/X (sky130_fd_sc_hd__clkbuf_4)
                                         _066_ (net)
                  0.20    0.00    1.05 ^ _222_/A (sky130_fd_sc_hd__clkbuf_4)
     9    0.06    0.18    0.29    1.33 ^ _222_/X (sky130_fd_sc_hd__clkbuf_4)
                                         _067_ (net)
                  0.18    0.01    1.34 ^ _227_/B (sky130_fd_sc_hd__xor2_1)
     1    0.02    0.40    0.38    1.72 ^ _227_/X (sky130_fd_sc_hd__xor2_1)
                                         _028_ (net)
                  0.40    0.00    1.72 ^ _462_/D (sky130_fd_sc_hd__dfrtp_2)
                                  1.72   data arrival time

                         10.00   10.00   clock CLK100MHZ (rise edge)
                          0.00   10.00   clock source latency
     1    0.02    0.00    0.00   10.00 ^ CLK100MHZ (in)
                                         CLK100MHZ (net)
                  0.00    0.00   10.00 ^ clkbuf_0_CLK100MHZ/A (sky130_fd_sc_hd__clkbuf_16)
     2    0.02    0.04    0.11   10.11 ^ clkbuf_0_CLK100MHZ/X (sky130_fd_sc_hd__clkbuf_16)
                                         clknet_0_CLK100MHZ (net)
                  0.04    0.00   10.11 ^ clkbuf_1_1__f_CLK100MHZ/A (sky130_fd_sc_hd__clkbuf_16)
    13    0.06    0.08    0.15   10.27 ^ clkbuf_1_1__f_CLK100MHZ/X (sky130_fd_sc_hd__clkbuf_16)
                                         clknet_1_1__leaf_CLK100MHZ (net)
                  0.08    0.00   10.27 ^ _462_/CLK (sky130_fd_sc_hd__dfrtp_2)
                         -0.20   10.07   clock uncertainty
                          0.00   10.07   clock reconvergence pessimism
                         -0.14    9.92   library setup time
                                  9.92   data required time
-----------------------------------------------------------------------------
                                  9.92   data required time
                                 -1.72   data arrival time
-----------------------------------------------------------------------------
                                  8.21   slack (MET)



worst slack corner Typical: 4.6271
