
===========================================================================
report_checks -path_delay min (Hold)
============================================================================
======================= Fastest Corner ===================================

Startpoint: _458_ (rising edge-triggered flip-flop clocked by CLK100MHZ)
Endpoint: _458_ (rising edge-triggered flip-flop clocked by CLK100MHZ)
Path Group: CLK100MHZ
Path Type: min
Corner: Fastest

Fanout     Cap    Slew   Delay    Time   Description
-----------------------------------------------------------------------------
                          0.00    0.00   clock CLK100MHZ (rise edge)
                          0.00    0.00   clock source latency
     1    0.02    0.00    0.00    0.00 ^ CLK100MHZ (in)
                                         CLK100MHZ (net)
                  0.00    0.00    0.00 ^ clkbuf_0_CLK100MHZ/A (sky130_fd_sc_hd__clkbuf_16)
     2    0.02    0.03    0.08    0.08 ^ clkbuf_0_CLK100MHZ/X (sky130_fd_sc_hd__clkbuf_16)
                                         clknet_0_CLK100MHZ (net)
                  0.03    0.00    0.08 ^ clkbuf_1_1__f_CLK100MHZ/A (sky130_fd_sc_hd__clkbuf_16)
    13    0.06    0.06    0.11    0.18 ^ clkbuf_1_1__f_CLK100MHZ/X (sky130_fd_sc_hd__clkbuf_16)
                                         clknet_1_1__leaf_CLK100MHZ (net)
                  0.06    0.00    0.18 ^ _458_/CLK (sky130_fd_sc_hd__dfxtp_1)
     2    0.01    0.09    0.23    0.42 ^ _458_/Q (sky130_fd_sc_hd__dfxtp_1)
                                         rf.regs[5][1] (net)
                  0.09    0.00    0.42 ^ _426_/A0 (sky130_fd_sc_hd__mux2_1)
     1    0.01    0.06    0.11    0.52 ^ _426_/X (sky130_fd_sc_hd__mux2_1)
                                         _056_ (net)
                  0.06    0.00    0.52 ^ _427_/A (sky130_fd_sc_hd__clkbuf_1)
     1    0.01    0.07    0.09    0.61 ^ _427_/X (sky130_fd_sc_hd__clkbuf_1)
                                         _024_ (net)
                  0.07    0.00    0.61 ^ _458_/D (sky130_fd_sc_hd__dfxtp_1)
                                  0.61   data arrival time

                          0.00    0.00   clock CLK100MHZ (rise edge)
                          0.00    0.00   clock source latency
     1    0.02    0.00    0.00    0.00 ^ CLK100MHZ (in)
                                         CLK100MHZ (net)
                  0.00    0.00    0.00 ^ clkbuf_0_CLK100MHZ/A (sky130_fd_sc_hd__clkbuf_16)
     2    0.02    0.03    0.08    0.08 ^ clkbuf_0_CLK100MHZ/X (sky130_fd_sc_hd__clkbuf_16)
                                         clknet_0_CLK100MHZ (net)
                  0.03    0.00    0.08 ^ clkbuf_1_1__f_CLK100MHZ/A (sky130_fd_sc_hd__clkbuf_16)
    13    0.06    0.06    0.11    0.18 ^ clkbuf_1_1__f_CLK100MHZ/X (sky130_fd_sc_hd__clkbuf_16)
                                         clknet_1_1__leaf_CLK100MHZ (net)
                  0.06    0.00    0.18 ^ _458_/CLK (sky130_fd_sc_hd__dfxtp_1)
                          0.20    0.38   clock uncertainty
                          0.00    0.38   clock reconvergence pessimism
                         -0.02    0.36   library hold time
                                  0.36   data required time
-----------------------------------------------------------------------------
                                  0.36   data required time
                                 -0.61   data arrival time
-----------------------------------------------------------------------------
                                  0.24   slack (MET)


Startpoint: _453_ (rising edge-triggered flip-flop clocked by CLK100MHZ)
Endpoint: _453_ (rising edge-triggered flip-flop clocked by CLK100MHZ)
Path Group: CLK100MHZ
Path Type: min
Corner: Fastest

Fanout     Cap    Slew   Delay    Time   Description
-----------------------------------------------------------------------------
                          0.00    0.00   clock CLK100MHZ (rise edge)
                          0.00    0.00   clock source latency
     1    0.02    0.00    0.00    0.00 ^ CLK100MHZ (in)
                                         CLK100MHZ (net)
                  0.00    0.00    0.00 ^ clkbuf_0_CLK100MHZ/A (sky130_fd_sc_hd__clkbuf_16)
     2    0.02    0.03    0.08    0.08 ^ clkbuf_0_CLK100MHZ/X (sky130_fd_sc_hd__clkbuf_16)
                                         clknet_0_CLK100MHZ (net)
                  0.03    0.00    0.08 ^ clkbuf_1_0__f_CLK100MHZ/A (sky130_fd_sc_hd__clkbuf_16)
    16    0.06    0.06    0.11    0.18 ^ clkbuf_1_0__f_CLK100MHZ/X (sky130_fd_sc_hd__clkbuf_16)
                                         clknet_1_0__leaf_CLK100MHZ (net)
                  0.06    0.00    0.18 ^ _453_/CLK (sky130_fd_sc_hd__dfxtp_1)
     3    0.02    0.06    0.23    0.42 v _453_/Q (sky130_fd_sc_hd__dfxtp_1)
                                         rf.regs[0][1] (net)
                  0.06    0.00    0.42 v _414_/A (sky130_fd_sc_hd__and2_1)
     1    0.01    0.04    0.11    0.53 v _414_/X (sky130_fd_sc_hd__and2_1)
                                         _049_ (net)
                  0.04    0.00    0.53 v _415_/A (sky130_fd_sc_hd__clkbuf_1)
     1    0.01    0.03    0.07    0.60 v _415_/X (sky130_fd_sc_hd__clkbuf_1)
                                         _019_ (net)
                  0.03    0.00    0.60 v _453_/D (sky130_fd_sc_hd__dfxtp_1)
                                  0.60   data arrival time

                          0.00    0.00   clock CLK100MHZ (rise edge)
                          0.00    0.00   clock source latency
     1    0.02    0.00    0.00    0.00 ^ CLK100MHZ (in)
                                         CLK100MHZ (net)
                  0.00    0.00    0.00 ^ clkbuf_0_CLK100MHZ/A (sky130_fd_sc_hd__clkbuf_16)
     2    0.02    0.03    0.08    0.08 ^ clkbuf_0_CLK100MHZ/X (sky130_fd_sc_hd__clkbuf_16)
                                         clknet_0_CLK100MHZ (net)
                  0.03    0.00    0.08 ^ clkbuf_1_0__f_CLK100MHZ/A (sky130_fd_sc_hd__clkbuf_16)
    16    0.06    0.06    0.11    0.18 ^ clkbuf_1_0__f_CLK100MHZ/X (sky130_fd_sc_hd__clkbuf_16)
                                         clknet_1_0__leaf_CLK100MHZ (net)
                  0.06    0.00    0.18 ^ _453_/CLK (sky130_fd_sc_hd__dfxtp_1)
                          0.20    0.38   clock uncertainty
                          0.00    0.38   clock reconvergence pessimism
                         -0.04    0.35   library hold time
                                  0.35   data required time
-----------------------------------------------------------------------------
                                  0.35   data required time
                                 -0.60   data arrival time
-----------------------------------------------------------------------------
                                  0.25   slack (MET)


Startpoint: _455_ (rising edge-triggered flip-flop clocked by CLK100MHZ)
Endpoint: _455_ (rising edge-triggered flip-flop clocked by CLK100MHZ)
Path Group: CLK100MHZ
Path Type: min
Corner: Fastest

Fanout     Cap    Slew   Delay    Time   Description
-----------------------------------------------------------------------------
                          0.00    0.00   clock CLK100MHZ (rise edge)
                          0.00    0.00   clock source latency
     1    0.02    0.00    0.00    0.00 ^ CLK100MHZ (in)
                                         CLK100MHZ (net)
                  0.00    0.00    0.00 ^ clkbuf_0_CLK100MHZ/A (sky130_fd_sc_hd__clkbuf_16)
     2    0.02    0.03    0.08    0.08 ^ clkbuf_0_CLK100MHZ/X (sky130_fd_sc_hd__clkbuf_16)
                                         clknet_0_CLK100MHZ (net)
                  0.03    0.00    0.08 ^ clkbuf_1_0__f_CLK100MHZ/A (sky130_fd_sc_hd__clkbuf_16)
    16    0.06    0.06    0.11    0.18 ^ clkbuf_1_0__f_CLK100MHZ/X (sky130_fd_sc_hd__clkbuf_16)
                                         clknet_1_0__leaf_CLK100MHZ (net)
                  0.06    0.00    0.19 ^ _455_/CLK (sky130_fd_sc_hd__dfxtp_1)
     3    0.03    0.09    0.25    0.44 v _455_/Q (sky130_fd_sc_hd__dfxtp_1)
                                         rf.regs[0][3] (net)
                  0.09    0.00    0.44 v _418_/A (sky130_fd_sc_hd__and2_1)
     1    0.00    0.03    0.11    0.55 v _418_/X (sky130_fd_sc_hd__and2_1)
                                         _051_ (net)
                  0.03    0.00    0.55 v _419_/A (sky130_fd_sc_hd__clkbuf_1)
     1    0.00    0.02    0.06    0.61 v _419_/X (sky130_fd_sc_hd__clkbuf_1)
                                         _021_ (net)
                  0.02    0.00    0.61 v _455_/D (sky130_fd_sc_hd__dfxtp_1)
                                  0.61   data arrival time

                          0.00    0.00   clock CLK100MHZ (rise edge)
                          0.00    0.00   clock source latency
     1    0.02    0.00    0.00    0.00 ^ CLK100MHZ (in)
                                         CLK100MHZ (net)
                  0.00    0.00    0.00 ^ clkbuf_0_CLK100MHZ/A (sky130_fd_sc_hd__clkbuf_16)
     2    0.02    0.03    0.08    0.08 ^ clkbuf_0_CLK100MHZ/X (sky130_fd_sc_hd__clkbuf_16)
                                         clknet_0_CLK100MHZ (net)
                  0.03    0.00    0.08 ^ clkbuf_1_0__f_CLK100MHZ/A (sky130_fd_sc_hd__clkbuf_16)
    16    0.06    0.06    0.11    0.18 ^ clkbuf_1_0__f_CLK100MHZ/X (sky130_fd_sc_hd__clkbuf_16)
                                         clknet_1_0__leaf_CLK100MHZ (net)
                  0.06    0.00    0.19 ^ _455_/CLK (sky130_fd_sc_hd__dfxtp_1)
                          0.20    0.39   clock uncertainty
                          0.00    0.39   clock reconvergence pessimism
                         -0.03    0.35   library hold time
                                  0.35   data required time
-----------------------------------------------------------------------------
                                  0.35   data required time
                                 -0.61   data arrival time
-----------------------------------------------------------------------------
                                  0.26   slack (MET)


Startpoint: _448_ (rising edge-triggered flip-flop clocked by CLK100MHZ)
Endpoint: _448_ (rising edge-triggered flip-flop clocked by CLK100MHZ)
Path Group: CLK100MHZ
Path Type: min
Corner: Fastest

Fanout     Cap    Slew   Delay    Time   Description
-----------------------------------------------------------------------------
                          0.00    0.00   clock CLK100MHZ (rise edge)
                          0.00    0.00   clock source latency
     1    0.02    0.00    0.00    0.00 ^ CLK100MHZ (in)
                                         CLK100MHZ (net)
                  0.00    0.00    0.00 ^ clkbuf_0_CLK100MHZ/A (sky130_fd_sc_hd__clkbuf_16)
     2    0.02    0.03    0.08    0.08 ^ clkbuf_0_CLK100MHZ/X (sky130_fd_sc_hd__clkbuf_16)
                                         clknet_0_CLK100MHZ (net)
                  0.03    0.00    0.08 ^ clkbuf_1_0__f_CLK100MHZ/A (sky130_fd_sc_hd__clkbuf_16)
    16    0.06    0.06    0.11    0.18 ^ clkbuf_1_0__f_CLK100MHZ/X (sky130_fd_sc_hd__clkbuf_16)
                                         clknet_1_0__leaf_CLK100MHZ (net)
                  0.06    0.00    0.18 ^ _448_/CLK (sky130_fd_sc_hd__dfxtp_1)
     2    0.01    0.09    0.23    0.42 ^ _448_/Q (sky130_fd_sc_hd__dfxtp_1)
                                         rf.regs[10][1] (net)
                  0.09    0.00    0.42 ^ _402_/A1 (sky130_fd_sc_hd__mux2_1)
     1    0.01    0.06    0.11    0.53 ^ _402_/X (sky130_fd_sc_hd__mux2_1)
                                         _042_ (net)
                  0.06    0.00    0.53 ^ _403_/A (sky130_fd_sc_hd__clkbuf_1)
     1    0.01    0.11    0.11    0.63 ^ _403_/X (sky130_fd_sc_hd__clkbuf_1)
                                         _014_ (net)
                  0.11    0.00    0.63 ^ _448_/D (sky130_fd_sc_hd__dfxtp_1)
                                  0.63   data arrival time

                          0.00    0.00   clock CLK100MHZ (rise edge)
                          0.00    0.00   clock source latency
     1    0.02    0.00    0.00    0.00 ^ CLK100MHZ (in)
                                         CLK100MHZ (net)
                  0.00    0.00    0.00 ^ clkbuf_0_CLK100MHZ/A (sky130_fd_sc_hd__clkbuf_16)
     2    0.02    0.03    0.08    0.08 ^ clkbuf_0_CLK100MHZ/X (sky130_fd_sc_hd__clkbuf_16)
                                         clknet_0_CLK100MHZ (net)
                  0.03    0.00    0.08 ^ clkbuf_1_0__f_CLK100MHZ/A (sky130_fd_sc_hd__clkbuf_16)
    16    0.06    0.06    0.11    0.18 ^ clkbuf_1_0__f_CLK100MHZ/X (sky130_fd_sc_hd__clkbuf_16)
                                         clknet_1_0__leaf_CLK100MHZ (net)
                  0.06    0.00    0.18 ^ _448_/CLK (sky130_fd_sc_hd__dfxtp_1)
                          0.20    0.38   clock uncertainty
                          0.00    0.38   clock reconvergence pessimism
                         -0.02    0.36   library hold time
                                  0.36   data required time
-----------------------------------------------------------------------------
                                  0.36   data required time
                                 -0.63   data arrival time
-----------------------------------------------------------------------------
                                  0.27   slack (MET)


Startpoint: _437_ (rising edge-triggered flip-flop clocked by CLK100MHZ)
Endpoint: _437_ (rising edge-triggered flip-flop clocked by CLK100MHZ)
Path Group: CLK100MHZ
Path Type: min
Corner: Fastest

Fanout     Cap    Slew   Delay    Time   Description
-----------------------------------------------------------------------------
                          0.00    0.00   clock CLK100MHZ (rise edge)
                          0.00    0.00   clock source latency
     1    0.02    0.00    0.00    0.00 ^ CLK100MHZ (in)
                                         CLK100MHZ (net)
                  0.00    0.00    0.00 ^ clkbuf_0_CLK100MHZ/A (sky130_fd_sc_hd__clkbuf_16)
     2    0.02    0.03    0.08    0.08 ^ clkbuf_0_CLK100MHZ/X (sky130_fd_sc_hd__clkbuf_16)
                                         clknet_0_CLK100MHZ (net)
                  0.03    0.00    0.08 ^ clkbuf_1_0__f_CLK100MHZ/A (sky130_fd_sc_hd__clkbuf_16)
    16    0.06    0.06    0.11    0.18 ^ clkbuf_1_0__f_CLK100MHZ/X (sky130_fd_sc_hd__clkbuf_16)
                                         clknet_1_0__leaf_CLK100MHZ (net)
                  0.06    0.00    0.19 ^ _437_/CLK (sky130_fd_sc_hd__dfxtp_1)
     2    0.02    0.12    0.26    0.44 ^ _437_/Q (sky130_fd_sc_hd__dfxtp_1)
                                         rf.regs[25][0] (net)
                  0.12    0.00    0.44 ^ _365_/A0 (sky130_fd_sc_hd__mux2_1)
     1    0.01    0.06    0.12    0.56 ^ _365_/X (sky130_fd_sc_hd__mux2_1)
                                         _200_ (net)
                  0.06    0.00    0.56 ^ _366_/A (sky130_fd_sc_hd__clkbuf_1)
     1    0.01    0.07    0.08    0.64 ^ _366_/X (sky130_fd_sc_hd__clkbuf_1)
                                         _003_ (net)
                  0.07    0.00    0.64 ^ _437_/D (sky130_fd_sc_hd__dfxtp_1)
                                  0.64   data arrival time

                          0.00    0.00   clock CLK100MHZ (rise edge)
                          0.00    0.00   clock source latency
     1    0.02    0.00    0.00    0.00 ^ CLK100MHZ (in)
                                         CLK100MHZ (net)
                  0.00    0.00    0.00 ^ clkbuf_0_CLK100MHZ/A (sky130_fd_sc_hd__clkbuf_16)
     2    0.02    0.03    0.08    0.08 ^ clkbuf_0_CLK100MHZ/X (sky130_fd_sc_hd__clkbuf_16)
                                         clknet_0_CLK100MHZ (net)
                  0.03    0.00    0.08 ^ clkbuf_1_0__f_CLK100MHZ/A (sky130_fd_sc_hd__clkbuf_16)
    16    0.06    0.06    0.11    0.18 ^ clkbuf_1_0__f_CLK100MHZ/X (sky130_fd_sc_hd__clkbuf_16)
                                         clknet_1_0__leaf_CLK100MHZ (net)
                  0.06    0.00    0.19 ^ _437_/CLK (sky130_fd_sc_hd__dfxtp_1)
                          0.20    0.39   clock uncertainty
                          0.00    0.39   clock reconvergence pessimism
                         -0.02    0.37   library hold time
                                  0.37   data required time
-----------------------------------------------------------------------------
                                  0.37   data required time
                                 -0.64   data arrival time
-----------------------------------------------------------------------------
                                  0.27   slack (MET)


Startpoint: _444_ (rising edge-triggered flip-flop clocked by CLK100MHZ)
Endpoint: _444_ (rising edge-triggered flip-flop clocked by CLK100MHZ)
Path Group: CLK100MHZ
Path Type: min
Corner: Fastest

Fanout     Cap    Slew   Delay    Time   Description
-----------------------------------------------------------------------------
                          0.00    0.00   clock CLK100MHZ (rise edge)
                          0.00    0.00   clock source latency
     1    0.02    0.00    0.00    0.00 ^ CLK100MHZ (in)
                                         CLK100MHZ (net)
                  0.00    0.00    0.00 ^ clkbuf_0_CLK100MHZ/A (sky130_fd_sc_hd__clkbuf_16)
     2    0.02    0.03    0.08    0.08 ^ clkbuf_0_CLK100MHZ/X (sky130_fd_sc_hd__clkbuf_16)
                                         clknet_0_CLK100MHZ (net)
                  0.03    0.00    0.08 ^ clkbuf_1_1__f_CLK100MHZ/A (sky130_fd_sc_hd__clkbuf_16)
    13    0.06    0.06    0.11    0.18 ^ clkbuf_1_1__f_CLK100MHZ/X (sky130_fd_sc_hd__clkbuf_16)
                                         clknet_1_1__leaf_CLK100MHZ (net)
                  0.06    0.00    0.18 ^ _444_/CLK (sky130_fd_sc_hd__dfxtp_1)
     2    0.02    0.15    0.28    0.46 ^ _444_/Q (sky130_fd_sc_hd__dfxtp_1)
                                         rf.regs[15][2] (net)
                  0.15    0.00    0.46 ^ _391_/A0 (sky130_fd_sc_hd__mux2_1)
     1    0.00    0.03    0.09    0.55 ^ _391_/X (sky130_fd_sc_hd__mux2_1)
                                         _035_ (net)
                  0.03    0.00    0.55 ^ _392_/A (sky130_fd_sc_hd__clkbuf_1)
     1    0.01    0.09    0.09    0.64 ^ _392_/X (sky130_fd_sc_hd__clkbuf_1)
                                         _010_ (net)
                  0.09    0.00    0.64 ^ _444_/D (sky130_fd_sc_hd__dfxtp_1)
                                  0.64   data arrival time

                          0.00    0.00   clock CLK100MHZ (rise edge)
                          0.00    0.00   clock source latency
     1    0.02    0.00    0.00    0.00 ^ CLK100MHZ (in)
                                         CLK100MHZ (net)
                  0.00    0.00    0.00 ^ clkbuf_0_CLK100MHZ/A (sky130_fd_sc_hd__clkbuf_16)
     2    0.02    0.03    0.08    0.08 ^ clkbuf_0_CLK100MHZ/X (sky130_fd_sc_hd__clkbuf_16)
                                         clknet_0_CLK100MHZ (net)
                  0.03    0.00    0.08 ^ clkbuf_1_1__f_CLK100MHZ/A (sky130_fd_sc_hd__clkbuf_16)
    13    0.06    0.06    0.11    0.18 ^ clkbuf_1_1__f_CLK100MHZ/X (sky130_fd_sc_hd__clkbuf_16)
                                         clknet_1_1__leaf_CLK100MHZ (net)
                  0.06    0.00    0.18 ^ _444_/CLK (sky130_fd_sc_hd__dfxtp_1)
                          0.20    0.38   clock uncertainty
                          0.00    0.38   clock reconvergence pessimism
                         -0.02    0.36   library hold time
                                  0.36   data required time
-----------------------------------------------------------------------------
                                  0.36   data required time
                                 -0.64   data arrival time
-----------------------------------------------------------------------------
                                  0.28   slack (MET)


Startpoint: _451_ (rising edge-triggered flip-flop clocked by CLK100MHZ)
Endpoint: _451_ (rising edge-triggered flip-flop clocked by CLK100MHZ)
Path Group: CLK100MHZ
Path Type: min
Corner: Fastest

Fanout     Cap    Slew   Delay    Time   Description
-----------------------------------------------------------------------------
                          0.00    0.00   clock CLK100MHZ (rise edge)
                          0.00    0.00   clock source latency
     1    0.02    0.00    0.00    0.00 ^ CLK100MHZ (in)
                                         CLK100MHZ (net)
                  0.00    0.00    0.00 ^ clkbuf_0_CLK100MHZ/A (sky130_fd_sc_hd__clkbuf_16)
     2    0.02    0.03    0.08    0.08 ^ clkbuf_0_CLK100MHZ/X (sky130_fd_sc_hd__clkbuf_16)
                                         clknet_0_CLK100MHZ (net)
                  0.03    0.00    0.08 ^ clkbuf_1_0__f_CLK100MHZ/A (sky130_fd_sc_hd__clkbuf_16)
    16    0.06    0.06    0.11    0.18 ^ clkbuf_1_0__f_CLK100MHZ/X (sky130_fd_sc_hd__clkbuf_16)
                                         clknet_1_0__leaf_CLK100MHZ (net)
                  0.06    0.00    0.19 ^ _451_/CLK (sky130_fd_sc_hd__dfxtp_1)
     2    0.02    0.12    0.26    0.44 ^ _451_/Q (sky130_fd_sc_hd__dfxtp_1)
                                         rf.regs[10][4] (net)
                  0.12    0.00    0.45 ^ _408_/A1 (sky130_fd_sc_hd__mux2_1)
     1    0.01    0.06    0.12    0.56 ^ _408_/X (sky130_fd_sc_hd__mux2_1)
                                         _045_ (net)
                  0.06    0.00    0.56 ^ _409_/A (sky130_fd_sc_hd__clkbuf_1)
     1    0.01    0.08    0.09    0.65 ^ _409_/X (sky130_fd_sc_hd__clkbuf_1)
                                         _017_ (net)
                  0.08    0.00    0.65 ^ _451_/D (sky130_fd_sc_hd__dfxtp_1)
                                  0.65   data arrival time

                          0.00    0.00   clock CLK100MHZ (rise edge)
                          0.00    0.00   clock source latency
     1    0.02    0.00    0.00    0.00 ^ CLK100MHZ (in)
                                         CLK100MHZ (net)
                  0.00    0.00    0.00 ^ clkbuf_0_CLK100MHZ/A (sky130_fd_sc_hd__clkbuf_16)
     2    0.02    0.03    0.08    0.08 ^ clkbuf_0_CLK100MHZ/X (sky130_fd_sc_hd__clkbuf_16)
                                         clknet_0_CLK100MHZ (net)
                  0.03    0.00    0.08 ^ clkbuf_1_0__f_CLK100MHZ/A (sky130_fd_sc_hd__clkbuf_16)
    16    0.06    0.06    0.11    0.18 ^ clkbuf_1_0__f_CLK100MHZ/X (sky130_fd_sc_hd__clkbuf_16)
                                         clknet_1_0__leaf_CLK100MHZ (net)
                  0.06    0.00    0.19 ^ _451_/CLK (sky130_fd_sc_hd__dfxtp_1)
                          0.20    0.39   clock uncertainty
                          0.00    0.39   clock reconvergence pessimism
                         -0.02    0.37   library hold time
                                  0.37   data required time
-----------------------------------------------------------------------------
                                  0.37   data required time
                                 -0.65   data arrival time
-----------------------------------------------------------------------------
                                  0.28   slack (MET)


Startpoint: _456_ (rising edge-triggered flip-flop clocked by CLK100MHZ)
Endpoint: _456_ (rising edge-triggered flip-flop clocked by CLK100MHZ)
Path Group: CLK100MHZ
Path Type: min
Corner: Fastest

Fanout     Cap    Slew   Delay    Time   Description
-----------------------------------------------------------------------------
                          0.00    0.00   clock CLK100MHZ (rise edge)
                          0.00    0.00   clock source latency
     1    0.02    0.00    0.00    0.00 ^ CLK100MHZ (in)
                                         CLK100MHZ (net)
                  0.00    0.00    0.00 ^ clkbuf_0_CLK100MHZ/A (sky130_fd_sc_hd__clkbuf_16)
     2    0.02    0.03    0.08    0.08 ^ clkbuf_0_CLK100MHZ/X (sky130_fd_sc_hd__clkbuf_16)
                                         clknet_0_CLK100MHZ (net)
                  0.03    0.00    0.08 ^ clkbuf_1_1__f_CLK100MHZ/A (sky130_fd_sc_hd__clkbuf_16)
    13    0.06    0.06    0.11    0.18 ^ clkbuf_1_1__f_CLK100MHZ/X (sky130_fd_sc_hd__clkbuf_16)
                                         clknet_1_1__leaf_CLK100MHZ (net)
                  0.06    0.00    0.18 ^ _456_/CLK (sky130_fd_sc_hd__dfxtp_1)
     3    0.02    0.07    0.24    0.42 v _456_/Q (sky130_fd_sc_hd__dfxtp_1)
                                         rf.regs[0][4] (net)
                  0.07    0.00    0.42 v _420_/A (sky130_fd_sc_hd__and2_1)
     1    0.01    0.03    0.11    0.53 v _420_/X (sky130_fd_sc_hd__and2_1)
                                         _052_ (net)
                  0.03    0.00    0.53 v _421_/A (sky130_fd_sc_hd__clkbuf_1)
     1    0.02    0.07    0.10    0.63 v _421_/X (sky130_fd_sc_hd__clkbuf_1)
                                         _022_ (net)
                  0.07    0.00    0.63 v _456_/D (sky130_fd_sc_hd__dfxtp_1)
                                  0.63   data arrival time

                          0.00    0.00   clock CLK100MHZ (rise edge)
                          0.00    0.00   clock source latency
     1    0.02    0.00    0.00    0.00 ^ CLK100MHZ (in)
                                         CLK100MHZ (net)
                  0.00    0.00    0.00 ^ clkbuf_0_CLK100MHZ/A (sky130_fd_sc_hd__clkbuf_16)
     2    0.02    0.03    0.08    0.08 ^ clkbuf_0_CLK100MHZ/X (sky130_fd_sc_hd__clkbuf_16)
                                         clknet_0_CLK100MHZ (net)
                  0.03    0.00    0.08 ^ clkbuf_1_1__f_CLK100MHZ/A (sky130_fd_sc_hd__clkbuf_16)
    13    0.06    0.06    0.11    0.18 ^ clkbuf_1_1__f_CLK100MHZ/X (sky130_fd_sc_hd__clkbuf_16)
                                         clknet_1_1__leaf_CLK100MHZ (net)
                  0.06    0.00    0.18 ^ _456_/CLK (sky130_fd_sc_hd__dfxtp_1)
                          0.20    0.38   clock uncertainty
                          0.00    0.38   clock reconvergence pessimism
                         -0.05    0.33   library hold time
                                  0.33   data required time
-----------------------------------------------------------------------------
                                  0.33   data required time
                                 -0.63   data arrival time
-----------------------------------------------------------------------------
                                  0.29   slack (MET)


Startpoint: _460_ (rising edge-triggered flip-flop clocked by CLK100MHZ)
Endpoint: _460_ (rising edge-triggered flip-flop clocked by CLK100MHZ)
Path Group: CLK100MHZ
Path Type: min
Corner: Fastest

Fanout     Cap    Slew   Delay    Time   Description
-----------------------------------------------------------------------------
                          0.00    0.00   clock CLK100MHZ (rise edge)
                          0.00    0.00   clock source latency
     1    0.02    0.00    0.00    0.00 ^ CLK100MHZ (in)
                                         CLK100MHZ (net)
                  0.00    0.00    0.00 ^ clkbuf_0_CLK100MHZ/A (sky130_fd_sc_hd__clkbuf_16)
     2    0.02    0.03    0.08    0.08 ^ clkbuf_0_CLK100MHZ/X (sky130_fd_sc_hd__clkbuf_16)
                                         clknet_0_CLK100MHZ (net)
                  0.03    0.00    0.08 ^ clkbuf_1_0__f_CLK100MHZ/A (sky130_fd_sc_hd__clkbuf_16)
    16    0.06    0.06    0.11    0.18 ^ clkbuf_1_0__f_CLK100MHZ/X (sky130_fd_sc_hd__clkbuf_16)
                                         clknet_1_0__leaf_CLK100MHZ (net)
                  0.06    0.00    0.19 ^ _460_/CLK (sky130_fd_sc_hd__dfxtp_1)
     2    0.02    0.13    0.26    0.45 ^ _460_/Q (sky130_fd_sc_hd__dfxtp_1)
                                         rf.regs[5][3] (net)
                  0.13    0.00    0.45 ^ _430_/A0 (sky130_fd_sc_hd__mux2_1)
     1    0.00    0.03    0.10    0.54 ^ _430_/X (sky130_fd_sc_hd__mux2_1)
                                         _058_ (net)
                  0.03    0.00    0.54 ^ _431_/A (sky130_fd_sc_hd__buf_1)
     1    0.01    0.12    0.12    0.66 ^ _431_/X (sky130_fd_sc_hd__buf_1)
                                         _026_ (net)
                  0.12    0.00    0.66 ^ _460_/D (sky130_fd_sc_hd__dfxtp_1)
                                  0.66   data arrival time

                          0.00    0.00   clock CLK100MHZ (rise edge)
                          0.00    0.00   clock source latency
     1    0.02    0.00    0.00    0.00 ^ CLK100MHZ (in)
                                         CLK100MHZ (net)
                  0.00    0.00    0.00 ^ clkbuf_0_CLK100MHZ/A (sky130_fd_sc_hd__clkbuf_16)
     2    0.02    0.03    0.08    0.08 ^ clkbuf_0_CLK100MHZ/X (sky130_fd_sc_hd__clkbuf_16)
                                         clknet_0_CLK100MHZ (net)
                  0.03    0.00    0.08 ^ clkbuf_1_0__f_CLK100MHZ/A (sky130_fd_sc_hd__clkbuf_16)
    16    0.06    0.06    0.11    0.18 ^ clkbuf_1_0__f_CLK100MHZ/X (sky130_fd_sc_hd__clkbuf_16)
                                         clknet_1_0__leaf_CLK100MHZ (net)
                  0.06    0.00    0.19 ^ _460_/CLK (sky130_fd_sc_hd__dfxtp_1)
                          0.20    0.39   clock uncertainty
                          0.00    0.39   clock reconvergence pessimism
                         -0.02    0.36   library hold time
                                  0.36   data required time
-----------------------------------------------------------------------------
                                  0.36   data required time
                                 -0.66   data arrival time
-----------------------------------------------------------------------------
                                  0.30   slack (MET)


Startpoint: _450_ (rising edge-triggered flip-flop clocked by CLK100MHZ)
Endpoint: _450_ (rising edge-triggered flip-flop clocked by CLK100MHZ)
Path Group: CLK100MHZ
Path Type: min
Corner: Fastest

Fanout     Cap    Slew   Delay    Time   Description
-----------------------------------------------------------------------------
                          0.00    0.00   clock CLK100MHZ (rise edge)
                          0.00    0.00   clock source latency
     1    0.02    0.00    0.00    0.00 ^ CLK100MHZ (in)
                                         CLK100MHZ (net)
                  0.00    0.00    0.00 ^ clkbuf_0_CLK100MHZ/A (sky130_fd_sc_hd__clkbuf_16)
     2    0.02    0.03    0.08    0.08 ^ clkbuf_0_CLK100MHZ/X (sky130_fd_sc_hd__clkbuf_16)
                                         clknet_0_CLK100MHZ (net)
                  0.03    0.00    0.08 ^ clkbuf_1_0__f_CLK100MHZ/A (sky130_fd_sc_hd__clkbuf_16)
    16    0.06    0.06    0.11    0.18 ^ clkbuf_1_0__f_CLK100MHZ/X (sky130_fd_sc_hd__clkbuf_16)
                                         clknet_1_0__leaf_CLK100MHZ (net)
                  0.06    0.00    0.19 ^ _450_/CLK (sky130_fd_sc_hd__dfxtp_1)
     2    0.02    0.17    0.29    0.48 ^ _450_/Q (sky130_fd_sc_hd__dfxtp_1)
                                         rf.regs[10][3] (net)
                  0.17    0.00    0.48 ^ _406_/A1 (sky130_fd_sc_hd__mux2_1)
     1    0.00    0.04    0.11    0.58 ^ _406_/X (sky130_fd_sc_hd__mux2_1)
                                         _044_ (net)
                  0.04    0.00    0.58 ^ _407_/A (sky130_fd_sc_hd__clkbuf_1)
     1    0.01    0.08    0.08    0.67 ^ _407_/X (sky130_fd_sc_hd__clkbuf_1)
                                         _016_ (net)
                  0.08    0.00    0.67 ^ _450_/D (sky130_fd_sc_hd__dfxtp_1)
                                  0.67   data arrival time

                          0.00    0.00   clock CLK100MHZ (rise edge)
                          0.00    0.00   clock source latency
     1    0.02    0.00    0.00    0.00 ^ CLK100MHZ (in)
                                         CLK100MHZ (net)
                  0.00    0.00    0.00 ^ clkbuf_0_CLK100MHZ/A (sky130_fd_sc_hd__clkbuf_16)
     2    0.02    0.03    0.08    0.08 ^ clkbuf_0_CLK100MHZ/X (sky130_fd_sc_hd__clkbuf_16)
                                         clknet_0_CLK100MHZ (net)
                  0.03    0.00    0.08 ^ clkbuf_1_0__f_CLK100MHZ/A (sky130_fd_sc_hd__clkbuf_16)
    16    0.06    0.06    0.11    0.18 ^ clkbuf_1_0__f_CLK100MHZ/X (sky130_fd_sc_hd__clkbuf_16)
                                         clknet_1_0__leaf_CLK100MHZ (net)
                  0.06    0.00    0.19 ^ _450_/CLK (sky130_fd_sc_hd__dfxtp_1)
                          0.20    0.39   clock uncertainty
                          0.00    0.39   clock reconvergence pessimism
                         -0.02    0.37   library hold time
                                  0.37   data required time
-----------------------------------------------------------------------------
                                  0.37   data required time
                                 -0.67   data arrival time
-----------------------------------------------------------------------------
                                  0.30   slack (MET)


Startpoint: _442_ (rising edge-triggered flip-flop clocked by CLK100MHZ)
Endpoint: _442_ (rising edge-triggered flip-flop clocked by CLK100MHZ)
Path Group: CLK100MHZ
Path Type: min
Corner: Fastest

Fanout     Cap    Slew   Delay    Time   Description
-----------------------------------------------------------------------------
                          0.00    0.00   clock CLK100MHZ (rise edge)
                          0.00    0.00   clock source latency
     1    0.02    0.00    0.00    0.00 ^ CLK100MHZ (in)
                                         CLK100MHZ (net)
                  0.00    0.00    0.00 ^ clkbuf_0_CLK100MHZ/A (sky130_fd_sc_hd__clkbuf_16)
     2    0.02    0.03    0.08    0.08 ^ clkbuf_0_CLK100MHZ/X (sky130_fd_sc_hd__clkbuf_16)
                                         clknet_0_CLK100MHZ (net)
                  0.03    0.00    0.08 ^ clkbuf_1_1__f_CLK100MHZ/A (sky130_fd_sc_hd__clkbuf_16)
    13    0.06    0.06    0.11    0.18 ^ clkbuf_1_1__f_CLK100MHZ/X (sky130_fd_sc_hd__clkbuf_16)
                                         clknet_1_1__leaf_CLK100MHZ (net)
                  0.06    0.00    0.18 ^ _442_/CLK (sky130_fd_sc_hd__dfxtp_1)
     2    0.02    0.14    0.27    0.45 ^ _442_/Q (sky130_fd_sc_hd__dfxtp_1)
                                         rf.regs[15][0] (net)
                  0.14    0.00    0.45 ^ _387_/A0 (sky130_fd_sc_hd__mux2_1)
     1    0.01    0.08    0.14    0.59 ^ _387_/X (sky130_fd_sc_hd__mux2_1)
                                         _033_ (net)
                  0.08    0.00    0.59 ^ _388_/A (sky130_fd_sc_hd__clkbuf_1)
     1    0.01    0.06    0.08    0.67 ^ _388_/X (sky130_fd_sc_hd__clkbuf_1)
                                         _008_ (net)
                  0.06    0.00    0.67 ^ _442_/D (sky130_fd_sc_hd__dfxtp_1)
                                  0.67   data arrival time

                          0.00    0.00   clock CLK100MHZ (rise edge)
                          0.00    0.00   clock source latency
     1    0.02    0.00    0.00    0.00 ^ CLK100MHZ (in)
                                         CLK100MHZ (net)
                  0.00    0.00    0.00 ^ clkbuf_0_CLK100MHZ/A (sky130_fd_sc_hd__clkbuf_16)
     2    0.02    0.03    0.08    0.08 ^ clkbuf_0_CLK100MHZ/X (sky130_fd_sc_hd__clkbuf_16)
                                         clknet_0_CLK100MHZ (net)
                  0.03    0.00    0.08 ^ clkbuf_1_1__f_CLK100MHZ/A (sky130_fd_sc_hd__clkbuf_16)
    13    0.06    0.06    0.11    0.18 ^ clkbuf_1_1__f_CLK100MHZ/X (sky130_fd_sc_hd__clkbuf_16)
                                         clknet_1_1__leaf_CLK100MHZ (net)
                  0.06    0.00    0.18 ^ _442_/CLK (sky130_fd_sc_hd__dfxtp_1)
                          0.20    0.38   clock uncertainty
                          0.00    0.38   clock reconvergence pessimism
                         -0.02    0.36   library hold time
                                  0.36   data required time
-----------------------------------------------------------------------------
                                  0.36   data required time
                                 -0.67   data arrival time
-----------------------------------------------------------------------------
                                  0.30   slack (MET)


Startpoint: _446_ (rising edge-triggered flip-flop clocked by CLK100MHZ)
Endpoint: _446_ (rising edge-triggered flip-flop clocked by CLK100MHZ)
Path Group: CLK100MHZ
Path Type: min
Corner: Fastest

Fanout     Cap    Slew   Delay    Time   Description
-----------------------------------------------------------------------------
                          0.00    0.00   clock CLK100MHZ (rise edge)
                          0.00    0.00   clock source latency
     1    0.02    0.00    0.00    0.00 ^ CLK100MHZ (in)
                                         CLK100MHZ (net)
                  0.00    0.00    0.00 ^ clkbuf_0_CLK100MHZ/A (sky130_fd_sc_hd__clkbuf_16)
     2    0.02    0.03    0.08    0.08 ^ clkbuf_0_CLK100MHZ/X (sky130_fd_sc_hd__clkbuf_16)
                                         clknet_0_CLK100MHZ (net)
                  0.03    0.00    0.08 ^ clkbuf_1_1__f_CLK100MHZ/A (sky130_fd_sc_hd__clkbuf_16)
    13    0.06    0.06    0.11    0.18 ^ clkbuf_1_1__f_CLK100MHZ/X (sky130_fd_sc_hd__clkbuf_16)
                                         clknet_1_1__leaf_CLK100MHZ (net)
                  0.06    0.00    0.18 ^ _446_/CLK (sky130_fd_sc_hd__dfxtp_1)
     2    0.02    0.12    0.25    0.44 ^ _446_/Q (sky130_fd_sc_hd__dfxtp_1)
                                         rf.regs[15][4] (net)
                  0.12    0.00    0.44 ^ _395_/A0 (sky130_fd_sc_hd__mux2_1)
     1    0.01    0.08    0.13    0.57 ^ _395_/X (sky130_fd_sc_hd__mux2_1)
                                         _037_ (net)
                  0.08    0.00    0.57 ^ _396_/A (sky130_fd_sc_hd__clkbuf_1)
     1    0.01    0.09    0.10    0.67 ^ _396_/X (sky130_fd_sc_hd__clkbuf_1)
                                         _012_ (net)
                  0.09    0.00    0.67 ^ _446_/D (sky130_fd_sc_hd__dfxtp_1)
                                  0.67   data arrival time

                          0.00    0.00   clock CLK100MHZ (rise edge)
                          0.00    0.00   clock source latency
     1    0.02    0.00    0.00    0.00 ^ CLK100MHZ (in)
                                         CLK100MHZ (net)
                  0.00    0.00    0.00 ^ clkbuf_0_CLK100MHZ/A (sky130_fd_sc_hd__clkbuf_16)
     2    0.02    0.03    0.08    0.08 ^ clkbuf_0_CLK100MHZ/X (sky130_fd_sc_hd__clkbuf_16)
                                         clknet_0_CLK100MHZ (net)
                  0.03    0.00    0.08 ^ clkbuf_1_1__f_CLK100MHZ/A (sky130_fd_sc_hd__clkbuf_16)
    13    0.06    0.06    0.11    0.18 ^ clkbuf_1_1__f_CLK100MHZ/X (sky130_fd_sc_hd__clkbuf_16)
                                         clknet_1_1__leaf_CLK100MHZ (net)
                  0.06    0.00    0.18 ^ _446_/CLK (sky130_fd_sc_hd__dfxtp_1)
                          0.20    0.38   clock uncertainty
                          0.00    0.38   clock reconvergence pessimism
                         -0.02    0.36   library hold time
                                  0.36   data required time
-----------------------------------------------------------------------------
                                  0.36   data required time
                                 -0.67   data arrival time
-----------------------------------------------------------------------------
                                  0.31   slack (MET)


Startpoint: _452_ (rising edge-triggered flip-flop clocked by CLK100MHZ)
Endpoint: _452_ (rising edge-triggered flip-flop clocked by CLK100MHZ)
Path Group: CLK100MHZ
Path Type: min
Corner: Fastest

Fanout     Cap    Slew   Delay    Time   Description
-----------------------------------------------------------------------------
                          0.00    0.00   clock CLK100MHZ (rise edge)
                          0.00    0.00   clock source latency
     1    0.02    0.00    0.00    0.00 ^ CLK100MHZ (in)
                                         CLK100MHZ (net)
                  0.00    0.00    0.00 ^ clkbuf_0_CLK100MHZ/A (sky130_fd_sc_hd__clkbuf_16)
     2    0.02    0.03    0.08    0.08 ^ clkbuf_0_CLK100MHZ/X (sky130_fd_sc_hd__clkbuf_16)
                                         clknet_0_CLK100MHZ (net)
                  0.03    0.00    0.08 ^ clkbuf_1_1__f_CLK100MHZ/A (sky130_fd_sc_hd__clkbuf_16)
    13    0.06    0.06    0.11    0.18 ^ clkbuf_1_1__f_CLK100MHZ/X (sky130_fd_sc_hd__clkbuf_16)
                                         clknet_1_1__leaf_CLK100MHZ (net)
                  0.06    0.00    0.18 ^ _452_/CLK (sky130_fd_sc_hd__dfxtp_1)
     3    0.03    0.10    0.26    0.44 v _452_/Q (sky130_fd_sc_hd__dfxtp_1)
                                         rf.regs[0][0] (net)
                  0.10    0.00    0.44 v _412_/A (sky130_fd_sc_hd__and2_1)
     1    0.02    0.07    0.15    0.60 v _412_/X (sky130_fd_sc_hd__and2_1)
                                         _048_ (net)
                  0.07    0.00    0.60 v _413_/A (sky130_fd_sc_hd__clkbuf_1)
     1    0.00    0.02    0.08    0.67 v _413_/X (sky130_fd_sc_hd__clkbuf_1)
                                         _018_ (net)
                  0.02    0.00    0.67 v _452_/D (sky130_fd_sc_hd__dfxtp_1)
                                  0.67   data arrival time

                          0.00    0.00   clock CLK100MHZ (rise edge)
                          0.00    0.00   clock source latency
     1    0.02    0.00    0.00    0.00 ^ CLK100MHZ (in)
                                         CLK100MHZ (net)
                  0.00    0.00    0.00 ^ clkbuf_0_CLK100MHZ/A (sky130_fd_sc_hd__clkbuf_16)
     2    0.02    0.03    0.08    0.08 ^ clkbuf_0_CLK100MHZ/X (sky130_fd_sc_hd__clkbuf_16)
                                         clknet_0_CLK100MHZ (net)
                  0.03    0.00    0.08 ^ clkbuf_1_1__f_CLK100MHZ/A (sky130_fd_sc_hd__clkbuf_16)
    13    0.06    0.06    0.11    0.18 ^ clkbuf_1_1__f_CLK100MHZ/X (sky130_fd_sc_hd__clkbuf_16)
                                         clknet_1_1__leaf_CLK100MHZ (net)
                  0.06    0.00    0.18 ^ _452_/CLK (sky130_fd_sc_hd__dfxtp_1)
                          0.20    0.38   clock uncertainty
                          0.00    0.38   clock reconvergence pessimism
                         -0.04    0.35   library hold time
                                  0.35   data required time
-----------------------------------------------------------------------------
                                  0.35   data required time
                                 -0.67   data arrival time
-----------------------------------------------------------------------------
                                  0.32   slack (MET)


Startpoint: _454_ (rising edge-triggered flip-flop clocked by CLK100MHZ)
Endpoint: _454_ (rising edge-triggered flip-flop clocked by CLK100MHZ)
Path Group: CLK100MHZ
Path Type: min
Corner: Fastest

Fanout     Cap    Slew   Delay    Time   Description
-----------------------------------------------------------------------------
                          0.00    0.00   clock CLK100MHZ (rise edge)
                          0.00    0.00   clock source latency
     1    0.02    0.00    0.00    0.00 ^ CLK100MHZ (in)
                                         CLK100MHZ (net)
                  0.00    0.00    0.00 ^ clkbuf_0_CLK100MHZ/A (sky130_fd_sc_hd__clkbuf_16)
     2    0.02    0.03    0.08    0.08 ^ clkbuf_0_CLK100MHZ/X (sky130_fd_sc_hd__clkbuf_16)
                                         clknet_0_CLK100MHZ (net)
                  0.03    0.00    0.08 ^ clkbuf_1_0__f_CLK100MHZ/A (sky130_fd_sc_hd__clkbuf_16)
    16    0.06    0.06    0.11    0.18 ^ clkbuf_1_0__f_CLK100MHZ/X (sky130_fd_sc_hd__clkbuf_16)
                                         clknet_1_0__leaf_CLK100MHZ (net)
                  0.06    0.00    0.19 ^ _454_/CLK (sky130_fd_sc_hd__dfxtp_1)
     3    0.02    0.07    0.24    0.42 v _454_/Q (sky130_fd_sc_hd__dfxtp_1)
                                         rf.regs[0][2] (net)
                  0.07    0.00    0.42 v _416_/A (sky130_fd_sc_hd__and2_1)
     1    0.02    0.08    0.15    0.57 v _416_/X (sky130_fd_sc_hd__and2_1)
                                         _050_ (net)
                  0.08    0.00    0.57 v _417_/A (sky130_fd_sc_hd__buf_1)
     1    0.01    0.05    0.10    0.67 v _417_/X (sky130_fd_sc_hd__buf_1)
                                         _020_ (net)
                  0.05    0.00    0.67 v _454_/D (sky130_fd_sc_hd__dfxtp_1)
                                  0.67   data arrival time

                          0.00    0.00   clock CLK100MHZ (rise edge)
                          0.00    0.00   clock source latency
     1    0.02    0.00    0.00    0.00 ^ CLK100MHZ (in)
                                         CLK100MHZ (net)
                  0.00    0.00    0.00 ^ clkbuf_0_CLK100MHZ/A (sky130_fd_sc_hd__clkbuf_16)
     2    0.02    0.03    0.08    0.08 ^ clkbuf_0_CLK100MHZ/X (sky130_fd_sc_hd__clkbuf_16)
                                         clknet_0_CLK100MHZ (net)
                  0.03    0.00    0.08 ^ clkbuf_1_0__f_CLK100MHZ/A (sky130_fd_sc_hd__clkbuf_16)
    16    0.06    0.06    0.11    0.18 ^ clkbuf_1_0__f_CLK100MHZ/X (sky130_fd_sc_hd__clkbuf_16)
                                         clknet_1_0__leaf_CLK100MHZ (net)
                  0.06    0.00    0.19 ^ _454_/CLK (sky130_fd_sc_hd__dfxtp_1)
                          0.20    0.39   clock uncertainty
                          0.00    0.39   clock reconvergence pessimism
                         -0.04    0.34   library hold time
                                  0.34   data required time
-----------------------------------------------------------------------------
                                  0.34   data required time
                                 -0.67   data arrival time
-----------------------------------------------------------------------------
                                  0.33   slack (MET)


Startpoint: _439_ (rising edge-triggered flip-flop clocked by CLK100MHZ)
Endpoint: _439_ (rising edge-triggered flip-flop clocked by CLK100MHZ)
Path Group: CLK100MHZ
Path Type: min
Corner: Fastest

Fanout     Cap    Slew   Delay    Time   Description
-----------------------------------------------------------------------------
                          0.00    0.00   clock CLK100MHZ (rise edge)
                          0.00    0.00   clock source latency
     1    0.02    0.00    0.00    0.00 ^ CLK100MHZ (in)
                                         CLK100MHZ (net)
                  0.00    0.00    0.00 ^ clkbuf_0_CLK100MHZ/A (sky130_fd_sc_hd__clkbuf_16)
     2    0.02    0.03    0.08    0.08 ^ clkbuf_0_CLK100MHZ/X (sky130_fd_sc_hd__clkbuf_16)
                                         clknet_0_CLK100MHZ (net)
                  0.03    0.00    0.08 ^ clkbuf_1_1__f_CLK100MHZ/A (sky130_fd_sc_hd__clkbuf_16)
    13    0.06    0.06    0.11    0.18 ^ clkbuf_1_1__f_CLK100MHZ/X (sky130_fd_sc_hd__clkbuf_16)
                                         clknet_1_1__leaf_CLK100MHZ (net)
                  0.06    0.00    0.18 ^ _439_/CLK (sky130_fd_sc_hd__dfxtp_1)
     2    0.01    0.09    0.24    0.42 ^ _439_/Q (sky130_fd_sc_hd__dfxtp_1)
                                         rf.regs[25][2] (net)
                  0.09    0.00    0.42 ^ _369_/A0 (sky130_fd_sc_hd__mux2_1)
     1    0.02    0.14    0.17    0.59 ^ _369_/X (sky130_fd_sc_hd__mux2_1)
                                         _202_ (net)
                  0.14    0.00    0.59 ^ _370_/A (sky130_fd_sc_hd__clkbuf_1)
     1    0.01    0.10    0.10    0.69 ^ _370_/X (sky130_fd_sc_hd__clkbuf_1)
                                         _005_ (net)
                  0.10    0.00    0.69 ^ _439_/D (sky130_fd_sc_hd__dfxtp_1)
                                  0.69   data arrival time

                          0.00    0.00   clock CLK100MHZ (rise edge)
                          0.00    0.00   clock source latency
     1    0.02    0.00    0.00    0.00 ^ CLK100MHZ (in)
                                         CLK100MHZ (net)
                  0.00    0.00    0.00 ^ clkbuf_0_CLK100MHZ/A (sky130_fd_sc_hd__clkbuf_16)
     2    0.02    0.03    0.08    0.08 ^ clkbuf_0_CLK100MHZ/X (sky130_fd_sc_hd__clkbuf_16)
                                         clknet_0_CLK100MHZ (net)
                  0.03    0.00    0.08 ^ clkbuf_1_1__f_CLK100MHZ/A (sky130_fd_sc_hd__clkbuf_16)
    13    0.06    0.06    0.11    0.18 ^ clkbuf_1_1__f_CLK100MHZ/X (sky130_fd_sc_hd__clkbuf_16)
                                         clknet_1_1__leaf_CLK100MHZ (net)
                  0.06    0.00    0.18 ^ _439_/CLK (sky130_fd_sc_hd__dfxtp_1)
                          0.20    0.38   clock uncertainty
                          0.00    0.38   clock reconvergence pessimism
                         -0.02    0.36   library hold time
                                  0.36   data required time
-----------------------------------------------------------------------------
                                  0.36   data required time
                                 -0.69   data arrival time
-----------------------------------------------------------------------------
                                  0.33   slack (MET)


Startpoint: _459_ (rising edge-triggered flip-flop clocked by CLK100MHZ)
Endpoint: _459_ (rising edge-triggered flip-flop clocked by CLK100MHZ)
Path Group: CLK100MHZ
Path Type: min
Corner: Fastest

Fanout     Cap    Slew   Delay    Time   Description
-----------------------------------------------------------------------------
                          0.00    0.00   clock CLK100MHZ (rise edge)
                          0.00    0.00   clock source latency
     1    0.02    0.00    0.00    0.00 ^ CLK100MHZ (in)
                                         CLK100MHZ (net)
                  0.00    0.00    0.00 ^ clkbuf_0_CLK100MHZ/A (sky130_fd_sc_hd__clkbuf_16)
     2    0.02    0.03    0.08    0.08 ^ clkbuf_0_CLK100MHZ/X (sky130_fd_sc_hd__clkbuf_16)
                                         clknet_0_CLK100MHZ (net)
                  0.03    0.00    0.08 ^ clkbuf_1_0__f_CLK100MHZ/A (sky130_fd_sc_hd__clkbuf_16)
    16    0.06    0.06    0.11    0.18 ^ clkbuf_1_0__f_CLK100MHZ/X (sky130_fd_sc_hd__clkbuf_16)
                                         clknet_1_0__leaf_CLK100MHZ (net)
                  0.06    0.00    0.19 ^ _459_/CLK (sky130_fd_sc_hd__dfxtp_1)
     2    0.02    0.16    0.29    0.47 ^ _459_/Q (sky130_fd_sc_hd__dfxtp_1)
                                         rf.regs[5][2] (net)
                  0.16    0.00    0.47 ^ _428_/A0 (sky130_fd_sc_hd__mux2_1)
     1    0.01    0.06    0.12    0.60 ^ _428_/X (sky130_fd_sc_hd__mux2_1)
                                         _057_ (net)
                  0.06    0.00    0.60 ^ _429_/A (sky130_fd_sc_hd__buf_1)
     1    0.01    0.11    0.11    0.71 ^ _429_/X (sky130_fd_sc_hd__buf_1)
                                         _025_ (net)
                  0.11    0.00    0.71 ^ _459_/D (sky130_fd_sc_hd__dfxtp_1)
                                  0.71   data arrival time

                          0.00    0.00   clock CLK100MHZ (rise edge)
                          0.00    0.00   clock source latency
     1    0.02    0.00    0.00    0.00 ^ CLK100MHZ (in)
                                         CLK100MHZ (net)
                  0.00    0.00    0.00 ^ clkbuf_0_CLK100MHZ/A (sky130_fd_sc_hd__clkbuf_16)
     2    0.02    0.03    0.08    0.08 ^ clkbuf_0_CLK100MHZ/X (sky130_fd_sc_hd__clkbuf_16)
                                         clknet_0_CLK100MHZ (net)
                  0.03    0.00    0.08 ^ clkbuf_1_0__f_CLK100MHZ/A (sky130_fd_sc_hd__clkbuf_16)
    16    0.06    0.06    0.11    0.18 ^ clkbuf_1_0__f_CLK100MHZ/X (sky130_fd_sc_hd__clkbuf_16)
                                         clknet_1_0__leaf_CLK100MHZ (net)
                  0.06    0.00    0.19 ^ _459_/CLK (sky130_fd_sc_hd__dfxtp_1)
                          0.20    0.39   clock uncertainty
                          0.00    0.39   clock reconvergence pessimism
                         -0.02    0.36   library hold time
                                  0.36   data required time
-----------------------------------------------------------------------------
                                  0.36   data required time
                                 -0.71   data arrival time
-----------------------------------------------------------------------------
                                  0.34   slack (MET)


Startpoint: _457_ (rising edge-triggered flip-flop clocked by CLK100MHZ)
Endpoint: _457_ (rising edge-triggered flip-flop clocked by CLK100MHZ)
Path Group: CLK100MHZ
Path Type: min
Corner: Fastest

Fanout     Cap    Slew   Delay    Time   Description
-----------------------------------------------------------------------------
                          0.00    0.00   clock CLK100MHZ (rise edge)
                          0.00    0.00   clock source latency
     1    0.02    0.00    0.00    0.00 ^ CLK100MHZ (in)
                                         CLK100MHZ (net)
                  0.00    0.00    0.00 ^ clkbuf_0_CLK100MHZ/A (sky130_fd_sc_hd__clkbuf_16)
     2    0.02    0.03    0.08    0.08 ^ clkbuf_0_CLK100MHZ/X (sky130_fd_sc_hd__clkbuf_16)
                                         clknet_0_CLK100MHZ (net)
                  0.03    0.00    0.08 ^ clkbuf_1_1__f_CLK100MHZ/A (sky130_fd_sc_hd__clkbuf_16)
    13    0.06    0.06    0.11    0.18 ^ clkbuf_1_1__f_CLK100MHZ/X (sky130_fd_sc_hd__clkbuf_16)
                                         clknet_1_1__leaf_CLK100MHZ (net)
                  0.06    0.00    0.18 ^ _457_/CLK (sky130_fd_sc_hd__dfxtp_1)
     2    0.02    0.12    0.26    0.44 ^ _457_/Q (sky130_fd_sc_hd__dfxtp_1)
                                         rf.regs[5][0] (net)
                  0.12    0.00    0.44 ^ _424_/A0 (sky130_fd_sc_hd__mux2_1)
     1    0.01    0.08    0.13    0.57 ^ _424_/X (sky130_fd_sc_hd__mux2_1)
                                         _055_ (net)
                  0.08    0.00    0.57 ^ _425_/A (sky130_fd_sc_hd__clkbuf_1)
     1    0.02    0.14    0.13    0.70 ^ _425_/X (sky130_fd_sc_hd__clkbuf_1)
                                         _023_ (net)
                  0.14    0.00    0.70 ^ _457_/D (sky130_fd_sc_hd__dfxtp_1)
                                  0.70   data arrival time

                          0.00    0.00   clock CLK100MHZ (rise edge)
                          0.00    0.00   clock source latency
     1    0.02    0.00    0.00    0.00 ^ CLK100MHZ (in)
                                         CLK100MHZ (net)
                  0.00    0.00    0.00 ^ clkbuf_0_CLK100MHZ/A (sky130_fd_sc_hd__clkbuf_16)
     2    0.02    0.03    0.08    0.08 ^ clkbuf_0_CLK100MHZ/X (sky130_fd_sc_hd__clkbuf_16)
                                         clknet_0_CLK100MHZ (net)
                  0.03    0.00    0.08 ^ clkbuf_1_1__f_CLK100MHZ/A (sky130_fd_sc_hd__clkbuf_16)
    13    0.06    0.06    0.11    0.18 ^ clkbuf_1_1__f_CLK100MHZ/X (sky130_fd_sc_hd__clkbuf_16)
                                         clknet_1_1__leaf_CLK100MHZ (net)
                  0.06    0.00    0.18 ^ _457_/CLK (sky130_fd_sc_hd__dfxtp_1)
                          0.20    0.38   clock uncertainty
                          0.00    0.38   clock reconvergence pessimism
                         -0.02    0.36   library hold time
                                  0.36   data required time
-----------------------------------------------------------------------------
                                  0.36   data required time
                                 -0.70   data arrival time
-----------------------------------------------------------------------------
                                  0.35   slack (MET)


Startpoint: _438_ (rising edge-triggered flip-flop clocked by CLK100MHZ)
Endpoint: _438_ (rising edge-triggered flip-flop clocked by CLK100MHZ)
Path Group: CLK100MHZ
Path Type: min
Corner: Fastest

Fanout     Cap    Slew   Delay    Time   Description
-----------------------------------------------------------------------------
                          0.00    0.00   clock CLK100MHZ (rise edge)
                          0.00    0.00   clock source latency
     1    0.02    0.00    0.00    0.00 ^ CLK100MHZ (in)
                                         CLK100MHZ (net)
                  0.00    0.00    0.00 ^ clkbuf_0_CLK100MHZ/A (sky130_fd_sc_hd__clkbuf_16)
     2    0.02    0.03    0.08    0.08 ^ clkbuf_0_CLK100MHZ/X (sky130_fd_sc_hd__clkbuf_16)
                                         clknet_0_CLK100MHZ (net)
                  0.03    0.00    0.08 ^ clkbuf_1_1__f_CLK100MHZ/A (sky130_fd_sc_hd__clkbuf_16)
    13    0.06    0.06    0.11    0.18 ^ clkbuf_1_1__f_CLK100MHZ/X (sky130_fd_sc_hd__clkbuf_16)
                                         clknet_1_1__leaf_CLK100MHZ (net)
                  0.06    0.00    0.18 ^ _438_/CLK (sky130_fd_sc_hd__dfxtp_1)
     3    0.03    0.18    0.30    0.48 ^ _438_/Q (sky130_fd_sc_hd__dfxtp_1)
                                         rf.regs[25][1] (net)
                  0.18    0.00    0.48 ^ _367_/A0 (sky130_fd_sc_hd__mux2_1)
     1    0.01    0.08    0.14    0.62 ^ _367_/X (sky130_fd_sc_hd__mux2_1)
                                         _201_ (net)
                  0.08    0.00    0.62 ^ _368_/A (sky130_fd_sc_hd__clkbuf_1)
     1    0.01    0.09    0.10    0.72 ^ _368_/X (sky130_fd_sc_hd__clkbuf_1)
                                         _004_ (net)
                  0.09    0.00    0.72 ^ _438_/D (sky130_fd_sc_hd__dfxtp_1)
                                  0.72   data arrival time

                          0.00    0.00   clock CLK100MHZ (rise edge)
                          0.00    0.00   clock source latency
     1    0.02    0.00    0.00    0.00 ^ CLK100MHZ (in)
                                         CLK100MHZ (net)
                  0.00    0.00    0.00 ^ clkbuf_0_CLK100MHZ/A (sky130_fd_sc_hd__clkbuf_16)
     2    0.02    0.03    0.08    0.08 ^ clkbuf_0_CLK100MHZ/X (sky130_fd_sc_hd__clkbuf_16)
                                         clknet_0_CLK100MHZ (net)
                  0.03    0.00    0.08 ^ clkbuf_1_1__f_CLK100MHZ/A (sky130_fd_sc_hd__clkbuf_16)
    13    0.06    0.06    0.11    0.18 ^ clkbuf_1_1__f_CLK100MHZ/X (sky130_fd_sc_hd__clkbuf_16)
                                         clknet_1_1__leaf_CLK100MHZ (net)
                  0.06    0.00    0.18 ^ _438_/CLK (sky130_fd_sc_hd__dfxtp_1)
                          0.20    0.38   clock uncertainty
                          0.00    0.38   clock reconvergence pessimism
                         -0.02    0.36   library hold time
                                  0.36   data required time
-----------------------------------------------------------------------------
                                  0.36   data required time
                                 -0.72   data arrival time
-----------------------------------------------------------------------------
                                  0.36   slack (MET)


Startpoint: _443_ (rising edge-triggered flip-flop clocked by CLK100MHZ)
Endpoint: _443_ (rising edge-triggered flip-flop clocked by CLK100MHZ)
Path Group: CLK100MHZ
Path Type: min
Corner: Fastest

Fanout     Cap    Slew   Delay    Time   Description
-----------------------------------------------------------------------------
                          0.00    0.00   clock CLK100MHZ (rise edge)
                          0.00    0.00   clock source latency
     1    0.02    0.00    0.00    0.00 ^ CLK100MHZ (in)
                                         CLK100MHZ (net)
                  0.00    0.00    0.00 ^ clkbuf_0_CLK100MHZ/A (sky130_fd_sc_hd__clkbuf_16)
     2    0.02    0.03    0.08    0.08 ^ clkbuf_0_CLK100MHZ/X (sky130_fd_sc_hd__clkbuf_16)
                                         clknet_0_CLK100MHZ (net)
                  0.03    0.00    0.08 ^ clkbuf_1_0__f_CLK100MHZ/A (sky130_fd_sc_hd__clkbuf_16)
    16    0.06    0.06    0.11    0.18 ^ clkbuf_1_0__f_CLK100MHZ/X (sky130_fd_sc_hd__clkbuf_16)
                                         clknet_1_0__leaf_CLK100MHZ (net)
                  0.06    0.00    0.19 ^ _443_/CLK (sky130_fd_sc_hd__dfxtp_1)
     2    0.02    0.12    0.26    0.44 ^ _443_/Q (sky130_fd_sc_hd__dfxtp_1)
                                         rf.regs[15][1] (net)
                  0.12    0.00    0.44 ^ _389_/A0 (sky130_fd_sc_hd__mux2_1)
     1    0.01    0.06    0.12    0.56 ^ _389_/X (sky130_fd_sc_hd__mux2_1)
                                         _034_ (net)
                  0.06    0.00    0.56 ^ _390_/A (sky130_fd_sc_hd__buf_1)
     1    0.02    0.19    0.17    0.73 ^ _390_/X (sky130_fd_sc_hd__buf_1)
                                         _009_ (net)
                  0.19    0.00    0.73 ^ _443_/D (sky130_fd_sc_hd__dfxtp_1)
                                  0.73   data arrival time

                          0.00    0.00   clock CLK100MHZ (rise edge)
                          0.00    0.00   clock source latency
     1    0.02    0.00    0.00    0.00 ^ CLK100MHZ (in)
                                         CLK100MHZ (net)
                  0.00    0.00    0.00 ^ clkbuf_0_CLK100MHZ/A (sky130_fd_sc_hd__clkbuf_16)
     2    0.02    0.03    0.08    0.08 ^ clkbuf_0_CLK100MHZ/X (sky130_fd_sc_hd__clkbuf_16)
                                         clknet_0_CLK100MHZ (net)
                  0.03    0.00    0.08 ^ clkbuf_1_0__f_CLK100MHZ/A (sky130_fd_sc_hd__clkbuf_16)
    16    0.06    0.06    0.11    0.18 ^ clkbuf_1_0__f_CLK100MHZ/X (sky130_fd_sc_hd__clkbuf_16)
                                         clknet_1_0__leaf_CLK100MHZ (net)
                  0.06    0.00    0.19 ^ _443_/CLK (sky130_fd_sc_hd__dfxtp_1)
                          0.20    0.39   clock uncertainty
                          0.00    0.39   clock reconvergence pessimism
                         -0.03    0.36   library hold time
                                  0.36   data required time
-----------------------------------------------------------------------------
                                  0.36   data required time
                                 -0.73   data arrival time
-----------------------------------------------------------------------------
                                  0.37   slack (MET)


Startpoint: _441_ (rising edge-triggered flip-flop clocked by CLK100MHZ)
Endpoint: _441_ (rising edge-triggered flip-flop clocked by CLK100MHZ)
Path Group: CLK100MHZ
Path Type: min
Corner: Fastest

Fanout     Cap    Slew   Delay    Time   Description
-----------------------------------------------------------------------------
                          0.00    0.00   clock CLK100MHZ (rise edge)
                          0.00    0.00   clock source latency
     1    0.02    0.00    0.00    0.00 ^ CLK100MHZ (in)
                                         CLK100MHZ (net)
                  0.00    0.00    0.00 ^ clkbuf_0_CLK100MHZ/A (sky130_fd_sc_hd__clkbuf_16)
     2    0.02    0.03    0.08    0.08 ^ clkbuf_0_CLK100MHZ/X (sky130_fd_sc_hd__clkbuf_16)
                                         clknet_0_CLK100MHZ (net)
                  0.03    0.00    0.08 ^ clkbuf_1_0__f_CLK100MHZ/A (sky130_fd_sc_hd__clkbuf_16)
    16    0.06    0.06    0.11    0.18 ^ clkbuf_1_0__f_CLK100MHZ/X (sky130_fd_sc_hd__clkbuf_16)
                                         clknet_1_0__leaf_CLK100MHZ (net)
                  0.06    0.00    0.19 ^ _441_/CLK (sky130_fd_sc_hd__dfxtp_1)
     2    0.03    0.20    0.31    0.50 ^ _441_/Q (sky130_fd_sc_hd__dfxtp_1)
                                         rf.regs[25][4] (net)
                  0.20    0.00    0.50 ^ _383_/A0 (sky130_fd_sc_hd__mux2_1)
     1    0.01    0.09    0.14    0.64 ^ _383_/X (sky130_fd_sc_hd__mux2_1)
                                         _214_ (net)
                  0.09    0.00    0.64 ^ _384_/A (sky130_fd_sc_hd__buf_1)
     1    0.02    0.14    0.13    0.78 ^ _384_/X (sky130_fd_sc_hd__buf_1)
                                         _007_ (net)
                  0.14    0.00    0.78 ^ _441_/D (sky130_fd_sc_hd__dfxtp_1)
                                  0.78   data arrival time

                          0.00    0.00   clock CLK100MHZ (rise edge)
                          0.00    0.00   clock source latency
     1    0.02    0.00    0.00    0.00 ^ CLK100MHZ (in)
                                         CLK100MHZ (net)
                  0.00    0.00    0.00 ^ clkbuf_0_CLK100MHZ/A (sky130_fd_sc_hd__clkbuf_16)
     2    0.02    0.03    0.08    0.08 ^ clkbuf_0_CLK100MHZ/X (sky130_fd_sc_hd__clkbuf_16)
                                         clknet_0_CLK100MHZ (net)
                  0.03    0.00    0.08 ^ clkbuf_1_0__f_CLK100MHZ/A (sky130_fd_sc_hd__clkbuf_16)
    16    0.06    0.06    0.11    0.18 ^ clkbuf_1_0__f_CLK100MHZ/X (sky130_fd_sc_hd__clkbuf_16)
                                         clknet_1_0__leaf_CLK100MHZ (net)
                  0.06    0.00    0.19 ^ _441_/CLK (sky130_fd_sc_hd__dfxtp_1)
                          0.20    0.39   clock uncertainty
                          0.00    0.39   clock reconvergence pessimism
                         -0.02    0.36   library hold time
                                  0.36   data required time
-----------------------------------------------------------------------------
                                  0.36   data required time
                                 -0.78   data arrival time
-----------------------------------------------------------------------------
                                  0.42   slack (MET)


Startpoint: _449_ (rising edge-triggered flip-flop clocked by CLK100MHZ)
Endpoint: _449_ (rising edge-triggered flip-flop clocked by CLK100MHZ)
Path Group: CLK100MHZ
Path Type: min
Corner: Fastest

Fanout     Cap    Slew   Delay    Time   Description
-----------------------------------------------------------------------------
                          0.00    0.00   clock CLK100MHZ (rise edge)
                          0.00    0.00   clock source latency
     1    0.02    0.00    0.00    0.00 ^ CLK100MHZ (in)
                                         CLK100MHZ (net)
                  0.00    0.00    0.00 ^ clkbuf_0_CLK100MHZ/A (sky130_fd_sc_hd__clkbuf_16)
     2    0.02    0.03    0.08    0.08 ^ clkbuf_0_CLK100MHZ/X (sky130_fd_sc_hd__clkbuf_16)
                                         clknet_0_CLK100MHZ (net)
                  0.03    0.00    0.08 ^ clkbuf_1_0__f_CLK100MHZ/A (sky130_fd_sc_hd__clkbuf_16)
    16    0.06    0.06    0.11    0.18 ^ clkbuf_1_0__f_CLK100MHZ/X (sky130_fd_sc_hd__clkbuf_16)
                                         clknet_1_0__leaf_CLK100MHZ (net)
                  0.06    0.00    0.19 ^ _449_/CLK (sky130_fd_sc_hd__dfxtp_1)
     2    0.03    0.19    0.31    0.49 ^ _449_/Q (sky130_fd_sc_hd__dfxtp_1)
                                         rf.regs[10][2] (net)
                  0.19    0.00    0.49 ^ _404_/A1 (sky130_fd_sc_hd__mux2_1)
     1    0.01    0.10    0.15    0.64 ^ _404_/X (sky130_fd_sc_hd__mux2_1)
                                         _043_ (net)
                  0.10    0.00    0.64 ^ _405_/A (sky130_fd_sc_hd__buf_1)
     1    0.02    0.14    0.14    0.78 ^ _405_/X (sky130_fd_sc_hd__buf_1)
                                         _015_ (net)
                  0.14    0.00    0.78 ^ _449_/D (sky130_fd_sc_hd__dfxtp_1)
                                  0.78   data arrival time

                          0.00    0.00   clock CLK100MHZ (rise edge)
                          0.00    0.00   clock source latency
     1    0.02    0.00    0.00    0.00 ^ CLK100MHZ (in)
                                         CLK100MHZ (net)
                  0.00    0.00    0.00 ^ clkbuf_0_CLK100MHZ/A (sky130_fd_sc_hd__clkbuf_16)
     2    0.02    0.03    0.08    0.08 ^ clkbuf_0_CLK100MHZ/X (sky130_fd_sc_hd__clkbuf_16)
                                         clknet_0_CLK100MHZ (net)
                  0.03    0.00    0.08 ^ clkbuf_1_0__f_CLK100MHZ/A (sky130_fd_sc_hd__clkbuf_16)
    16    0.06    0.06    0.11    0.18 ^ clkbuf_1_0__f_CLK100MHZ/X (sky130_fd_sc_hd__clkbuf_16)
                                         clknet_1_0__leaf_CLK100MHZ (net)
                  0.06    0.00    0.19 ^ _449_/CLK (sky130_fd_sc_hd__dfxtp_1)
                          0.20    0.39   clock uncertainty
                          0.00    0.39   clock reconvergence pessimism
                         -0.02    0.36   library hold time
                                  0.36   data required time
-----------------------------------------------------------------------------
                                  0.36   data required time
                                 -0.78   data arrival time
-----------------------------------------------------------------------------
                                  0.42   slack (MET)


Startpoint: _445_ (rising edge-triggered flip-flop clocked by CLK100MHZ)
Endpoint: _445_ (rising edge-triggered flip-flop clocked by CLK100MHZ)
Path Group: CLK100MHZ
Path Type: min
Corner: Fastest

Fanout     Cap    Slew   Delay    Time   Description
-----------------------------------------------------------------------------
                          0.00    0.00   clock CLK100MHZ (rise edge)
                          0.00    0.00   clock source latency
     1    0.02    0.00    0.00    0.00 ^ CLK100MHZ (in)
                                         CLK100MHZ (net)
                  0.00    0.00    0.00 ^ clkbuf_0_CLK100MHZ/A (sky130_fd_sc_hd__clkbuf_16)
     2    0.02    0.03    0.08    0.08 ^ clkbuf_0_CLK100MHZ/X (sky130_fd_sc_hd__clkbuf_16)
                                         clknet_0_CLK100MHZ (net)
                  0.03    0.00    0.08 ^ clkbuf_1_1__f_CLK100MHZ/A (sky130_fd_sc_hd__clkbuf_16)
    13    0.06    0.06    0.11    0.18 ^ clkbuf_1_1__f_CLK100MHZ/X (sky130_fd_sc_hd__clkbuf_16)
                                         clknet_1_1__leaf_CLK100MHZ (net)
                  0.06    0.00    0.18 ^ _445_/CLK (sky130_fd_sc_hd__dfxtp_1)
     2    0.02    0.06    0.23    0.41 v _445_/Q (sky130_fd_sc_hd__dfxtp_1)
                                         rf.regs[15][3] (net)
                  0.06    0.00    0.41 v _393_/A0 (sky130_fd_sc_hd__mux2_1)
     1    0.01    0.07    0.19    0.60 v _393_/X (sky130_fd_sc_hd__mux2_1)
                                         _036_ (net)
                  0.07    0.00    0.60 v _394_/A (sky130_fd_sc_hd__buf_1)
     1    0.03    0.12    0.15    0.75 v _394_/X (sky130_fd_sc_hd__buf_1)
                                         _011_ (net)
                  0.12    0.00    0.75 v _445_/D (sky130_fd_sc_hd__dfxtp_1)
                                  0.75   data arrival time

                          0.00    0.00   clock CLK100MHZ (rise edge)
                          0.00    0.00   clock source latency
     1    0.02    0.00    0.00    0.00 ^ CLK100MHZ (in)
                                         CLK100MHZ (net)
                  0.00    0.00    0.00 ^ clkbuf_0_CLK100MHZ/A (sky130_fd_sc_hd__clkbuf_16)
     2    0.02    0.03    0.08    0.08 ^ clkbuf_0_CLK100MHZ/X (sky130_fd_sc_hd__clkbuf_16)
                                         clknet_0_CLK100MHZ (net)
                  0.03    0.00    0.08 ^ clkbuf_1_1__f_CLK100MHZ/A (sky130_fd_sc_hd__clkbuf_16)
    13    0.06    0.06    0.11    0.18 ^ clkbuf_1_1__f_CLK100MHZ/X (sky130_fd_sc_hd__clkbuf_16)
                                         clknet_1_1__leaf_CLK100MHZ (net)
                  0.06    0.00    0.18 ^ _445_/CLK (sky130_fd_sc_hd__dfxtp_1)
                          0.20    0.38   clock uncertainty
                          0.00    0.38   clock reconvergence pessimism
                         -0.07    0.32   library hold time
                                  0.32   data required time
-----------------------------------------------------------------------------
                                  0.32   data required time
                                 -0.75   data arrival time
-----------------------------------------------------------------------------
                                  0.43   slack (MET)


Startpoint: _440_ (rising edge-triggered flip-flop clocked by CLK100MHZ)
Endpoint: _440_ (rising edge-triggered flip-flop clocked by CLK100MHZ)
Path Group: CLK100MHZ
Path Type: min
Corner: Fastest

Fanout     Cap    Slew   Delay    Time   Description
-----------------------------------------------------------------------------
                          0.00    0.00   clock CLK100MHZ (rise edge)
                          0.00    0.00   clock source latency
     1    0.02    0.00    0.00    0.00 ^ CLK100MHZ (in)
                                         CLK100MHZ (net)
                  0.00    0.00    0.00 ^ clkbuf_0_CLK100MHZ/A (sky130_fd_sc_hd__clkbuf_16)
     2    0.02    0.03    0.08    0.08 ^ clkbuf_0_CLK100MHZ/X (sky130_fd_sc_hd__clkbuf_16)
                                         clknet_0_CLK100MHZ (net)
                  0.03    0.00    0.08 ^ clkbuf_1_0__f_CLK100MHZ/A (sky130_fd_sc_hd__clkbuf_16)
    16    0.06    0.06    0.11    0.18 ^ clkbuf_1_0__f_CLK100MHZ/X (sky130_fd_sc_hd__clkbuf_16)
                                         clknet_1_0__leaf_CLK100MHZ (net)
                  0.06    0.00    0.19 ^ _440_/CLK (sky130_fd_sc_hd__dfxtp_1)
     2    0.02    0.08    0.25    0.43 v _440_/Q (sky130_fd_sc_hd__dfxtp_1)
                                         rf.regs[25][3] (net)
                  0.08    0.00    0.43 v _371_/A0 (sky130_fd_sc_hd__mux2_1)
     1    0.02    0.08    0.21    0.64 v _371_/X (sky130_fd_sc_hd__mux2_1)
                                         _203_ (net)
                  0.08    0.00    0.64 v _372_/A (sky130_fd_sc_hd__buf_1)
     1    0.02    0.09    0.13    0.77 v _372_/X (sky130_fd_sc_hd__buf_1)
                                         _006_ (net)
                  0.09    0.00    0.77 v _440_/D (sky130_fd_sc_hd__dfxtp_1)
                                  0.77   data arrival time

                          0.00    0.00   clock CLK100MHZ (rise edge)
                          0.00    0.00   clock source latency
     1    0.02    0.00    0.00    0.00 ^ CLK100MHZ (in)
                                         CLK100MHZ (net)
                  0.00    0.00    0.00 ^ clkbuf_0_CLK100MHZ/A (sky130_fd_sc_hd__clkbuf_16)
     2    0.02    0.03    0.08    0.08 ^ clkbuf_0_CLK100MHZ/X (sky130_fd_sc_hd__clkbuf_16)
                                         clknet_0_CLK100MHZ (net)
                  0.03    0.00    0.08 ^ clkbuf_1_0__f_CLK100MHZ/A (sky130_fd_sc_hd__clkbuf_16)
    16    0.06    0.06    0.11    0.18 ^ clkbuf_1_0__f_CLK100MHZ/X (sky130_fd_sc_hd__clkbuf_16)
                                         clknet_1_0__leaf_CLK100MHZ (net)
                  0.06    0.00    0.19 ^ _440_/CLK (sky130_fd_sc_hd__dfxtp_1)
                          0.20    0.39   clock uncertainty
                          0.00    0.39   clock reconvergence pessimism
                         -0.06    0.33   library hold time
                                  0.33   data required time
-----------------------------------------------------------------------------
                                  0.33   data required time
                                 -0.77   data arrival time
-----------------------------------------------------------------------------
                                  0.44   slack (MET)


Startpoint: _447_ (rising edge-triggered flip-flop clocked by CLK100MHZ)
Endpoint: _447_ (rising edge-triggered flip-flop clocked by CLK100MHZ)
Path Group: CLK100MHZ
Path Type: min
Corner: Fastest

Fanout     Cap    Slew   Delay    Time   Description
-----------------------------------------------------------------------------
                          0.00    0.00   clock CLK100MHZ (rise edge)
                          0.00    0.00   clock source latency
     1    0.02    0.00    0.00    0.00 ^ CLK100MHZ (in)
                                         CLK100MHZ (net)
                  0.00    0.00    0.00 ^ clkbuf_0_CLK100MHZ/A (sky130_fd_sc_hd__clkbuf_16)
     2    0.02    0.03    0.08    0.08 ^ clkbuf_0_CLK100MHZ/X (sky130_fd_sc_hd__clkbuf_16)
                                         clknet_0_CLK100MHZ (net)
                  0.03    0.00    0.08 ^ clkbuf_1_1__f_CLK100MHZ/A (sky130_fd_sc_hd__clkbuf_16)
    13    0.06    0.06    0.11    0.18 ^ clkbuf_1_1__f_CLK100MHZ/X (sky130_fd_sc_hd__clkbuf_16)
                                         clknet_1_1__leaf_CLK100MHZ (net)
                  0.06    0.00    0.18 ^ _447_/CLK (sky130_fd_sc_hd__dfxtp_1)
     3    0.03    0.21    0.32    0.50 ^ _447_/Q (sky130_fd_sc_hd__dfxtp_1)
                                         rf.regs[10][0] (net)
                  0.21    0.00    0.50 ^ _400_/A1 (sky130_fd_sc_hd__mux2_1)
     1    0.02    0.11    0.16    0.66 ^ _400_/X (sky130_fd_sc_hd__mux2_1)
                                         _041_ (net)
                  0.11    0.00    0.66 ^ _401_/A (sky130_fd_sc_hd__buf_1)
     1    0.02    0.15    0.14    0.80 ^ _401_/X (sky130_fd_sc_hd__buf_1)
                                         _013_ (net)
                  0.15    0.00    0.80 ^ _447_/D (sky130_fd_sc_hd__dfxtp_1)
                                  0.80   data arrival time

                          0.00    0.00   clock CLK100MHZ (rise edge)
                          0.00    0.00   clock source latency
     1    0.02    0.00    0.00    0.00 ^ CLK100MHZ (in)
                                         CLK100MHZ (net)
                  0.00    0.00    0.00 ^ clkbuf_0_CLK100MHZ/A (sky130_fd_sc_hd__clkbuf_16)
     2    0.02    0.03    0.08    0.08 ^ clkbuf_0_CLK100MHZ/X (sky130_fd_sc_hd__clkbuf_16)
                                         clknet_0_CLK100MHZ (net)
                  0.03    0.00    0.08 ^ clkbuf_1_1__f_CLK100MHZ/A (sky130_fd_sc_hd__clkbuf_16)
    13    0.06    0.06    0.11    0.18 ^ clkbuf_1_1__f_CLK100MHZ/X (sky130_fd_sc_hd__clkbuf_16)
                                         clknet_1_1__leaf_CLK100MHZ (net)
                  0.06    0.00    0.18 ^ _447_/CLK (sky130_fd_sc_hd__dfxtp_1)
                          0.20    0.38   clock uncertainty
                          0.00    0.38   clock reconvergence pessimism
                         -0.02    0.36   library hold time
                                  0.36   data required time
-----------------------------------------------------------------------------
                                  0.36   data required time
                                 -0.80   data arrival time
-----------------------------------------------------------------------------
                                  0.44   slack (MET)


Startpoint: _461_ (rising edge-triggered flip-flop clocked by CLK100MHZ)
Endpoint: _461_ (rising edge-triggered flip-flop clocked by CLK100MHZ)
Path Group: CLK100MHZ
Path Type: min
Corner: Fastest

Fanout     Cap    Slew   Delay    Time   Description
-----------------------------------------------------------------------------
                          0.00    0.00   clock CLK100MHZ (rise edge)
                          0.00    0.00   clock source latency
     1    0.02    0.00    0.00    0.00 ^ CLK100MHZ (in)
                                         CLK100MHZ (net)
                  0.00    0.00    0.00 ^ clkbuf_0_CLK100MHZ/A (sky130_fd_sc_hd__clkbuf_16)
     2    0.02    0.03    0.08    0.08 ^ clkbuf_0_CLK100MHZ/X (sky130_fd_sc_hd__clkbuf_16)
                                         clknet_0_CLK100MHZ (net)
                  0.03    0.00    0.08 ^ clkbuf_1_0__f_CLK100MHZ/A (sky130_fd_sc_hd__clkbuf_16)
    16    0.06    0.06    0.11    0.18 ^ clkbuf_1_0__f_CLK100MHZ/X (sky130_fd_sc_hd__clkbuf_16)
                                         clknet_1_0__leaf_CLK100MHZ (net)
                  0.06    0.00    0.19 ^ _461_/CLK (sky130_fd_sc_hd__dfxtp_1)
     3    0.03    0.09    0.25    0.44 v _461_/Q (sky130_fd_sc_hd__dfxtp_1)
                                         rf.regs[5][4] (net)
                  0.09    0.00    0.44 v _432_/A0 (sky130_fd_sc_hd__mux2_1)
     1    0.02    0.09    0.22    0.67 v _432_/X (sky130_fd_sc_hd__mux2_1)
                                         _059_ (net)
                  0.09    0.00    0.67 v _433_/A (sky130_fd_sc_hd__buf_1)
     1    0.02    0.07    0.12    0.78 v _433_/X (sky130_fd_sc_hd__buf_1)
                                         _027_ (net)
                  0.07    0.00    0.78 v _461_/D (sky130_fd_sc_hd__dfxtp_1)
                                  0.78   data arrival time

                          0.00    0.00   clock CLK100MHZ (rise edge)
                          0.00    0.00   clock source latency
     1    0.02    0.00    0.00    0.00 ^ CLK100MHZ (in)
                                         CLK100MHZ (net)
                  0.00    0.00    0.00 ^ clkbuf_0_CLK100MHZ/A (sky130_fd_sc_hd__clkbuf_16)
     2    0.02    0.03    0.08    0.08 ^ clkbuf_0_CLK100MHZ/X (sky130_fd_sc_hd__clkbuf_16)
                                         clknet_0_CLK100MHZ (net)
                  0.03    0.00    0.08 ^ clkbuf_1_0__f_CLK100MHZ/A (sky130_fd_sc_hd__clkbuf_16)
    16    0.06    0.06    0.11    0.18 ^ clkbuf_1_0__f_CLK100MHZ/X (sky130_fd_sc_hd__clkbuf_16)
                                         clknet_1_0__leaf_CLK100MHZ (net)
                  0.06    0.00    0.19 ^ _461_/CLK (sky130_fd_sc_hd__dfxtp_1)
                          0.20    0.39   clock uncertainty
                          0.00    0.39   clock reconvergence pessimism
                         -0.05    0.34   library hold time
                                  0.34   data required time
-----------------------------------------------------------------------------
                                  0.34   data required time
                                 -0.78   data arrival time
-----------------------------------------------------------------------------
                                  0.45   slack (MET)


Startpoint: _463_ (rising edge-triggered flip-flop clocked by CLK100MHZ)
Endpoint: _463_ (rising edge-triggered flip-flop clocked by CLK100MHZ)
Path Group: CLK100MHZ
Path Type: min
Corner: Fastest

Fanout     Cap    Slew   Delay    Time   Description
-----------------------------------------------------------------------------
                          0.00    0.00   clock CLK100MHZ (rise edge)
                          0.00    0.00   clock source latency
     1    0.02    0.00    0.00    0.00 ^ CLK100MHZ (in)
                                         CLK100MHZ (net)
                  0.00    0.00    0.00 ^ clkbuf_0_CLK100MHZ/A (sky130_fd_sc_hd__clkbuf_16)
     2    0.02    0.03    0.08    0.08 ^ clkbuf_0_CLK100MHZ/X (sky130_fd_sc_hd__clkbuf_16)
                                         clknet_0_CLK100MHZ (net)
                  0.03    0.00    0.08 ^ clkbuf_1_0__f_CLK100MHZ/A (sky130_fd_sc_hd__clkbuf_16)
    16    0.06    0.06    0.11    0.18 ^ clkbuf_1_0__f_CLK100MHZ/X (sky130_fd_sc_hd__clkbuf_16)
                                         clknet_1_0__leaf_CLK100MHZ (net)
                  0.06    0.00    0.19 ^ _463_/CLK (sky130_fd_sc_hd__dfrtp_4)
    10    0.05    0.09    0.36    0.54 v _463_/Q (sky130_fd_sc_hd__dfrtp_4)
                                         imem.address[1] (net)
                  0.09    0.00    0.55 v _220_/A (sky130_fd_sc_hd__clkbuf_4)
    10    0.07    0.10    0.18    0.73 v _220_/X (sky130_fd_sc_hd__clkbuf_4)
                                         _065_ (net)
                  0.10    0.00    0.73 v _225_/B1 (sky130_fd_sc_hd__a21oi_1)
     1    0.01    0.08    0.10    0.83 ^ _225_/Y (sky130_fd_sc_hd__a21oi_1)
                                         _069_ (net)
                  0.08    0.00    0.83 ^ _226_/B (sky130_fd_sc_hd__nor2_1)
     1    0.02    0.06    0.07    0.90 v _226_/Y (sky130_fd_sc_hd__nor2_1)
                                         _029_ (net)
                  0.06    0.00    0.90 v _463_/D (sky130_fd_sc_hd__dfrtp_4)
                                  0.90   data arrival time

                          0.00    0.00   clock CLK100MHZ (rise edge)
                          0.00    0.00   clock source latency
     1    0.02    0.00    0.00    0.00 ^ CLK100MHZ (in)
                                         CLK100MHZ (net)
                  0.00    0.00    0.00 ^ clkbuf_0_CLK100MHZ/A (sky130_fd_sc_hd__clkbuf_16)
     2    0.02    0.03    0.08    0.08 ^ clkbuf_0_CLK100MHZ/X (sky130_fd_sc_hd__clkbuf_16)
                                         clknet_0_CLK100MHZ (net)
                  0.03    0.00    0.08 ^ clkbuf_1_0__f_CLK100MHZ/A (sky130_fd_sc_hd__clkbuf_16)
    16    0.06    0.06    0.11    0.18 ^ clkbuf_1_0__f_CLK100MHZ/X (sky130_fd_sc_hd__clkbuf_16)
                                         clknet_1_0__leaf_CLK100MHZ (net)
                  0.06    0.00    0.19 ^ _463_/CLK (sky130_fd_sc_hd__dfrtp_4)
                          0.20    0.39   clock uncertainty
                          0.00    0.39   clock reconvergence pessimism
                         -0.04    0.35   library hold time
                                  0.35   data required time
-----------------------------------------------------------------------------
                                  0.35   data required time
                                 -0.90   data arrival time
-----------------------------------------------------------------------------
                                  0.55   slack (MET)


Startpoint: _462_ (rising edge-triggered flip-flop clocked by CLK100MHZ)
Endpoint: _462_ (rising edge-triggered flip-flop clocked by CLK100MHZ)
Path Group: CLK100MHZ
Path Type: min
Corner: Fastest

Fanout     Cap    Slew   Delay    Time   Description
-----------------------------------------------------------------------------
                          0.00    0.00   clock CLK100MHZ (rise edge)
                          0.00    0.00   clock source latency
     1    0.02    0.00    0.00    0.00 ^ CLK100MHZ (in)
                                         CLK100MHZ (net)
                  0.00    0.00    0.00 ^ clkbuf_0_CLK100MHZ/A (sky130_fd_sc_hd__clkbuf_16)
     2    0.02    0.03    0.08    0.08 ^ clkbuf_0_CLK100MHZ/X (sky130_fd_sc_hd__clkbuf_16)
                                         clknet_0_CLK100MHZ (net)
                  0.03    0.00    0.08 ^ clkbuf_1_1__f_CLK100MHZ/A (sky130_fd_sc_hd__clkbuf_16)
    13    0.06    0.06    0.11    0.18 ^ clkbuf_1_1__f_CLK100MHZ/X (sky130_fd_sc_hd__clkbuf_16)
                                         clknet_1_1__leaf_CLK100MHZ (net)
                  0.06    0.00    0.18 ^ _462_/CLK (sky130_fd_sc_hd__dfrtp_2)
     4    0.04    0.13    0.30    0.48 ^ _462_/Q (sky130_fd_sc_hd__dfrtp_2)
                                         imem.address[0] (net)
                  0.13    0.00    0.48 ^ _221_/A (sky130_fd_sc_hd__clkbuf_4)
    10    0.06    0.14    0.20    0.68 ^ _221_/X (sky130_fd_sc_hd__clkbuf_4)
                                         _066_ (net)
                  0.14    0.00    0.68 ^ _222_/A (sky130_fd_sc_hd__clkbuf_4)
     9    0.05    0.13    0.18    0.86 ^ _222_/X (sky130_fd_sc_hd__clkbuf_4)
                                         _067_ (net)
                  0.13    0.00    0.87 ^ _227_/B (sky130_fd_sc_hd__xor2_1)
     1    0.02    0.06    0.10    0.97 v _227_/X (sky130_fd_sc_hd__xor2_1)
                                         _028_ (net)
                  0.06    0.00    0.97 v _462_/D (sky130_fd_sc_hd__dfrtp_2)
                                  0.97   data arrival time

                          0.00    0.00   clock CLK100MHZ (rise edge)
                          0.00    0.00   clock source latency
     1    0.02    0.00    0.00    0.00 ^ CLK100MHZ (in)
                                         CLK100MHZ (net)
                  0.00    0.00    0.00 ^ clkbuf_0_CLK100MHZ/A (sky130_fd_sc_hd__clkbuf_16)
     2    0.02    0.03    0.08    0.08 ^ clkbuf_0_CLK100MHZ/X (sky130_fd_sc_hd__clkbuf_16)
                                         clknet_0_CLK100MHZ (net)
                  0.03    0.00    0.08 ^ clkbuf_1_1__f_CLK100MHZ/A (sky130_fd_sc_hd__clkbuf_16)
    13    0.06    0.06    0.11    0.18 ^ clkbuf_1_1__f_CLK100MHZ/X (sky130_fd_sc_hd__clkbuf_16)
                                         clknet_1_1__leaf_CLK100MHZ (net)
                  0.06    0.00    0.18 ^ _462_/CLK (sky130_fd_sc_hd__dfrtp_2)
                          0.20    0.38   clock uncertainty
                          0.00    0.38   clock reconvergence pessimism
                         -0.04    0.35   library hold time
                                  0.35   data required time
-----------------------------------------------------------------------------
                                  0.35   data required time
                                 -0.97   data arrival time
-----------------------------------------------------------------------------
                                  0.62   slack (MET)


Startpoint: _463_ (rising edge-triggered flip-flop clocked by CLK100MHZ)
Endpoint: _464_ (rising edge-triggered flip-flop clocked by CLK100MHZ)
Path Group: CLK100MHZ
Path Type: min
Corner: Fastest

Fanout     Cap    Slew   Delay    Time   Description
-----------------------------------------------------------------------------
                          0.00    0.00   clock CLK100MHZ (rise edge)
                          0.00    0.00   clock source latency
     1    0.02    0.00    0.00    0.00 ^ CLK100MHZ (in)
                                         CLK100MHZ (net)
                  0.00    0.00    0.00 ^ clkbuf_0_CLK100MHZ/A (sky130_fd_sc_hd__clkbuf_16)
     2    0.02    0.03    0.08    0.08 ^ clkbuf_0_CLK100MHZ/X (sky130_fd_sc_hd__clkbuf_16)
                                         clknet_0_CLK100MHZ (net)
                  0.03    0.00    0.08 ^ clkbuf_1_0__f_CLK100MHZ/A (sky130_fd_sc_hd__clkbuf_16)
    16    0.06    0.06    0.11    0.18 ^ clkbuf_1_0__f_CLK100MHZ/X (sky130_fd_sc_hd__clkbuf_16)
                                         clknet_1_0__leaf_CLK100MHZ (net)
                  0.06    0.00    0.19 ^ _463_/CLK (sky130_fd_sc_hd__dfrtp_4)
    10    0.06    0.13    0.34    0.52 ^ _463_/Q (sky130_fd_sc_hd__dfrtp_4)
                                         imem.address[1] (net)
                  0.13    0.00    0.52 ^ _220_/A (sky130_fd_sc_hd__clkbuf_4)
    10    0.07    0.17    0.21    0.73 ^ _220_/X (sky130_fd_sc_hd__clkbuf_4)
                                         _065_ (net)
                  0.17    0.00    0.74 ^ _223_/B (sky130_fd_sc_hd__and3_1)
     2    0.03    0.21    0.24    0.97 ^ _223_/X (sky130_fd_sc_hd__and3_1)
                                         _068_ (net)
                  0.21    0.00    0.97 ^ _224_/B (sky130_fd_sc_hd__xor2_1)
     1    0.00    0.02    0.04    1.02 v _224_/X (sky130_fd_sc_hd__xor2_1)
                                         _030_ (net)
                  0.02    0.00    1.02 v _464_/D (sky130_fd_sc_hd__dfrtp_1)
                                  1.02   data arrival time

                          0.00    0.00   clock CLK100MHZ (rise edge)
                          0.00    0.00   clock source latency
     1    0.02    0.00    0.00    0.00 ^ CLK100MHZ (in)
                                         CLK100MHZ (net)
                  0.00    0.00    0.00 ^ clkbuf_0_CLK100MHZ/A (sky130_fd_sc_hd__clkbuf_16)
     2    0.02    0.03    0.08    0.08 ^ clkbuf_0_CLK100MHZ/X (sky130_fd_sc_hd__clkbuf_16)
                                         clknet_0_CLK100MHZ (net)
                  0.03    0.00    0.08 ^ clkbuf_1_0__f_CLK100MHZ/A (sky130_fd_sc_hd__clkbuf_16)
    16    0.06    0.06    0.11    0.18 ^ clkbuf_1_0__f_CLK100MHZ/X (sky130_fd_sc_hd__clkbuf_16)
                                         clknet_1_0__leaf_CLK100MHZ (net)
                  0.06    0.00    0.19 ^ _464_/CLK (sky130_fd_sc_hd__dfrtp_1)
                          0.20    0.39   clock uncertainty
                          0.00    0.39   clock reconvergence pessimism
                         -0.03    0.36   library hold time
                                  0.36   data required time
-----------------------------------------------------------------------------
                                  0.36   data required time
                                 -1.02   data arrival time
-----------------------------------------------------------------------------
                                  0.66   slack (MET)



worst slack corner Fastest: 0.2446
======================= Slowest Corner ===================================

Startpoint: _453_ (rising edge-triggered flip-flop clocked by CLK100MHZ)
Endpoint: _453_ (rising edge-triggered flip-flop clocked by CLK100MHZ)
Path Group: CLK100MHZ
Path Type: min
Corner: Slowest

Fanout     Cap    Slew   Delay    Time   Description
-----------------------------------------------------------------------------
                          0.00    0.00   clock CLK100MHZ (rise edge)
                          0.00    0.00   clock source latency
     1    0.02    0.00    0.00    0.00 ^ CLK100MHZ (in)
                                         CLK100MHZ (net)
                  0.00    0.00    0.00 ^ clkbuf_0_CLK100MHZ/A (sky130_fd_sc_hd__clkbuf_16)
     2    0.02    0.07    0.19    0.19 ^ clkbuf_0_CLK100MHZ/X (sky130_fd_sc_hd__clkbuf_16)
                                         clknet_0_CLK100MHZ (net)
                  0.07    0.00    0.19 ^ clkbuf_1_0__f_CLK100MHZ/A (sky130_fd_sc_hd__clkbuf_16)
    16    0.06    0.12    0.27    0.46 ^ clkbuf_1_0__f_CLK100MHZ/X (sky130_fd_sc_hd__clkbuf_16)
                                         clknet_1_0__leaf_CLK100MHZ (net)
                  0.12    0.00    0.46 ^ _453_/CLK (sky130_fd_sc_hd__dfxtp_1)
     3    0.02    0.17    0.70    1.16 v _453_/Q (sky130_fd_sc_hd__dfxtp_1)
                                         rf.regs[0][1] (net)
                  0.17    0.00    1.16 v _414_/A (sky130_fd_sc_hd__and2_1)
     1    0.01    0.10    0.36    1.52 v _414_/X (sky130_fd_sc_hd__and2_1)
                                         _049_ (net)
                  0.10    0.00    1.52 v _415_/A (sky130_fd_sc_hd__clkbuf_1)
     1    0.01    0.09    0.20    1.72 v _415_/X (sky130_fd_sc_hd__clkbuf_1)
                                         _019_ (net)
                  0.09    0.00    1.72 v _453_/D (sky130_fd_sc_hd__dfxtp_1)
                                  1.72   data arrival time

                          0.00    0.00   clock CLK100MHZ (rise edge)
                          0.00    0.00   clock source latency
     1    0.02    0.00    0.00    0.00 ^ CLK100MHZ (in)
                                         CLK100MHZ (net)
                  0.00    0.00    0.00 ^ clkbuf_0_CLK100MHZ/A (sky130_fd_sc_hd__clkbuf_16)
     2    0.02    0.07    0.19    0.19 ^ clkbuf_0_CLK100MHZ/X (sky130_fd_sc_hd__clkbuf_16)
                                         clknet_0_CLK100MHZ (net)
                  0.07    0.00    0.19 ^ clkbuf_1_0__f_CLK100MHZ/A (sky130_fd_sc_hd__clkbuf_16)
    16    0.06    0.12    0.27    0.46 ^ clkbuf_1_0__f_CLK100MHZ/X (sky130_fd_sc_hd__clkbuf_16)
                                         clknet_1_0__leaf_CLK100MHZ (net)
                  0.12    0.00    0.46 ^ _453_/CLK (sky130_fd_sc_hd__dfxtp_1)
                          0.20    0.66   clock uncertainty
                          0.00    0.66   clock reconvergence pessimism
                         -0.10    0.56   library hold time
                                  0.56   data required time
-----------------------------------------------------------------------------
                                  0.56   data required time
                                 -1.72   data arrival time
-----------------------------------------------------------------------------
                                  1.16   slack (MET)


Startpoint: _458_ (rising edge-triggered flip-flop clocked by CLK100MHZ)
Endpoint: _458_ (rising edge-triggered flip-flop clocked by CLK100MHZ)
Path Group: CLK100MHZ
Path Type: min
Corner: Slowest

Fanout     Cap    Slew   Delay    Time   Description
-----------------------------------------------------------------------------
                          0.00    0.00   clock CLK100MHZ (rise edge)
                          0.00    0.00   clock source latency
     1    0.02    0.00    0.00    0.00 ^ CLK100MHZ (in)
                                         CLK100MHZ (net)
                  0.00    0.00    0.00 ^ clkbuf_0_CLK100MHZ/A (sky130_fd_sc_hd__clkbuf_16)
     2    0.02    0.07    0.19    0.19 ^ clkbuf_0_CLK100MHZ/X (sky130_fd_sc_hd__clkbuf_16)
                                         clknet_0_CLK100MHZ (net)
                  0.07    0.00    0.19 ^ clkbuf_1_1__f_CLK100MHZ/A (sky130_fd_sc_hd__clkbuf_16)
    13    0.05    0.11    0.26    0.45 ^ clkbuf_1_1__f_CLK100MHZ/X (sky130_fd_sc_hd__clkbuf_16)
                                         clknet_1_1__leaf_CLK100MHZ (net)
                  0.11    0.00    0.46 ^ _458_/CLK (sky130_fd_sc_hd__dfxtp_1)
     2    0.01    0.18    0.73    1.19 ^ _458_/Q (sky130_fd_sc_hd__dfxtp_1)
                                         rf.regs[5][1] (net)
                  0.18    0.00    1.19 ^ _426_/A0 (sky130_fd_sc_hd__mux2_1)
     1    0.01    0.13    0.32    1.51 ^ _426_/X (sky130_fd_sc_hd__mux2_1)
                                         _056_ (net)
                  0.13    0.00    1.51 ^ _427_/A (sky130_fd_sc_hd__clkbuf_1)
     1    0.01    0.16    0.24    1.75 ^ _427_/X (sky130_fd_sc_hd__clkbuf_1)
                                         _024_ (net)
                  0.16    0.00    1.75 ^ _458_/D (sky130_fd_sc_hd__dfxtp_1)
                                  1.75   data arrival time

                          0.00    0.00   clock CLK100MHZ (rise edge)
                          0.00    0.00   clock source latency
     1    0.02    0.00    0.00    0.00 ^ CLK100MHZ (in)
                                         CLK100MHZ (net)
                  0.00    0.00    0.00 ^ clkbuf_0_CLK100MHZ/A (sky130_fd_sc_hd__clkbuf_16)
     2    0.02    0.07    0.19    0.19 ^ clkbuf_0_CLK100MHZ/X (sky130_fd_sc_hd__clkbuf_16)
                                         clknet_0_CLK100MHZ (net)
                  0.07    0.00    0.19 ^ clkbuf_1_1__f_CLK100MHZ/A (sky130_fd_sc_hd__clkbuf_16)
    13    0.05    0.11    0.26    0.45 ^ clkbuf_1_1__f_CLK100MHZ/X (sky130_fd_sc_hd__clkbuf_16)
                                         clknet_1_1__leaf_CLK100MHZ (net)
                  0.11    0.00    0.46 ^ _458_/CLK (sky130_fd_sc_hd__dfxtp_1)
                          0.20    0.66   clock uncertainty
                          0.00    0.66   clock reconvergence pessimism
                         -0.09    0.57   library hold time
                                  0.57   data required time
-----------------------------------------------------------------------------
                                  0.57   data required time
                                 -1.75   data arrival time
-----------------------------------------------------------------------------
                                  1.18   slack (MET)


Startpoint: _455_ (rising edge-triggered flip-flop clocked by CLK100MHZ)
Endpoint: _455_ (rising edge-triggered flip-flop clocked by CLK100MHZ)
Path Group: CLK100MHZ
Path Type: min
Corner: Slowest

Fanout     Cap    Slew   Delay    Time   Description
-----------------------------------------------------------------------------
                          0.00    0.00   clock CLK100MHZ (rise edge)
                          0.00    0.00   clock source latency
     1    0.02    0.00    0.00    0.00 ^ CLK100MHZ (in)
                                         CLK100MHZ (net)
                  0.00    0.00    0.00 ^ clkbuf_0_CLK100MHZ/A (sky130_fd_sc_hd__clkbuf_16)
     2    0.02    0.07    0.19    0.19 ^ clkbuf_0_CLK100MHZ/X (sky130_fd_sc_hd__clkbuf_16)
                                         clknet_0_CLK100MHZ (net)
                  0.07    0.00    0.19 ^ clkbuf_1_0__f_CLK100MHZ/A (sky130_fd_sc_hd__clkbuf_16)
    16    0.06    0.12    0.27    0.46 ^ clkbuf_1_0__f_CLK100MHZ/X (sky130_fd_sc_hd__clkbuf_16)
                                         clknet_1_0__leaf_CLK100MHZ (net)
                  0.12    0.00    0.46 ^ _455_/CLK (sky130_fd_sc_hd__dfxtp_1)
     3    0.03    0.25    0.76    1.22 v _455_/Q (sky130_fd_sc_hd__dfxtp_1)
                                         rf.regs[0][3] (net)
                  0.25    0.00    1.22 v _418_/A (sky130_fd_sc_hd__and2_1)
     1    0.00    0.08    0.37    1.59 v _418_/X (sky130_fd_sc_hd__and2_1)
                                         _051_ (net)
                  0.08    0.00    1.59 v _419_/A (sky130_fd_sc_hd__clkbuf_1)
     1    0.00    0.07    0.18    1.77 v _419_/X (sky130_fd_sc_hd__clkbuf_1)
                                         _021_ (net)
                  0.07    0.00    1.77 v _455_/D (sky130_fd_sc_hd__dfxtp_1)
                                  1.77   data arrival time

                          0.00    0.00   clock CLK100MHZ (rise edge)
                          0.00    0.00   clock source latency
     1    0.02    0.00    0.00    0.00 ^ CLK100MHZ (in)
                                         CLK100MHZ (net)
                  0.00    0.00    0.00 ^ clkbuf_0_CLK100MHZ/A (sky130_fd_sc_hd__clkbuf_16)
     2    0.02    0.07    0.19    0.19 ^ clkbuf_0_CLK100MHZ/X (sky130_fd_sc_hd__clkbuf_16)
                                         clknet_0_CLK100MHZ (net)
                  0.07    0.00    0.19 ^ clkbuf_1_0__f_CLK100MHZ/A (sky130_fd_sc_hd__clkbuf_16)
    16    0.06    0.12    0.27    0.46 ^ clkbuf_1_0__f_CLK100MHZ/X (sky130_fd_sc_hd__clkbuf_16)
                                         clknet_1_0__leaf_CLK100MHZ (net)
                  0.12    0.00    0.46 ^ _455_/CLK (sky130_fd_sc_hd__dfxtp_1)
                          0.20    0.66   clock uncertainty
                          0.00    0.66   clock reconvergence pessimism
                         -0.09    0.57   library hold time
                                  0.57   data required time
-----------------------------------------------------------------------------
                                  0.57   data required time
                                 -1.77   data arrival time
-----------------------------------------------------------------------------
                                  1.20   slack (MET)


Startpoint: _448_ (rising edge-triggered flip-flop clocked by CLK100MHZ)
Endpoint: _448_ (rising edge-triggered flip-flop clocked by CLK100MHZ)
Path Group: CLK100MHZ
Path Type: min
Corner: Slowest

Fanout     Cap    Slew   Delay    Time   Description
-----------------------------------------------------------------------------
                          0.00    0.00   clock CLK100MHZ (rise edge)
                          0.00    0.00   clock source latency
     1    0.02    0.00    0.00    0.00 ^ CLK100MHZ (in)
                                         CLK100MHZ (net)
                  0.00    0.00    0.00 ^ clkbuf_0_CLK100MHZ/A (sky130_fd_sc_hd__clkbuf_16)
     2    0.02    0.07    0.19    0.19 ^ clkbuf_0_CLK100MHZ/X (sky130_fd_sc_hd__clkbuf_16)
                                         clknet_0_CLK100MHZ (net)
                  0.07    0.00    0.19 ^ clkbuf_1_0__f_CLK100MHZ/A (sky130_fd_sc_hd__clkbuf_16)
    16    0.06    0.12    0.27    0.46 ^ clkbuf_1_0__f_CLK100MHZ/X (sky130_fd_sc_hd__clkbuf_16)
                                         clknet_1_0__leaf_CLK100MHZ (net)
                  0.12    0.00    0.46 ^ _448_/CLK (sky130_fd_sc_hd__dfxtp_1)
     2    0.01    0.18    0.73    1.19 ^ _448_/Q (sky130_fd_sc_hd__dfxtp_1)
                                         rf.regs[10][1] (net)
                  0.18    0.00    1.19 ^ _402_/A1 (sky130_fd_sc_hd__mux2_1)
     1    0.01    0.13    0.33    1.52 ^ _402_/X (sky130_fd_sc_hd__mux2_1)
                                         _042_ (net)
                  0.13    0.00    1.52 ^ _403_/A (sky130_fd_sc_hd__clkbuf_1)
     1    0.01    0.22    0.28    1.81 ^ _403_/X (sky130_fd_sc_hd__clkbuf_1)
                                         _014_ (net)
                  0.22    0.00    1.81 ^ _448_/D (sky130_fd_sc_hd__dfxtp_1)
                                  1.81   data arrival time

                          0.00    0.00   clock CLK100MHZ (rise edge)
                          0.00    0.00   clock source latency
     1    0.02    0.00    0.00    0.00 ^ CLK100MHZ (in)
                                         CLK100MHZ (net)
                  0.00    0.00    0.00 ^ clkbuf_0_CLK100MHZ/A (sky130_fd_sc_hd__clkbuf_16)
     2    0.02    0.07    0.19    0.19 ^ clkbuf_0_CLK100MHZ/X (sky130_fd_sc_hd__clkbuf_16)
                                         clknet_0_CLK100MHZ (net)
                  0.07    0.00    0.19 ^ clkbuf_1_0__f_CLK100MHZ/A (sky130_fd_sc_hd__clkbuf_16)
    16    0.06    0.12    0.27    0.46 ^ clkbuf_1_0__f_CLK100MHZ/X (sky130_fd_sc_hd__clkbuf_16)
                                         clknet_1_0__leaf_CLK100MHZ (net)
                  0.12    0.00    0.46 ^ _448_/CLK (sky130_fd_sc_hd__dfxtp_1)
                          0.20    0.66   clock uncertainty
                          0.00    0.66   clock reconvergence pessimism
                         -0.10    0.56   library hold time
                                  0.56   data required time
-----------------------------------------------------------------------------
                                  0.56   data required time
                                 -1.81   data arrival time
-----------------------------------------------------------------------------
                                  1.25   slack (MET)


Startpoint: _437_ (rising edge-triggered flip-flop clocked by CLK100MHZ)
Endpoint: _437_ (rising edge-triggered flip-flop clocked by CLK100MHZ)
Path Group: CLK100MHZ
Path Type: min
Corner: Slowest

Fanout     Cap    Slew   Delay    Time   Description
-----------------------------------------------------------------------------
                          0.00    0.00   clock CLK100MHZ (rise edge)
                          0.00    0.00   clock source latency
     1    0.02    0.00    0.00    0.00 ^ CLK100MHZ (in)
                                         CLK100MHZ (net)
                  0.00    0.00    0.00 ^ clkbuf_0_CLK100MHZ/A (sky130_fd_sc_hd__clkbuf_16)
     2    0.02    0.07    0.19    0.19 ^ clkbuf_0_CLK100MHZ/X (sky130_fd_sc_hd__clkbuf_16)
                                         clknet_0_CLK100MHZ (net)
                  0.07    0.00    0.19 ^ clkbuf_1_0__f_CLK100MHZ/A (sky130_fd_sc_hd__clkbuf_16)
    16    0.06    0.12    0.27    0.46 ^ clkbuf_1_0__f_CLK100MHZ/X (sky130_fd_sc_hd__clkbuf_16)
                                         clknet_1_0__leaf_CLK100MHZ (net)
                  0.12    0.00    0.46 ^ _437_/CLK (sky130_fd_sc_hd__dfxtp_1)
     2    0.02    0.25    0.78    1.24 ^ _437_/Q (sky130_fd_sc_hd__dfxtp_1)
                                         rf.regs[25][0] (net)
                  0.25    0.00    1.24 ^ _365_/A0 (sky130_fd_sc_hd__mux2_1)
     1    0.01    0.14    0.36    1.60 ^ _365_/X (sky130_fd_sc_hd__mux2_1)
                                         _200_ (net)
                  0.14    0.00    1.60 ^ _366_/A (sky130_fd_sc_hd__clkbuf_1)
     1    0.01    0.14    0.23    1.83 ^ _366_/X (sky130_fd_sc_hd__clkbuf_1)
                                         _003_ (net)
                  0.14    0.00    1.83 ^ _437_/D (sky130_fd_sc_hd__dfxtp_1)
                                  1.83   data arrival time

                          0.00    0.00   clock CLK100MHZ (rise edge)
                          0.00    0.00   clock source latency
     1    0.02    0.00    0.00    0.00 ^ CLK100MHZ (in)
                                         CLK100MHZ (net)
                  0.00    0.00    0.00 ^ clkbuf_0_CLK100MHZ/A (sky130_fd_sc_hd__clkbuf_16)
     2    0.02    0.07    0.19    0.19 ^ clkbuf_0_CLK100MHZ/X (sky130_fd_sc_hd__clkbuf_16)
                                         clknet_0_CLK100MHZ (net)
                  0.07    0.00    0.19 ^ clkbuf_1_0__f_CLK100MHZ/A (sky130_fd_sc_hd__clkbuf_16)
    16    0.06    0.12    0.27    0.46 ^ clkbuf_1_0__f_CLK100MHZ/X (sky130_fd_sc_hd__clkbuf_16)
                                         clknet_1_0__leaf_CLK100MHZ (net)
                  0.12    0.00    0.46 ^ _437_/CLK (sky130_fd_sc_hd__dfxtp_1)
                          0.20    0.66   clock uncertainty
                          0.00    0.66   clock reconvergence pessimism
                         -0.08    0.58   library hold time
                                  0.58   data required time
-----------------------------------------------------------------------------
                                  0.58   data required time
                                 -1.83   data arrival time
-----------------------------------------------------------------------------
                                  1.25   slack (MET)


Startpoint: _444_ (rising edge-triggered flip-flop clocked by CLK100MHZ)
Endpoint: _444_ (rising edge-triggered flip-flop clocked by CLK100MHZ)
Path Group: CLK100MHZ
Path Type: min
Corner: Slowest

Fanout     Cap    Slew   Delay    Time   Description
-----------------------------------------------------------------------------
                          0.00    0.00   clock CLK100MHZ (rise edge)
                          0.00    0.00   clock source latency
     1    0.02    0.00    0.00    0.00 ^ CLK100MHZ (in)
                                         CLK100MHZ (net)
                  0.00    0.00    0.00 ^ clkbuf_0_CLK100MHZ/A (sky130_fd_sc_hd__clkbuf_16)
     2    0.02    0.07    0.19    0.19 ^ clkbuf_0_CLK100MHZ/X (sky130_fd_sc_hd__clkbuf_16)
                                         clknet_0_CLK100MHZ (net)
                  0.07    0.00    0.19 ^ clkbuf_1_1__f_CLK100MHZ/A (sky130_fd_sc_hd__clkbuf_16)
    13    0.05    0.11    0.26    0.45 ^ clkbuf_1_1__f_CLK100MHZ/X (sky130_fd_sc_hd__clkbuf_16)
                                         clknet_1_1__leaf_CLK100MHZ (net)
                  0.11    0.00    0.46 ^ _444_/CLK (sky130_fd_sc_hd__dfxtp_1)
     2    0.02    0.31    0.82    1.28 ^ _444_/Q (sky130_fd_sc_hd__dfxtp_1)
                                         rf.regs[15][2] (net)
                  0.31    0.00    1.28 ^ _391_/A0 (sky130_fd_sc_hd__mux2_1)
     1    0.00    0.07    0.32    1.60 ^ _391_/X (sky130_fd_sc_hd__mux2_1)
                                         _035_ (net)
                  0.07    0.00    1.60 ^ _392_/A (sky130_fd_sc_hd__clkbuf_1)
     1    0.01    0.18    0.23    1.83 ^ _392_/X (sky130_fd_sc_hd__clkbuf_1)
                                         _010_ (net)
                  0.18    0.00    1.83 ^ _444_/D (sky130_fd_sc_hd__dfxtp_1)
                                  1.83   data arrival time

                          0.00    0.00   clock CLK100MHZ (rise edge)
                          0.00    0.00   clock source latency
     1    0.02    0.00    0.00    0.00 ^ CLK100MHZ (in)
                                         CLK100MHZ (net)
                  0.00    0.00    0.00 ^ clkbuf_0_CLK100MHZ/A (sky130_fd_sc_hd__clkbuf_16)
     2    0.02    0.07    0.19    0.19 ^ clkbuf_0_CLK100MHZ/X (sky130_fd_sc_hd__clkbuf_16)
                                         clknet_0_CLK100MHZ (net)
                  0.07    0.00    0.19 ^ clkbuf_1_1__f_CLK100MHZ/A (sky130_fd_sc_hd__clkbuf_16)
    13    0.05    0.11    0.26    0.45 ^ clkbuf_1_1__f_CLK100MHZ/X (sky130_fd_sc_hd__clkbuf_16)
                                         clknet_1_1__leaf_CLK100MHZ (net)
                  0.11    0.00    0.46 ^ _444_/CLK (sky130_fd_sc_hd__dfxtp_1)
                          0.20    0.66   clock uncertainty
                          0.00    0.66   clock reconvergence pessimism
                         -0.09    0.56   library hold time
                                  0.56   data required time
-----------------------------------------------------------------------------
                                  0.56   data required time
                                 -1.83   data arrival time
-----------------------------------------------------------------------------
                                  1.27   slack (MET)


Startpoint: _451_ (rising edge-triggered flip-flop clocked by CLK100MHZ)
Endpoint: _451_ (rising edge-triggered flip-flop clocked by CLK100MHZ)
Path Group: CLK100MHZ
Path Type: min
Corner: Slowest

Fanout     Cap    Slew   Delay    Time   Description
-----------------------------------------------------------------------------
                          0.00    0.00   clock CLK100MHZ (rise edge)
                          0.00    0.00   clock source latency
     1    0.02    0.00    0.00    0.00 ^ CLK100MHZ (in)
                                         CLK100MHZ (net)
                  0.00    0.00    0.00 ^ clkbuf_0_CLK100MHZ/A (sky130_fd_sc_hd__clkbuf_16)
     2    0.02    0.07    0.19    0.19 ^ clkbuf_0_CLK100MHZ/X (sky130_fd_sc_hd__clkbuf_16)
                                         clknet_0_CLK100MHZ (net)
                  0.07    0.00    0.19 ^ clkbuf_1_0__f_CLK100MHZ/A (sky130_fd_sc_hd__clkbuf_16)
    16    0.06    0.12    0.27    0.46 ^ clkbuf_1_0__f_CLK100MHZ/X (sky130_fd_sc_hd__clkbuf_16)
                                         clknet_1_0__leaf_CLK100MHZ (net)
                  0.12    0.00    0.46 ^ _451_/CLK (sky130_fd_sc_hd__dfxtp_1)
     2    0.02    0.26    0.79    1.25 ^ _451_/Q (sky130_fd_sc_hd__dfxtp_1)
                                         rf.regs[10][4] (net)
                  0.26    0.00    1.25 ^ _408_/A1 (sky130_fd_sc_hd__mux2_1)
     1    0.01    0.13    0.36    1.61 ^ _408_/X (sky130_fd_sc_hd__mux2_1)
                                         _045_ (net)
                  0.13    0.00    1.61 ^ _409_/A (sky130_fd_sc_hd__clkbuf_1)
     1    0.01    0.16    0.24    1.85 ^ _409_/X (sky130_fd_sc_hd__clkbuf_1)
                                         _017_ (net)
                  0.16    0.00    1.85 ^ _451_/D (sky130_fd_sc_hd__dfxtp_1)
                                  1.85   data arrival time

                          0.00    0.00   clock CLK100MHZ (rise edge)
                          0.00    0.00   clock source latency
     1    0.02    0.00    0.00    0.00 ^ CLK100MHZ (in)
                                         CLK100MHZ (net)
                  0.00    0.00    0.00 ^ clkbuf_0_CLK100MHZ/A (sky130_fd_sc_hd__clkbuf_16)
     2    0.02    0.07    0.19    0.19 ^ clkbuf_0_CLK100MHZ/X (sky130_fd_sc_hd__clkbuf_16)
                                         clknet_0_CLK100MHZ (net)
                  0.07    0.00    0.19 ^ clkbuf_1_0__f_CLK100MHZ/A (sky130_fd_sc_hd__clkbuf_16)
    16    0.06    0.12    0.27    0.46 ^ clkbuf_1_0__f_CLK100MHZ/X (sky130_fd_sc_hd__clkbuf_16)
                                         clknet_1_0__leaf_CLK100MHZ (net)
                  0.12    0.00    0.46 ^ _451_/CLK (sky130_fd_sc_hd__dfxtp_1)
                          0.20    0.66   clock uncertainty
                          0.00    0.66   clock reconvergence pessimism
                         -0.09    0.57   library hold time
                                  0.57   data required time
-----------------------------------------------------------------------------
                                  0.57   data required time
                                 -1.85   data arrival time
-----------------------------------------------------------------------------
                                  1.28   slack (MET)


Startpoint: _456_ (rising edge-triggered flip-flop clocked by CLK100MHZ)
Endpoint: _456_ (rising edge-triggered flip-flop clocked by CLK100MHZ)
Path Group: CLK100MHZ
Path Type: min
Corner: Slowest

Fanout     Cap    Slew   Delay    Time   Description
-----------------------------------------------------------------------------
                          0.00    0.00   clock CLK100MHZ (rise edge)
                          0.00    0.00   clock source latency
     1    0.02    0.00    0.00    0.00 ^ CLK100MHZ (in)
                                         CLK100MHZ (net)
                  0.00    0.00    0.00 ^ clkbuf_0_CLK100MHZ/A (sky130_fd_sc_hd__clkbuf_16)
     2    0.02    0.07    0.19    0.19 ^ clkbuf_0_CLK100MHZ/X (sky130_fd_sc_hd__clkbuf_16)
                                         clknet_0_CLK100MHZ (net)
                  0.07    0.00    0.19 ^ clkbuf_1_1__f_CLK100MHZ/A (sky130_fd_sc_hd__clkbuf_16)
    13    0.05    0.11    0.26    0.45 ^ clkbuf_1_1__f_CLK100MHZ/X (sky130_fd_sc_hd__clkbuf_16)
                                         clknet_1_1__leaf_CLK100MHZ (net)
                  0.11    0.00    0.46 ^ _456_/CLK (sky130_fd_sc_hd__dfxtp_1)
     3    0.02    0.18    0.71    1.16 v _456_/Q (sky130_fd_sc_hd__dfxtp_1)
                                         rf.regs[0][4] (net)
                  0.18    0.00    1.16 v _420_/A (sky130_fd_sc_hd__and2_1)
     1    0.01    0.09    0.36    1.53 v _420_/X (sky130_fd_sc_hd__and2_1)
                                         _052_ (net)
                  0.09    0.00    1.53 v _421_/A (sky130_fd_sc_hd__clkbuf_1)
     1    0.02    0.18    0.28    1.80 v _421_/X (sky130_fd_sc_hd__clkbuf_1)
                                         _022_ (net)
                  0.18    0.00    1.80 v _456_/D (sky130_fd_sc_hd__dfxtp_1)
                                  1.80   data arrival time

                          0.00    0.00   clock CLK100MHZ (rise edge)
                          0.00    0.00   clock source latency
     1    0.02    0.00    0.00    0.00 ^ CLK100MHZ (in)
                                         CLK100MHZ (net)
                  0.00    0.00    0.00 ^ clkbuf_0_CLK100MHZ/A (sky130_fd_sc_hd__clkbuf_16)
     2    0.02    0.07    0.19    0.19 ^ clkbuf_0_CLK100MHZ/X (sky130_fd_sc_hd__clkbuf_16)
                                         clknet_0_CLK100MHZ (net)
                  0.07    0.00    0.19 ^ clkbuf_1_1__f_CLK100MHZ/A (sky130_fd_sc_hd__clkbuf_16)
    13    0.05    0.11    0.26    0.45 ^ clkbuf_1_1__f_CLK100MHZ/X (sky130_fd_sc_hd__clkbuf_16)
                                         clknet_1_1__leaf_CLK100MHZ (net)
                  0.11    0.00    0.46 ^ _456_/CLK (sky130_fd_sc_hd__dfxtp_1)
                          0.20    0.66   clock uncertainty
                          0.00    0.66   clock reconvergence pessimism
                         -0.14    0.52   library hold time
                                  0.52   data required time
-----------------------------------------------------------------------------
                                  0.52   data required time
                                 -1.80   data arrival time
-----------------------------------------------------------------------------
                                  1.29   slack (MET)


Startpoint: _460_ (rising edge-triggered flip-flop clocked by CLK100MHZ)
Endpoint: _460_ (rising edge-triggered flip-flop clocked by CLK100MHZ)
Path Group: CLK100MHZ
Path Type: min
Corner: Slowest

Fanout     Cap    Slew   Delay    Time   Description
-----------------------------------------------------------------------------
                          0.00    0.00   clock CLK100MHZ (rise edge)
                          0.00    0.00   clock source latency
     1    0.02    0.00    0.00    0.00 ^ CLK100MHZ (in)
                                         CLK100MHZ (net)
                  0.00    0.00    0.00 ^ clkbuf_0_CLK100MHZ/A (sky130_fd_sc_hd__clkbuf_16)
     2    0.02    0.07    0.19    0.19 ^ clkbuf_0_CLK100MHZ/X (sky130_fd_sc_hd__clkbuf_16)
                                         clknet_0_CLK100MHZ (net)
                  0.07    0.00    0.19 ^ clkbuf_1_0__f_CLK100MHZ/A (sky130_fd_sc_hd__clkbuf_16)
    16    0.06    0.12    0.27    0.46 ^ clkbuf_1_0__f_CLK100MHZ/X (sky130_fd_sc_hd__clkbuf_16)
                                         clknet_1_0__leaf_CLK100MHZ (net)
                  0.12    0.00    0.46 ^ _460_/CLK (sky130_fd_sc_hd__dfxtp_1)
     2    0.02    0.26    0.79    1.25 ^ _460_/Q (sky130_fd_sc_hd__dfxtp_1)
                                         rf.regs[5][3] (net)
                  0.26    0.00    1.26 ^ _430_/A0 (sky130_fd_sc_hd__mux2_1)
     1    0.00    0.08    0.31    1.56 ^ _430_/X (sky130_fd_sc_hd__mux2_1)
                                         _058_ (net)
                  0.08    0.00    1.56 ^ _431_/A (sky130_fd_sc_hd__buf_1)
     1    0.01    0.27    0.29    1.86 ^ _431_/X (sky130_fd_sc_hd__buf_1)
                                         _026_ (net)
                  0.27    0.00    1.86 ^ _460_/D (sky130_fd_sc_hd__dfxtp_1)
                                  1.86   data arrival time

                          0.00    0.00   clock CLK100MHZ (rise edge)
                          0.00    0.00   clock source latency
     1    0.02    0.00    0.00    0.00 ^ CLK100MHZ (in)
                                         CLK100MHZ (net)
                  0.00    0.00    0.00 ^ clkbuf_0_CLK100MHZ/A (sky130_fd_sc_hd__clkbuf_16)
     2    0.02    0.07    0.19    0.19 ^ clkbuf_0_CLK100MHZ/X (sky130_fd_sc_hd__clkbuf_16)
                                         clknet_0_CLK100MHZ (net)
                  0.07    0.00    0.19 ^ clkbuf_1_0__f_CLK100MHZ/A (sky130_fd_sc_hd__clkbuf_16)
    16    0.06    0.12    0.27    0.46 ^ clkbuf_1_0__f_CLK100MHZ/X (sky130_fd_sc_hd__clkbuf_16)
                                         clknet_1_0__leaf_CLK100MHZ (net)
                  0.12    0.00    0.46 ^ _460_/CLK (sky130_fd_sc_hd__dfxtp_1)
                          0.20    0.66   clock uncertainty
                          0.00    0.66   clock reconvergence pessimism
                         -0.11    0.55   library hold time
                                  0.55   data required time
-----------------------------------------------------------------------------
                                  0.55   data required time
                                 -1.86   data arrival time
-----------------------------------------------------------------------------
                                  1.31   slack (MET)


Startpoint: _450_ (rising edge-triggered flip-flop clocked by CLK100MHZ)
Endpoint: _450_ (rising edge-triggered flip-flop clocked by CLK100MHZ)
Path Group: CLK100MHZ
Path Type: min
Corner: Slowest

Fanout     Cap    Slew   Delay    Time   Description
-----------------------------------------------------------------------------
                          0.00    0.00   clock CLK100MHZ (rise edge)
                          0.00    0.00   clock source latency
     1    0.02    0.00    0.00    0.00 ^ CLK100MHZ (in)
                                         CLK100MHZ (net)
                  0.00    0.00    0.00 ^ clkbuf_0_CLK100MHZ/A (sky130_fd_sc_hd__clkbuf_16)
     2    0.02    0.07    0.19    0.19 ^ clkbuf_0_CLK100MHZ/X (sky130_fd_sc_hd__clkbuf_16)
                                         clknet_0_CLK100MHZ (net)
                  0.07    0.00    0.19 ^ clkbuf_1_0__f_CLK100MHZ/A (sky130_fd_sc_hd__clkbuf_16)
    16    0.06    0.12    0.27    0.46 ^ clkbuf_1_0__f_CLK100MHZ/X (sky130_fd_sc_hd__clkbuf_16)
                                         clknet_1_0__leaf_CLK100MHZ (net)
                  0.12    0.00    0.46 ^ _450_/CLK (sky130_fd_sc_hd__dfxtp_1)
     2    0.02    0.35    0.85    1.31 ^ _450_/Q (sky130_fd_sc_hd__dfxtp_1)
                                         rf.regs[10][3] (net)
                  0.35    0.00    1.32 ^ _406_/A1 (sky130_fd_sc_hd__mux2_1)
     1    0.00    0.09    0.36    1.68 ^ _406_/X (sky130_fd_sc_hd__mux2_1)
                                         _044_ (net)
                  0.09    0.00    1.68 ^ _407_/A (sky130_fd_sc_hd__clkbuf_1)
     1    0.01    0.16    0.23    1.90 ^ _407_/X (sky130_fd_sc_hd__clkbuf_1)
                                         _016_ (net)
                  0.16    0.00    1.90 ^ _450_/D (sky130_fd_sc_hd__dfxtp_1)
                                  1.90   data arrival time

                          0.00    0.00   clock CLK100MHZ (rise edge)
                          0.00    0.00   clock source latency
     1    0.02    0.00    0.00    0.00 ^ CLK100MHZ (in)
                                         CLK100MHZ (net)
                  0.00    0.00    0.00 ^ clkbuf_0_CLK100MHZ/A (sky130_fd_sc_hd__clkbuf_16)
     2    0.02    0.07    0.19    0.19 ^ clkbuf_0_CLK100MHZ/X (sky130_fd_sc_hd__clkbuf_16)
                                         clknet_0_CLK100MHZ (net)
                  0.07    0.00    0.19 ^ clkbuf_1_0__f_CLK100MHZ/A (sky130_fd_sc_hd__clkbuf_16)
    16    0.06    0.12    0.27    0.46 ^ clkbuf_1_0__f_CLK100MHZ/X (sky130_fd_sc_hd__clkbuf_16)
                                         clknet_1_0__leaf_CLK100MHZ (net)
                  0.12    0.00    0.46 ^ _450_/CLK (sky130_fd_sc_hd__dfxtp_1)
                          0.20    0.66   clock uncertainty
                          0.00    0.66   clock reconvergence pessimism
                         -0.09    0.57   library hold time
                                  0.57   data required time
-----------------------------------------------------------------------------
                                  0.57   data required time
                                 -1.90   data arrival time
-----------------------------------------------------------------------------
                                  1.33   slack (MET)


Startpoint: _442_ (rising edge-triggered flip-flop clocked by CLK100MHZ)
Endpoint: _442_ (rising edge-triggered flip-flop clocked by CLK100MHZ)
Path Group: CLK100MHZ
Path Type: min
Corner: Slowest

Fanout     Cap    Slew   Delay    Time   Description
-----------------------------------------------------------------------------
                          0.00    0.00   clock CLK100MHZ (rise edge)
                          0.00    0.00   clock source latency
     1    0.02    0.00    0.00    0.00 ^ CLK100MHZ (in)
                                         CLK100MHZ (net)
                  0.00    0.00    0.00 ^ clkbuf_0_CLK100MHZ/A (sky130_fd_sc_hd__clkbuf_16)
     2    0.02    0.07    0.19    0.19 ^ clkbuf_0_CLK100MHZ/X (sky130_fd_sc_hd__clkbuf_16)
                                         clknet_0_CLK100MHZ (net)
                  0.07    0.00    0.19 ^ clkbuf_1_1__f_CLK100MHZ/A (sky130_fd_sc_hd__clkbuf_16)
    13    0.05    0.11    0.26    0.45 ^ clkbuf_1_1__f_CLK100MHZ/X (sky130_fd_sc_hd__clkbuf_16)
                                         clknet_1_1__leaf_CLK100MHZ (net)
                  0.11    0.00    0.46 ^ _442_/CLK (sky130_fd_sc_hd__dfxtp_1)
     2    0.02    0.29    0.81    1.27 ^ _442_/Q (sky130_fd_sc_hd__dfxtp_1)
                                         rf.regs[15][0] (net)
                  0.29    0.00    1.27 ^ _387_/A0 (sky130_fd_sc_hd__mux2_1)
     1    0.01    0.19    0.41    1.68 ^ _387_/X (sky130_fd_sc_hd__mux2_1)
                                         _033_ (net)
                  0.19    0.00    1.68 ^ _388_/A (sky130_fd_sc_hd__clkbuf_1)
     1    0.01    0.13    0.24    1.92 ^ _388_/X (sky130_fd_sc_hd__clkbuf_1)
                                         _008_ (net)
                  0.13    0.00    1.92 ^ _442_/D (sky130_fd_sc_hd__dfxtp_1)
                                  1.92   data arrival time

                          0.00    0.00   clock CLK100MHZ (rise edge)
                          0.00    0.00   clock source latency
     1    0.02    0.00    0.00    0.00 ^ CLK100MHZ (in)
                                         CLK100MHZ (net)
                  0.00    0.00    0.00 ^ clkbuf_0_CLK100MHZ/A (sky130_fd_sc_hd__clkbuf_16)
     2    0.02    0.07    0.19    0.19 ^ clkbuf_0_CLK100MHZ/X (sky130_fd_sc_hd__clkbuf_16)
                                         clknet_0_CLK100MHZ (net)
                  0.07    0.00    0.19 ^ clkbuf_1_1__f_CLK100MHZ/A (sky130_fd_sc_hd__clkbuf_16)
    13    0.05    0.11    0.26    0.45 ^ clkbuf_1_1__f_CLK100MHZ/X (sky130_fd_sc_hd__clkbuf_16)
                                         clknet_1_1__leaf_CLK100MHZ (net)
                  0.11    0.00    0.46 ^ _442_/CLK (sky130_fd_sc_hd__dfxtp_1)
                          0.20    0.66   clock uncertainty
                          0.00    0.66   clock reconvergence pessimism
                         -0.08    0.58   library hold time
                                  0.58   data required time
-----------------------------------------------------------------------------
                                  0.58   data required time
                                 -1.92   data arrival time
-----------------------------------------------------------------------------
                                  1.34   slack (MET)


Startpoint: _446_ (rising edge-triggered flip-flop clocked by CLK100MHZ)
Endpoint: _446_ (rising edge-triggered flip-flop clocked by CLK100MHZ)
Path Group: CLK100MHZ
Path Type: min
Corner: Slowest

Fanout     Cap    Slew   Delay    Time   Description
-----------------------------------------------------------------------------
                          0.00    0.00   clock CLK100MHZ (rise edge)
                          0.00    0.00   clock source latency
     1    0.02    0.00    0.00    0.00 ^ CLK100MHZ (in)
                                         CLK100MHZ (net)
                  0.00    0.00    0.00 ^ clkbuf_0_CLK100MHZ/A (sky130_fd_sc_hd__clkbuf_16)
     2    0.02    0.07    0.19    0.19 ^ clkbuf_0_CLK100MHZ/X (sky130_fd_sc_hd__clkbuf_16)
                                         clknet_0_CLK100MHZ (net)
                  0.07    0.00    0.19 ^ clkbuf_1_1__f_CLK100MHZ/A (sky130_fd_sc_hd__clkbuf_16)
    13    0.05    0.11    0.26    0.45 ^ clkbuf_1_1__f_CLK100MHZ/X (sky130_fd_sc_hd__clkbuf_16)
                                         clknet_1_1__leaf_CLK100MHZ (net)
                  0.11    0.00    0.46 ^ _446_/CLK (sky130_fd_sc_hd__dfxtp_1)
     2    0.02    0.25    0.78    1.24 ^ _446_/Q (sky130_fd_sc_hd__dfxtp_1)
                                         rf.regs[15][4] (net)
                  0.25    0.00    1.24 ^ _395_/A0 (sky130_fd_sc_hd__mux2_1)
     1    0.01    0.18    0.39    1.62 ^ _395_/X (sky130_fd_sc_hd__mux2_1)
                                         _037_ (net)
                  0.18    0.00    1.63 ^ _396_/A (sky130_fd_sc_hd__clkbuf_1)
     1    0.01    0.19    0.28    1.91 ^ _396_/X (sky130_fd_sc_hd__clkbuf_1)
                                         _012_ (net)
                  0.19    0.00    1.91 ^ _446_/D (sky130_fd_sc_hd__dfxtp_1)
                                  1.91   data arrival time

                          0.00    0.00   clock CLK100MHZ (rise edge)
                          0.00    0.00   clock source latency
     1    0.02    0.00    0.00    0.00 ^ CLK100MHZ (in)
                                         CLK100MHZ (net)
                  0.00    0.00    0.00 ^ clkbuf_0_CLK100MHZ/A (sky130_fd_sc_hd__clkbuf_16)
     2    0.02    0.07    0.19    0.19 ^ clkbuf_0_CLK100MHZ/X (sky130_fd_sc_hd__clkbuf_16)
                                         clknet_0_CLK100MHZ (net)
                  0.07    0.00    0.19 ^ clkbuf_1_1__f_CLK100MHZ/A (sky130_fd_sc_hd__clkbuf_16)
    13    0.05    0.11    0.26    0.45 ^ clkbuf_1_1__f_CLK100MHZ/X (sky130_fd_sc_hd__clkbuf_16)
                                         clknet_1_1__leaf_CLK100MHZ (net)
                  0.11    0.00    0.46 ^ _446_/CLK (sky130_fd_sc_hd__dfxtp_1)
                          0.20    0.66   clock uncertainty
                          0.00    0.66   clock reconvergence pessimism
                         -0.09    0.56   library hold time
                                  0.56   data required time
-----------------------------------------------------------------------------
                                  0.56   data required time
                                 -1.91   data arrival time
-----------------------------------------------------------------------------
                                  1.35   slack (MET)


Startpoint: _452_ (rising edge-triggered flip-flop clocked by CLK100MHZ)
Endpoint: _452_ (rising edge-triggered flip-flop clocked by CLK100MHZ)
Path Group: CLK100MHZ
Path Type: min
Corner: Slowest

Fanout     Cap    Slew   Delay    Time   Description
-----------------------------------------------------------------------------
                          0.00    0.00   clock CLK100MHZ (rise edge)
                          0.00    0.00   clock source latency
     1    0.02    0.00    0.00    0.00 ^ CLK100MHZ (in)
                                         CLK100MHZ (net)
                  0.00    0.00    0.00 ^ clkbuf_0_CLK100MHZ/A (sky130_fd_sc_hd__clkbuf_16)
     2    0.02    0.07    0.19    0.19 ^ clkbuf_0_CLK100MHZ/X (sky130_fd_sc_hd__clkbuf_16)
                                         clknet_0_CLK100MHZ (net)
                  0.07    0.00    0.19 ^ clkbuf_1_1__f_CLK100MHZ/A (sky130_fd_sc_hd__clkbuf_16)
    13    0.05    0.11    0.26    0.45 ^ clkbuf_1_1__f_CLK100MHZ/X (sky130_fd_sc_hd__clkbuf_16)
                                         clknet_1_1__leaf_CLK100MHZ (net)
                  0.11    0.00    0.46 ^ _452_/CLK (sky130_fd_sc_hd__dfxtp_1)
     3    0.03    0.27    0.78    1.23 v _452_/Q (sky130_fd_sc_hd__dfxtp_1)
                                         rf.regs[0][0] (net)
                  0.27    0.00    1.23 v _412_/A (sky130_fd_sc_hd__and2_1)
     1    0.02    0.18    0.48    1.71 v _412_/X (sky130_fd_sc_hd__and2_1)
                                         _048_ (net)
                  0.18    0.00    1.71 v _413_/A (sky130_fd_sc_hd__clkbuf_1)
     1    0.00    0.07    0.23    1.94 v _413_/X (sky130_fd_sc_hd__clkbuf_1)
                                         _018_ (net)
                  0.07    0.00    1.94 v _452_/D (sky130_fd_sc_hd__dfxtp_1)
                                  1.94   data arrival time

                          0.00    0.00   clock CLK100MHZ (rise edge)
                          0.00    0.00   clock source latency
     1    0.02    0.00    0.00    0.00 ^ CLK100MHZ (in)
                                         CLK100MHZ (net)
                  0.00    0.00    0.00 ^ clkbuf_0_CLK100MHZ/A (sky130_fd_sc_hd__clkbuf_16)
     2    0.02    0.07    0.19    0.19 ^ clkbuf_0_CLK100MHZ/X (sky130_fd_sc_hd__clkbuf_16)
                                         clknet_0_CLK100MHZ (net)
                  0.07    0.00    0.19 ^ clkbuf_1_1__f_CLK100MHZ/A (sky130_fd_sc_hd__clkbuf_16)
    13    0.05    0.11    0.26    0.45 ^ clkbuf_1_1__f_CLK100MHZ/X (sky130_fd_sc_hd__clkbuf_16)
                                         clknet_1_1__leaf_CLK100MHZ (net)
                  0.11    0.00    0.46 ^ _452_/CLK (sky130_fd_sc_hd__dfxtp_1)
                          0.20    0.66   clock uncertainty
                          0.00    0.66   clock reconvergence pessimism
                         -0.09    0.56   library hold time
                                  0.56   data required time
-----------------------------------------------------------------------------
                                  0.56   data required time
                                 -1.94   data arrival time
-----------------------------------------------------------------------------
                                  1.38   slack (MET)


Startpoint: _454_ (rising edge-triggered flip-flop clocked by CLK100MHZ)
Endpoint: _454_ (rising edge-triggered flip-flop clocked by CLK100MHZ)
Path Group: CLK100MHZ
Path Type: min
Corner: Slowest

Fanout     Cap    Slew   Delay    Time   Description
-----------------------------------------------------------------------------
                          0.00    0.00   clock CLK100MHZ (rise edge)
                          0.00    0.00   clock source latency
     1    0.02    0.00    0.00    0.00 ^ CLK100MHZ (in)
                                         CLK100MHZ (net)
                  0.00    0.00    0.00 ^ clkbuf_0_CLK100MHZ/A (sky130_fd_sc_hd__clkbuf_16)
     2    0.02    0.07    0.19    0.19 ^ clkbuf_0_CLK100MHZ/X (sky130_fd_sc_hd__clkbuf_16)
                                         clknet_0_CLK100MHZ (net)
                  0.07    0.00    0.19 ^ clkbuf_1_0__f_CLK100MHZ/A (sky130_fd_sc_hd__clkbuf_16)
    16    0.06    0.12    0.27    0.46 ^ clkbuf_1_0__f_CLK100MHZ/X (sky130_fd_sc_hd__clkbuf_16)
                                         clknet_1_0__leaf_CLK100MHZ (net)
                  0.12    0.00    0.46 ^ _454_/CLK (sky130_fd_sc_hd__dfxtp_1)
     3    0.02    0.18    0.71    1.17 v _454_/Q (sky130_fd_sc_hd__dfxtp_1)
                                         rf.regs[0][2] (net)
                  0.18    0.00    1.17 v _416_/A (sky130_fd_sc_hd__and2_1)
     1    0.02    0.20    0.46    1.63 v _416_/X (sky130_fd_sc_hd__and2_1)
                                         _050_ (net)
                  0.20    0.00    1.63 v _417_/A (sky130_fd_sc_hd__buf_1)
     1    0.01    0.14    0.30    1.93 v _417_/X (sky130_fd_sc_hd__buf_1)
                                         _020_ (net)
                  0.14    0.00    1.93 v _454_/D (sky130_fd_sc_hd__dfxtp_1)
                                  1.93   data arrival time

                          0.00    0.00   clock CLK100MHZ (rise edge)
                          0.00    0.00   clock source latency
     1    0.02    0.00    0.00    0.00 ^ CLK100MHZ (in)
                                         CLK100MHZ (net)
                  0.00    0.00    0.00 ^ clkbuf_0_CLK100MHZ/A (sky130_fd_sc_hd__clkbuf_16)
     2    0.02    0.07    0.19    0.19 ^ clkbuf_0_CLK100MHZ/X (sky130_fd_sc_hd__clkbuf_16)
                                         clknet_0_CLK100MHZ (net)
                  0.07    0.00    0.19 ^ clkbuf_1_0__f_CLK100MHZ/A (sky130_fd_sc_hd__clkbuf_16)
    16    0.06    0.12    0.27    0.46 ^ clkbuf_1_0__f_CLK100MHZ/X (sky130_fd_sc_hd__clkbuf_16)
                                         clknet_1_0__leaf_CLK100MHZ (net)
                  0.12    0.00    0.46 ^ _454_/CLK (sky130_fd_sc_hd__dfxtp_1)
                          0.20    0.66   clock uncertainty
                          0.00    0.66   clock reconvergence pessimism
                         -0.12    0.54   library hold time
                                  0.54   data required time
-----------------------------------------------------------------------------
                                  0.54   data required time
                                 -1.93   data arrival time
-----------------------------------------------------------------------------
                                  1.39   slack (MET)


Startpoint: _439_ (rising edge-triggered flip-flop clocked by CLK100MHZ)
Endpoint: _439_ (rising edge-triggered flip-flop clocked by CLK100MHZ)
Path Group: CLK100MHZ
Path Type: min
Corner: Slowest

Fanout     Cap    Slew   Delay    Time   Description
-----------------------------------------------------------------------------
                          0.00    0.00   clock CLK100MHZ (rise edge)
                          0.00    0.00   clock source latency
     1    0.02    0.00    0.00    0.00 ^ CLK100MHZ (in)
                                         CLK100MHZ (net)
                  0.00    0.00    0.00 ^ clkbuf_0_CLK100MHZ/A (sky130_fd_sc_hd__clkbuf_16)
     2    0.02    0.07    0.19    0.19 ^ clkbuf_0_CLK100MHZ/X (sky130_fd_sc_hd__clkbuf_16)
                                         clknet_0_CLK100MHZ (net)
                  0.07    0.00    0.19 ^ clkbuf_1_1__f_CLK100MHZ/A (sky130_fd_sc_hd__clkbuf_16)
    13    0.05    0.11    0.26    0.45 ^ clkbuf_1_1__f_CLK100MHZ/X (sky130_fd_sc_hd__clkbuf_16)
                                         clknet_1_1__leaf_CLK100MHZ (net)
                  0.11    0.00    0.46 ^ _439_/CLK (sky130_fd_sc_hd__dfxtp_1)
     2    0.01    0.19    0.74    1.20 ^ _439_/Q (sky130_fd_sc_hd__dfxtp_1)
                                         rf.regs[25][2] (net)
                  0.19    0.00    1.20 ^ _369_/A0 (sky130_fd_sc_hd__mux2_1)
     1    0.02    0.30    0.46    1.66 ^ _369_/X (sky130_fd_sc_hd__mux2_1)
                                         _202_ (net)
                  0.30    0.00    1.66 ^ _370_/A (sky130_fd_sc_hd__clkbuf_1)
     1    0.01    0.20    0.33    1.99 ^ _370_/X (sky130_fd_sc_hd__clkbuf_1)
                                         _005_ (net)
                  0.20    0.00    1.99 ^ _439_/D (sky130_fd_sc_hd__dfxtp_1)
                                  1.99   data arrival time

                          0.00    0.00   clock CLK100MHZ (rise edge)
                          0.00    0.00   clock source latency
     1    0.02    0.00    0.00    0.00 ^ CLK100MHZ (in)
                                         CLK100MHZ (net)
                  0.00    0.00    0.00 ^ clkbuf_0_CLK100MHZ/A (sky130_fd_sc_hd__clkbuf_16)
     2    0.02    0.07    0.19    0.19 ^ clkbuf_0_CLK100MHZ/X (sky130_fd_sc_hd__clkbuf_16)
                                         clknet_0_CLK100MHZ (net)
                  0.07    0.00    0.19 ^ clkbuf_1_1__f_CLK100MHZ/A (sky130_fd_sc_hd__clkbuf_16)
    13    0.05    0.11    0.26    0.45 ^ clkbuf_1_1__f_CLK100MHZ/X (sky130_fd_sc_hd__clkbuf_16)
                                         clknet_1_1__leaf_CLK100MHZ (net)
                  0.11    0.00    0.46 ^ _439_/CLK (sky130_fd_sc_hd__dfxtp_1)
                          0.20    0.66   clock uncertainty
                          0.00    0.66   clock reconvergence pessimism
                         -0.10    0.56   library hold time
                                  0.56   data required time
-----------------------------------------------------------------------------
                                  0.56   data required time
                                 -1.99   data arrival time
-----------------------------------------------------------------------------
                                  1.43   slack (MET)


Startpoint: _459_ (rising edge-triggered flip-flop clocked by CLK100MHZ)
Endpoint: _459_ (rising edge-triggered flip-flop clocked by CLK100MHZ)
Path Group: CLK100MHZ
Path Type: min
Corner: Slowest

Fanout     Cap    Slew   Delay    Time   Description
-----------------------------------------------------------------------------
                          0.00    0.00   clock CLK100MHZ (rise edge)
                          0.00    0.00   clock source latency
     1    0.02    0.00    0.00    0.00 ^ CLK100MHZ (in)
                                         CLK100MHZ (net)
                  0.00    0.00    0.00 ^ clkbuf_0_CLK100MHZ/A (sky130_fd_sc_hd__clkbuf_16)
     2    0.02    0.07    0.19    0.19 ^ clkbuf_0_CLK100MHZ/X (sky130_fd_sc_hd__clkbuf_16)
                                         clknet_0_CLK100MHZ (net)
                  0.07    0.00    0.19 ^ clkbuf_1_0__f_CLK100MHZ/A (sky130_fd_sc_hd__clkbuf_16)
    16    0.06    0.12    0.27    0.46 ^ clkbuf_1_0__f_CLK100MHZ/X (sky130_fd_sc_hd__clkbuf_16)
                                         clknet_1_0__leaf_CLK100MHZ (net)
                  0.12    0.00    0.46 ^ _459_/CLK (sky130_fd_sc_hd__dfxtp_1)
     2    0.02    0.34    0.85    1.31 ^ _459_/Q (sky130_fd_sc_hd__dfxtp_1)
                                         rf.regs[5][2] (net)
                  0.34    0.00    1.31 ^ _428_/A0 (sky130_fd_sc_hd__mux2_1)
     1    0.01    0.14    0.39    1.71 ^ _428_/X (sky130_fd_sc_hd__mux2_1)
                                         _057_ (net)
                  0.14    0.00    1.71 ^ _429_/A (sky130_fd_sc_hd__buf_1)
     1    0.01    0.23    0.29    2.00 ^ _429_/X (sky130_fd_sc_hd__buf_1)
                                         _025_ (net)
                  0.23    0.00    2.00 ^ _459_/D (sky130_fd_sc_hd__dfxtp_1)
                                  2.00   data arrival time

                          0.00    0.00   clock CLK100MHZ (rise edge)
                          0.00    0.00   clock source latency
     1    0.02    0.00    0.00    0.00 ^ CLK100MHZ (in)
                                         CLK100MHZ (net)
                  0.00    0.00    0.00 ^ clkbuf_0_CLK100MHZ/A (sky130_fd_sc_hd__clkbuf_16)
     2    0.02    0.07    0.19    0.19 ^ clkbuf_0_CLK100MHZ/X (sky130_fd_sc_hd__clkbuf_16)
                                         clknet_0_CLK100MHZ (net)
                  0.07    0.00    0.19 ^ clkbuf_1_0__f_CLK100MHZ/A (sky130_fd_sc_hd__clkbuf_16)
    16    0.06    0.12    0.27    0.46 ^ clkbuf_1_0__f_CLK100MHZ/X (sky130_fd_sc_hd__clkbuf_16)
                                         clknet_1_0__leaf_CLK100MHZ (net)
                  0.12    0.00    0.46 ^ _459_/CLK (sky130_fd_sc_hd__dfxtp_1)
                          0.20    0.66   clock uncertainty
                          0.00    0.66   clock reconvergence pessimism
                         -0.10    0.56   library hold time
                                  0.56   data required time
-----------------------------------------------------------------------------
                                  0.56   data required time
                                 -2.00   data arrival time
-----------------------------------------------------------------------------
                                  1.44   slack (MET)


Startpoint: _457_ (rising edge-triggered flip-flop clocked by CLK100MHZ)
Endpoint: _457_ (rising edge-triggered flip-flop clocked by CLK100MHZ)
Path Group: CLK100MHZ
Path Type: min
Corner: Slowest

Fanout     Cap    Slew   Delay    Time   Description
-----------------------------------------------------------------------------
                          0.00    0.00   clock CLK100MHZ (rise edge)
                          0.00    0.00   clock source latency
     1    0.02    0.00    0.00    0.00 ^ CLK100MHZ (in)
                                         CLK100MHZ (net)
                  0.00    0.00    0.00 ^ clkbuf_0_CLK100MHZ/A (sky130_fd_sc_hd__clkbuf_16)
     2    0.02    0.07    0.19    0.19 ^ clkbuf_0_CLK100MHZ/X (sky130_fd_sc_hd__clkbuf_16)
                                         clknet_0_CLK100MHZ (net)
                  0.07    0.00    0.19 ^ clkbuf_1_1__f_CLK100MHZ/A (sky130_fd_sc_hd__clkbuf_16)
    13    0.05    0.11    0.26    0.45 ^ clkbuf_1_1__f_CLK100MHZ/X (sky130_fd_sc_hd__clkbuf_16)
                                         clknet_1_1__leaf_CLK100MHZ (net)
                  0.11    0.00    0.46 ^ _457_/CLK (sky130_fd_sc_hd__dfxtp_1)
     2    0.02    0.26    0.79    1.25 ^ _457_/Q (sky130_fd_sc_hd__dfxtp_1)
                                         rf.regs[5][0] (net)
                  0.26    0.00    1.25 ^ _424_/A0 (sky130_fd_sc_hd__mux2_1)
     1    0.01    0.17    0.39    1.64 ^ _424_/X (sky130_fd_sc_hd__mux2_1)
                                         _055_ (net)
                  0.17    0.00    1.64 ^ _425_/A (sky130_fd_sc_hd__clkbuf_1)
     1    0.01    0.29    0.35    1.99 ^ _425_/X (sky130_fd_sc_hd__clkbuf_1)
                                         _023_ (net)
                  0.29    0.00    1.99 ^ _457_/D (sky130_fd_sc_hd__dfxtp_1)
                                  1.99   data arrival time

                          0.00    0.00   clock CLK100MHZ (rise edge)
                          0.00    0.00   clock source latency
     1    0.02    0.00    0.00    0.00 ^ CLK100MHZ (in)
                                         CLK100MHZ (net)
                  0.00    0.00    0.00 ^ clkbuf_0_CLK100MHZ/A (sky130_fd_sc_hd__clkbuf_16)
     2    0.02    0.07    0.19    0.19 ^ clkbuf_0_CLK100MHZ/X (sky130_fd_sc_hd__clkbuf_16)
                                         clknet_0_CLK100MHZ (net)
                  0.07    0.00    0.19 ^ clkbuf_1_1__f_CLK100MHZ/A (sky130_fd_sc_hd__clkbuf_16)
    13    0.05    0.11    0.26    0.45 ^ clkbuf_1_1__f_CLK100MHZ/X (sky130_fd_sc_hd__clkbuf_16)
                                         clknet_1_1__leaf_CLK100MHZ (net)
                  0.11    0.00    0.46 ^ _457_/CLK (sky130_fd_sc_hd__dfxtp_1)
                          0.20    0.66   clock uncertainty
                          0.00    0.66   clock reconvergence pessimism
                         -0.12    0.54   library hold time
                                  0.54   data required time
-----------------------------------------------------------------------------
                                  0.54   data required time
                                 -1.99   data arrival time
-----------------------------------------------------------------------------
                                  1.45   slack (MET)


Startpoint: _438_ (rising edge-triggered flip-flop clocked by CLK100MHZ)
Endpoint: _438_ (rising edge-triggered flip-flop clocked by CLK100MHZ)
Path Group: CLK100MHZ
Path Type: min
Corner: Slowest

Fanout     Cap    Slew   Delay    Time   Description
-----------------------------------------------------------------------------
                          0.00    0.00   clock CLK100MHZ (rise edge)
                          0.00    0.00   clock source latency
     1    0.02    0.00    0.00    0.00 ^ CLK100MHZ (in)
                                         CLK100MHZ (net)
                  0.00    0.00    0.00 ^ clkbuf_0_CLK100MHZ/A (sky130_fd_sc_hd__clkbuf_16)
     2    0.02    0.07    0.19    0.19 ^ clkbuf_0_CLK100MHZ/X (sky130_fd_sc_hd__clkbuf_16)
                                         clknet_0_CLK100MHZ (net)
                  0.07    0.00    0.19 ^ clkbuf_1_1__f_CLK100MHZ/A (sky130_fd_sc_hd__clkbuf_16)
    13    0.05    0.11    0.26    0.45 ^ clkbuf_1_1__f_CLK100MHZ/X (sky130_fd_sc_hd__clkbuf_16)
                                         clknet_1_1__leaf_CLK100MHZ (net)
                  0.11    0.00    0.46 ^ _438_/CLK (sky130_fd_sc_hd__dfxtp_1)
     3    0.02    0.38    0.87    1.33 ^ _438_/Q (sky130_fd_sc_hd__dfxtp_1)
                                         rf.regs[25][1] (net)
                  0.38    0.00    1.33 ^ _367_/A0 (sky130_fd_sc_hd__mux2_1)
     1    0.01    0.19    0.44    1.77 ^ _367_/X (sky130_fd_sc_hd__mux2_1)
                                         _201_ (net)
                  0.19    0.00    1.77 ^ _368_/A (sky130_fd_sc_hd__clkbuf_1)
     1    0.01    0.19    0.29    2.06 ^ _368_/X (sky130_fd_sc_hd__clkbuf_1)
                                         _004_ (net)
                  0.19    0.00    2.06 ^ _438_/D (sky130_fd_sc_hd__dfxtp_1)
                                  2.06   data arrival time

                          0.00    0.00   clock CLK100MHZ (rise edge)
                          0.00    0.00   clock source latency
     1    0.02    0.00    0.00    0.00 ^ CLK100MHZ (in)
                                         CLK100MHZ (net)
                  0.00    0.00    0.00 ^ clkbuf_0_CLK100MHZ/A (sky130_fd_sc_hd__clkbuf_16)
     2    0.02    0.07    0.19    0.19 ^ clkbuf_0_CLK100MHZ/X (sky130_fd_sc_hd__clkbuf_16)
                                         clknet_0_CLK100MHZ (net)
                  0.07    0.00    0.19 ^ clkbuf_1_1__f_CLK100MHZ/A (sky130_fd_sc_hd__clkbuf_16)
    13    0.05    0.11    0.26    0.45 ^ clkbuf_1_1__f_CLK100MHZ/X (sky130_fd_sc_hd__clkbuf_16)
                                         clknet_1_1__leaf_CLK100MHZ (net)
                  0.11    0.00    0.46 ^ _438_/CLK (sky130_fd_sc_hd__dfxtp_1)
                          0.20    0.66   clock uncertainty
                          0.00    0.66   clock reconvergence pessimism
                         -0.09    0.56   library hold time
                                  0.56   data required time
-----------------------------------------------------------------------------
                                  0.56   data required time
                                 -2.06   data arrival time
-----------------------------------------------------------------------------
                                  1.50   slack (MET)


Startpoint: _443_ (rising edge-triggered flip-flop clocked by CLK100MHZ)
Endpoint: _443_ (rising edge-triggered flip-flop clocked by CLK100MHZ)
Path Group: CLK100MHZ
Path Type: min
Corner: Slowest

Fanout     Cap    Slew   Delay    Time   Description
-----------------------------------------------------------------------------
                          0.00    0.00   clock CLK100MHZ (rise edge)
                          0.00    0.00   clock source latency
     1    0.02    0.00    0.00    0.00 ^ CLK100MHZ (in)
                                         CLK100MHZ (net)
                  0.00    0.00    0.00 ^ clkbuf_0_CLK100MHZ/A (sky130_fd_sc_hd__clkbuf_16)
     2    0.02    0.07    0.19    0.19 ^ clkbuf_0_CLK100MHZ/X (sky130_fd_sc_hd__clkbuf_16)
                                         clknet_0_CLK100MHZ (net)
                  0.07    0.00    0.19 ^ clkbuf_1_0__f_CLK100MHZ/A (sky130_fd_sc_hd__clkbuf_16)
    16    0.06    0.12    0.27    0.46 ^ clkbuf_1_0__f_CLK100MHZ/X (sky130_fd_sc_hd__clkbuf_16)
                                         clknet_1_0__leaf_CLK100MHZ (net)
                  0.12    0.00    0.46 ^ _443_/CLK (sky130_fd_sc_hd__dfxtp_1)
     2    0.02    0.24    0.78    1.24 ^ _443_/Q (sky130_fd_sc_hd__dfxtp_1)
                                         rf.regs[15][1] (net)
                  0.24    0.00    1.24 ^ _389_/A0 (sky130_fd_sc_hd__mux2_1)
     1    0.01    0.14    0.36    1.60 ^ _389_/X (sky130_fd_sc_hd__mux2_1)
                                         _034_ (net)
                  0.14    0.00    1.60 ^ _390_/A (sky130_fd_sc_hd__buf_1)
     1    0.02    0.41    0.43    2.03 ^ _390_/X (sky130_fd_sc_hd__buf_1)
                                         _009_ (net)
                  0.41    0.00    2.03 ^ _443_/D (sky130_fd_sc_hd__dfxtp_1)
                                  2.03   data arrival time

                          0.00    0.00   clock CLK100MHZ (rise edge)
                          0.00    0.00   clock source latency
     1    0.02    0.00    0.00    0.00 ^ CLK100MHZ (in)
                                         CLK100MHZ (net)
                  0.00    0.00    0.00 ^ clkbuf_0_CLK100MHZ/A (sky130_fd_sc_hd__clkbuf_16)
     2    0.02    0.07    0.19    0.19 ^ clkbuf_0_CLK100MHZ/X (sky130_fd_sc_hd__clkbuf_16)
                                         clknet_0_CLK100MHZ (net)
                  0.07    0.00    0.19 ^ clkbuf_1_0__f_CLK100MHZ/A (sky130_fd_sc_hd__clkbuf_16)
    16    0.06    0.12    0.27    0.46 ^ clkbuf_1_0__f_CLK100MHZ/X (sky130_fd_sc_hd__clkbuf_16)
                                         clknet_1_0__leaf_CLK100MHZ (net)
                  0.12    0.00    0.46 ^ _443_/CLK (sky130_fd_sc_hd__dfxtp_1)
                          0.20    0.66   clock uncertainty
                          0.00    0.66   clock reconvergence pessimism
                         -0.14    0.52   library hold time
                                  0.52   data required time
-----------------------------------------------------------------------------
                                  0.52   data required time
                                 -2.03   data arrival time
-----------------------------------------------------------------------------
                                  1.51   slack (MET)


Startpoint: _441_ (rising edge-triggered flip-flop clocked by CLK100MHZ)
Endpoint: _441_ (rising edge-triggered flip-flop clocked by CLK100MHZ)
Path Group: CLK100MHZ
Path Type: min
Corner: Slowest

Fanout     Cap    Slew   Delay    Time   Description
-----------------------------------------------------------------------------
                          0.00    0.00   clock CLK100MHZ (rise edge)
                          0.00    0.00   clock source latency
     1    0.02    0.00    0.00    0.00 ^ CLK100MHZ (in)
                                         CLK100MHZ (net)
                  0.00    0.00    0.00 ^ clkbuf_0_CLK100MHZ/A (sky130_fd_sc_hd__clkbuf_16)
     2    0.02    0.07    0.19    0.19 ^ clkbuf_0_CLK100MHZ/X (sky130_fd_sc_hd__clkbuf_16)
                                         clknet_0_CLK100MHZ (net)
                  0.07    0.00    0.19 ^ clkbuf_1_0__f_CLK100MHZ/A (sky130_fd_sc_hd__clkbuf_16)
    16    0.06    0.12    0.27    0.46 ^ clkbuf_1_0__f_CLK100MHZ/X (sky130_fd_sc_hd__clkbuf_16)
                                         clknet_1_0__leaf_CLK100MHZ (net)
                  0.12    0.00    0.46 ^ _441_/CLK (sky130_fd_sc_hd__dfxtp_1)
     2    0.03    0.42    0.91    1.37 ^ _441_/Q (sky130_fd_sc_hd__dfxtp_1)
                                         rf.regs[25][4] (net)
                  0.42    0.00    1.37 ^ _383_/A0 (sky130_fd_sc_hd__mux2_1)
     1    0.01    0.19    0.47    1.83 ^ _383_/X (sky130_fd_sc_hd__mux2_1)
                                         _214_ (net)
                  0.19    0.00    1.83 ^ _384_/A (sky130_fd_sc_hd__buf_1)
     1    0.02    0.29    0.36    2.20 ^ _384_/X (sky130_fd_sc_hd__buf_1)
                                         _007_ (net)
                  0.29    0.00    2.20 ^ _441_/D (sky130_fd_sc_hd__dfxtp_1)
                                  2.20   data arrival time

                          0.00    0.00   clock CLK100MHZ (rise edge)
                          0.00    0.00   clock source latency
     1    0.02    0.00    0.00    0.00 ^ CLK100MHZ (in)
                                         CLK100MHZ (net)
                  0.00    0.00    0.00 ^ clkbuf_0_CLK100MHZ/A (sky130_fd_sc_hd__clkbuf_16)
     2    0.02    0.07    0.19    0.19 ^ clkbuf_0_CLK100MHZ/X (sky130_fd_sc_hd__clkbuf_16)
                                         clknet_0_CLK100MHZ (net)
                  0.07    0.00    0.19 ^ clkbuf_1_0__f_CLK100MHZ/A (sky130_fd_sc_hd__clkbuf_16)
    16    0.06    0.12    0.27    0.46 ^ clkbuf_1_0__f_CLK100MHZ/X (sky130_fd_sc_hd__clkbuf_16)
                                         clknet_1_0__leaf_CLK100MHZ (net)
                  0.12    0.00    0.46 ^ _441_/CLK (sky130_fd_sc_hd__dfxtp_1)
                          0.20    0.66   clock uncertainty
                          0.00    0.66   clock reconvergence pessimism
                         -0.12    0.54   library hold time
                                  0.54   data required time
-----------------------------------------------------------------------------
                                  0.54   data required time
                                 -2.20   data arrival time
-----------------------------------------------------------------------------
                                  1.65   slack (MET)


Startpoint: _449_ (rising edge-triggered flip-flop clocked by CLK100MHZ)
Endpoint: _449_ (rising edge-triggered flip-flop clocked by CLK100MHZ)
Path Group: CLK100MHZ
Path Type: min
Corner: Slowest

Fanout     Cap    Slew   Delay    Time   Description
-----------------------------------------------------------------------------
                          0.00    0.00   clock CLK100MHZ (rise edge)
                          0.00    0.00   clock source latency
     1    0.02    0.00    0.00    0.00 ^ CLK100MHZ (in)
                                         CLK100MHZ (net)
                  0.00    0.00    0.00 ^ clkbuf_0_CLK100MHZ/A (sky130_fd_sc_hd__clkbuf_16)
     2    0.02    0.07    0.19    0.19 ^ clkbuf_0_CLK100MHZ/X (sky130_fd_sc_hd__clkbuf_16)
                                         clknet_0_CLK100MHZ (net)
                  0.07    0.00    0.19 ^ clkbuf_1_0__f_CLK100MHZ/A (sky130_fd_sc_hd__clkbuf_16)
    16    0.06    0.12    0.27    0.46 ^ clkbuf_1_0__f_CLK100MHZ/X (sky130_fd_sc_hd__clkbuf_16)
                                         clknet_1_0__leaf_CLK100MHZ (net)
                  0.12    0.00    0.46 ^ _449_/CLK (sky130_fd_sc_hd__dfxtp_1)
     2    0.03    0.40    0.89    1.35 ^ _449_/Q (sky130_fd_sc_hd__dfxtp_1)
                                         rf.regs[10][2] (net)
                  0.40    0.00    1.35 ^ _404_/A1 (sky130_fd_sc_hd__mux2_1)
     1    0.01    0.21    0.48    1.83 ^ _404_/X (sky130_fd_sc_hd__mux2_1)
                                         _043_ (net)
                  0.21    0.00    1.83 ^ _405_/A (sky130_fd_sc_hd__buf_1)
     1    0.02    0.31    0.38    2.21 ^ _405_/X (sky130_fd_sc_hd__buf_1)
                                         _015_ (net)
                  0.31    0.00    2.21 ^ _449_/D (sky130_fd_sc_hd__dfxtp_1)
                                  2.21   data arrival time

                          0.00    0.00   clock CLK100MHZ (rise edge)
                          0.00    0.00   clock source latency
     1    0.02    0.00    0.00    0.00 ^ CLK100MHZ (in)
                                         CLK100MHZ (net)
                  0.00    0.00    0.00 ^ clkbuf_0_CLK100MHZ/A (sky130_fd_sc_hd__clkbuf_16)
     2    0.02    0.07    0.19    0.19 ^ clkbuf_0_CLK100MHZ/X (sky130_fd_sc_hd__clkbuf_16)
                                         clknet_0_CLK100MHZ (net)
                  0.07    0.00    0.19 ^ clkbuf_1_0__f_CLK100MHZ/A (sky130_fd_sc_hd__clkbuf_16)
    16    0.06    0.12    0.27    0.46 ^ clkbuf_1_0__f_CLK100MHZ/X (sky130_fd_sc_hd__clkbuf_16)
                                         clknet_1_0__leaf_CLK100MHZ (net)
                  0.12    0.00    0.46 ^ _449_/CLK (sky130_fd_sc_hd__dfxtp_1)
                          0.20    0.66   clock uncertainty
                          0.00    0.66   clock reconvergence pessimism
                         -0.12    0.54   library hold time
                                  0.54   data required time
-----------------------------------------------------------------------------
                                  0.54   data required time
                                 -2.21   data arrival time
-----------------------------------------------------------------------------
                                  1.67   slack (MET)


Startpoint: _445_ (rising edge-triggered flip-flop clocked by CLK100MHZ)
Endpoint: _445_ (rising edge-triggered flip-flop clocked by CLK100MHZ)
Path Group: CLK100MHZ
Path Type: min
Corner: Slowest

Fanout     Cap    Slew   Delay    Time   Description
-----------------------------------------------------------------------------
                          0.00    0.00   clock CLK100MHZ (rise edge)
                          0.00    0.00   clock source latency
     1    0.02    0.00    0.00    0.00 ^ CLK100MHZ (in)
                                         CLK100MHZ (net)
                  0.00    0.00    0.00 ^ clkbuf_0_CLK100MHZ/A (sky130_fd_sc_hd__clkbuf_16)
     2    0.02    0.07    0.19    0.19 ^ clkbuf_0_CLK100MHZ/X (sky130_fd_sc_hd__clkbuf_16)
                                         clknet_0_CLK100MHZ (net)
                  0.07    0.00    0.19 ^ clkbuf_1_1__f_CLK100MHZ/A (sky130_fd_sc_hd__clkbuf_16)
    13    0.05    0.11    0.26    0.45 ^ clkbuf_1_1__f_CLK100MHZ/X (sky130_fd_sc_hd__clkbuf_16)
                                         clknet_1_1__leaf_CLK100MHZ (net)
                  0.11    0.00    0.46 ^ _445_/CLK (sky130_fd_sc_hd__dfxtp_1)
     2    0.02    0.26    0.79    1.24 ^ _445_/Q (sky130_fd_sc_hd__dfxtp_1)
                                         rf.regs[15][3] (net)
                  0.26    0.00    1.24 ^ _393_/A0 (sky130_fd_sc_hd__mux2_1)
     1    0.01    0.19    0.40    1.64 ^ _393_/X (sky130_fd_sc_hd__mux2_1)
                                         _036_ (net)
                  0.19    0.00    1.64 ^ _394_/A (sky130_fd_sc_hd__buf_1)
     1    0.03    0.55    0.54    2.18 ^ _394_/X (sky130_fd_sc_hd__buf_1)
                                         _011_ (net)
                  0.55    0.00    2.18 ^ _445_/D (sky130_fd_sc_hd__dfxtp_1)
                                  2.18   data arrival time

                          0.00    0.00   clock CLK100MHZ (rise edge)
                          0.00    0.00   clock source latency
     1    0.02    0.00    0.00    0.00 ^ CLK100MHZ (in)
                                         CLK100MHZ (net)
                  0.00    0.00    0.00 ^ clkbuf_0_CLK100MHZ/A (sky130_fd_sc_hd__clkbuf_16)
     2    0.02    0.07    0.19    0.19 ^ clkbuf_0_CLK100MHZ/X (sky130_fd_sc_hd__clkbuf_16)
                                         clknet_0_CLK100MHZ (net)
                  0.07    0.00    0.19 ^ clkbuf_1_1__f_CLK100MHZ/A (sky130_fd_sc_hd__clkbuf_16)
    13    0.05    0.11    0.26    0.45 ^ clkbuf_1_1__f_CLK100MHZ/X (sky130_fd_sc_hd__clkbuf_16)
                                         clknet_1_1__leaf_CLK100MHZ (net)
                  0.11    0.00    0.46 ^ _445_/CLK (sky130_fd_sc_hd__dfxtp_1)
                          0.20    0.66   clock uncertainty
                          0.00    0.66   clock reconvergence pessimism
                         -0.18    0.48   library hold time
                                  0.48   data required time
-----------------------------------------------------------------------------
                                  0.48   data required time
                                 -2.18   data arrival time
-----------------------------------------------------------------------------
                                  1.70   slack (MET)


Startpoint: _440_ (rising edge-triggered flip-flop clocked by CLK100MHZ)
Endpoint: _440_ (rising edge-triggered flip-flop clocked by CLK100MHZ)
Path Group: CLK100MHZ
Path Type: min
Corner: Slowest

Fanout     Cap    Slew   Delay    Time   Description
-----------------------------------------------------------------------------
                          0.00    0.00   clock CLK100MHZ (rise edge)
                          0.00    0.00   clock source latency
     1    0.02    0.00    0.00    0.00 ^ CLK100MHZ (in)
                                         CLK100MHZ (net)
                  0.00    0.00    0.00 ^ clkbuf_0_CLK100MHZ/A (sky130_fd_sc_hd__clkbuf_16)
     2    0.02    0.07    0.19    0.19 ^ clkbuf_0_CLK100MHZ/X (sky130_fd_sc_hd__clkbuf_16)
                                         clknet_0_CLK100MHZ (net)
                  0.07    0.00    0.19 ^ clkbuf_1_0__f_CLK100MHZ/A (sky130_fd_sc_hd__clkbuf_16)
    16    0.06    0.12    0.27    0.46 ^ clkbuf_1_0__f_CLK100MHZ/X (sky130_fd_sc_hd__clkbuf_16)
                                         clknet_1_0__leaf_CLK100MHZ (net)
                  0.12    0.00    0.46 ^ _440_/CLK (sky130_fd_sc_hd__dfxtp_1)
     2    0.02    0.35    0.86    1.32 ^ _440_/Q (sky130_fd_sc_hd__dfxtp_1)
                                         rf.regs[25][3] (net)
                  0.35    0.00    1.32 ^ _371_/A0 (sky130_fd_sc_hd__mux2_1)
     1    0.02    0.23    0.47    1.79 ^ _371_/X (sky130_fd_sc_hd__mux2_1)
                                         _203_ (net)
                  0.23    0.00    1.79 ^ _372_/A (sky130_fd_sc_hd__buf_1)
     1    0.02    0.40    0.45    2.25 ^ _372_/X (sky130_fd_sc_hd__buf_1)
                                         _006_ (net)
                  0.40    0.00    2.25 ^ _440_/D (sky130_fd_sc_hd__dfxtp_1)
                                  2.25   data arrival time

                          0.00    0.00   clock CLK100MHZ (rise edge)
                          0.00    0.00   clock source latency
     1    0.02    0.00    0.00    0.00 ^ CLK100MHZ (in)
                                         CLK100MHZ (net)
                  0.00    0.00    0.00 ^ clkbuf_0_CLK100MHZ/A (sky130_fd_sc_hd__clkbuf_16)
     2    0.02    0.07    0.19    0.19 ^ clkbuf_0_CLK100MHZ/X (sky130_fd_sc_hd__clkbuf_16)
                                         clknet_0_CLK100MHZ (net)
                  0.07    0.00    0.19 ^ clkbuf_1_0__f_CLK100MHZ/A (sky130_fd_sc_hd__clkbuf_16)
    16    0.06    0.12    0.27    0.46 ^ clkbuf_1_0__f_CLK100MHZ/X (sky130_fd_sc_hd__clkbuf_16)
                                         clknet_1_0__leaf_CLK100MHZ (net)
                  0.12    0.00    0.46 ^ _440_/CLK (sky130_fd_sc_hd__dfxtp_1)
                          0.20    0.66   clock uncertainty
                          0.00    0.66   clock reconvergence pessimism
                         -0.14    0.52   library hold time
                                  0.52   data required time
-----------------------------------------------------------------------------
                                  0.52   data required time
                                 -2.25   data arrival time
-----------------------------------------------------------------------------
                                  1.73   slack (MET)


Startpoint: _447_ (rising edge-triggered flip-flop clocked by CLK100MHZ)
Endpoint: _447_ (rising edge-triggered flip-flop clocked by CLK100MHZ)
Path Group: CLK100MHZ
Path Type: min
Corner: Slowest

Fanout     Cap    Slew   Delay    Time   Description
-----------------------------------------------------------------------------
                          0.00    0.00   clock CLK100MHZ (rise edge)
                          0.00    0.00   clock source latency
     1    0.02    0.00    0.00    0.00 ^ CLK100MHZ (in)
                                         CLK100MHZ (net)
                  0.00    0.00    0.00 ^ clkbuf_0_CLK100MHZ/A (sky130_fd_sc_hd__clkbuf_16)
     2    0.02    0.07    0.19    0.19 ^ clkbuf_0_CLK100MHZ/X (sky130_fd_sc_hd__clkbuf_16)
                                         clknet_0_CLK100MHZ (net)
                  0.07    0.00    0.19 ^ clkbuf_1_1__f_CLK100MHZ/A (sky130_fd_sc_hd__clkbuf_16)
    13    0.05    0.11    0.26    0.45 ^ clkbuf_1_1__f_CLK100MHZ/X (sky130_fd_sc_hd__clkbuf_16)
                                         clknet_1_1__leaf_CLK100MHZ (net)
                  0.11    0.00    0.46 ^ _447_/CLK (sky130_fd_sc_hd__dfxtp_1)
     3    0.03    0.44    0.92    1.37 ^ _447_/Q (sky130_fd_sc_hd__dfxtp_1)
                                         rf.regs[10][0] (net)
                  0.44    0.00    1.37 ^ _400_/A1 (sky130_fd_sc_hd__mux2_1)
     1    0.01    0.23    0.51    1.88 ^ _400_/X (sky130_fd_sc_hd__mux2_1)
                                         _041_ (net)
                  0.23    0.00    1.88 ^ _401_/A (sky130_fd_sc_hd__buf_1)
     1    0.02    0.32    0.39    2.27 ^ _401_/X (sky130_fd_sc_hd__buf_1)
                                         _013_ (net)
                  0.32    0.00    2.27 ^ _447_/D (sky130_fd_sc_hd__dfxtp_1)
                                  2.27   data arrival time

                          0.00    0.00   clock CLK100MHZ (rise edge)
                          0.00    0.00   clock source latency
     1    0.02    0.00    0.00    0.00 ^ CLK100MHZ (in)
                                         CLK100MHZ (net)
                  0.00    0.00    0.00 ^ clkbuf_0_CLK100MHZ/A (sky130_fd_sc_hd__clkbuf_16)
     2    0.02    0.07    0.19    0.19 ^ clkbuf_0_CLK100MHZ/X (sky130_fd_sc_hd__clkbuf_16)
                                         clknet_0_CLK100MHZ (net)
                  0.07    0.00    0.19 ^ clkbuf_1_1__f_CLK100MHZ/A (sky130_fd_sc_hd__clkbuf_16)
    13    0.05    0.11    0.26    0.45 ^ clkbuf_1_1__f_CLK100MHZ/X (sky130_fd_sc_hd__clkbuf_16)
                                         clknet_1_1__leaf_CLK100MHZ (net)
                  0.11    0.00    0.46 ^ _447_/CLK (sky130_fd_sc_hd__dfxtp_1)
                          0.20    0.66   clock uncertainty
                          0.00    0.66   clock reconvergence pessimism
                         -0.12    0.53   library hold time
                                  0.53   data required time
-----------------------------------------------------------------------------
                                  0.53   data required time
                                 -2.27   data arrival time
-----------------------------------------------------------------------------
                                  1.74   slack (MET)


Startpoint: _461_ (rising edge-triggered flip-flop clocked by CLK100MHZ)
Endpoint: _461_ (rising edge-triggered flip-flop clocked by CLK100MHZ)
Path Group: CLK100MHZ
Path Type: min
Corner: Slowest

Fanout     Cap    Slew   Delay    Time   Description
-----------------------------------------------------------------------------
                          0.00    0.00   clock CLK100MHZ (rise edge)
                          0.00    0.00   clock source latency
     1    0.02    0.00    0.00    0.00 ^ CLK100MHZ (in)
                                         CLK100MHZ (net)
                  0.00    0.00    0.00 ^ clkbuf_0_CLK100MHZ/A (sky130_fd_sc_hd__clkbuf_16)
     2    0.02    0.07    0.19    0.19 ^ clkbuf_0_CLK100MHZ/X (sky130_fd_sc_hd__clkbuf_16)
                                         clknet_0_CLK100MHZ (net)
                  0.07    0.00    0.19 ^ clkbuf_1_0__f_CLK100MHZ/A (sky130_fd_sc_hd__clkbuf_16)
    16    0.06    0.12    0.27    0.46 ^ clkbuf_1_0__f_CLK100MHZ/X (sky130_fd_sc_hd__clkbuf_16)
                                         clknet_1_0__leaf_CLK100MHZ (net)
                  0.12    0.00    0.46 ^ _461_/CLK (sky130_fd_sc_hd__dfxtp_1)
     3    0.03    0.41    0.90    1.36 ^ _461_/Q (sky130_fd_sc_hd__dfxtp_1)
                                         rf.regs[5][4] (net)
                  0.41    0.00    1.36 ^ _432_/A0 (sky130_fd_sc_hd__mux2_1)
     1    0.02    0.27    0.52    1.88 ^ _432_/X (sky130_fd_sc_hd__mux2_1)
                                         _059_ (net)
                  0.27    0.00    1.88 ^ _433_/A (sky130_fd_sc_hd__buf_1)
     1    0.02    0.31    0.40    2.28 ^ _433_/X (sky130_fd_sc_hd__buf_1)
                                         _027_ (net)
                  0.31    0.00    2.28 ^ _461_/D (sky130_fd_sc_hd__dfxtp_1)
                                  2.28   data arrival time

                          0.00    0.00   clock CLK100MHZ (rise edge)
                          0.00    0.00   clock source latency
     1    0.02    0.00    0.00    0.00 ^ CLK100MHZ (in)
                                         CLK100MHZ (net)
                  0.00    0.00    0.00 ^ clkbuf_0_CLK100MHZ/A (sky130_fd_sc_hd__clkbuf_16)
     2    0.02    0.07    0.19    0.19 ^ clkbuf_0_CLK100MHZ/X (sky130_fd_sc_hd__clkbuf_16)
                                         clknet_0_CLK100MHZ (net)
                  0.07    0.00    0.19 ^ clkbuf_1_0__f_CLK100MHZ/A (sky130_fd_sc_hd__clkbuf_16)
    16    0.06    0.12    0.27    0.46 ^ clkbuf_1_0__f_CLK100MHZ/X (sky130_fd_sc_hd__clkbuf_16)
                                         clknet_1_0__leaf_CLK100MHZ (net)
                  0.12    0.00    0.46 ^ _461_/CLK (sky130_fd_sc_hd__dfxtp_1)
                          0.20    0.66   clock uncertainty
                          0.00    0.66   clock reconvergence pessimism
                         -0.12    0.54   library hold time
                                  0.54   data required time
-----------------------------------------------------------------------------
                                  0.54   data required time
                                 -2.28   data arrival time
-----------------------------------------------------------------------------
                                  1.74   slack (MET)


Startpoint: _463_ (rising edge-triggered flip-flop clocked by CLK100MHZ)
Endpoint: _463_ (rising edge-triggered flip-flop clocked by CLK100MHZ)
Path Group: CLK100MHZ
Path Type: min
Corner: Slowest

Fanout     Cap    Slew   Delay    Time   Description
-----------------------------------------------------------------------------
                          0.00    0.00   clock CLK100MHZ (rise edge)
                          0.00    0.00   clock source latency
     1    0.02    0.00    0.00    0.00 ^ CLK100MHZ (in)
                                         CLK100MHZ (net)
                  0.00    0.00    0.00 ^ clkbuf_0_CLK100MHZ/A (sky130_fd_sc_hd__clkbuf_16)
     2    0.02    0.07    0.19    0.19 ^ clkbuf_0_CLK100MHZ/X (sky130_fd_sc_hd__clkbuf_16)
                                         clknet_0_CLK100MHZ (net)
                  0.07    0.00    0.19 ^ clkbuf_1_0__f_CLK100MHZ/A (sky130_fd_sc_hd__clkbuf_16)
    16    0.06    0.12    0.27    0.46 ^ clkbuf_1_0__f_CLK100MHZ/X (sky130_fd_sc_hd__clkbuf_16)
                                         clknet_1_0__leaf_CLK100MHZ (net)
                  0.12    0.00    0.46 ^ _463_/CLK (sky130_fd_sc_hd__dfrtp_4)
    10    0.05    0.23    1.16    1.62 v _463_/Q (sky130_fd_sc_hd__dfrtp_4)
                                         imem.address[1] (net)
                  0.23    0.00    1.63 v _220_/A (sky130_fd_sc_hd__clkbuf_4)
    10    0.07    0.25    0.49    2.11 v _220_/X (sky130_fd_sc_hd__clkbuf_4)
                                         _065_ (net)
                  0.25    0.00    2.11 v _225_/B1 (sky130_fd_sc_hd__a21oi_1)
     1    0.01    0.22    0.31    2.43 ^ _225_/Y (sky130_fd_sc_hd__a21oi_1)
                                         _069_ (net)
                  0.22    0.00    2.43 ^ _226_/B (sky130_fd_sc_hd__nor2_1)
     1    0.02    0.17    0.24    2.66 v _226_/Y (sky130_fd_sc_hd__nor2_1)
                                         _029_ (net)
                  0.17    0.00    2.67 v _463_/D (sky130_fd_sc_hd__dfrtp_4)
                                  2.67   data arrival time

                          0.00    0.00   clock CLK100MHZ (rise edge)
                          0.00    0.00   clock source latency
     1    0.02    0.00    0.00    0.00 ^ CLK100MHZ (in)
                                         CLK100MHZ (net)
                  0.00    0.00    0.00 ^ clkbuf_0_CLK100MHZ/A (sky130_fd_sc_hd__clkbuf_16)
     2    0.02    0.07    0.19    0.19 ^ clkbuf_0_CLK100MHZ/X (sky130_fd_sc_hd__clkbuf_16)
                                         clknet_0_CLK100MHZ (net)
                  0.07    0.00    0.19 ^ clkbuf_1_0__f_CLK100MHZ/A (sky130_fd_sc_hd__clkbuf_16)
    16    0.06    0.12    0.27    0.46 ^ clkbuf_1_0__f_CLK100MHZ/X (sky130_fd_sc_hd__clkbuf_16)
                                         clknet_1_0__leaf_CLK100MHZ (net)
                  0.12    0.00    0.46 ^ _463_/CLK (sky130_fd_sc_hd__dfrtp_4)
                          0.20    0.66   clock uncertainty
                          0.00    0.66   clock reconvergence pessimism
                         -0.12    0.54   library hold time
                                  0.54   data required time
-----------------------------------------------------------------------------
                                  0.54   data required time
                                 -2.67   data arrival time
-----------------------------------------------------------------------------
                                  2.12   slack (MET)


Startpoint: _462_ (rising edge-triggered flip-flop clocked by CLK100MHZ)
Endpoint: _462_ (rising edge-triggered flip-flop clocked by CLK100MHZ)
Path Group: CLK100MHZ
Path Type: min
Corner: Slowest

Fanout     Cap    Slew   Delay    Time   Description
-----------------------------------------------------------------------------
                          0.00    0.00   clock CLK100MHZ (rise edge)
                          0.00    0.00   clock source latency
     1    0.02    0.00    0.00    0.00 ^ CLK100MHZ (in)
                                         CLK100MHZ (net)
                  0.00    0.00    0.00 ^ clkbuf_0_CLK100MHZ/A (sky130_fd_sc_hd__clkbuf_16)
     2    0.02    0.07    0.19    0.19 ^ clkbuf_0_CLK100MHZ/X (sky130_fd_sc_hd__clkbuf_16)
                                         clknet_0_CLK100MHZ (net)
                  0.07    0.00    0.19 ^ clkbuf_1_1__f_CLK100MHZ/A (sky130_fd_sc_hd__clkbuf_16)
    13    0.05    0.11    0.26    0.45 ^ clkbuf_1_1__f_CLK100MHZ/X (sky130_fd_sc_hd__clkbuf_16)
                                         clknet_1_1__leaf_CLK100MHZ (net)
                  0.11    0.00    0.46 ^ _462_/CLK (sky130_fd_sc_hd__dfrtp_2)
     4    0.04    0.29    0.90    1.35 ^ _462_/Q (sky130_fd_sc_hd__dfrtp_2)
                                         imem.address[0] (net)
                  0.29    0.00    1.35 ^ _221_/A (sky130_fd_sc_hd__clkbuf_4)
    10    0.06    0.30    0.51    1.87 ^ _221_/X (sky130_fd_sc_hd__clkbuf_4)
                                         _066_ (net)
                  0.30    0.00    1.87 ^ _222_/A (sky130_fd_sc_hd__clkbuf_4)
     9    0.05    0.26    0.49    2.36 ^ _222_/X (sky130_fd_sc_hd__clkbuf_4)
                                         _067_ (net)
                  0.26    0.00    2.36 ^ _227_/B (sky130_fd_sc_hd__xor2_1)
     1    0.02    0.17    0.35    2.71 v _227_/X (sky130_fd_sc_hd__xor2_1)
                                         _028_ (net)
                  0.17    0.00    2.71 v _462_/D (sky130_fd_sc_hd__dfrtp_2)
                                  2.71   data arrival time

                          0.00    0.00   clock CLK100MHZ (rise edge)
                          0.00    0.00   clock source latency
     1    0.02    0.00    0.00    0.00 ^ CLK100MHZ (in)
                                         CLK100MHZ (net)
                  0.00    0.00    0.00 ^ clkbuf_0_CLK100MHZ/A (sky130_fd_sc_hd__clkbuf_16)
     2    0.02    0.07    0.19    0.19 ^ clkbuf_0_CLK100MHZ/X (sky130_fd_sc_hd__clkbuf_16)
                                         clknet_0_CLK100MHZ (net)
                  0.07    0.00    0.19 ^ clkbuf_1_1__f_CLK100MHZ/A (sky130_fd_sc_hd__clkbuf_16)
    13    0.05    0.11    0.26    0.45 ^ clkbuf_1_1__f_CLK100MHZ/X (sky130_fd_sc_hd__clkbuf_16)
                                         clknet_1_1__leaf_CLK100MHZ (net)
                  0.11    0.00    0.46 ^ _462_/CLK (sky130_fd_sc_hd__dfrtp_2)
                          0.20    0.66   clock uncertainty
                          0.00    0.66   clock reconvergence pessimism
                         -0.12    0.54   library hold time
                                  0.54   data required time
-----------------------------------------------------------------------------
                                  0.54   data required time
                                 -2.71   data arrival time
-----------------------------------------------------------------------------
                                  2.17   slack (MET)


Startpoint: _463_ (rising edge-triggered flip-flop clocked by CLK100MHZ)
Endpoint: _464_ (rising edge-triggered flip-flop clocked by CLK100MHZ)
Path Group: CLK100MHZ
Path Type: min
Corner: Slowest

Fanout     Cap    Slew   Delay    Time   Description
-----------------------------------------------------------------------------
                          0.00    0.00   clock CLK100MHZ (rise edge)
                          0.00    0.00   clock source latency
     1    0.02    0.00    0.00    0.00 ^ CLK100MHZ (in)
                                         CLK100MHZ (net)
                  0.00    0.00    0.00 ^ clkbuf_0_CLK100MHZ/A (sky130_fd_sc_hd__clkbuf_16)
     2    0.02    0.07    0.19    0.19 ^ clkbuf_0_CLK100MHZ/X (sky130_fd_sc_hd__clkbuf_16)
                                         clknet_0_CLK100MHZ (net)
                  0.07    0.00    0.19 ^ clkbuf_1_0__f_CLK100MHZ/A (sky130_fd_sc_hd__clkbuf_16)
    16    0.06    0.12    0.27    0.46 ^ clkbuf_1_0__f_CLK100MHZ/X (sky130_fd_sc_hd__clkbuf_16)
                                         clknet_1_0__leaf_CLK100MHZ (net)
                  0.12    0.00    0.46 ^ _463_/CLK (sky130_fd_sc_hd__dfrtp_4)
    10    0.05    0.29    1.02    1.48 ^ _463_/Q (sky130_fd_sc_hd__dfrtp_4)
                                         imem.address[1] (net)
                  0.29    0.00    1.48 ^ _220_/A (sky130_fd_sc_hd__clkbuf_4)
    10    0.07    0.34    0.55    2.03 ^ _220_/X (sky130_fd_sc_hd__clkbuf_4)
                                         _065_ (net)
                  0.34    0.00    2.03 ^ _223_/B (sky130_fd_sc_hd__and3_1)
     2    0.03    0.43    0.66    2.70 ^ _223_/X (sky130_fd_sc_hd__and3_1)
                                         _068_ (net)
                  0.43    0.00    2.70 ^ _224_/B (sky130_fd_sc_hd__xor2_1)
     1    0.00    0.06    0.24    2.94 v _224_/X (sky130_fd_sc_hd__xor2_1)
                                         _030_ (net)
                  0.06    0.00    2.94 v _464_/D (sky130_fd_sc_hd__dfrtp_1)
                                  2.94   data arrival time

                          0.00    0.00   clock CLK100MHZ (rise edge)
                          0.00    0.00   clock source latency
     1    0.02    0.00    0.00    0.00 ^ CLK100MHZ (in)
                                         CLK100MHZ (net)
                  0.00    0.00    0.00 ^ clkbuf_0_CLK100MHZ/A (sky130_fd_sc_hd__clkbuf_16)
     2    0.02    0.07    0.19    0.19 ^ clkbuf_0_CLK100MHZ/X (sky130_fd_sc_hd__clkbuf_16)
                                         clknet_0_CLK100MHZ (net)
                  0.07    0.00    0.19 ^ clkbuf_1_0__f_CLK100MHZ/A (sky130_fd_sc_hd__clkbuf_16)
    16    0.06    0.12    0.27    0.46 ^ clkbuf_1_0__f_CLK100MHZ/X (sky130_fd_sc_hd__clkbuf_16)
                                         clknet_1_0__leaf_CLK100MHZ (net)
                  0.12    0.00    0.46 ^ _464_/CLK (sky130_fd_sc_hd__dfrtp_1)
                          0.20    0.66   clock uncertainty
                          0.00    0.66   clock reconvergence pessimism
                         -0.08    0.58   library hold time
                                  0.58   data required time
-----------------------------------------------------------------------------
                                  0.58   data required time
                                 -2.94   data arrival time
-----------------------------------------------------------------------------
                                  2.36   slack (MET)



worst slack corner Slowest: 1.1645
======================= Typical Corner ===================================

Startpoint: _453_ (rising edge-triggered flip-flop clocked by CLK100MHZ)
Endpoint: _453_ (rising edge-triggered flip-flop clocked by CLK100MHZ)
Path Group: CLK100MHZ
Path Type: min
Corner: Typical

Fanout     Cap    Slew   Delay    Time   Description
-----------------------------------------------------------------------------
                          0.00    0.00   clock CLK100MHZ (rise edge)
                          0.00    0.00   clock source latency
     1    0.02    0.00    0.00    0.00 ^ CLK100MHZ (in)
                                         CLK100MHZ (net)
                  0.00    0.00    0.00 ^ clkbuf_0_CLK100MHZ/A (sky130_fd_sc_hd__clkbuf_16)
     2    0.02    0.04    0.11    0.11 ^ clkbuf_0_CLK100MHZ/X (sky130_fd_sc_hd__clkbuf_16)
                                         clknet_0_CLK100MHZ (net)
                  0.04    0.00    0.11 ^ clkbuf_1_0__f_CLK100MHZ/A (sky130_fd_sc_hd__clkbuf_16)
    16    0.06    0.08    0.16    0.26 ^ clkbuf_1_0__f_CLK100MHZ/X (sky130_fd_sc_hd__clkbuf_16)
                                         clknet_1_0__leaf_CLK100MHZ (net)
                  0.08    0.00    0.27 ^ _453_/CLK (sky130_fd_sc_hd__dfxtp_1)
     3    0.02    0.09    0.36    0.63 v _453_/Q (sky130_fd_sc_hd__dfxtp_1)
                                         rf.regs[0][1] (net)
                  0.09    0.00    0.63 v _414_/A (sky130_fd_sc_hd__and2_1)
     1    0.01    0.05    0.17    0.80 v _414_/X (sky130_fd_sc_hd__and2_1)
                                         _049_ (net)
                  0.05    0.00    0.80 v _415_/A (sky130_fd_sc_hd__clkbuf_1)
     1    0.01    0.05    0.11    0.90 v _415_/X (sky130_fd_sc_hd__clkbuf_1)
                                         _019_ (net)
                  0.05    0.00    0.90 v _453_/D (sky130_fd_sc_hd__dfxtp_1)
                                  0.90   data arrival time

                          0.00    0.00   clock CLK100MHZ (rise edge)
                          0.00    0.00   clock source latency
     1    0.02    0.00    0.00    0.00 ^ CLK100MHZ (in)
                                         CLK100MHZ (net)
                  0.00    0.00    0.00 ^ clkbuf_0_CLK100MHZ/A (sky130_fd_sc_hd__clkbuf_16)
     2    0.02    0.04    0.11    0.11 ^ clkbuf_0_CLK100MHZ/X (sky130_fd_sc_hd__clkbuf_16)
                                         clknet_0_CLK100MHZ (net)
                  0.04    0.00    0.11 ^ clkbuf_1_0__f_CLK100MHZ/A (sky130_fd_sc_hd__clkbuf_16)
    16    0.06    0.08    0.16    0.26 ^ clkbuf_1_0__f_CLK100MHZ/X (sky130_fd_sc_hd__clkbuf_16)
                                         clknet_1_0__leaf_CLK100MHZ (net)
                  0.08    0.00    0.27 ^ _453_/CLK (sky130_fd_sc_hd__dfxtp_1)
                          0.20    0.47   clock uncertainty
                          0.00    0.47   clock reconvergence pessimism
                         -0.05    0.42   library hold time
                                  0.42   data required time
-----------------------------------------------------------------------------
                                  0.42   data required time
                                 -0.90   data arrival time
-----------------------------------------------------------------------------
                                  0.49   slack (MET)


Startpoint: _458_ (rising edge-triggered flip-flop clocked by CLK100MHZ)
Endpoint: _458_ (rising edge-triggered flip-flop clocked by CLK100MHZ)
Path Group: CLK100MHZ
Path Type: min
Corner: Typical

Fanout     Cap    Slew   Delay    Time   Description
-----------------------------------------------------------------------------
                          0.00    0.00   clock CLK100MHZ (rise edge)
                          0.00    0.00   clock source latency
     1    0.02    0.00    0.00    0.00 ^ CLK100MHZ (in)
                                         CLK100MHZ (net)
                  0.00    0.00    0.00 ^ clkbuf_0_CLK100MHZ/A (sky130_fd_sc_hd__clkbuf_16)
     2    0.02    0.04    0.11    0.11 ^ clkbuf_0_CLK100MHZ/X (sky130_fd_sc_hd__clkbuf_16)
                                         clknet_0_CLK100MHZ (net)
                  0.04    0.00    0.11 ^ clkbuf_1_1__f_CLK100MHZ/A (sky130_fd_sc_hd__clkbuf_16)
    13    0.06    0.07    0.15    0.26 ^ clkbuf_1_1__f_CLK100MHZ/X (sky130_fd_sc_hd__clkbuf_16)
                                         clknet_1_1__leaf_CLK100MHZ (net)
                  0.07    0.00    0.26 ^ _458_/CLK (sky130_fd_sc_hd__dfxtp_1)
     2    0.01    0.11    0.36    0.63 ^ _458_/Q (sky130_fd_sc_hd__dfxtp_1)
                                         rf.regs[5][1] (net)
                  0.11    0.00    0.63 ^ _426_/A0 (sky130_fd_sc_hd__mux2_1)
     1    0.01    0.08    0.17    0.80 ^ _426_/X (sky130_fd_sc_hd__mux2_1)
                                         _056_ (net)
                  0.08    0.00    0.80 ^ _427_/A (sky130_fd_sc_hd__clkbuf_1)
     1    0.01    0.10    0.13    0.92 ^ _427_/X (sky130_fd_sc_hd__clkbuf_1)
                                         _024_ (net)
                  0.10    0.00    0.93 ^ _458_/D (sky130_fd_sc_hd__dfxtp_1)
                                  0.93   data arrival time

                          0.00    0.00   clock CLK100MHZ (rise edge)
                          0.00    0.00   clock source latency
     1    0.02    0.00    0.00    0.00 ^ CLK100MHZ (in)
                                         CLK100MHZ (net)
                  0.00    0.00    0.00 ^ clkbuf_0_CLK100MHZ/A (sky130_fd_sc_hd__clkbuf_16)
     2    0.02    0.04    0.11    0.11 ^ clkbuf_0_CLK100MHZ/X (sky130_fd_sc_hd__clkbuf_16)
                                         clknet_0_CLK100MHZ (net)
                  0.04    0.00    0.11 ^ clkbuf_1_1__f_CLK100MHZ/A (sky130_fd_sc_hd__clkbuf_16)
    13    0.06    0.07    0.15    0.26 ^ clkbuf_1_1__f_CLK100MHZ/X (sky130_fd_sc_hd__clkbuf_16)
                                         clknet_1_1__leaf_CLK100MHZ (net)
                  0.07    0.00    0.26 ^ _458_/CLK (sky130_fd_sc_hd__dfxtp_1)
                          0.20    0.46   clock uncertainty
                          0.00    0.46   clock reconvergence pessimism
                         -0.04    0.42   library hold time
                                  0.42   data required time
-----------------------------------------------------------------------------
                                  0.42   data required time
                                 -0.93   data arrival time
-----------------------------------------------------------------------------
                                  0.50   slack (MET)


Startpoint: _455_ (rising edge-triggered flip-flop clocked by CLK100MHZ)
Endpoint: _455_ (rising edge-triggered flip-flop clocked by CLK100MHZ)
Path Group: CLK100MHZ
Path Type: min
Corner: Typical

Fanout     Cap    Slew   Delay    Time   Description
-----------------------------------------------------------------------------
                          0.00    0.00   clock CLK100MHZ (rise edge)
                          0.00    0.00   clock source latency
     1    0.02    0.00    0.00    0.00 ^ CLK100MHZ (in)
                                         CLK100MHZ (net)
                  0.00    0.00    0.00 ^ clkbuf_0_CLK100MHZ/A (sky130_fd_sc_hd__clkbuf_16)
     2    0.02    0.04    0.11    0.11 ^ clkbuf_0_CLK100MHZ/X (sky130_fd_sc_hd__clkbuf_16)
                                         clknet_0_CLK100MHZ (net)
                  0.04    0.00    0.11 ^ clkbuf_1_0__f_CLK100MHZ/A (sky130_fd_sc_hd__clkbuf_16)
    16    0.06    0.08    0.16    0.26 ^ clkbuf_1_0__f_CLK100MHZ/X (sky130_fd_sc_hd__clkbuf_16)
                                         clknet_1_0__leaf_CLK100MHZ (net)
                  0.08    0.00    0.27 ^ _455_/CLK (sky130_fd_sc_hd__dfxtp_1)
     3    0.03    0.13    0.39    0.66 v _455_/Q (sky130_fd_sc_hd__dfxtp_1)
                                         rf.regs[0][3] (net)
                  0.13    0.00    0.66 v _418_/A (sky130_fd_sc_hd__and2_1)
     1    0.00    0.04    0.18    0.83 v _418_/X (sky130_fd_sc_hd__and2_1)
                                         _051_ (net)
                  0.04    0.00    0.83 v _419_/A (sky130_fd_sc_hd__clkbuf_1)
     1    0.00    0.03    0.09    0.93 v _419_/X (sky130_fd_sc_hd__clkbuf_1)
                                         _021_ (net)
                  0.03    0.00    0.93 v _455_/D (sky130_fd_sc_hd__dfxtp_1)
                                  0.93   data arrival time

                          0.00    0.00   clock CLK100MHZ (rise edge)
                          0.00    0.00   clock source latency
     1    0.02    0.00    0.00    0.00 ^ CLK100MHZ (in)
                                         CLK100MHZ (net)
                  0.00    0.00    0.00 ^ clkbuf_0_CLK100MHZ/A (sky130_fd_sc_hd__clkbuf_16)
     2    0.02    0.04    0.11    0.11 ^ clkbuf_0_CLK100MHZ/X (sky130_fd_sc_hd__clkbuf_16)
                                         clknet_0_CLK100MHZ (net)
                  0.04    0.00    0.11 ^ clkbuf_1_0__f_CLK100MHZ/A (sky130_fd_sc_hd__clkbuf_16)
    16    0.06    0.08    0.16    0.26 ^ clkbuf_1_0__f_CLK100MHZ/X (sky130_fd_sc_hd__clkbuf_16)
                                         clknet_1_0__leaf_CLK100MHZ (net)
                  0.08    0.00    0.27 ^ _455_/CLK (sky130_fd_sc_hd__dfxtp_1)
                          0.20    0.47   clock uncertainty
                          0.00    0.47   clock reconvergence pessimism
                         -0.04    0.42   library hold time
                                  0.42   data required time
-----------------------------------------------------------------------------
                                  0.42   data required time
                                 -0.93   data arrival time
-----------------------------------------------------------------------------
                                  0.50   slack (MET)


Startpoint: _448_ (rising edge-triggered flip-flop clocked by CLK100MHZ)
Endpoint: _448_ (rising edge-triggered flip-flop clocked by CLK100MHZ)
Path Group: CLK100MHZ
Path Type: min
Corner: Typical

Fanout     Cap    Slew   Delay    Time   Description
-----------------------------------------------------------------------------
                          0.00    0.00   clock CLK100MHZ (rise edge)
                          0.00    0.00   clock source latency
     1    0.02    0.00    0.00    0.00 ^ CLK100MHZ (in)
                                         CLK100MHZ (net)
                  0.00    0.00    0.00 ^ clkbuf_0_CLK100MHZ/A (sky130_fd_sc_hd__clkbuf_16)
     2    0.02    0.04    0.11    0.11 ^ clkbuf_0_CLK100MHZ/X (sky130_fd_sc_hd__clkbuf_16)
                                         clknet_0_CLK100MHZ (net)
                  0.04    0.00    0.11 ^ clkbuf_1_0__f_CLK100MHZ/A (sky130_fd_sc_hd__clkbuf_16)
    16    0.06    0.08    0.16    0.26 ^ clkbuf_1_0__f_CLK100MHZ/X (sky130_fd_sc_hd__clkbuf_16)
                                         clknet_1_0__leaf_CLK100MHZ (net)
                  0.08    0.00    0.27 ^ _448_/CLK (sky130_fd_sc_hd__dfxtp_1)
     2    0.01    0.11    0.37    0.63 ^ _448_/Q (sky130_fd_sc_hd__dfxtp_1)
                                         rf.regs[10][1] (net)
                  0.11    0.00    0.63 ^ _402_/A1 (sky130_fd_sc_hd__mux2_1)
     1    0.01    0.08    0.17    0.80 ^ _402_/X (sky130_fd_sc_hd__mux2_1)
                                         _042_ (net)
                  0.08    0.00    0.80 ^ _403_/A (sky130_fd_sc_hd__clkbuf_1)
     1    0.01    0.14    0.16    0.96 ^ _403_/X (sky130_fd_sc_hd__clkbuf_1)
                                         _014_ (net)
                  0.14    0.00    0.96 ^ _448_/D (sky130_fd_sc_hd__dfxtp_1)
                                  0.96   data arrival time

                          0.00    0.00   clock CLK100MHZ (rise edge)
                          0.00    0.00   clock source latency
     1    0.02    0.00    0.00    0.00 ^ CLK100MHZ (in)
                                         CLK100MHZ (net)
                  0.00    0.00    0.00 ^ clkbuf_0_CLK100MHZ/A (sky130_fd_sc_hd__clkbuf_16)
     2    0.02    0.04    0.11    0.11 ^ clkbuf_0_CLK100MHZ/X (sky130_fd_sc_hd__clkbuf_16)
                                         clknet_0_CLK100MHZ (net)
                  0.04    0.00    0.11 ^ clkbuf_1_0__f_CLK100MHZ/A (sky130_fd_sc_hd__clkbuf_16)
    16    0.06    0.08    0.16    0.26 ^ clkbuf_1_0__f_CLK100MHZ/X (sky130_fd_sc_hd__clkbuf_16)
                                         clknet_1_0__leaf_CLK100MHZ (net)
                  0.08    0.00    0.27 ^ _448_/CLK (sky130_fd_sc_hd__dfxtp_1)
                          0.20    0.47   clock uncertainty
                          0.00    0.47   clock reconvergence pessimism
                         -0.05    0.42   library hold time
                                  0.42   data required time
-----------------------------------------------------------------------------
                                  0.42   data required time
                                 -0.96   data arrival time
-----------------------------------------------------------------------------
                                  0.54   slack (MET)


Startpoint: _437_ (rising edge-triggered flip-flop clocked by CLK100MHZ)
Endpoint: _437_ (rising edge-triggered flip-flop clocked by CLK100MHZ)
Path Group: CLK100MHZ
Path Type: min
Corner: Typical

Fanout     Cap    Slew   Delay    Time   Description
-----------------------------------------------------------------------------
                          0.00    0.00   clock CLK100MHZ (rise edge)
                          0.00    0.00   clock source latency
     1    0.02    0.00    0.00    0.00 ^ CLK100MHZ (in)
                                         CLK100MHZ (net)
                  0.00    0.00    0.00 ^ clkbuf_0_CLK100MHZ/A (sky130_fd_sc_hd__clkbuf_16)
     2    0.02    0.04    0.11    0.11 ^ clkbuf_0_CLK100MHZ/X (sky130_fd_sc_hd__clkbuf_16)
                                         clknet_0_CLK100MHZ (net)
                  0.04    0.00    0.11 ^ clkbuf_1_0__f_CLK100MHZ/A (sky130_fd_sc_hd__clkbuf_16)
    16    0.06    0.08    0.16    0.26 ^ clkbuf_1_0__f_CLK100MHZ/X (sky130_fd_sc_hd__clkbuf_16)
                                         clknet_1_0__leaf_CLK100MHZ (net)
                  0.08    0.00    0.27 ^ _437_/CLK (sky130_fd_sc_hd__dfxtp_1)
     2    0.02    0.16    0.40    0.66 ^ _437_/Q (sky130_fd_sc_hd__dfxtp_1)
                                         rf.regs[25][0] (net)
                  0.16    0.00    0.66 ^ _365_/A0 (sky130_fd_sc_hd__mux2_1)
     1    0.01    0.08    0.19    0.85 ^ _365_/X (sky130_fd_sc_hd__mux2_1)
                                         _200_ (net)
                  0.08    0.00    0.85 ^ _366_/A (sky130_fd_sc_hd__clkbuf_1)
     1    0.01    0.09    0.12    0.97 ^ _366_/X (sky130_fd_sc_hd__clkbuf_1)
                                         _003_ (net)
                  0.09    0.00    0.97 ^ _437_/D (sky130_fd_sc_hd__dfxtp_1)
                                  0.97   data arrival time

                          0.00    0.00   clock CLK100MHZ (rise edge)
                          0.00    0.00   clock source latency
     1    0.02    0.00    0.00    0.00 ^ CLK100MHZ (in)
                                         CLK100MHZ (net)
                  0.00    0.00    0.00 ^ clkbuf_0_CLK100MHZ/A (sky130_fd_sc_hd__clkbuf_16)
     2    0.02    0.04    0.11    0.11 ^ clkbuf_0_CLK100MHZ/X (sky130_fd_sc_hd__clkbuf_16)
                                         clknet_0_CLK100MHZ (net)
                  0.04    0.00    0.11 ^ clkbuf_1_0__f_CLK100MHZ/A (sky130_fd_sc_hd__clkbuf_16)
    16    0.06    0.08    0.16    0.26 ^ clkbuf_1_0__f_CLK100MHZ/X (sky130_fd_sc_hd__clkbuf_16)
                                         clknet_1_0__leaf_CLK100MHZ (net)
                  0.08    0.00    0.27 ^ _437_/CLK (sky130_fd_sc_hd__dfxtp_1)
                          0.20    0.47   clock uncertainty
                          0.00    0.47   clock reconvergence pessimism
                         -0.04    0.43   library hold time
                                  0.43   data required time
-----------------------------------------------------------------------------
                                  0.43   data required time
                                 -0.97   data arrival time
-----------------------------------------------------------------------------
                                  0.54   slack (MET)


Startpoint: _456_ (rising edge-triggered flip-flop clocked by CLK100MHZ)
Endpoint: _456_ (rising edge-triggered flip-flop clocked by CLK100MHZ)
Path Group: CLK100MHZ
Path Type: min
Corner: Typical

Fanout     Cap    Slew   Delay    Time   Description
-----------------------------------------------------------------------------
                          0.00    0.00   clock CLK100MHZ (rise edge)
                          0.00    0.00   clock source latency
     1    0.02    0.00    0.00    0.00 ^ CLK100MHZ (in)
                                         CLK100MHZ (net)
                  0.00    0.00    0.00 ^ clkbuf_0_CLK100MHZ/A (sky130_fd_sc_hd__clkbuf_16)
     2    0.02    0.04    0.11    0.11 ^ clkbuf_0_CLK100MHZ/X (sky130_fd_sc_hd__clkbuf_16)
                                         clknet_0_CLK100MHZ (net)
                  0.04    0.00    0.11 ^ clkbuf_1_1__f_CLK100MHZ/A (sky130_fd_sc_hd__clkbuf_16)
    13    0.06    0.07    0.15    0.26 ^ clkbuf_1_1__f_CLK100MHZ/X (sky130_fd_sc_hd__clkbuf_16)
                                         clknet_1_1__leaf_CLK100MHZ (net)
                  0.07    0.00    0.26 ^ _456_/CLK (sky130_fd_sc_hd__dfxtp_1)
     3    0.02    0.10    0.36    0.63 v _456_/Q (sky130_fd_sc_hd__dfxtp_1)
                                         rf.regs[0][4] (net)
                  0.10    0.00    0.63 v _420_/A (sky130_fd_sc_hd__and2_1)
     1    0.01    0.05    0.17    0.80 v _420_/X (sky130_fd_sc_hd__and2_1)
                                         _052_ (net)
                  0.05    0.00    0.80 v _421_/A (sky130_fd_sc_hd__clkbuf_1)
     1    0.02    0.10    0.15    0.95 v _421_/X (sky130_fd_sc_hd__clkbuf_1)
                                         _022_ (net)
                  0.10    0.00    0.95 v _456_/D (sky130_fd_sc_hd__dfxtp_1)
                                  0.95   data arrival time

                          0.00    0.00   clock CLK100MHZ (rise edge)
                          0.00    0.00   clock source latency
     1    0.02    0.00    0.00    0.00 ^ CLK100MHZ (in)
                                         CLK100MHZ (net)
                  0.00    0.00    0.00 ^ clkbuf_0_CLK100MHZ/A (sky130_fd_sc_hd__clkbuf_16)
     2    0.02    0.04    0.11    0.11 ^ clkbuf_0_CLK100MHZ/X (sky130_fd_sc_hd__clkbuf_16)
                                         clknet_0_CLK100MHZ (net)
                  0.04    0.00    0.11 ^ clkbuf_1_1__f_CLK100MHZ/A (sky130_fd_sc_hd__clkbuf_16)
    13    0.06    0.07    0.15    0.26 ^ clkbuf_1_1__f_CLK100MHZ/X (sky130_fd_sc_hd__clkbuf_16)
                                         clknet_1_1__leaf_CLK100MHZ (net)
                  0.07    0.00    0.26 ^ _456_/CLK (sky130_fd_sc_hd__dfxtp_1)
                          0.20    0.46   clock uncertainty
                          0.00    0.46   clock reconvergence pessimism
                         -0.07    0.39   library hold time
                                  0.39   data required time
-----------------------------------------------------------------------------
                                  0.39   data required time
                                 -0.95   data arrival time
-----------------------------------------------------------------------------
                                  0.55   slack (MET)


Startpoint: _444_ (rising edge-triggered flip-flop clocked by CLK100MHZ)
Endpoint: _444_ (rising edge-triggered flip-flop clocked by CLK100MHZ)
Path Group: CLK100MHZ
Path Type: min
Corner: Typical

Fanout     Cap    Slew   Delay    Time   Description
-----------------------------------------------------------------------------
                          0.00    0.00   clock CLK100MHZ (rise edge)
                          0.00    0.00   clock source latency
     1    0.02    0.00    0.00    0.00 ^ CLK100MHZ (in)
                                         CLK100MHZ (net)
                  0.00    0.00    0.00 ^ clkbuf_0_CLK100MHZ/A (sky130_fd_sc_hd__clkbuf_16)
     2    0.02    0.04    0.11    0.11 ^ clkbuf_0_CLK100MHZ/X (sky130_fd_sc_hd__clkbuf_16)
                                         clknet_0_CLK100MHZ (net)
                  0.04    0.00    0.11 ^ clkbuf_1_1__f_CLK100MHZ/A (sky130_fd_sc_hd__clkbuf_16)
    13    0.06    0.07    0.15    0.26 ^ clkbuf_1_1__f_CLK100MHZ/X (sky130_fd_sc_hd__clkbuf_16)
                                         clknet_1_1__leaf_CLK100MHZ (net)
                  0.07    0.00    0.26 ^ _444_/CLK (sky130_fd_sc_hd__dfxtp_1)
     2    0.02    0.19    0.42    0.69 ^ _444_/Q (sky130_fd_sc_hd__dfxtp_1)
                                         rf.regs[15][2] (net)
                  0.19    0.00    0.69 ^ _391_/A0 (sky130_fd_sc_hd__mux2_1)
     1    0.00    0.04    0.16    0.84 ^ _391_/X (sky130_fd_sc_hd__mux2_1)
                                         _035_ (net)
                  0.04    0.00    0.84 ^ _392_/A (sky130_fd_sc_hd__clkbuf_1)
     1    0.01    0.12    0.13    0.97 ^ _392_/X (sky130_fd_sc_hd__clkbuf_1)
                                         _010_ (net)
                  0.12    0.00    0.97 ^ _444_/D (sky130_fd_sc_hd__dfxtp_1)
                                  0.97   data arrival time

                          0.00    0.00   clock CLK100MHZ (rise edge)
                          0.00    0.00   clock source latency
     1    0.02    0.00    0.00    0.00 ^ CLK100MHZ (in)
                                         CLK100MHZ (net)
                  0.00    0.00    0.00 ^ clkbuf_0_CLK100MHZ/A (sky130_fd_sc_hd__clkbuf_16)
     2    0.02    0.04    0.11    0.11 ^ clkbuf_0_CLK100MHZ/X (sky130_fd_sc_hd__clkbuf_16)
                                         clknet_0_CLK100MHZ (net)
                  0.04    0.00    0.11 ^ clkbuf_1_1__f_CLK100MHZ/A (sky130_fd_sc_hd__clkbuf_16)
    13    0.06    0.07    0.15    0.26 ^ clkbuf_1_1__f_CLK100MHZ/X (sky130_fd_sc_hd__clkbuf_16)
                                         clknet_1_1__leaf_CLK100MHZ (net)
                  0.07    0.00    0.26 ^ _444_/CLK (sky130_fd_sc_hd__dfxtp_1)
                          0.20    0.46   clock uncertainty
                          0.00    0.46   clock reconvergence pessimism
                         -0.04    0.42   library hold time
                                  0.42   data required time
-----------------------------------------------------------------------------
                                  0.42   data required time
                                 -0.97   data arrival time
-----------------------------------------------------------------------------
                                  0.55   slack (MET)


Startpoint: _451_ (rising edge-triggered flip-flop clocked by CLK100MHZ)
Endpoint: _451_ (rising edge-triggered flip-flop clocked by CLK100MHZ)
Path Group: CLK100MHZ
Path Type: min
Corner: Typical

Fanout     Cap    Slew   Delay    Time   Description
-----------------------------------------------------------------------------
                          0.00    0.00   clock CLK100MHZ (rise edge)
                          0.00    0.00   clock source latency
     1    0.02    0.00    0.00    0.00 ^ CLK100MHZ (in)
                                         CLK100MHZ (net)
                  0.00    0.00    0.00 ^ clkbuf_0_CLK100MHZ/A (sky130_fd_sc_hd__clkbuf_16)
     2    0.02    0.04    0.11    0.11 ^ clkbuf_0_CLK100MHZ/X (sky130_fd_sc_hd__clkbuf_16)
                                         clknet_0_CLK100MHZ (net)
                  0.04    0.00    0.11 ^ clkbuf_1_0__f_CLK100MHZ/A (sky130_fd_sc_hd__clkbuf_16)
    16    0.06    0.08    0.16    0.26 ^ clkbuf_1_0__f_CLK100MHZ/X (sky130_fd_sc_hd__clkbuf_16)
                                         clknet_1_0__leaf_CLK100MHZ (net)
                  0.08    0.00    0.27 ^ _451_/CLK (sky130_fd_sc_hd__dfxtp_1)
     2    0.02    0.16    0.40    0.67 ^ _451_/Q (sky130_fd_sc_hd__dfxtp_1)
                                         rf.regs[10][4] (net)
                  0.16    0.00    0.67 ^ _408_/A1 (sky130_fd_sc_hd__mux2_1)
     1    0.01    0.08    0.18    0.85 ^ _408_/X (sky130_fd_sc_hd__mux2_1)
                                         _045_ (net)
                  0.08    0.00    0.85 ^ _409_/A (sky130_fd_sc_hd__clkbuf_1)
     1    0.01    0.10    0.13    0.98 ^ _409_/X (sky130_fd_sc_hd__clkbuf_1)
                                         _017_ (net)
                  0.10    0.00    0.98 ^ _451_/D (sky130_fd_sc_hd__dfxtp_1)
                                  0.98   data arrival time

                          0.00    0.00   clock CLK100MHZ (rise edge)
                          0.00    0.00   clock source latency
     1    0.02    0.00    0.00    0.00 ^ CLK100MHZ (in)
                                         CLK100MHZ (net)
                  0.00    0.00    0.00 ^ clkbuf_0_CLK100MHZ/A (sky130_fd_sc_hd__clkbuf_16)
     2    0.02    0.04    0.11    0.11 ^ clkbuf_0_CLK100MHZ/X (sky130_fd_sc_hd__clkbuf_16)
                                         clknet_0_CLK100MHZ (net)
                  0.04    0.00    0.11 ^ clkbuf_1_0__f_CLK100MHZ/A (sky130_fd_sc_hd__clkbuf_16)
    16    0.06    0.08    0.16    0.26 ^ clkbuf_1_0__f_CLK100MHZ/X (sky130_fd_sc_hd__clkbuf_16)
                                         clknet_1_0__leaf_CLK100MHZ (net)
                  0.08    0.00    0.27 ^ _451_/CLK (sky130_fd_sc_hd__dfxtp_1)
                          0.20    0.47   clock uncertainty
                          0.00    0.47   clock reconvergence pessimism
                         -0.04    0.43   library hold time
                                  0.43   data required time
-----------------------------------------------------------------------------
                                  0.43   data required time
                                 -0.98   data arrival time
-----------------------------------------------------------------------------
                                  0.56   slack (MET)


Startpoint: _460_ (rising edge-triggered flip-flop clocked by CLK100MHZ)
Endpoint: _460_ (rising edge-triggered flip-flop clocked by CLK100MHZ)
Path Group: CLK100MHZ
Path Type: min
Corner: Typical

Fanout     Cap    Slew   Delay    Time   Description
-----------------------------------------------------------------------------
                          0.00    0.00   clock CLK100MHZ (rise edge)
                          0.00    0.00   clock source latency
     1    0.02    0.00    0.00    0.00 ^ CLK100MHZ (in)
                                         CLK100MHZ (net)
                  0.00    0.00    0.00 ^ clkbuf_0_CLK100MHZ/A (sky130_fd_sc_hd__clkbuf_16)
     2    0.02    0.04    0.11    0.11 ^ clkbuf_0_CLK100MHZ/X (sky130_fd_sc_hd__clkbuf_16)
                                         clknet_0_CLK100MHZ (net)
                  0.04    0.00    0.11 ^ clkbuf_1_0__f_CLK100MHZ/A (sky130_fd_sc_hd__clkbuf_16)
    16    0.06    0.08    0.16    0.26 ^ clkbuf_1_0__f_CLK100MHZ/X (sky130_fd_sc_hd__clkbuf_16)
                                         clknet_1_0__leaf_CLK100MHZ (net)
                  0.08    0.00    0.27 ^ _460_/CLK (sky130_fd_sc_hd__dfxtp_1)
     2    0.02    0.17    0.40    0.67 ^ _460_/Q (sky130_fd_sc_hd__dfxtp_1)
                                         rf.regs[5][3] (net)
                  0.17    0.00    0.67 ^ _430_/A0 (sky130_fd_sc_hd__mux2_1)
     1    0.00    0.05    0.16    0.83 ^ _430_/X (sky130_fd_sc_hd__mux2_1)
                                         _058_ (net)
                  0.05    0.00    0.83 ^ _431_/A (sky130_fd_sc_hd__buf_1)
     1    0.01    0.17    0.17    0.99 ^ _431_/X (sky130_fd_sc_hd__buf_1)
                                         _026_ (net)
                  0.17    0.00    0.99 ^ _460_/D (sky130_fd_sc_hd__dfxtp_1)
                                  0.99   data arrival time

                          0.00    0.00   clock CLK100MHZ (rise edge)
                          0.00    0.00   clock source latency
     1    0.02    0.00    0.00    0.00 ^ CLK100MHZ (in)
                                         CLK100MHZ (net)
                  0.00    0.00    0.00 ^ clkbuf_0_CLK100MHZ/A (sky130_fd_sc_hd__clkbuf_16)
     2    0.02    0.04    0.11    0.11 ^ clkbuf_0_CLK100MHZ/X (sky130_fd_sc_hd__clkbuf_16)
                                         clknet_0_CLK100MHZ (net)
                  0.04    0.00    0.11 ^ clkbuf_1_0__f_CLK100MHZ/A (sky130_fd_sc_hd__clkbuf_16)
    16    0.06    0.08    0.16    0.26 ^ clkbuf_1_0__f_CLK100MHZ/X (sky130_fd_sc_hd__clkbuf_16)
                                         clknet_1_0__leaf_CLK100MHZ (net)
                  0.08    0.00    0.27 ^ _460_/CLK (sky130_fd_sc_hd__dfxtp_1)
                          0.20    0.47   clock uncertainty
                          0.00    0.47   clock reconvergence pessimism
                         -0.05    0.41   library hold time
                                  0.41   data required time
-----------------------------------------------------------------------------
                                  0.41   data required time
                                 -0.99   data arrival time
-----------------------------------------------------------------------------
                                  0.58   slack (MET)


Startpoint: _450_ (rising edge-triggered flip-flop clocked by CLK100MHZ)
Endpoint: _450_ (rising edge-triggered flip-flop clocked by CLK100MHZ)
Path Group: CLK100MHZ
Path Type: min
Corner: Typical

Fanout     Cap    Slew   Delay    Time   Description
-----------------------------------------------------------------------------
                          0.00    0.00   clock CLK100MHZ (rise edge)
                          0.00    0.00   clock source latency
     1    0.02    0.00    0.00    0.00 ^ CLK100MHZ (in)
                                         CLK100MHZ (net)
                  0.00    0.00    0.00 ^ clkbuf_0_CLK100MHZ/A (sky130_fd_sc_hd__clkbuf_16)
     2    0.02    0.04    0.11    0.11 ^ clkbuf_0_CLK100MHZ/X (sky130_fd_sc_hd__clkbuf_16)
                                         clknet_0_CLK100MHZ (net)
                  0.04    0.00    0.11 ^ clkbuf_1_0__f_CLK100MHZ/A (sky130_fd_sc_hd__clkbuf_16)
    16    0.06    0.08    0.16    0.26 ^ clkbuf_1_0__f_CLK100MHZ/X (sky130_fd_sc_hd__clkbuf_16)
                                         clknet_1_0__leaf_CLK100MHZ (net)
                  0.08    0.00    0.27 ^ _450_/CLK (sky130_fd_sc_hd__dfxtp_1)
     2    0.02    0.22    0.44    0.71 ^ _450_/Q (sky130_fd_sc_hd__dfxtp_1)
                                         rf.regs[10][3] (net)
                  0.22    0.00    0.71 ^ _406_/A1 (sky130_fd_sc_hd__mux2_1)
     1    0.00    0.06    0.18    0.89 ^ _406_/X (sky130_fd_sc_hd__mux2_1)
                                         _044_ (net)
                  0.06    0.00    0.89 ^ _407_/A (sky130_fd_sc_hd__clkbuf_1)
     1    0.01    0.10    0.12    1.02 ^ _407_/X (sky130_fd_sc_hd__clkbuf_1)
                                         _016_ (net)
                  0.10    0.00    1.02 ^ _450_/D (sky130_fd_sc_hd__dfxtp_1)
                                  1.02   data arrival time

                          0.00    0.00   clock CLK100MHZ (rise edge)
                          0.00    0.00   clock source latency
     1    0.02    0.00    0.00    0.00 ^ CLK100MHZ (in)
                                         CLK100MHZ (net)
                  0.00    0.00    0.00 ^ clkbuf_0_CLK100MHZ/A (sky130_fd_sc_hd__clkbuf_16)
     2    0.02    0.04    0.11    0.11 ^ clkbuf_0_CLK100MHZ/X (sky130_fd_sc_hd__clkbuf_16)
                                         clknet_0_CLK100MHZ (net)
                  0.04    0.00    0.11 ^ clkbuf_1_0__f_CLK100MHZ/A (sky130_fd_sc_hd__clkbuf_16)
    16    0.06    0.08    0.16    0.26 ^ clkbuf_1_0__f_CLK100MHZ/X (sky130_fd_sc_hd__clkbuf_16)
                                         clknet_1_0__leaf_CLK100MHZ (net)
                  0.08    0.00    0.27 ^ _450_/CLK (sky130_fd_sc_hd__dfxtp_1)
                          0.20    0.47   clock uncertainty
                          0.00    0.47   clock reconvergence pessimism
                         -0.04    0.43   library hold time
                                  0.43   data required time
-----------------------------------------------------------------------------
                                  0.43   data required time
                                 -1.02   data arrival time
-----------------------------------------------------------------------------
                                  0.59   slack (MET)


Startpoint: _442_ (rising edge-triggered flip-flop clocked by CLK100MHZ)
Endpoint: _442_ (rising edge-triggered flip-flop clocked by CLK100MHZ)
Path Group: CLK100MHZ
Path Type: min
Corner: Typical

Fanout     Cap    Slew   Delay    Time   Description
-----------------------------------------------------------------------------
                          0.00    0.00   clock CLK100MHZ (rise edge)
                          0.00    0.00   clock source latency
     1    0.02    0.00    0.00    0.00 ^ CLK100MHZ (in)
                                         CLK100MHZ (net)
                  0.00    0.00    0.00 ^ clkbuf_0_CLK100MHZ/A (sky130_fd_sc_hd__clkbuf_16)
     2    0.02    0.04    0.11    0.11 ^ clkbuf_0_CLK100MHZ/X (sky130_fd_sc_hd__clkbuf_16)
                                         clknet_0_CLK100MHZ (net)
                  0.04    0.00    0.11 ^ clkbuf_1_1__f_CLK100MHZ/A (sky130_fd_sc_hd__clkbuf_16)
    13    0.06    0.07    0.15    0.26 ^ clkbuf_1_1__f_CLK100MHZ/X (sky130_fd_sc_hd__clkbuf_16)
                                         clknet_1_1__leaf_CLK100MHZ (net)
                  0.07    0.00    0.26 ^ _442_/CLK (sky130_fd_sc_hd__dfxtp_1)
     2    0.02    0.18    0.41    0.68 ^ _442_/Q (sky130_fd_sc_hd__dfxtp_1)
                                         rf.regs[15][0] (net)
                  0.18    0.00    0.68 ^ _387_/A0 (sky130_fd_sc_hd__mux2_1)
     1    0.01    0.11    0.22    0.89 ^ _387_/X (sky130_fd_sc_hd__mux2_1)
                                         _033_ (net)
                  0.11    0.00    0.89 ^ _388_/A (sky130_fd_sc_hd__clkbuf_1)
     1    0.01    0.08    0.13    1.02 ^ _388_/X (sky130_fd_sc_hd__clkbuf_1)
                                         _008_ (net)
                  0.08    0.00    1.02 ^ _442_/D (sky130_fd_sc_hd__dfxtp_1)
                                  1.02   data arrival time

                          0.00    0.00   clock CLK100MHZ (rise edge)
                          0.00    0.00   clock source latency
     1    0.02    0.00    0.00    0.00 ^ CLK100MHZ (in)
                                         CLK100MHZ (net)
                  0.00    0.00    0.00 ^ clkbuf_0_CLK100MHZ/A (sky130_fd_sc_hd__clkbuf_16)
     2    0.02    0.04    0.11    0.11 ^ clkbuf_0_CLK100MHZ/X (sky130_fd_sc_hd__clkbuf_16)
                                         clknet_0_CLK100MHZ (net)
                  0.04    0.00    0.11 ^ clkbuf_1_1__f_CLK100MHZ/A (sky130_fd_sc_hd__clkbuf_16)
    13    0.06    0.07    0.15    0.26 ^ clkbuf_1_1__f_CLK100MHZ/X (sky130_fd_sc_hd__clkbuf_16)
                                         clknet_1_1__leaf_CLK100MHZ (net)
                  0.07    0.00    0.26 ^ _442_/CLK (sky130_fd_sc_hd__dfxtp_1)
                          0.20    0.46   clock uncertainty
                          0.00    0.46   clock reconvergence pessimism
                         -0.04    0.43   library hold time
                                  0.43   data required time
-----------------------------------------------------------------------------
                                  0.43   data required time
                                 -1.02   data arrival time
-----------------------------------------------------------------------------
                                  0.59   slack (MET)


Startpoint: _452_ (rising edge-triggered flip-flop clocked by CLK100MHZ)
Endpoint: _452_ (rising edge-triggered flip-flop clocked by CLK100MHZ)
Path Group: CLK100MHZ
Path Type: min
Corner: Typical

Fanout     Cap    Slew   Delay    Time   Description
-----------------------------------------------------------------------------
                          0.00    0.00   clock CLK100MHZ (rise edge)
                          0.00    0.00   clock source latency
     1    0.02    0.00    0.00    0.00 ^ CLK100MHZ (in)
                                         CLK100MHZ (net)
                  0.00    0.00    0.00 ^ clkbuf_0_CLK100MHZ/A (sky130_fd_sc_hd__clkbuf_16)
     2    0.02    0.04    0.11    0.11 ^ clkbuf_0_CLK100MHZ/X (sky130_fd_sc_hd__clkbuf_16)
                                         clknet_0_CLK100MHZ (net)
                  0.04    0.00    0.11 ^ clkbuf_1_1__f_CLK100MHZ/A (sky130_fd_sc_hd__clkbuf_16)
    13    0.06    0.07    0.15    0.26 ^ clkbuf_1_1__f_CLK100MHZ/X (sky130_fd_sc_hd__clkbuf_16)
                                         clknet_1_1__leaf_CLK100MHZ (net)
                  0.07    0.00    0.26 ^ _452_/CLK (sky130_fd_sc_hd__dfxtp_1)
     3    0.03    0.14    0.40    0.66 v _452_/Q (sky130_fd_sc_hd__dfxtp_1)
                                         rf.regs[0][0] (net)
                  0.14    0.00    0.66 v _412_/A (sky130_fd_sc_hd__and2_1)
     1    0.02    0.09    0.23    0.90 v _412_/X (sky130_fd_sc_hd__and2_1)
                                         _048_ (net)
                  0.09    0.00    0.90 v _413_/A (sky130_fd_sc_hd__clkbuf_1)
     1    0.00    0.04    0.12    1.01 v _413_/X (sky130_fd_sc_hd__clkbuf_1)
                                         _018_ (net)
                  0.04    0.00    1.01 v _452_/D (sky130_fd_sc_hd__dfxtp_1)
                                  1.01   data arrival time

                          0.00    0.00   clock CLK100MHZ (rise edge)
                          0.00    0.00   clock source latency
     1    0.02    0.00    0.00    0.00 ^ CLK100MHZ (in)
                                         CLK100MHZ (net)
                  0.00    0.00    0.00 ^ clkbuf_0_CLK100MHZ/A (sky130_fd_sc_hd__clkbuf_16)
     2    0.02    0.04    0.11    0.11 ^ clkbuf_0_CLK100MHZ/X (sky130_fd_sc_hd__clkbuf_16)
                                         clknet_0_CLK100MHZ (net)
                  0.04    0.00    0.11 ^ clkbuf_1_1__f_CLK100MHZ/A (sky130_fd_sc_hd__clkbuf_16)
    13    0.06    0.07    0.15    0.26 ^ clkbuf_1_1__f_CLK100MHZ/X (sky130_fd_sc_hd__clkbuf_16)
                                         clknet_1_1__leaf_CLK100MHZ (net)
                  0.07    0.00    0.26 ^ _452_/CLK (sky130_fd_sc_hd__dfxtp_1)
                          0.20    0.46   clock uncertainty
                          0.00    0.46   clock reconvergence pessimism
                         -0.04    0.42   library hold time
                                  0.42   data required time
-----------------------------------------------------------------------------
                                  0.42   data required time
                                 -1.01   data arrival time
-----------------------------------------------------------------------------
                                  0.59   slack (MET)


Startpoint: _446_ (rising edge-triggered flip-flop clocked by CLK100MHZ)
Endpoint: _446_ (rising edge-triggered flip-flop clocked by CLK100MHZ)
Path Group: CLK100MHZ
Path Type: min
Corner: Typical

Fanout     Cap    Slew   Delay    Time   Description
-----------------------------------------------------------------------------
                          0.00    0.00   clock CLK100MHZ (rise edge)
                          0.00    0.00   clock source latency
     1    0.02    0.00    0.00    0.00 ^ CLK100MHZ (in)
                                         CLK100MHZ (net)
                  0.00    0.00    0.00 ^ clkbuf_0_CLK100MHZ/A (sky130_fd_sc_hd__clkbuf_16)
     2    0.02    0.04    0.11    0.11 ^ clkbuf_0_CLK100MHZ/X (sky130_fd_sc_hd__clkbuf_16)
                                         clknet_0_CLK100MHZ (net)
                  0.04    0.00    0.11 ^ clkbuf_1_1__f_CLK100MHZ/A (sky130_fd_sc_hd__clkbuf_16)
    13    0.06    0.07    0.15    0.26 ^ clkbuf_1_1__f_CLK100MHZ/X (sky130_fd_sc_hd__clkbuf_16)
                                         clknet_1_1__leaf_CLK100MHZ (net)
                  0.07    0.00    0.26 ^ _446_/CLK (sky130_fd_sc_hd__dfxtp_1)
     2    0.02    0.16    0.40    0.66 ^ _446_/Q (sky130_fd_sc_hd__dfxtp_1)
                                         rf.regs[15][4] (net)
                  0.16    0.00    0.66 ^ _395_/A0 (sky130_fd_sc_hd__mux2_1)
     1    0.01    0.11    0.20    0.86 ^ _395_/X (sky130_fd_sc_hd__mux2_1)
                                         _037_ (net)
                  0.11    0.00    0.86 ^ _396_/A (sky130_fd_sc_hd__clkbuf_1)
     1    0.01    0.12    0.15    1.01 ^ _396_/X (sky130_fd_sc_hd__clkbuf_1)
                                         _012_ (net)
                  0.12    0.00    1.02 ^ _446_/D (sky130_fd_sc_hd__dfxtp_1)
                                  1.02   data arrival time

                          0.00    0.00   clock CLK100MHZ (rise edge)
                          0.00    0.00   clock source latency
     1    0.02    0.00    0.00    0.00 ^ CLK100MHZ (in)
                                         CLK100MHZ (net)
                  0.00    0.00    0.00 ^ clkbuf_0_CLK100MHZ/A (sky130_fd_sc_hd__clkbuf_16)
     2    0.02    0.04    0.11    0.11 ^ clkbuf_0_CLK100MHZ/X (sky130_fd_sc_hd__clkbuf_16)
                                         clknet_0_CLK100MHZ (net)
                  0.04    0.00    0.11 ^ clkbuf_1_1__f_CLK100MHZ/A (sky130_fd_sc_hd__clkbuf_16)
    13    0.06    0.07    0.15    0.26 ^ clkbuf_1_1__f_CLK100MHZ/X (sky130_fd_sc_hd__clkbuf_16)
                                         clknet_1_1__leaf_CLK100MHZ (net)
                  0.07    0.00    0.26 ^ _446_/CLK (sky130_fd_sc_hd__dfxtp_1)
                          0.20    0.46   clock uncertainty
                          0.00    0.46   clock reconvergence pessimism
                         -0.04    0.42   library hold time
                                  0.42   data required time
-----------------------------------------------------------------------------
                                  0.42   data required time
                                 -1.02   data arrival time
-----------------------------------------------------------------------------
                                  0.60   slack (MET)


Startpoint: _454_ (rising edge-triggered flip-flop clocked by CLK100MHZ)
Endpoint: _454_ (rising edge-triggered flip-flop clocked by CLK100MHZ)
Path Group: CLK100MHZ
Path Type: min
Corner: Typical

Fanout     Cap    Slew   Delay    Time   Description
-----------------------------------------------------------------------------
                          0.00    0.00   clock CLK100MHZ (rise edge)
                          0.00    0.00   clock source latency
     1    0.02    0.00    0.00    0.00 ^ CLK100MHZ (in)
                                         CLK100MHZ (net)
                  0.00    0.00    0.00 ^ clkbuf_0_CLK100MHZ/A (sky130_fd_sc_hd__clkbuf_16)
     2    0.02    0.04    0.11    0.11 ^ clkbuf_0_CLK100MHZ/X (sky130_fd_sc_hd__clkbuf_16)
                                         clknet_0_CLK100MHZ (net)
                  0.04    0.00    0.11 ^ clkbuf_1_0__f_CLK100MHZ/A (sky130_fd_sc_hd__clkbuf_16)
    16    0.06    0.08    0.16    0.26 ^ clkbuf_1_0__f_CLK100MHZ/X (sky130_fd_sc_hd__clkbuf_16)
                                         clknet_1_0__leaf_CLK100MHZ (net)
                  0.08    0.00    0.27 ^ _454_/CLK (sky130_fd_sc_hd__dfxtp_1)
     3    0.02    0.10    0.36    0.63 v _454_/Q (sky130_fd_sc_hd__dfxtp_1)
                                         rf.regs[0][2] (net)
                  0.10    0.00    0.63 v _416_/A (sky130_fd_sc_hd__and2_1)
     1    0.02    0.11    0.22    0.85 v _416_/X (sky130_fd_sc_hd__and2_1)
                                         _050_ (net)
                  0.11    0.00    0.86 v _417_/A (sky130_fd_sc_hd__buf_1)
     1    0.01    0.07    0.16    1.01 v _417_/X (sky130_fd_sc_hd__buf_1)
                                         _020_ (net)
                  0.07    0.00    1.01 v _454_/D (sky130_fd_sc_hd__dfxtp_1)
                                  1.01   data arrival time

                          0.00    0.00   clock CLK100MHZ (rise edge)
                          0.00    0.00   clock source latency
     1    0.02    0.00    0.00    0.00 ^ CLK100MHZ (in)
                                         CLK100MHZ (net)
                  0.00    0.00    0.00 ^ clkbuf_0_CLK100MHZ/A (sky130_fd_sc_hd__clkbuf_16)
     2    0.02    0.04    0.11    0.11 ^ clkbuf_0_CLK100MHZ/X (sky130_fd_sc_hd__clkbuf_16)
                                         clknet_0_CLK100MHZ (net)
                  0.04    0.00    0.11 ^ clkbuf_1_0__f_CLK100MHZ/A (sky130_fd_sc_hd__clkbuf_16)
    16    0.06    0.08    0.16    0.26 ^ clkbuf_1_0__f_CLK100MHZ/X (sky130_fd_sc_hd__clkbuf_16)
                                         clknet_1_0__leaf_CLK100MHZ (net)
                  0.08    0.00    0.27 ^ _454_/CLK (sky130_fd_sc_hd__dfxtp_1)
                          0.20    0.47   clock uncertainty
                          0.00    0.47   clock reconvergence pessimism
                         -0.06    0.41   library hold time
                                  0.41   data required time
-----------------------------------------------------------------------------
                                  0.41   data required time
                                 -1.01   data arrival time
-----------------------------------------------------------------------------
                                  0.60   slack (MET)


Startpoint: _439_ (rising edge-triggered flip-flop clocked by CLK100MHZ)
Endpoint: _439_ (rising edge-triggered flip-flop clocked by CLK100MHZ)
Path Group: CLK100MHZ
Path Type: min
Corner: Typical

Fanout     Cap    Slew   Delay    Time   Description
-----------------------------------------------------------------------------
                          0.00    0.00   clock CLK100MHZ (rise edge)
                          0.00    0.00   clock source latency
     1    0.02    0.00    0.00    0.00 ^ CLK100MHZ (in)
                                         CLK100MHZ (net)
                  0.00    0.00    0.00 ^ clkbuf_0_CLK100MHZ/A (sky130_fd_sc_hd__clkbuf_16)
     2    0.02    0.04    0.11    0.11 ^ clkbuf_0_CLK100MHZ/X (sky130_fd_sc_hd__clkbuf_16)
                                         clknet_0_CLK100MHZ (net)
                  0.04    0.00    0.11 ^ clkbuf_1_1__f_CLK100MHZ/A (sky130_fd_sc_hd__clkbuf_16)
    13    0.06    0.07    0.15    0.26 ^ clkbuf_1_1__f_CLK100MHZ/X (sky130_fd_sc_hd__clkbuf_16)
                                         clknet_1_1__leaf_CLK100MHZ (net)
                  0.07    0.00    0.26 ^ _439_/CLK (sky130_fd_sc_hd__dfxtp_1)
     2    0.01    0.12    0.37    0.63 ^ _439_/Q (sky130_fd_sc_hd__dfxtp_1)
                                         rf.regs[25][2] (net)
                  0.12    0.00    0.63 ^ _369_/A0 (sky130_fd_sc_hd__mux2_1)
     1    0.02    0.19    0.25    0.89 ^ _369_/X (sky130_fd_sc_hd__mux2_1)
                                         _202_ (net)
                  0.19    0.00    0.89 ^ _370_/A (sky130_fd_sc_hd__clkbuf_1)
     1    0.01    0.13    0.17    1.06 ^ _370_/X (sky130_fd_sc_hd__clkbuf_1)
                                         _005_ (net)
                  0.13    0.00    1.06 ^ _439_/D (sky130_fd_sc_hd__dfxtp_1)
                                  1.06   data arrival time

                          0.00    0.00   clock CLK100MHZ (rise edge)
                          0.00    0.00   clock source latency
     1    0.02    0.00    0.00    0.00 ^ CLK100MHZ (in)
                                         CLK100MHZ (net)
                  0.00    0.00    0.00 ^ clkbuf_0_CLK100MHZ/A (sky130_fd_sc_hd__clkbuf_16)
     2    0.02    0.04    0.11    0.11 ^ clkbuf_0_CLK100MHZ/X (sky130_fd_sc_hd__clkbuf_16)
                                         clknet_0_CLK100MHZ (net)
                  0.04    0.00    0.11 ^ clkbuf_1_1__f_CLK100MHZ/A (sky130_fd_sc_hd__clkbuf_16)
    13    0.06    0.07    0.15    0.26 ^ clkbuf_1_1__f_CLK100MHZ/X (sky130_fd_sc_hd__clkbuf_16)
                                         clknet_1_1__leaf_CLK100MHZ (net)
                  0.07    0.00    0.26 ^ _439_/CLK (sky130_fd_sc_hd__dfxtp_1)
                          0.20    0.46   clock uncertainty
                          0.00    0.46   clock reconvergence pessimism
                         -0.04    0.42   library hold time
                                  0.42   data required time
-----------------------------------------------------------------------------
                                  0.42   data required time
                                 -1.06   data arrival time
-----------------------------------------------------------------------------
                                  0.64   slack (MET)


Startpoint: _459_ (rising edge-triggered flip-flop clocked by CLK100MHZ)
Endpoint: _459_ (rising edge-triggered flip-flop clocked by CLK100MHZ)
Path Group: CLK100MHZ
Path Type: min
Corner: Typical

Fanout     Cap    Slew   Delay    Time   Description
-----------------------------------------------------------------------------
                          0.00    0.00   clock CLK100MHZ (rise edge)
                          0.00    0.00   clock source latency
     1    0.02    0.00    0.00    0.00 ^ CLK100MHZ (in)
                                         CLK100MHZ (net)
                  0.00    0.00    0.00 ^ clkbuf_0_CLK100MHZ/A (sky130_fd_sc_hd__clkbuf_16)
     2    0.02    0.04    0.11    0.11 ^ clkbuf_0_CLK100MHZ/X (sky130_fd_sc_hd__clkbuf_16)
                                         clknet_0_CLK100MHZ (net)
                  0.04    0.00    0.11 ^ clkbuf_1_0__f_CLK100MHZ/A (sky130_fd_sc_hd__clkbuf_16)
    16    0.06    0.08    0.16    0.26 ^ clkbuf_1_0__f_CLK100MHZ/X (sky130_fd_sc_hd__clkbuf_16)
                                         clknet_1_0__leaf_CLK100MHZ (net)
                  0.08    0.00    0.27 ^ _459_/CLK (sky130_fd_sc_hd__dfxtp_1)
     2    0.02    0.22    0.44    0.71 ^ _459_/Q (sky130_fd_sc_hd__dfxtp_1)
                                         rf.regs[5][2] (net)
                  0.22    0.00    0.71 ^ _428_/A0 (sky130_fd_sc_hd__mux2_1)
     1    0.01    0.09    0.20    0.91 ^ _428_/X (sky130_fd_sc_hd__mux2_1)
                                         _057_ (net)
                  0.09    0.00    0.91 ^ _429_/A (sky130_fd_sc_hd__buf_1)
     1    0.01    0.14    0.16    1.07 ^ _429_/X (sky130_fd_sc_hd__buf_1)
                                         _025_ (net)
                  0.14    0.00    1.07 ^ _459_/D (sky130_fd_sc_hd__dfxtp_1)
                                  1.07   data arrival time

                          0.00    0.00   clock CLK100MHZ (rise edge)
                          0.00    0.00   clock source latency
     1    0.02    0.00    0.00    0.00 ^ CLK100MHZ (in)
                                         CLK100MHZ (net)
                  0.00    0.00    0.00 ^ clkbuf_0_CLK100MHZ/A (sky130_fd_sc_hd__clkbuf_16)
     2    0.02    0.04    0.11    0.11 ^ clkbuf_0_CLK100MHZ/X (sky130_fd_sc_hd__clkbuf_16)
                                         clknet_0_CLK100MHZ (net)
                  0.04    0.00    0.11 ^ clkbuf_1_0__f_CLK100MHZ/A (sky130_fd_sc_hd__clkbuf_16)
    16    0.06    0.08    0.16    0.26 ^ clkbuf_1_0__f_CLK100MHZ/X (sky130_fd_sc_hd__clkbuf_16)
                                         clknet_1_0__leaf_CLK100MHZ (net)
                  0.08    0.00    0.27 ^ _459_/CLK (sky130_fd_sc_hd__dfxtp_1)
                          0.20    0.47   clock uncertainty
                          0.00    0.47   clock reconvergence pessimism
                         -0.05    0.42   library hold time
                                  0.42   data required time
-----------------------------------------------------------------------------
                                  0.42   data required time
                                 -1.07   data arrival time
-----------------------------------------------------------------------------
                                  0.65   slack (MET)


Startpoint: _457_ (rising edge-triggered flip-flop clocked by CLK100MHZ)
Endpoint: _457_ (rising edge-triggered flip-flop clocked by CLK100MHZ)
Path Group: CLK100MHZ
Path Type: min
Corner: Typical

Fanout     Cap    Slew   Delay    Time   Description
-----------------------------------------------------------------------------
                          0.00    0.00   clock CLK100MHZ (rise edge)
                          0.00    0.00   clock source latency
     1    0.02    0.00    0.00    0.00 ^ CLK100MHZ (in)
                                         CLK100MHZ (net)
                  0.00    0.00    0.00 ^ clkbuf_0_CLK100MHZ/A (sky130_fd_sc_hd__clkbuf_16)
     2    0.02    0.04    0.11    0.11 ^ clkbuf_0_CLK100MHZ/X (sky130_fd_sc_hd__clkbuf_16)
                                         clknet_0_CLK100MHZ (net)
                  0.04    0.00    0.11 ^ clkbuf_1_1__f_CLK100MHZ/A (sky130_fd_sc_hd__clkbuf_16)
    13    0.06    0.07    0.15    0.26 ^ clkbuf_1_1__f_CLK100MHZ/X (sky130_fd_sc_hd__clkbuf_16)
                                         clknet_1_1__leaf_CLK100MHZ (net)
                  0.07    0.00    0.26 ^ _457_/CLK (sky130_fd_sc_hd__dfxtp_1)
     2    0.02    0.16    0.40    0.66 ^ _457_/Q (sky130_fd_sc_hd__dfxtp_1)
                                         rf.regs[5][0] (net)
                  0.16    0.00    0.66 ^ _424_/A0 (sky130_fd_sc_hd__mux2_1)
     1    0.01    0.10    0.20    0.87 ^ _424_/X (sky130_fd_sc_hd__mux2_1)
                                         _055_ (net)
                  0.10    0.00    0.87 ^ _425_/A (sky130_fd_sc_hd__clkbuf_1)
     1    0.01    0.18    0.19    1.06 ^ _425_/X (sky130_fd_sc_hd__clkbuf_1)
                                         _023_ (net)
                  0.18    0.00    1.06 ^ _457_/D (sky130_fd_sc_hd__dfxtp_1)
                                  1.06   data arrival time

                          0.00    0.00   clock CLK100MHZ (rise edge)
                          0.00    0.00   clock source latency
     1    0.02    0.00    0.00    0.00 ^ CLK100MHZ (in)
                                         CLK100MHZ (net)
                  0.00    0.00    0.00 ^ clkbuf_0_CLK100MHZ/A (sky130_fd_sc_hd__clkbuf_16)
     2    0.02    0.04    0.11    0.11 ^ clkbuf_0_CLK100MHZ/X (sky130_fd_sc_hd__clkbuf_16)
                                         clknet_0_CLK100MHZ (net)
                  0.04    0.00    0.11 ^ clkbuf_1_1__f_CLK100MHZ/A (sky130_fd_sc_hd__clkbuf_16)
    13    0.06    0.07    0.15    0.26 ^ clkbuf_1_1__f_CLK100MHZ/X (sky130_fd_sc_hd__clkbuf_16)
                                         clknet_1_1__leaf_CLK100MHZ (net)
                  0.07    0.00    0.26 ^ _457_/CLK (sky130_fd_sc_hd__dfxtp_1)
                          0.20    0.46   clock uncertainty
                          0.00    0.46   clock reconvergence pessimism
                         -0.06    0.41   library hold time
                                  0.41   data required time
-----------------------------------------------------------------------------
                                  0.41   data required time
                                 -1.06   data arrival time
-----------------------------------------------------------------------------
                                  0.66   slack (MET)


Startpoint: _438_ (rising edge-triggered flip-flop clocked by CLK100MHZ)
Endpoint: _438_ (rising edge-triggered flip-flop clocked by CLK100MHZ)
Path Group: CLK100MHZ
Path Type: min
Corner: Typical

Fanout     Cap    Slew   Delay    Time   Description
-----------------------------------------------------------------------------
                          0.00    0.00   clock CLK100MHZ (rise edge)
                          0.00    0.00   clock source latency
     1    0.02    0.00    0.00    0.00 ^ CLK100MHZ (in)
                                         CLK100MHZ (net)
                  0.00    0.00    0.00 ^ clkbuf_0_CLK100MHZ/A (sky130_fd_sc_hd__clkbuf_16)
     2    0.02    0.04    0.11    0.11 ^ clkbuf_0_CLK100MHZ/X (sky130_fd_sc_hd__clkbuf_16)
                                         clknet_0_CLK100MHZ (net)
                  0.04    0.00    0.11 ^ clkbuf_1_1__f_CLK100MHZ/A (sky130_fd_sc_hd__clkbuf_16)
    13    0.06    0.07    0.15    0.26 ^ clkbuf_1_1__f_CLK100MHZ/X (sky130_fd_sc_hd__clkbuf_16)
                                         clknet_1_1__leaf_CLK100MHZ (net)
                  0.07    0.00    0.26 ^ _438_/CLK (sky130_fd_sc_hd__dfxtp_1)
     3    0.02    0.24    0.45    0.72 ^ _438_/Q (sky130_fd_sc_hd__dfxtp_1)
                                         rf.regs[25][1] (net)
                  0.24    0.00    0.72 ^ _367_/A0 (sky130_fd_sc_hd__mux2_1)
     1    0.01    0.11    0.23    0.95 ^ _367_/X (sky130_fd_sc_hd__mux2_1)
                                         _201_ (net)
                  0.11    0.00    0.95 ^ _368_/A (sky130_fd_sc_hd__clkbuf_1)
     1    0.01    0.12    0.16    1.10 ^ _368_/X (sky130_fd_sc_hd__clkbuf_1)
                                         _004_ (net)
                  0.12    0.00    1.10 ^ _438_/D (sky130_fd_sc_hd__dfxtp_1)
                                  1.10   data arrival time

                          0.00    0.00   clock CLK100MHZ (rise edge)
                          0.00    0.00   clock source latency
     1    0.02    0.00    0.00    0.00 ^ CLK100MHZ (in)
                                         CLK100MHZ (net)
                  0.00    0.00    0.00 ^ clkbuf_0_CLK100MHZ/A (sky130_fd_sc_hd__clkbuf_16)
     2    0.02    0.04    0.11    0.11 ^ clkbuf_0_CLK100MHZ/X (sky130_fd_sc_hd__clkbuf_16)
                                         clknet_0_CLK100MHZ (net)
                  0.04    0.00    0.11 ^ clkbuf_1_1__f_CLK100MHZ/A (sky130_fd_sc_hd__clkbuf_16)
    13    0.06    0.07    0.15    0.26 ^ clkbuf_1_1__f_CLK100MHZ/X (sky130_fd_sc_hd__clkbuf_16)
                                         clknet_1_1__leaf_CLK100MHZ (net)
                  0.07    0.00    0.26 ^ _438_/CLK (sky130_fd_sc_hd__dfxtp_1)
                          0.20    0.46   clock uncertainty
                          0.00    0.46   clock reconvergence pessimism
                         -0.04    0.42   library hold time
                                  0.42   data required time
-----------------------------------------------------------------------------
                                  0.42   data required time
                                 -1.10   data arrival time
-----------------------------------------------------------------------------
                                  0.68   slack (MET)


Startpoint: _443_ (rising edge-triggered flip-flop clocked by CLK100MHZ)
Endpoint: _443_ (rising edge-triggered flip-flop clocked by CLK100MHZ)
Path Group: CLK100MHZ
Path Type: min
Corner: Typical

Fanout     Cap    Slew   Delay    Time   Description
-----------------------------------------------------------------------------
                          0.00    0.00   clock CLK100MHZ (rise edge)
                          0.00    0.00   clock source latency
     1    0.02    0.00    0.00    0.00 ^ CLK100MHZ (in)
                                         CLK100MHZ (net)
                  0.00    0.00    0.00 ^ clkbuf_0_CLK100MHZ/A (sky130_fd_sc_hd__clkbuf_16)
     2    0.02    0.04    0.11    0.11 ^ clkbuf_0_CLK100MHZ/X (sky130_fd_sc_hd__clkbuf_16)
                                         clknet_0_CLK100MHZ (net)
                  0.04    0.00    0.11 ^ clkbuf_1_0__f_CLK100MHZ/A (sky130_fd_sc_hd__clkbuf_16)
    16    0.06    0.08    0.16    0.26 ^ clkbuf_1_0__f_CLK100MHZ/X (sky130_fd_sc_hd__clkbuf_16)
                                         clknet_1_0__leaf_CLK100MHZ (net)
                  0.08    0.00    0.27 ^ _443_/CLK (sky130_fd_sc_hd__dfxtp_1)
     2    0.02    0.15    0.40    0.66 ^ _443_/Q (sky130_fd_sc_hd__dfxtp_1)
                                         rf.regs[15][1] (net)
                  0.15    0.00    0.66 ^ _389_/A0 (sky130_fd_sc_hd__mux2_1)
     1    0.01    0.09    0.19    0.85 ^ _389_/X (sky130_fd_sc_hd__mux2_1)
                                         _034_ (net)
                  0.09    0.00    0.85 ^ _390_/A (sky130_fd_sc_hd__buf_1)
     1    0.02    0.26    0.24    1.09 ^ _390_/X (sky130_fd_sc_hd__buf_1)
                                         _009_ (net)
                  0.26    0.00    1.09 ^ _443_/D (sky130_fd_sc_hd__dfxtp_1)
                                  1.09   data arrival time

                          0.00    0.00   clock CLK100MHZ (rise edge)
                          0.00    0.00   clock source latency
     1    0.02    0.00    0.00    0.00 ^ CLK100MHZ (in)
                                         CLK100MHZ (net)
                  0.00    0.00    0.00 ^ clkbuf_0_CLK100MHZ/A (sky130_fd_sc_hd__clkbuf_16)
     2    0.02    0.04    0.11    0.11 ^ clkbuf_0_CLK100MHZ/X (sky130_fd_sc_hd__clkbuf_16)
                                         clknet_0_CLK100MHZ (net)
                  0.04    0.00    0.11 ^ clkbuf_1_0__f_CLK100MHZ/A (sky130_fd_sc_hd__clkbuf_16)
    16    0.06    0.08    0.16    0.26 ^ clkbuf_1_0__f_CLK100MHZ/X (sky130_fd_sc_hd__clkbuf_16)
                                         clknet_1_0__leaf_CLK100MHZ (net)
                  0.08    0.00    0.27 ^ _443_/CLK (sky130_fd_sc_hd__dfxtp_1)
                          0.20    0.47   clock uncertainty
                          0.00    0.47   clock reconvergence pessimism
                         -0.07    0.39   library hold time
                                  0.39   data required time
-----------------------------------------------------------------------------
                                  0.39   data required time
                                 -1.09   data arrival time
-----------------------------------------------------------------------------
                                  0.70   slack (MET)


Startpoint: _441_ (rising edge-triggered flip-flop clocked by CLK100MHZ)
Endpoint: _441_ (rising edge-triggered flip-flop clocked by CLK100MHZ)
Path Group: CLK100MHZ
Path Type: min
Corner: Typical

Fanout     Cap    Slew   Delay    Time   Description
-----------------------------------------------------------------------------
                          0.00    0.00   clock CLK100MHZ (rise edge)
                          0.00    0.00   clock source latency
     1    0.02    0.00    0.00    0.00 ^ CLK100MHZ (in)
                                         CLK100MHZ (net)
                  0.00    0.00    0.00 ^ clkbuf_0_CLK100MHZ/A (sky130_fd_sc_hd__clkbuf_16)
     2    0.02    0.04    0.11    0.11 ^ clkbuf_0_CLK100MHZ/X (sky130_fd_sc_hd__clkbuf_16)
                                         clknet_0_CLK100MHZ (net)
                  0.04    0.00    0.11 ^ clkbuf_1_0__f_CLK100MHZ/A (sky130_fd_sc_hd__clkbuf_16)
    16    0.06    0.08    0.16    0.26 ^ clkbuf_1_0__f_CLK100MHZ/X (sky130_fd_sc_hd__clkbuf_16)
                                         clknet_1_0__leaf_CLK100MHZ (net)
                  0.08    0.00    0.27 ^ _441_/CLK (sky130_fd_sc_hd__dfxtp_1)
     2    0.03    0.27    0.47    0.74 ^ _441_/Q (sky130_fd_sc_hd__dfxtp_1)
                                         rf.regs[25][4] (net)
                  0.27    0.00    0.74 ^ _383_/A0 (sky130_fd_sc_hd__mux2_1)
     1    0.01    0.12    0.24    0.98 ^ _383_/X (sky130_fd_sc_hd__mux2_1)
                                         _214_ (net)
                  0.12    0.00    0.98 ^ _384_/A (sky130_fd_sc_hd__buf_1)
     1    0.02    0.19    0.20    1.18 ^ _384_/X (sky130_fd_sc_hd__buf_1)
                                         _007_ (net)
                  0.19    0.00    1.18 ^ _441_/D (sky130_fd_sc_hd__dfxtp_1)
                                  1.18   data arrival time

                          0.00    0.00   clock CLK100MHZ (rise edge)
                          0.00    0.00   clock source latency
     1    0.02    0.00    0.00    0.00 ^ CLK100MHZ (in)
                                         CLK100MHZ (net)
                  0.00    0.00    0.00 ^ clkbuf_0_CLK100MHZ/A (sky130_fd_sc_hd__clkbuf_16)
     2    0.02    0.04    0.11    0.11 ^ clkbuf_0_CLK100MHZ/X (sky130_fd_sc_hd__clkbuf_16)
                                         clknet_0_CLK100MHZ (net)
                  0.04    0.00    0.11 ^ clkbuf_1_0__f_CLK100MHZ/A (sky130_fd_sc_hd__clkbuf_16)
    16    0.06    0.08    0.16    0.26 ^ clkbuf_1_0__f_CLK100MHZ/X (sky130_fd_sc_hd__clkbuf_16)
                                         clknet_1_0__leaf_CLK100MHZ (net)
                  0.08    0.00    0.27 ^ _441_/CLK (sky130_fd_sc_hd__dfxtp_1)
                          0.20    0.47   clock uncertainty
                          0.00    0.47   clock reconvergence pessimism
                         -0.06    0.41   library hold time
                                  0.41   data required time
-----------------------------------------------------------------------------
                                  0.41   data required time
                                 -1.18   data arrival time
-----------------------------------------------------------------------------
                                  0.77   slack (MET)


Startpoint: _449_ (rising edge-triggered flip-flop clocked by CLK100MHZ)
Endpoint: _449_ (rising edge-triggered flip-flop clocked by CLK100MHZ)
Path Group: CLK100MHZ
Path Type: min
Corner: Typical

Fanout     Cap    Slew   Delay    Time   Description
-----------------------------------------------------------------------------
                          0.00    0.00   clock CLK100MHZ (rise edge)
                          0.00    0.00   clock source latency
     1    0.02    0.00    0.00    0.00 ^ CLK100MHZ (in)
                                         CLK100MHZ (net)
                  0.00    0.00    0.00 ^ clkbuf_0_CLK100MHZ/A (sky130_fd_sc_hd__clkbuf_16)
     2    0.02    0.04    0.11    0.11 ^ clkbuf_0_CLK100MHZ/X (sky130_fd_sc_hd__clkbuf_16)
                                         clknet_0_CLK100MHZ (net)
                  0.04    0.00    0.11 ^ clkbuf_1_0__f_CLK100MHZ/A (sky130_fd_sc_hd__clkbuf_16)
    16    0.06    0.08    0.16    0.26 ^ clkbuf_1_0__f_CLK100MHZ/X (sky130_fd_sc_hd__clkbuf_16)
                                         clknet_1_0__leaf_CLK100MHZ (net)
                  0.08    0.00    0.27 ^ _449_/CLK (sky130_fd_sc_hd__dfxtp_1)
     2    0.03    0.25    0.46    0.73 ^ _449_/Q (sky130_fd_sc_hd__dfxtp_1)
                                         rf.regs[10][2] (net)
                  0.25    0.00    0.73 ^ _404_/A1 (sky130_fd_sc_hd__mux2_1)
     1    0.01    0.13    0.25    0.98 ^ _404_/X (sky130_fd_sc_hd__mux2_1)
                                         _043_ (net)
                  0.13    0.00    0.98 ^ _405_/A (sky130_fd_sc_hd__buf_1)
     1    0.02    0.19    0.21    1.19 ^ _405_/X (sky130_fd_sc_hd__buf_1)
                                         _015_ (net)
                  0.19    0.00    1.19 ^ _449_/D (sky130_fd_sc_hd__dfxtp_1)
                                  1.19   data arrival time

                          0.00    0.00   clock CLK100MHZ (rise edge)
                          0.00    0.00   clock source latency
     1    0.02    0.00    0.00    0.00 ^ CLK100MHZ (in)
                                         CLK100MHZ (net)
                  0.00    0.00    0.00 ^ clkbuf_0_CLK100MHZ/A (sky130_fd_sc_hd__clkbuf_16)
     2    0.02    0.04    0.11    0.11 ^ clkbuf_0_CLK100MHZ/X (sky130_fd_sc_hd__clkbuf_16)
                                         clknet_0_CLK100MHZ (net)
                  0.04    0.00    0.11 ^ clkbuf_1_0__f_CLK100MHZ/A (sky130_fd_sc_hd__clkbuf_16)
    16    0.06    0.08    0.16    0.26 ^ clkbuf_1_0__f_CLK100MHZ/X (sky130_fd_sc_hd__clkbuf_16)
                                         clknet_1_0__leaf_CLK100MHZ (net)
                  0.08    0.00    0.27 ^ _449_/CLK (sky130_fd_sc_hd__dfxtp_1)
                          0.20    0.47   clock uncertainty
                          0.00    0.47   clock reconvergence pessimism
                         -0.06    0.41   library hold time
                                  0.41   data required time
-----------------------------------------------------------------------------
                                  0.41   data required time
                                 -1.19   data arrival time
-----------------------------------------------------------------------------
                                  0.78   slack (MET)


Startpoint: _445_ (rising edge-triggered flip-flop clocked by CLK100MHZ)
Endpoint: _445_ (rising edge-triggered flip-flop clocked by CLK100MHZ)
Path Group: CLK100MHZ
Path Type: min
Corner: Typical

Fanout     Cap    Slew   Delay    Time   Description
-----------------------------------------------------------------------------
                          0.00    0.00   clock CLK100MHZ (rise edge)
                          0.00    0.00   clock source latency
     1    0.02    0.00    0.00    0.00 ^ CLK100MHZ (in)
                                         CLK100MHZ (net)
                  0.00    0.00    0.00 ^ clkbuf_0_CLK100MHZ/A (sky130_fd_sc_hd__clkbuf_16)
     2    0.02    0.04    0.11    0.11 ^ clkbuf_0_CLK100MHZ/X (sky130_fd_sc_hd__clkbuf_16)
                                         clknet_0_CLK100MHZ (net)
                  0.04    0.00    0.11 ^ clkbuf_1_1__f_CLK100MHZ/A (sky130_fd_sc_hd__clkbuf_16)
    13    0.06    0.07    0.15    0.26 ^ clkbuf_1_1__f_CLK100MHZ/X (sky130_fd_sc_hd__clkbuf_16)
                                         clknet_1_1__leaf_CLK100MHZ (net)
                  0.07    0.00    0.26 ^ _445_/CLK (sky130_fd_sc_hd__dfxtp_1)
     2    0.02    0.16    0.40    0.66 ^ _445_/Q (sky130_fd_sc_hd__dfxtp_1)
                                         rf.regs[15][3] (net)
                  0.16    0.00    0.66 ^ _393_/A0 (sky130_fd_sc_hd__mux2_1)
     1    0.01    0.11    0.21    0.87 ^ _393_/X (sky130_fd_sc_hd__mux2_1)
                                         _036_ (net)
                  0.11    0.00    0.87 ^ _394_/A (sky130_fd_sc_hd__buf_1)
     1    0.03    0.34    0.31    1.18 ^ _394_/X (sky130_fd_sc_hd__buf_1)
                                         _011_ (net)
                  0.34    0.00    1.18 ^ _445_/D (sky130_fd_sc_hd__dfxtp_1)
                                  1.18   data arrival time

                          0.00    0.00   clock CLK100MHZ (rise edge)
                          0.00    0.00   clock source latency
     1    0.02    0.00    0.00    0.00 ^ CLK100MHZ (in)
                                         CLK100MHZ (net)
                  0.00    0.00    0.00 ^ clkbuf_0_CLK100MHZ/A (sky130_fd_sc_hd__clkbuf_16)
     2    0.02    0.04    0.11    0.11 ^ clkbuf_0_CLK100MHZ/X (sky130_fd_sc_hd__clkbuf_16)
                                         clknet_0_CLK100MHZ (net)
                  0.04    0.00    0.11 ^ clkbuf_1_1__f_CLK100MHZ/A (sky130_fd_sc_hd__clkbuf_16)
    13    0.06    0.07    0.15    0.26 ^ clkbuf_1_1__f_CLK100MHZ/X (sky130_fd_sc_hd__clkbuf_16)
                                         clknet_1_1__leaf_CLK100MHZ (net)
                  0.07    0.00    0.26 ^ _445_/CLK (sky130_fd_sc_hd__dfxtp_1)
                          0.20    0.46   clock uncertainty
                          0.00    0.46   clock reconvergence pessimism
                         -0.09    0.37   library hold time
                                  0.37   data required time
-----------------------------------------------------------------------------
                                  0.37   data required time
                                 -1.18   data arrival time
-----------------------------------------------------------------------------
                                  0.81   slack (MET)


Startpoint: _440_ (rising edge-triggered flip-flop clocked by CLK100MHZ)
Endpoint: _440_ (rising edge-triggered flip-flop clocked by CLK100MHZ)
Path Group: CLK100MHZ
Path Type: min
Corner: Typical

Fanout     Cap    Slew   Delay    Time   Description
-----------------------------------------------------------------------------
                          0.00    0.00   clock CLK100MHZ (rise edge)
                          0.00    0.00   clock source latency
     1    0.02    0.00    0.00    0.00 ^ CLK100MHZ (in)
                                         CLK100MHZ (net)
                  0.00    0.00    0.00 ^ clkbuf_0_CLK100MHZ/A (sky130_fd_sc_hd__clkbuf_16)
     2    0.02    0.04    0.11    0.11 ^ clkbuf_0_CLK100MHZ/X (sky130_fd_sc_hd__clkbuf_16)
                                         clknet_0_CLK100MHZ (net)
                  0.04    0.00    0.11 ^ clkbuf_1_0__f_CLK100MHZ/A (sky130_fd_sc_hd__clkbuf_16)
    16    0.06    0.08    0.16    0.26 ^ clkbuf_1_0__f_CLK100MHZ/X (sky130_fd_sc_hd__clkbuf_16)
                                         clknet_1_0__leaf_CLK100MHZ (net)
                  0.08    0.00    0.27 ^ _440_/CLK (sky130_fd_sc_hd__dfxtp_1)
     2    0.02    0.22    0.44    0.71 ^ _440_/Q (sky130_fd_sc_hd__dfxtp_1)
                                         rf.regs[25][3] (net)
                  0.22    0.00    0.71 ^ _371_/A0 (sky130_fd_sc_hd__mux2_1)
     1    0.02    0.15    0.25    0.96 ^ _371_/X (sky130_fd_sc_hd__mux2_1)
                                         _203_ (net)
                  0.15    0.00    0.96 ^ _372_/A (sky130_fd_sc_hd__buf_1)
     1    0.02    0.25    0.25    1.21 ^ _372_/X (sky130_fd_sc_hd__buf_1)
                                         _006_ (net)
                  0.25    0.00    1.21 ^ _440_/D (sky130_fd_sc_hd__dfxtp_1)
                                  1.21   data arrival time

                          0.00    0.00   clock CLK100MHZ (rise edge)
                          0.00    0.00   clock source latency
     1    0.02    0.00    0.00    0.00 ^ CLK100MHZ (in)
                                         CLK100MHZ (net)
                  0.00    0.00    0.00 ^ clkbuf_0_CLK100MHZ/A (sky130_fd_sc_hd__clkbuf_16)
     2    0.02    0.04    0.11    0.11 ^ clkbuf_0_CLK100MHZ/X (sky130_fd_sc_hd__clkbuf_16)
                                         clknet_0_CLK100MHZ (net)
                  0.04    0.00    0.11 ^ clkbuf_1_0__f_CLK100MHZ/A (sky130_fd_sc_hd__clkbuf_16)
    16    0.06    0.08    0.16    0.26 ^ clkbuf_1_0__f_CLK100MHZ/X (sky130_fd_sc_hd__clkbuf_16)
                                         clknet_1_0__leaf_CLK100MHZ (net)
                  0.08    0.00    0.27 ^ _440_/CLK (sky130_fd_sc_hd__dfxtp_1)
                          0.20    0.47   clock uncertainty
                          0.00    0.47   clock reconvergence pessimism
                         -0.07    0.40   library hold time
                                  0.40   data required time
-----------------------------------------------------------------------------
                                  0.40   data required time
                                 -1.21   data arrival time
-----------------------------------------------------------------------------
                                  0.82   slack (MET)


Startpoint: _447_ (rising edge-triggered flip-flop clocked by CLK100MHZ)
Endpoint: _447_ (rising edge-triggered flip-flop clocked by CLK100MHZ)
Path Group: CLK100MHZ
Path Type: min
Corner: Typical

Fanout     Cap    Slew   Delay    Time   Description
-----------------------------------------------------------------------------
                          0.00    0.00   clock CLK100MHZ (rise edge)
                          0.00    0.00   clock source latency
     1    0.02    0.00    0.00    0.00 ^ CLK100MHZ (in)
                                         CLK100MHZ (net)
                  0.00    0.00    0.00 ^ clkbuf_0_CLK100MHZ/A (sky130_fd_sc_hd__clkbuf_16)
     2    0.02    0.04    0.11    0.11 ^ clkbuf_0_CLK100MHZ/X (sky130_fd_sc_hd__clkbuf_16)
                                         clknet_0_CLK100MHZ (net)
                  0.04    0.00    0.11 ^ clkbuf_1_1__f_CLK100MHZ/A (sky130_fd_sc_hd__clkbuf_16)
    13    0.06    0.07    0.15    0.26 ^ clkbuf_1_1__f_CLK100MHZ/X (sky130_fd_sc_hd__clkbuf_16)
                                         clknet_1_1__leaf_CLK100MHZ (net)
                  0.07    0.00    0.26 ^ _447_/CLK (sky130_fd_sc_hd__dfxtp_1)
     3    0.03    0.28    0.48    0.74 ^ _447_/Q (sky130_fd_sc_hd__dfxtp_1)
                                         rf.regs[10][0] (net)
                  0.28    0.00    0.74 ^ _400_/A1 (sky130_fd_sc_hd__mux2_1)
     1    0.02    0.14    0.26    1.01 ^ _400_/X (sky130_fd_sc_hd__mux2_1)
                                         _041_ (net)
                  0.14    0.00    1.01 ^ _401_/A (sky130_fd_sc_hd__buf_1)
     1    0.02    0.20    0.21    1.22 ^ _401_/X (sky130_fd_sc_hd__buf_1)
                                         _013_ (net)
                  0.20    0.00    1.22 ^ _447_/D (sky130_fd_sc_hd__dfxtp_1)
                                  1.22   data arrival time

                          0.00    0.00   clock CLK100MHZ (rise edge)
                          0.00    0.00   clock source latency
     1    0.02    0.00    0.00    0.00 ^ CLK100MHZ (in)
                                         CLK100MHZ (net)
                  0.00    0.00    0.00 ^ clkbuf_0_CLK100MHZ/A (sky130_fd_sc_hd__clkbuf_16)
     2    0.02    0.04    0.11    0.11 ^ clkbuf_0_CLK100MHZ/X (sky130_fd_sc_hd__clkbuf_16)
                                         clknet_0_CLK100MHZ (net)
                  0.04    0.00    0.11 ^ clkbuf_1_1__f_CLK100MHZ/A (sky130_fd_sc_hd__clkbuf_16)
    13    0.06    0.07    0.15    0.26 ^ clkbuf_1_1__f_CLK100MHZ/X (sky130_fd_sc_hd__clkbuf_16)
                                         clknet_1_1__leaf_CLK100MHZ (net)
                  0.07    0.00    0.26 ^ _447_/CLK (sky130_fd_sc_hd__dfxtp_1)
                          0.20    0.46   clock uncertainty
                          0.00    0.46   clock reconvergence pessimism
                         -0.06    0.40   library hold time
                                  0.40   data required time
-----------------------------------------------------------------------------
                                  0.40   data required time
                                 -1.22   data arrival time
-----------------------------------------------------------------------------
                                  0.82   slack (MET)


Startpoint: _461_ (rising edge-triggered flip-flop clocked by CLK100MHZ)
Endpoint: _461_ (rising edge-triggered flip-flop clocked by CLK100MHZ)
Path Group: CLK100MHZ
Path Type: min
Corner: Typical

Fanout     Cap    Slew   Delay    Time   Description
-----------------------------------------------------------------------------
                          0.00    0.00   clock CLK100MHZ (rise edge)
                          0.00    0.00   clock source latency
     1    0.02    0.00    0.00    0.00 ^ CLK100MHZ (in)
                                         CLK100MHZ (net)
                  0.00    0.00    0.00 ^ clkbuf_0_CLK100MHZ/A (sky130_fd_sc_hd__clkbuf_16)
     2    0.02    0.04    0.11    0.11 ^ clkbuf_0_CLK100MHZ/X (sky130_fd_sc_hd__clkbuf_16)
                                         clknet_0_CLK100MHZ (net)
                  0.04    0.00    0.11 ^ clkbuf_1_0__f_CLK100MHZ/A (sky130_fd_sc_hd__clkbuf_16)
    16    0.06    0.08    0.16    0.26 ^ clkbuf_1_0__f_CLK100MHZ/X (sky130_fd_sc_hd__clkbuf_16)
                                         clknet_1_0__leaf_CLK100MHZ (net)
                  0.08    0.00    0.27 ^ _461_/CLK (sky130_fd_sc_hd__dfxtp_1)
     3    0.03    0.26    0.47    0.74 ^ _461_/Q (sky130_fd_sc_hd__dfxtp_1)
                                         rf.regs[5][4] (net)
                  0.26    0.00    0.74 ^ _432_/A0 (sky130_fd_sc_hd__mux2_1)
     1    0.02    0.17    0.28    1.01 ^ _432_/X (sky130_fd_sc_hd__mux2_1)
                                         _059_ (net)
                  0.17    0.00    1.01 ^ _433_/A (sky130_fd_sc_hd__buf_1)
     1    0.02    0.19    0.21    1.23 ^ _433_/X (sky130_fd_sc_hd__buf_1)
                                         _027_ (net)
                  0.19    0.00    1.23 ^ _461_/D (sky130_fd_sc_hd__dfxtp_1)
                                  1.23   data arrival time

                          0.00    0.00   clock CLK100MHZ (rise edge)
                          0.00    0.00   clock source latency
     1    0.02    0.00    0.00    0.00 ^ CLK100MHZ (in)
                                         CLK100MHZ (net)
                  0.00    0.00    0.00 ^ clkbuf_0_CLK100MHZ/A (sky130_fd_sc_hd__clkbuf_16)
     2    0.02    0.04    0.11    0.11 ^ clkbuf_0_CLK100MHZ/X (sky130_fd_sc_hd__clkbuf_16)
                                         clknet_0_CLK100MHZ (net)
                  0.04    0.00    0.11 ^ clkbuf_1_0__f_CLK100MHZ/A (sky130_fd_sc_hd__clkbuf_16)
    16    0.06    0.08    0.16    0.26 ^ clkbuf_1_0__f_CLK100MHZ/X (sky130_fd_sc_hd__clkbuf_16)
                                         clknet_1_0__leaf_CLK100MHZ (net)
                  0.08    0.00    0.27 ^ _461_/CLK (sky130_fd_sc_hd__dfxtp_1)
                          0.20    0.47   clock uncertainty
                          0.00    0.47   clock reconvergence pessimism
                         -0.06    0.41   library hold time
                                  0.41   data required time
-----------------------------------------------------------------------------
                                  0.41   data required time
                                 -1.23   data arrival time
-----------------------------------------------------------------------------
                                  0.82   slack (MET)


Startpoint: _463_ (rising edge-triggered flip-flop clocked by CLK100MHZ)
Endpoint: _463_ (rising edge-triggered flip-flop clocked by CLK100MHZ)
Path Group: CLK100MHZ
Path Type: min
Corner: Typical

Fanout     Cap    Slew   Delay    Time   Description
-----------------------------------------------------------------------------
                          0.00    0.00   clock CLK100MHZ (rise edge)
                          0.00    0.00   clock source latency
     1    0.02    0.00    0.00    0.00 ^ CLK100MHZ (in)
                                         CLK100MHZ (net)
                  0.00    0.00    0.00 ^ clkbuf_0_CLK100MHZ/A (sky130_fd_sc_hd__clkbuf_16)
     2    0.02    0.04    0.11    0.11 ^ clkbuf_0_CLK100MHZ/X (sky130_fd_sc_hd__clkbuf_16)
                                         clknet_0_CLK100MHZ (net)
                  0.04    0.00    0.11 ^ clkbuf_1_0__f_CLK100MHZ/A (sky130_fd_sc_hd__clkbuf_16)
    16    0.06    0.08    0.16    0.26 ^ clkbuf_1_0__f_CLK100MHZ/X (sky130_fd_sc_hd__clkbuf_16)
                                         clknet_1_0__leaf_CLK100MHZ (net)
                  0.08    0.00    0.27 ^ _463_/CLK (sky130_fd_sc_hd__dfrtp_4)
    10    0.05    0.12    0.57    0.83 v _463_/Q (sky130_fd_sc_hd__dfrtp_4)
                                         imem.address[1] (net)
                  0.12    0.00    0.84 v _220_/A (sky130_fd_sc_hd__clkbuf_4)
    10    0.07    0.14    0.27    1.10 v _220_/X (sky130_fd_sc_hd__clkbuf_4)
                                         _065_ (net)
                  0.14    0.00    1.10 v _225_/B1 (sky130_fd_sc_hd__a21oi_1)
     1    0.01    0.13    0.18    1.29 ^ _225_/Y (sky130_fd_sc_hd__a21oi_1)
                                         _069_ (net)
                  0.13    0.00    1.29 ^ _226_/B (sky130_fd_sc_hd__nor2_1)
     1    0.02    0.09    0.12    1.41 v _226_/Y (sky130_fd_sc_hd__nor2_1)
                                         _029_ (net)
                  0.09    0.00    1.41 v _463_/D (sky130_fd_sc_hd__dfrtp_4)
                                  1.41   data arrival time

                          0.00    0.00   clock CLK100MHZ (rise edge)
                          0.00    0.00   clock source latency
     1    0.02    0.00    0.00    0.00 ^ CLK100MHZ (in)
                                         CLK100MHZ (net)
                  0.00    0.00    0.00 ^ clkbuf_0_CLK100MHZ/A (sky130_fd_sc_hd__clkbuf_16)
     2    0.02    0.04    0.11    0.11 ^ clkbuf_0_CLK100MHZ/X (sky130_fd_sc_hd__clkbuf_16)
                                         clknet_0_CLK100MHZ (net)
                  0.04    0.00    0.11 ^ clkbuf_1_0__f_CLK100MHZ/A (sky130_fd_sc_hd__clkbuf_16)
    16    0.06    0.08    0.16    0.26 ^ clkbuf_1_0__f_CLK100MHZ/X (sky130_fd_sc_hd__clkbuf_16)
                                         clknet_1_0__leaf_CLK100MHZ (net)
                  0.08    0.00    0.27 ^ _463_/CLK (sky130_fd_sc_hd__dfrtp_4)
                          0.20    0.47   clock uncertainty
                          0.00    0.47   clock reconvergence pessimism
                         -0.05    0.41   library hold time
                                  0.41   data required time
-----------------------------------------------------------------------------
                                  0.41   data required time
                                 -1.41   data arrival time
-----------------------------------------------------------------------------
                                  0.99   slack (MET)


Startpoint: _462_ (rising edge-triggered flip-flop clocked by CLK100MHZ)
Endpoint: _462_ (rising edge-triggered flip-flop clocked by CLK100MHZ)
Path Group: CLK100MHZ
Path Type: min
Corner: Typical

Fanout     Cap    Slew   Delay    Time   Description
-----------------------------------------------------------------------------
                          0.00    0.00   clock CLK100MHZ (rise edge)
                          0.00    0.00   clock source latency
     1    0.02    0.00    0.00    0.00 ^ CLK100MHZ (in)
                                         CLK100MHZ (net)
                  0.00    0.00    0.00 ^ clkbuf_0_CLK100MHZ/A (sky130_fd_sc_hd__clkbuf_16)
     2    0.02    0.04    0.11    0.11 ^ clkbuf_0_CLK100MHZ/X (sky130_fd_sc_hd__clkbuf_16)
                                         clknet_0_CLK100MHZ (net)
                  0.04    0.00    0.11 ^ clkbuf_1_1__f_CLK100MHZ/A (sky130_fd_sc_hd__clkbuf_16)
    13    0.06    0.07    0.15    0.26 ^ clkbuf_1_1__f_CLK100MHZ/X (sky130_fd_sc_hd__clkbuf_16)
                                         clknet_1_1__leaf_CLK100MHZ (net)
                  0.07    0.00    0.26 ^ _462_/CLK (sky130_fd_sc_hd__dfrtp_2)
     4    0.04    0.18    0.46    0.73 ^ _462_/Q (sky130_fd_sc_hd__dfrtp_2)
                                         imem.address[0] (net)
                  0.18    0.00    0.73 ^ _221_/A (sky130_fd_sc_hd__clkbuf_4)
    10    0.06    0.19    0.29    1.02 ^ _221_/X (sky130_fd_sc_hd__clkbuf_4)
                                         _066_ (net)
                  0.19    0.00    1.02 ^ _222_/A (sky130_fd_sc_hd__clkbuf_4)
     9    0.05    0.16    0.27    1.29 ^ _222_/X (sky130_fd_sc_hd__clkbuf_4)
                                         _067_ (net)
                  0.16    0.00    1.29 ^ _227_/B (sky130_fd_sc_hd__xor2_1)
     1    0.02    0.09    0.16    1.46 v _227_/X (sky130_fd_sc_hd__xor2_1)
                                         _028_ (net)
                  0.09    0.00    1.46 v _462_/D (sky130_fd_sc_hd__dfrtp_2)
                                  1.46   data arrival time

                          0.00    0.00   clock CLK100MHZ (rise edge)
                          0.00    0.00   clock source latency
     1    0.02    0.00    0.00    0.00 ^ CLK100MHZ (in)
                                         CLK100MHZ (net)
                  0.00    0.00    0.00 ^ clkbuf_0_CLK100MHZ/A (sky130_fd_sc_hd__clkbuf_16)
     2    0.02    0.04    0.11    0.11 ^ clkbuf_0_CLK100MHZ/X (sky130_fd_sc_hd__clkbuf_16)
                                         clknet_0_CLK100MHZ (net)
                  0.04    0.00    0.11 ^ clkbuf_1_1__f_CLK100MHZ/A (sky130_fd_sc_hd__clkbuf_16)
    13    0.06    0.07    0.15    0.26 ^ clkbuf_1_1__f_CLK100MHZ/X (sky130_fd_sc_hd__clkbuf_16)
                                         clknet_1_1__leaf_CLK100MHZ (net)
                  0.07    0.00    0.26 ^ _462_/CLK (sky130_fd_sc_hd__dfrtp_2)
                          0.20    0.46   clock uncertainty
                          0.00    0.46   clock reconvergence pessimism
                         -0.05    0.41   library hold time
                                  0.41   data required time
-----------------------------------------------------------------------------
                                  0.41   data required time
                                 -1.46   data arrival time
-----------------------------------------------------------------------------
                                  1.05   slack (MET)


Startpoint: _463_ (rising edge-triggered flip-flop clocked by CLK100MHZ)
Endpoint: _464_ (rising edge-triggered flip-flop clocked by CLK100MHZ)
Path Group: CLK100MHZ
Path Type: min
Corner: Typical

Fanout     Cap    Slew   Delay    Time   Description
-----------------------------------------------------------------------------
                          0.00    0.00   clock CLK100MHZ (rise edge)
                          0.00    0.00   clock source latency
     1    0.02    0.00    0.00    0.00 ^ CLK100MHZ (in)
                                         CLK100MHZ (net)
                  0.00    0.00    0.00 ^ clkbuf_0_CLK100MHZ/A (sky130_fd_sc_hd__clkbuf_16)
     2    0.02    0.04    0.11    0.11 ^ clkbuf_0_CLK100MHZ/X (sky130_fd_sc_hd__clkbuf_16)
                                         clknet_0_CLK100MHZ (net)
                  0.04    0.00    0.11 ^ clkbuf_1_0__f_CLK100MHZ/A (sky130_fd_sc_hd__clkbuf_16)
    16    0.06    0.08    0.16    0.26 ^ clkbuf_1_0__f_CLK100MHZ/X (sky130_fd_sc_hd__clkbuf_16)
                                         clknet_1_0__leaf_CLK100MHZ (net)
                  0.08    0.00    0.27 ^ _463_/CLK (sky130_fd_sc_hd__dfrtp_4)
    10    0.06    0.18    0.53    0.79 ^ _463_/Q (sky130_fd_sc_hd__dfrtp_4)
                                         imem.address[1] (net)
                  0.18    0.00    0.79 ^ _220_/A (sky130_fd_sc_hd__clkbuf_4)
    10    0.07    0.22    0.31    1.10 ^ _220_/X (sky130_fd_sc_hd__clkbuf_4)
                                         _065_ (net)
                  0.22    0.00    1.10 ^ _223_/B (sky130_fd_sc_hd__and3_1)
     2    0.03    0.27    0.36    1.46 ^ _223_/X (sky130_fd_sc_hd__and3_1)
                                         _068_ (net)
                  0.27    0.00    1.46 ^ _224_/B (sky130_fd_sc_hd__xor2_1)
     1    0.00    0.04    0.10    1.56 v _224_/X (sky130_fd_sc_hd__xor2_1)
                                         _030_ (net)
                  0.04    0.00    1.56 v _464_/D (sky130_fd_sc_hd__dfrtp_1)
                                  1.56   data arrival time

                          0.00    0.00   clock CLK100MHZ (rise edge)
                          0.00    0.00   clock source latency
     1    0.02    0.00    0.00    0.00 ^ CLK100MHZ (in)
                                         CLK100MHZ (net)
                  0.00    0.00    0.00 ^ clkbuf_0_CLK100MHZ/A (sky130_fd_sc_hd__clkbuf_16)
     2    0.02    0.04    0.11    0.11 ^ clkbuf_0_CLK100MHZ/X (sky130_fd_sc_hd__clkbuf_16)
                                         clknet_0_CLK100MHZ (net)
                  0.04    0.00    0.11 ^ clkbuf_1_0__f_CLK100MHZ/A (sky130_fd_sc_hd__clkbuf_16)
    16    0.06    0.08    0.16    0.26 ^ clkbuf_1_0__f_CLK100MHZ/X (sky130_fd_sc_hd__clkbuf_16)
                                         clknet_1_0__leaf_CLK100MHZ (net)
                  0.08    0.00    0.27 ^ _464_/CLK (sky130_fd_sc_hd__dfrtp_1)
                          0.20    0.47   clock uncertainty
                          0.00    0.47   clock reconvergence pessimism
                         -0.03    0.43   library hold time
                                  0.43   data required time
-----------------------------------------------------------------------------
                                  0.43   data required time
                                 -1.56   data arrival time
-----------------------------------------------------------------------------
                                  1.13   slack (MET)



worst slack corner Typical: 0.4854
