
===========================================================================
report_checks -path_delay min (Hold)
============================================================================
======================= Fastest Corner ===================================

Startpoint: _147_ (rising edge-triggered flip-flop clocked by clk)
Endpoint: _147_ (rising edge-triggered flip-flop clocked by clk)
Path Group: clk
Path Type: min
Corner: Fastest

Fanout     Cap    Slew   Delay    Time   Description
-----------------------------------------------------------------------------
                          0.00    0.00   clock clk (rise edge)
                          0.00    0.00   clock source latency
     1    0.02    0.00    0.00    0.00 ^ clk (in)
                                         clk (net)
                  0.00    0.00    0.00 ^ clkbuf_0_clk/A (sky130_fd_sc_hd__clkbuf_16)
     2    0.02    0.03    0.08    0.08 ^ clkbuf_0_clk/X (sky130_fd_sc_hd__clkbuf_16)
                                         clknet_0_clk (net)
                  0.03    0.00    0.08 ^ clkbuf_1_1__f_clk/A (sky130_fd_sc_hd__clkbuf_16)
    11    0.04    0.05    0.10    0.18 ^ clkbuf_1_1__f_clk/X (sky130_fd_sc_hd__clkbuf_16)
                                         clknet_1_1__leaf_clk (net)
                  0.05    0.00    0.18 ^ _147_/CLK (sky130_fd_sc_hd__dfxtp_1)
     2    0.01    0.09    0.24    0.41 ^ _147_/Q (sky130_fd_sc_hd__dfxtp_1)
                                         div_cntr[15] (net)
                  0.09    0.00    0.41 ^ _119_/A1 (sky130_fd_sc_hd__o21ba_1)
     1    0.00    0.05    0.10    0.51 ^ _119_/X (sky130_fd_sc_hd__o21ba_1)
                                         _010_ (net)
                  0.05    0.00    0.51 ^ _147_/D (sky130_fd_sc_hd__dfxtp_1)
                                  0.51   data arrival time

                          0.00    0.00   clock clk (rise edge)
                          0.00    0.00   clock source latency
     1    0.02    0.00    0.00    0.00 ^ clk (in)
                                         clk (net)
                  0.00    0.00    0.00 ^ clkbuf_0_clk/A (sky130_fd_sc_hd__clkbuf_16)
     2    0.02    0.03    0.08    0.08 ^ clkbuf_0_clk/X (sky130_fd_sc_hd__clkbuf_16)
                                         clknet_0_clk (net)
                  0.03    0.00    0.08 ^ clkbuf_1_1__f_clk/A (sky130_fd_sc_hd__clkbuf_16)
    11    0.04    0.05    0.10    0.18 ^ clkbuf_1_1__f_clk/X (sky130_fd_sc_hd__clkbuf_16)
                                         clknet_1_1__leaf_clk (net)
                  0.05    0.00    0.18 ^ _147_/CLK (sky130_fd_sc_hd__dfxtp_1)
                          0.20    0.38   clock uncertainty
                          0.00    0.38   clock reconvergence pessimism
                         -0.02    0.36   library hold time
                                  0.36   data required time
-----------------------------------------------------------------------------
                                  0.36   data required time
                                 -0.51   data arrival time
-----------------------------------------------------------------------------
                                  0.15   slack (MET)


Startpoint: _151_ (rising edge-triggered flip-flop clocked by clk)
Endpoint: _151_ (rising edge-triggered flip-flop clocked by clk)
Path Group: clk
Path Type: min
Corner: Fastest

Fanout     Cap    Slew   Delay    Time   Description
-----------------------------------------------------------------------------
                          0.00    0.00   clock clk (rise edge)
                          0.00    0.00   clock source latency
     1    0.02    0.00    0.00    0.00 ^ clk (in)
                                         clk (net)
                  0.00    0.00    0.00 ^ clkbuf_0_clk/A (sky130_fd_sc_hd__clkbuf_16)
     2    0.02    0.03    0.08    0.08 ^ clkbuf_0_clk/X (sky130_fd_sc_hd__clkbuf_16)
                                         clknet_0_clk (net)
                  0.03    0.00    0.08 ^ clkbuf_1_1__f_clk/A (sky130_fd_sc_hd__clkbuf_16)
    11    0.04    0.05    0.10    0.18 ^ clkbuf_1_1__f_clk/X (sky130_fd_sc_hd__clkbuf_16)
                                         clknet_1_1__leaf_clk (net)
                  0.05    0.00    0.18 ^ _151_/CLK (sky130_fd_sc_hd__dfxtp_2)
     5    0.03    0.12    0.27    0.44 ^ _151_/Q (sky130_fd_sc_hd__dfxtp_2)
                                         u_cnt.clk (net)
                  0.12    0.00    0.44 ^ _127_/A (sky130_fd_sc_hd__xor2_1)
     1    0.01    0.04    0.07    0.52 v _127_/X (sky130_fd_sc_hd__xor2_1)
                                         _014_ (net)
                  0.04    0.00    0.52 v _151_/D (sky130_fd_sc_hd__dfxtp_2)
                                  0.52   data arrival time

                          0.00    0.00   clock clk (rise edge)
                          0.00    0.00   clock source latency
     1    0.02    0.00    0.00    0.00 ^ clk (in)
                                         clk (net)
                  0.00    0.00    0.00 ^ clkbuf_0_clk/A (sky130_fd_sc_hd__clkbuf_16)
     2    0.02    0.03    0.08    0.08 ^ clkbuf_0_clk/X (sky130_fd_sc_hd__clkbuf_16)
                                         clknet_0_clk (net)
                  0.03    0.00    0.08 ^ clkbuf_1_1__f_clk/A (sky130_fd_sc_hd__clkbuf_16)
    11    0.04    0.05    0.10    0.18 ^ clkbuf_1_1__f_clk/X (sky130_fd_sc_hd__clkbuf_16)
                                         clknet_1_1__leaf_clk (net)
                  0.05    0.00    0.18 ^ _151_/CLK (sky130_fd_sc_hd__dfxtp_2)
                          0.20    0.38   clock uncertainty
                          0.00    0.38   clock reconvergence pessimism
                         -0.04    0.34   library hold time
                                  0.34   data required time
-----------------------------------------------------------------------------
                                  0.34   data required time
                                 -0.52   data arrival time
-----------------------------------------------------------------------------
                                  0.18   slack (MET)


Startpoint: _143_ (rising edge-triggered flip-flop clocked by clk)
Endpoint: _143_ (rising edge-triggered flip-flop clocked by clk)
Path Group: clk
Path Type: min
Corner: Fastest

Fanout     Cap    Slew   Delay    Time   Description
-----------------------------------------------------------------------------
                          0.00    0.00   clock clk (rise edge)
                          0.00    0.00   clock source latency
     1    0.02    0.00    0.00    0.00 ^ clk (in)
                                         clk (net)
                  0.00    0.00    0.00 ^ clkbuf_0_clk/A (sky130_fd_sc_hd__clkbuf_16)
     2    0.02    0.03    0.08    0.08 ^ clkbuf_0_clk/X (sky130_fd_sc_hd__clkbuf_16)
                                         clknet_0_clk (net)
                  0.03    0.00    0.08 ^ clkbuf_1_0__f_clk/A (sky130_fd_sc_hd__clkbuf_16)
    10    0.04    0.04    0.10    0.17 ^ clkbuf_1_0__f_clk/X (sky130_fd_sc_hd__clkbuf_16)
                                         clknet_1_0__leaf_clk (net)
                  0.04    0.00    0.17 ^ _143_/CLK (sky130_fd_sc_hd__dfxtp_1)
     2    0.01    0.10    0.24    0.41 ^ _143_/Q (sky130_fd_sc_hd__dfxtp_1)
                                         div_cntr[11] (net)
                  0.10    0.00    0.41 ^ _109_/A1 (sky130_fd_sc_hd__o21ba_1)
     1    0.01    0.08    0.12    0.53 ^ _109_/X (sky130_fd_sc_hd__o21ba_1)
                                         _006_ (net)
                  0.08    0.00    0.53 ^ _143_/D (sky130_fd_sc_hd__dfxtp_1)
                                  0.53   data arrival time

                          0.00    0.00   clock clk (rise edge)
                          0.00    0.00   clock source latency
     1    0.02    0.00    0.00    0.00 ^ clk (in)
                                         clk (net)
                  0.00    0.00    0.00 ^ clkbuf_0_clk/A (sky130_fd_sc_hd__clkbuf_16)
     2    0.02    0.03    0.08    0.08 ^ clkbuf_0_clk/X (sky130_fd_sc_hd__clkbuf_16)
                                         clknet_0_clk (net)
                  0.03    0.00    0.08 ^ clkbuf_1_0__f_clk/A (sky130_fd_sc_hd__clkbuf_16)
    10    0.04    0.04    0.10    0.17 ^ clkbuf_1_0__f_clk/X (sky130_fd_sc_hd__clkbuf_16)
                                         clknet_1_0__leaf_clk (net)
                  0.04    0.00    0.17 ^ _143_/CLK (sky130_fd_sc_hd__dfxtp_1)
                          0.20    0.37   clock uncertainty
                          0.00    0.37   clock reconvergence pessimism
                         -0.02    0.35   library hold time
                                  0.35   data required time
-----------------------------------------------------------------------------
                                  0.35   data required time
                                 -0.53   data arrival time
-----------------------------------------------------------------------------
                                  0.18   slack (MET)


Startpoint: _150_ (rising edge-triggered flip-flop clocked by clk)
Endpoint: _150_ (rising edge-triggered flip-flop clocked by clk)
Path Group: clk
Path Type: min
Corner: Fastest

Fanout     Cap    Slew   Delay    Time   Description
-----------------------------------------------------------------------------
                          0.00    0.00   clock clk (rise edge)
                          0.00    0.00   clock source latency
     1    0.02    0.00    0.00    0.00 ^ clk (in)
                                         clk (net)
                  0.00    0.00    0.00 ^ clkbuf_0_clk/A (sky130_fd_sc_hd__clkbuf_16)
     2    0.02    0.03    0.08    0.08 ^ clkbuf_0_clk/X (sky130_fd_sc_hd__clkbuf_16)
                                         clknet_0_clk (net)
                  0.03    0.00    0.08 ^ clkbuf_1_1__f_clk/A (sky130_fd_sc_hd__clkbuf_16)
    11    0.04    0.05    0.10    0.18 ^ clkbuf_1_1__f_clk/X (sky130_fd_sc_hd__clkbuf_16)
                                         clknet_1_1__leaf_clk (net)
                  0.05    0.00    0.18 ^ _150_/CLK (sky130_fd_sc_hd__dfxtp_1)
     2    0.02    0.06    0.23    0.40 v _150_/Q (sky130_fd_sc_hd__dfxtp_1)
                                         div_cntr[18] (net)
                  0.06    0.00    0.41 v _125_/A (sky130_fd_sc_hd__xnor2_1)
     1    0.01    0.04    0.11    0.51 v _125_/Y (sky130_fd_sc_hd__xnor2_1)
                                         _013_ (net)
                  0.04    0.00    0.51 v _150_/D (sky130_fd_sc_hd__dfxtp_1)
                                  0.51   data arrival time

                          0.00    0.00   clock clk (rise edge)
                          0.00    0.00   clock source latency
     1    0.02    0.00    0.00    0.00 ^ clk (in)
                                         clk (net)
                  0.00    0.00    0.00 ^ clkbuf_0_clk/A (sky130_fd_sc_hd__clkbuf_16)
     2    0.02    0.03    0.08    0.08 ^ clkbuf_0_clk/X (sky130_fd_sc_hd__clkbuf_16)
                                         clknet_0_clk (net)
                  0.03    0.00    0.08 ^ clkbuf_1_1__f_clk/A (sky130_fd_sc_hd__clkbuf_16)
    11    0.04    0.05    0.10    0.18 ^ clkbuf_1_1__f_clk/X (sky130_fd_sc_hd__clkbuf_16)
                                         clknet_1_1__leaf_clk (net)
                  0.05    0.00    0.18 ^ _150_/CLK (sky130_fd_sc_hd__dfxtp_1)
                          0.20    0.38   clock uncertainty
                          0.00    0.38   clock reconvergence pessimism
                         -0.04    0.33   library hold time
                                  0.33   data required time
-----------------------------------------------------------------------------
                                  0.33   data required time
                                 -0.51   data arrival time
-----------------------------------------------------------------------------
                                  0.18   slack (MET)


Startpoint: _146_ (rising edge-triggered flip-flop clocked by clk)
Endpoint: _146_ (rising edge-triggered flip-flop clocked by clk)
Path Group: clk
Path Type: min
Corner: Fastest

Fanout     Cap    Slew   Delay    Time   Description
-----------------------------------------------------------------------------
                          0.00    0.00   clock clk (rise edge)
                          0.00    0.00   clock source latency
     1    0.02    0.00    0.00    0.00 ^ clk (in)
                                         clk (net)
                  0.00    0.00    0.00 ^ clkbuf_0_clk/A (sky130_fd_sc_hd__clkbuf_16)
     2    0.02    0.03    0.08    0.08 ^ clkbuf_0_clk/X (sky130_fd_sc_hd__clkbuf_16)
                                         clknet_0_clk (net)
                  0.03    0.00    0.08 ^ clkbuf_1_1__f_clk/A (sky130_fd_sc_hd__clkbuf_16)
    11    0.04    0.05    0.10    0.18 ^ clkbuf_1_1__f_clk/X (sky130_fd_sc_hd__clkbuf_16)
                                         clknet_1_1__leaf_clk (net)
                  0.05    0.00    0.18 ^ _146_/CLK (sky130_fd_sc_hd__dfxtp_1)
     3    0.02    0.17    0.29    0.46 ^ _146_/Q (sky130_fd_sc_hd__dfxtp_1)
                                         div_cntr[14] (net)
                  0.17    0.00    0.46 ^ _115_/A (sky130_fd_sc_hd__xor2_1)
     1    0.00    0.03    0.06    0.52 v _115_/X (sky130_fd_sc_hd__xor2_1)
                                         _009_ (net)
                  0.03    0.00    0.52 v _146_/D (sky130_fd_sc_hd__dfxtp_1)
                                  0.52   data arrival time

                          0.00    0.00   clock clk (rise edge)
                          0.00    0.00   clock source latency
     1    0.02    0.00    0.00    0.00 ^ clk (in)
                                         clk (net)
                  0.00    0.00    0.00 ^ clkbuf_0_clk/A (sky130_fd_sc_hd__clkbuf_16)
     2    0.02    0.03    0.08    0.08 ^ clkbuf_0_clk/X (sky130_fd_sc_hd__clkbuf_16)
                                         clknet_0_clk (net)
                  0.03    0.00    0.08 ^ clkbuf_1_1__f_clk/A (sky130_fd_sc_hd__clkbuf_16)
    11    0.04    0.05    0.10    0.18 ^ clkbuf_1_1__f_clk/X (sky130_fd_sc_hd__clkbuf_16)
                                         clknet_1_1__leaf_clk (net)
                  0.05    0.00    0.18 ^ _146_/CLK (sky130_fd_sc_hd__dfxtp_1)
                          0.20    0.38   clock uncertainty
                          0.00    0.38   clock reconvergence pessimism
                         -0.04    0.34   library hold time
                                  0.34   data required time
-----------------------------------------------------------------------------
                                  0.34   data required time
                                 -0.52   data arrival time
-----------------------------------------------------------------------------
                                  0.18   slack (MET)


Startpoint: _134_ (rising edge-triggered flip-flop clocked by clk)
Endpoint: _134_ (rising edge-triggered flip-flop clocked by clk)
Path Group: clk
Path Type: min
Corner: Fastest

Fanout     Cap    Slew   Delay    Time   Description
-----------------------------------------------------------------------------
                          0.00    0.00   clock clk (rise edge)
                          0.00    0.00   clock source latency
     1    0.02    0.00    0.00    0.00 ^ clk (in)
                                         clk (net)
                  0.00    0.00    0.00 ^ clkbuf_0_clk/A (sky130_fd_sc_hd__clkbuf_16)
     2    0.02    0.03    0.08    0.08 ^ clkbuf_0_clk/X (sky130_fd_sc_hd__clkbuf_16)
                                         clknet_0_clk (net)
                  0.03    0.00    0.08 ^ clkbuf_1_1__f_clk/A (sky130_fd_sc_hd__clkbuf_16)
    11    0.04    0.05    0.10    0.18 ^ clkbuf_1_1__f_clk/X (sky130_fd_sc_hd__clkbuf_16)
                                         clknet_1_1__leaf_clk (net)
                  0.05    0.00    0.18 ^ _134_/CLK (sky130_fd_sc_hd__dfxtp_1)
     3    0.02    0.06    0.23    0.40 v _134_/Q (sky130_fd_sc_hd__dfxtp_1)
                                         div_cntr[2] (net)
                  0.06    0.00    0.41 v _086_/A (sky130_fd_sc_hd__xnor2_1)
     1    0.01    0.04    0.11    0.51 v _086_/Y (sky130_fd_sc_hd__xnor2_1)
                                         _016_ (net)
                  0.04    0.00    0.52 v _134_/D (sky130_fd_sc_hd__dfxtp_1)
                                  0.52   data arrival time

                          0.00    0.00   clock clk (rise edge)
                          0.00    0.00   clock source latency
     1    0.02    0.00    0.00    0.00 ^ clk (in)
                                         clk (net)
                  0.00    0.00    0.00 ^ clkbuf_0_clk/A (sky130_fd_sc_hd__clkbuf_16)
     2    0.02    0.03    0.08    0.08 ^ clkbuf_0_clk/X (sky130_fd_sc_hd__clkbuf_16)
                                         clknet_0_clk (net)
                  0.03    0.00    0.08 ^ clkbuf_1_1__f_clk/A (sky130_fd_sc_hd__clkbuf_16)
    11    0.04    0.05    0.10    0.18 ^ clkbuf_1_1__f_clk/X (sky130_fd_sc_hd__clkbuf_16)
                                         clknet_1_1__leaf_clk (net)
                  0.05    0.00    0.18 ^ _134_/CLK (sky130_fd_sc_hd__dfxtp_1)
                          0.20    0.38   clock uncertainty
                          0.00    0.38   clock reconvergence pessimism
                         -0.04    0.33   library hold time
                                  0.33   data required time
-----------------------------------------------------------------------------
                                  0.33   data required time
                                 -0.52   data arrival time
-----------------------------------------------------------------------------
                                  0.18   slack (MET)


Startpoint: _139_ (rising edge-triggered flip-flop clocked by clk)
Endpoint: _139_ (rising edge-triggered flip-flop clocked by clk)
Path Group: clk
Path Type: min
Corner: Fastest

Fanout     Cap    Slew   Delay    Time   Description
-----------------------------------------------------------------------------
                          0.00    0.00   clock clk (rise edge)
                          0.00    0.00   clock source latency
     1    0.02    0.00    0.00    0.00 ^ clk (in)
                                         clk (net)
                  0.00    0.00    0.00 ^ clkbuf_0_clk/A (sky130_fd_sc_hd__clkbuf_16)
     2    0.02    0.03    0.08    0.08 ^ clkbuf_0_clk/X (sky130_fd_sc_hd__clkbuf_16)
                                         clknet_0_clk (net)
                  0.03    0.00    0.08 ^ clkbuf_1_0__f_clk/A (sky130_fd_sc_hd__clkbuf_16)
    10    0.04    0.04    0.10    0.17 ^ clkbuf_1_0__f_clk/X (sky130_fd_sc_hd__clkbuf_16)
                                         clknet_1_0__leaf_clk (net)
                  0.04    0.00    0.17 ^ _139_/CLK (sky130_fd_sc_hd__dfxtp_1)
     2    0.02    0.13    0.26    0.43 ^ _139_/Q (sky130_fd_sc_hd__dfxtp_1)
                                         div_cntr[7] (net)
                  0.13    0.00    0.44 ^ _100_/A1 (sky130_fd_sc_hd__o21ba_1)
     1    0.01    0.05    0.11    0.54 ^ _100_/X (sky130_fd_sc_hd__o21ba_1)
                                         _021_ (net)
                  0.05    0.00    0.54 ^ _139_/D (sky130_fd_sc_hd__dfxtp_1)
                                  0.54   data arrival time

                          0.00    0.00   clock clk (rise edge)
                          0.00    0.00   clock source latency
     1    0.02    0.00    0.00    0.00 ^ clk (in)
                                         clk (net)
                  0.00    0.00    0.00 ^ clkbuf_0_clk/A (sky130_fd_sc_hd__clkbuf_16)
     2    0.02    0.03    0.08    0.08 ^ clkbuf_0_clk/X (sky130_fd_sc_hd__clkbuf_16)
                                         clknet_0_clk (net)
                  0.03    0.00    0.08 ^ clkbuf_1_0__f_clk/A (sky130_fd_sc_hd__clkbuf_16)
    10    0.04    0.04    0.10    0.17 ^ clkbuf_1_0__f_clk/X (sky130_fd_sc_hd__clkbuf_16)
                                         clknet_1_0__leaf_clk (net)
                  0.04    0.00    0.17 ^ _139_/CLK (sky130_fd_sc_hd__dfxtp_1)
                          0.20    0.37   clock uncertainty
                          0.00    0.37   clock reconvergence pessimism
                         -0.02    0.35   library hold time
                                  0.35   data required time
-----------------------------------------------------------------------------
                                  0.35   data required time
                                 -0.54   data arrival time
-----------------------------------------------------------------------------
                                  0.19   slack (MET)


Startpoint: _142_ (rising edge-triggered flip-flop clocked by clk)
Endpoint: _142_ (rising edge-triggered flip-flop clocked by clk)
Path Group: clk
Path Type: min
Corner: Fastest

Fanout     Cap    Slew   Delay    Time   Description
-----------------------------------------------------------------------------
                          0.00    0.00   clock clk (rise edge)
                          0.00    0.00   clock source latency
     1    0.02    0.00    0.00    0.00 ^ clk (in)
                                         clk (net)
                  0.00    0.00    0.00 ^ clkbuf_0_clk/A (sky130_fd_sc_hd__clkbuf_16)
     2    0.02    0.03    0.08    0.08 ^ clkbuf_0_clk/X (sky130_fd_sc_hd__clkbuf_16)
                                         clknet_0_clk (net)
                  0.03    0.00    0.08 ^ clkbuf_1_0__f_clk/A (sky130_fd_sc_hd__clkbuf_16)
    10    0.04    0.04    0.10    0.17 ^ clkbuf_1_0__f_clk/X (sky130_fd_sc_hd__clkbuf_16)
                                         clknet_1_0__leaf_clk (net)
                  0.04    0.00    0.17 ^ _142_/CLK (sky130_fd_sc_hd__dfxtp_1)
     3    0.02    0.16    0.28    0.45 ^ _142_/Q (sky130_fd_sc_hd__dfxtp_1)
                                         div_cntr[10] (net)
                  0.16    0.00    0.45 ^ _105_/A (sky130_fd_sc_hd__xor2_1)
     1    0.01    0.04    0.07    0.52 v _105_/X (sky130_fd_sc_hd__xor2_1)
                                         _005_ (net)
                  0.04    0.00    0.52 v _142_/D (sky130_fd_sc_hd__dfxtp_1)
                                  0.52   data arrival time

                          0.00    0.00   clock clk (rise edge)
                          0.00    0.00   clock source latency
     1    0.02    0.00    0.00    0.00 ^ clk (in)
                                         clk (net)
                  0.00    0.00    0.00 ^ clkbuf_0_clk/A (sky130_fd_sc_hd__clkbuf_16)
     2    0.02    0.03    0.08    0.08 ^ clkbuf_0_clk/X (sky130_fd_sc_hd__clkbuf_16)
                                         clknet_0_clk (net)
                  0.03    0.00    0.08 ^ clkbuf_1_0__f_clk/A (sky130_fd_sc_hd__clkbuf_16)
    10    0.04    0.04    0.10    0.17 ^ clkbuf_1_0__f_clk/X (sky130_fd_sc_hd__clkbuf_16)
                                         clknet_1_0__leaf_clk (net)
                  0.04    0.00    0.17 ^ _142_/CLK (sky130_fd_sc_hd__dfxtp_1)
                          0.20    0.37   clock uncertainty
                          0.00    0.37   clock reconvergence pessimism
                         -0.04    0.33   library hold time
                                  0.33   data required time
-----------------------------------------------------------------------------
                                  0.33   data required time
                                 -0.52   data arrival time
-----------------------------------------------------------------------------
                                  0.19   slack (MET)


Startpoint: _141_ (rising edge-triggered flip-flop clocked by clk)
Endpoint: _141_ (rising edge-triggered flip-flop clocked by clk)
Path Group: clk
Path Type: min
Corner: Fastest

Fanout     Cap    Slew   Delay    Time   Description
-----------------------------------------------------------------------------
                          0.00    0.00   clock clk (rise edge)
                          0.00    0.00   clock source latency
     1    0.02    0.00    0.00    0.00 ^ clk (in)
                                         clk (net)
                  0.00    0.00    0.00 ^ clkbuf_0_clk/A (sky130_fd_sc_hd__clkbuf_16)
     2    0.02    0.03    0.08    0.08 ^ clkbuf_0_clk/X (sky130_fd_sc_hd__clkbuf_16)
                                         clknet_0_clk (net)
                  0.03    0.00    0.08 ^ clkbuf_1_1__f_clk/A (sky130_fd_sc_hd__clkbuf_16)
    11    0.04    0.05    0.10    0.18 ^ clkbuf_1_1__f_clk/X (sky130_fd_sc_hd__clkbuf_16)
                                         clknet_1_1__leaf_clk (net)
                  0.05    0.00    0.18 ^ _141_/CLK (sky130_fd_sc_hd__dfxtp_1)
     4    0.02    0.06    0.23    0.40 v _141_/Q (sky130_fd_sc_hd__dfxtp_1)
                                         div_cntr[9] (net)
                  0.06    0.00    0.40 v _102_/B1 (sky130_fd_sc_hd__a21oi_1)
     1    0.01    0.08    0.09    0.49 ^ _102_/Y (sky130_fd_sc_hd__a21oi_1)
                                         _062_ (net)
                  0.08    0.00    0.49 ^ _104_/A (sky130_fd_sc_hd__nor2_1)
     1    0.00    0.03    0.03    0.53 v _104_/Y (sky130_fd_sc_hd__nor2_1)
                                         _023_ (net)
                  0.03    0.00    0.53 v _141_/D (sky130_fd_sc_hd__dfxtp_1)
                                  0.53   data arrival time

                          0.00    0.00   clock clk (rise edge)
                          0.00    0.00   clock source latency
     1    0.02    0.00    0.00    0.00 ^ clk (in)
                                         clk (net)
                  0.00    0.00    0.00 ^ clkbuf_0_clk/A (sky130_fd_sc_hd__clkbuf_16)
     2    0.02    0.03    0.08    0.08 ^ clkbuf_0_clk/X (sky130_fd_sc_hd__clkbuf_16)
                                         clknet_0_clk (net)
                  0.03    0.00    0.08 ^ clkbuf_1_1__f_clk/A (sky130_fd_sc_hd__clkbuf_16)
    11    0.04    0.05    0.10    0.18 ^ clkbuf_1_1__f_clk/X (sky130_fd_sc_hd__clkbuf_16)
                                         clknet_1_1__leaf_clk (net)
                  0.05    0.00    0.18 ^ _141_/CLK (sky130_fd_sc_hd__dfxtp_1)
                          0.20    0.38   clock uncertainty
                          0.00    0.38   clock reconvergence pessimism
                         -0.04    0.34   library hold time
                                  0.34   data required time
-----------------------------------------------------------------------------
                                  0.34   data required time
                                 -0.53   data arrival time
-----------------------------------------------------------------------------
                                  0.19   slack (MET)


Startpoint: _136_ (rising edge-triggered flip-flop clocked by clk)
Endpoint: _136_ (rising edge-triggered flip-flop clocked by clk)
Path Group: clk
Path Type: min
Corner: Fastest

Fanout     Cap    Slew   Delay    Time   Description
-----------------------------------------------------------------------------
                          0.00    0.00   clock clk (rise edge)
                          0.00    0.00   clock source latency
     1    0.02    0.00    0.00    0.00 ^ clk (in)
                                         clk (net)
                  0.00    0.00    0.00 ^ clkbuf_0_clk/A (sky130_fd_sc_hd__clkbuf_16)
     2    0.02    0.03    0.08    0.08 ^ clkbuf_0_clk/X (sky130_fd_sc_hd__clkbuf_16)
                                         clknet_0_clk (net)
                  0.03    0.00    0.08 ^ clkbuf_1_1__f_clk/A (sky130_fd_sc_hd__clkbuf_16)
    11    0.04    0.05    0.10    0.18 ^ clkbuf_1_1__f_clk/X (sky130_fd_sc_hd__clkbuf_16)
                                         clknet_1_1__leaf_clk (net)
                  0.05    0.00    0.18 ^ _136_/CLK (sky130_fd_sc_hd__dfxtp_1)
     4    0.03    0.09    0.25    0.43 v _136_/Q (sky130_fd_sc_hd__dfxtp_1)
                                         div_cntr[4] (net)
                  0.09    0.00    0.43 v _092_/A (sky130_fd_sc_hd__xor2_1)
     1    0.00    0.07    0.12    0.55 ^ _092_/X (sky130_fd_sc_hd__xor2_1)
                                         _018_ (net)
                  0.07    0.00    0.55 ^ _136_/D (sky130_fd_sc_hd__dfxtp_1)
                                  0.55   data arrival time

                          0.00    0.00   clock clk (rise edge)
                          0.00    0.00   clock source latency
     1    0.02    0.00    0.00    0.00 ^ clk (in)
                                         clk (net)
                  0.00    0.00    0.00 ^ clkbuf_0_clk/A (sky130_fd_sc_hd__clkbuf_16)
     2    0.02    0.03    0.08    0.08 ^ clkbuf_0_clk/X (sky130_fd_sc_hd__clkbuf_16)
                                         clknet_0_clk (net)
                  0.03    0.00    0.08 ^ clkbuf_1_1__f_clk/A (sky130_fd_sc_hd__clkbuf_16)
    11    0.04    0.05    0.10    0.18 ^ clkbuf_1_1__f_clk/X (sky130_fd_sc_hd__clkbuf_16)
                                         clknet_1_1__leaf_clk (net)
                  0.05    0.00    0.18 ^ _136_/CLK (sky130_fd_sc_hd__dfxtp_1)
                          0.20    0.38   clock uncertainty
                          0.00    0.38   clock reconvergence pessimism
                         -0.02    0.36   library hold time
                                  0.36   data required time
-----------------------------------------------------------------------------
                                  0.36   data required time
                                 -0.55   data arrival time
-----------------------------------------------------------------------------
                                  0.19   slack (MET)


Startpoint: _148_ (rising edge-triggered flip-flop clocked by clk)
Endpoint: _148_ (rising edge-triggered flip-flop clocked by clk)
Path Group: clk
Path Type: min
Corner: Fastest

Fanout     Cap    Slew   Delay    Time   Description
-----------------------------------------------------------------------------
                          0.00    0.00   clock clk (rise edge)
                          0.00    0.00   clock source latency
     1    0.02    0.00    0.00    0.00 ^ clk (in)
                                         clk (net)
                  0.00    0.00    0.00 ^ clkbuf_0_clk/A (sky130_fd_sc_hd__clkbuf_16)
     2    0.02    0.03    0.08    0.08 ^ clkbuf_0_clk/X (sky130_fd_sc_hd__clkbuf_16)
                                         clknet_0_clk (net)
                  0.03    0.00    0.08 ^ clkbuf_1_0__f_clk/A (sky130_fd_sc_hd__clkbuf_16)
    10    0.04    0.04    0.10    0.17 ^ clkbuf_1_0__f_clk/X (sky130_fd_sc_hd__clkbuf_16)
                                         clknet_1_0__leaf_clk (net)
                  0.04    0.00    0.17 ^ _148_/CLK (sky130_fd_sc_hd__dfxtp_1)
     4    0.03    0.19    0.30    0.47 ^ _148_/Q (sky130_fd_sc_hd__dfxtp_1)
                                         div_cntr[16] (net)
                  0.19    0.00    0.48 ^ _120_/A (sky130_fd_sc_hd__xor2_1)
     1    0.01    0.03    0.06    0.54 v _120_/X (sky130_fd_sc_hd__xor2_1)
                                         _011_ (net)
                  0.03    0.00    0.54 v _148_/D (sky130_fd_sc_hd__dfxtp_1)
                                  0.54   data arrival time

                          0.00    0.00   clock clk (rise edge)
                          0.00    0.00   clock source latency
     1    0.02    0.00    0.00    0.00 ^ clk (in)
                                         clk (net)
                  0.00    0.00    0.00 ^ clkbuf_0_clk/A (sky130_fd_sc_hd__clkbuf_16)
     2    0.02    0.03    0.08    0.08 ^ clkbuf_0_clk/X (sky130_fd_sc_hd__clkbuf_16)
                                         clknet_0_clk (net)
                  0.03    0.00    0.08 ^ clkbuf_1_0__f_clk/A (sky130_fd_sc_hd__clkbuf_16)
    10    0.04    0.04    0.10    0.17 ^ clkbuf_1_0__f_clk/X (sky130_fd_sc_hd__clkbuf_16)
                                         clknet_1_0__leaf_clk (net)
                  0.04    0.00    0.17 ^ _148_/CLK (sky130_fd_sc_hd__dfxtp_1)
                          0.20    0.37   clock uncertainty
                          0.00    0.37   clock reconvergence pessimism
                         -0.04    0.33   library hold time
                                  0.33   data required time
-----------------------------------------------------------------------------
                                  0.33   data required time
                                 -0.54   data arrival time
-----------------------------------------------------------------------------
                                  0.21   slack (MET)


Startpoint: _140_ (rising edge-triggered flip-flop clocked by clk)
Endpoint: _140_ (rising edge-triggered flip-flop clocked by clk)
Path Group: clk
Path Type: min
Corner: Fastest

Fanout     Cap    Slew   Delay    Time   Description
-----------------------------------------------------------------------------
                          0.00    0.00   clock clk (rise edge)
                          0.00    0.00   clock source latency
     1    0.02    0.00    0.00    0.00 ^ clk (in)
                                         clk (net)
                  0.00    0.00    0.00 ^ clkbuf_0_clk/A (sky130_fd_sc_hd__clkbuf_16)
     2    0.02    0.03    0.08    0.08 ^ clkbuf_0_clk/X (sky130_fd_sc_hd__clkbuf_16)
                                         clknet_0_clk (net)
                  0.03    0.00    0.08 ^ clkbuf_1_0__f_clk/A (sky130_fd_sc_hd__clkbuf_16)
    10    0.04    0.04    0.10    0.17 ^ clkbuf_1_0__f_clk/X (sky130_fd_sc_hd__clkbuf_16)
                                         clknet_1_0__leaf_clk (net)
                  0.04    0.00    0.17 ^ _140_/CLK (sky130_fd_sc_hd__dfxtp_1)
     5    0.03    0.20    0.31    0.48 ^ _140_/Q (sky130_fd_sc_hd__dfxtp_1)
                                         div_cntr[8] (net)
                  0.20    0.00    0.48 ^ _101_/A (sky130_fd_sc_hd__xor2_1)
     1    0.01    0.04    0.07    0.55 v _101_/X (sky130_fd_sc_hd__xor2_1)
                                         _022_ (net)
                  0.04    0.00    0.55 v _140_/D (sky130_fd_sc_hd__dfxtp_1)
                                  0.55   data arrival time

                          0.00    0.00   clock clk (rise edge)
                          0.00    0.00   clock source latency
     1    0.02    0.00    0.00    0.00 ^ clk (in)
                                         clk (net)
                  0.00    0.00    0.00 ^ clkbuf_0_clk/A (sky130_fd_sc_hd__clkbuf_16)
     2    0.02    0.03    0.08    0.08 ^ clkbuf_0_clk/X (sky130_fd_sc_hd__clkbuf_16)
                                         clknet_0_clk (net)
                  0.03    0.00    0.08 ^ clkbuf_1_0__f_clk/A (sky130_fd_sc_hd__clkbuf_16)
    10    0.04    0.04    0.10    0.17 ^ clkbuf_1_0__f_clk/X (sky130_fd_sc_hd__clkbuf_16)
                                         clknet_1_0__leaf_clk (net)
                  0.04    0.00    0.17 ^ _140_/CLK (sky130_fd_sc_hd__dfxtp_1)
                          0.20    0.37   clock uncertainty
                          0.00    0.37   clock reconvergence pessimism
                         -0.04    0.33   library hold time
                                  0.33   data required time
-----------------------------------------------------------------------------
                                  0.33   data required time
                                 -0.55   data arrival time
-----------------------------------------------------------------------------
                                  0.22   slack (MET)


Startpoint: _138_ (rising edge-triggered flip-flop clocked by clk)
Endpoint: _138_ (rising edge-triggered flip-flop clocked by clk)
Path Group: clk
Path Type: min
Corner: Fastest

Fanout     Cap    Slew   Delay    Time   Description
-----------------------------------------------------------------------------
                          0.00    0.00   clock clk (rise edge)
                          0.00    0.00   clock source latency
     1    0.02    0.00    0.00    0.00 ^ clk (in)
                                         clk (net)
                  0.00    0.00    0.00 ^ clkbuf_0_clk/A (sky130_fd_sc_hd__clkbuf_16)
     2    0.02    0.03    0.08    0.08 ^ clkbuf_0_clk/X (sky130_fd_sc_hd__clkbuf_16)
                                         clknet_0_clk (net)
                  0.03    0.00    0.08 ^ clkbuf_1_1__f_clk/A (sky130_fd_sc_hd__clkbuf_16)
    11    0.04    0.05    0.10    0.18 ^ clkbuf_1_1__f_clk/X (sky130_fd_sc_hd__clkbuf_16)
                                         clknet_1_1__leaf_clk (net)
                  0.05    0.00    0.18 ^ _138_/CLK (sky130_fd_sc_hd__dfxtp_1)
     3    0.02    0.17    0.29    0.46 ^ _138_/Q (sky130_fd_sc_hd__dfxtp_1)
                                         div_cntr[6] (net)
                  0.17    0.00    0.46 ^ _096_/A (sky130_fd_sc_hd__xor2_1)
     1    0.01    0.05    0.09    0.55 v _096_/X (sky130_fd_sc_hd__xor2_1)
                                         _020_ (net)
                  0.05    0.00    0.55 v _138_/D (sky130_fd_sc_hd__dfxtp_1)
                                  0.55   data arrival time

                          0.00    0.00   clock clk (rise edge)
                          0.00    0.00   clock source latency
     1    0.02    0.00    0.00    0.00 ^ clk (in)
                                         clk (net)
                  0.00    0.00    0.00 ^ clkbuf_0_clk/A (sky130_fd_sc_hd__clkbuf_16)
     2    0.02    0.03    0.08    0.08 ^ clkbuf_0_clk/X (sky130_fd_sc_hd__clkbuf_16)
                                         clknet_0_clk (net)
                  0.03    0.00    0.08 ^ clkbuf_1_1__f_clk/A (sky130_fd_sc_hd__clkbuf_16)
    11    0.04    0.05    0.10    0.18 ^ clkbuf_1_1__f_clk/X (sky130_fd_sc_hd__clkbuf_16)
                                         clknet_1_1__leaf_clk (net)
                  0.05    0.00    0.18 ^ _138_/CLK (sky130_fd_sc_hd__dfxtp_1)
                          0.20    0.38   clock uncertainty
                          0.00    0.38   clock reconvergence pessimism
                         -0.04    0.33   library hold time
                                  0.33   data required time
-----------------------------------------------------------------------------
                                  0.33   data required time
                                 -0.55   data arrival time
-----------------------------------------------------------------------------
                                  0.22   slack (MET)


Startpoint: _137_ (rising edge-triggered flip-flop clocked by clk)
Endpoint: _137_ (rising edge-triggered flip-flop clocked by clk)
Path Group: clk
Path Type: min
Corner: Fastest

Fanout     Cap    Slew   Delay    Time   Description
-----------------------------------------------------------------------------
                          0.00    0.00   clock clk (rise edge)
                          0.00    0.00   clock source latency
     1    0.02    0.00    0.00    0.00 ^ clk (in)
                                         clk (net)
                  0.00    0.00    0.00 ^ clkbuf_0_clk/A (sky130_fd_sc_hd__clkbuf_16)
     2    0.02    0.03    0.08    0.08 ^ clkbuf_0_clk/X (sky130_fd_sc_hd__clkbuf_16)
                                         clknet_0_clk (net)
                  0.03    0.00    0.08 ^ clkbuf_1_1__f_clk/A (sky130_fd_sc_hd__clkbuf_16)
    11    0.04    0.05    0.10    0.18 ^ clkbuf_1_1__f_clk/X (sky130_fd_sc_hd__clkbuf_16)
                                         clknet_1_1__leaf_clk (net)
                  0.05    0.00    0.18 ^ _137_/CLK (sky130_fd_sc_hd__dfxtp_1)
     3    0.02    0.08    0.24    0.42 v _137_/Q (sky130_fd_sc_hd__dfxtp_1)
                                         div_cntr[5] (net)
                  0.08    0.00    0.42 v _094_/B1 (sky130_fd_sc_hd__a21oi_1)
     1    0.01    0.09    0.10    0.52 ^ _094_/Y (sky130_fd_sc_hd__a21oi_1)
                                         _058_ (net)
                  0.09    0.00    0.52 ^ _095_/B (sky130_fd_sc_hd__nor2_1)
     1    0.01    0.05    0.05    0.57 v _095_/Y (sky130_fd_sc_hd__nor2_1)
                                         _019_ (net)
                  0.05    0.00    0.57 v _137_/D (sky130_fd_sc_hd__dfxtp_1)
                                  0.57   data arrival time

                          0.00    0.00   clock clk (rise edge)
                          0.00    0.00   clock source latency
     1    0.02    0.00    0.00    0.00 ^ clk (in)
                                         clk (net)
                  0.00    0.00    0.00 ^ clkbuf_0_clk/A (sky130_fd_sc_hd__clkbuf_16)
     2    0.02    0.03    0.08    0.08 ^ clkbuf_0_clk/X (sky130_fd_sc_hd__clkbuf_16)
                                         clknet_0_clk (net)
                  0.03    0.00    0.08 ^ clkbuf_1_1__f_clk/A (sky130_fd_sc_hd__clkbuf_16)
    11    0.04    0.05    0.10    0.18 ^ clkbuf_1_1__f_clk/X (sky130_fd_sc_hd__clkbuf_16)
                                         clknet_1_1__leaf_clk (net)
                  0.05    0.00    0.18 ^ _137_/CLK (sky130_fd_sc_hd__dfxtp_1)
                          0.20    0.38   clock uncertainty
                          0.00    0.38   clock reconvergence pessimism
                         -0.04    0.33   library hold time
                                  0.33   data required time
-----------------------------------------------------------------------------
                                  0.33   data required time
                                 -0.57   data arrival time
-----------------------------------------------------------------------------
                                  0.24   slack (MET)


Startpoint: _145_ (rising edge-triggered flip-flop clocked by clk)
Endpoint: _145_ (rising edge-triggered flip-flop clocked by clk)
Path Group: clk
Path Type: min
Corner: Fastest

Fanout     Cap    Slew   Delay    Time   Description
-----------------------------------------------------------------------------
                          0.00    0.00   clock clk (rise edge)
                          0.00    0.00   clock source latency
     1    0.02    0.00    0.00    0.00 ^ clk (in)
                                         clk (net)
                  0.00    0.00    0.00 ^ clkbuf_0_clk/A (sky130_fd_sc_hd__clkbuf_16)
     2    0.02    0.03    0.08    0.08 ^ clkbuf_0_clk/X (sky130_fd_sc_hd__clkbuf_16)
                                         clknet_0_clk (net)
                  0.03    0.00    0.08 ^ clkbuf_1_1__f_clk/A (sky130_fd_sc_hd__clkbuf_16)
    11    0.04    0.05    0.10    0.18 ^ clkbuf_1_1__f_clk/X (sky130_fd_sc_hd__clkbuf_16)
                                         clknet_1_1__leaf_clk (net)
                  0.05    0.00    0.18 ^ _145_/CLK (sky130_fd_sc_hd__dfxtp_1)
     4    0.03    0.09    0.25    0.43 v _145_/Q (sky130_fd_sc_hd__dfxtp_1)
                                         div_cntr[13] (net)
                  0.09    0.00    0.43 v _114_/A1 (sky130_fd_sc_hd__o21ba_1)
     1    0.01    0.04    0.16    0.58 v _114_/X (sky130_fd_sc_hd__o21ba_1)
                                         _008_ (net)
                  0.04    0.00    0.58 v _145_/D (sky130_fd_sc_hd__dfxtp_1)
                                  0.58   data arrival time

                          0.00    0.00   clock clk (rise edge)
                          0.00    0.00   clock source latency
     1    0.02    0.00    0.00    0.00 ^ clk (in)
                                         clk (net)
                  0.00    0.00    0.00 ^ clkbuf_0_clk/A (sky130_fd_sc_hd__clkbuf_16)
     2    0.02    0.03    0.08    0.08 ^ clkbuf_0_clk/X (sky130_fd_sc_hd__clkbuf_16)
                                         clknet_0_clk (net)
                  0.03    0.00    0.08 ^ clkbuf_1_1__f_clk/A (sky130_fd_sc_hd__clkbuf_16)
    11    0.04    0.05    0.10    0.18 ^ clkbuf_1_1__f_clk/X (sky130_fd_sc_hd__clkbuf_16)
                                         clknet_1_1__leaf_clk (net)
                  0.05    0.00    0.18 ^ _145_/CLK (sky130_fd_sc_hd__dfxtp_1)
                          0.20    0.38   clock uncertainty
                          0.00    0.38   clock reconvergence pessimism
                         -0.04    0.33   library hold time
                                  0.33   data required time
-----------------------------------------------------------------------------
                                  0.33   data required time
                                 -0.58   data arrival time
-----------------------------------------------------------------------------
                                  0.25   slack (MET)


Startpoint: _144_ (rising edge-triggered flip-flop clocked by clk)
Endpoint: _144_ (rising edge-triggered flip-flop clocked by clk)
Path Group: clk
Path Type: min
Corner: Fastest

Fanout     Cap    Slew   Delay    Time   Description
-----------------------------------------------------------------------------
                          0.00    0.00   clock clk (rise edge)
                          0.00    0.00   clock source latency
     1    0.02    0.00    0.00    0.00 ^ clk (in)
                                         clk (net)
                  0.00    0.00    0.00 ^ clkbuf_0_clk/A (sky130_fd_sc_hd__clkbuf_16)
     2    0.02    0.03    0.08    0.08 ^ clkbuf_0_clk/X (sky130_fd_sc_hd__clkbuf_16)
                                         clknet_0_clk (net)
                  0.03    0.00    0.08 ^ clkbuf_1_1__f_clk/A (sky130_fd_sc_hd__clkbuf_16)
    11    0.04    0.05    0.10    0.18 ^ clkbuf_1_1__f_clk/X (sky130_fd_sc_hd__clkbuf_16)
                                         clknet_1_1__leaf_clk (net)
                  0.05    0.00    0.18 ^ _144_/CLK (sky130_fd_sc_hd__dfxtp_1)
     5    0.03    0.19    0.30    0.48 ^ _144_/Q (sky130_fd_sc_hd__dfxtp_1)
                                         div_cntr[12] (net)
                  0.19    0.00    0.48 ^ _111_/A (sky130_fd_sc_hd__nor2_1)
     1    0.01    0.07    0.07    0.55 v _111_/Y (sky130_fd_sc_hd__nor2_1)
                                         _033_ (net)
                  0.07    0.00    0.55 v _112_/B (sky130_fd_sc_hd__nor2_1)
     1    0.00    0.07    0.08    0.63 ^ _112_/Y (sky130_fd_sc_hd__nor2_1)
                                         _007_ (net)
                  0.07    0.00    0.63 ^ _144_/D (sky130_fd_sc_hd__dfxtp_1)
                                  0.63   data arrival time

                          0.00    0.00   clock clk (rise edge)
                          0.00    0.00   clock source latency
     1    0.02    0.00    0.00    0.00 ^ clk (in)
                                         clk (net)
                  0.00    0.00    0.00 ^ clkbuf_0_clk/A (sky130_fd_sc_hd__clkbuf_16)
     2    0.02    0.03    0.08    0.08 ^ clkbuf_0_clk/X (sky130_fd_sc_hd__clkbuf_16)
                                         clknet_0_clk (net)
                  0.03    0.00    0.08 ^ clkbuf_1_1__f_clk/A (sky130_fd_sc_hd__clkbuf_16)
    11    0.04    0.05    0.10    0.18 ^ clkbuf_1_1__f_clk/X (sky130_fd_sc_hd__clkbuf_16)
                                         clknet_1_1__leaf_clk (net)
                  0.05    0.00    0.18 ^ _144_/CLK (sky130_fd_sc_hd__dfxtp_1)
                          0.20    0.38   clock uncertainty
                          0.00    0.38   clock reconvergence pessimism
                         -0.02    0.36   library hold time
                                  0.36   data required time
-----------------------------------------------------------------------------
                                  0.36   data required time
                                 -0.63   data arrival time
-----------------------------------------------------------------------------
                                  0.27   slack (MET)


Startpoint: _132_ (rising edge-triggered flip-flop clocked by clk)
Endpoint: _133_ (rising edge-triggered flip-flop clocked by clk)
Path Group: clk
Path Type: min
Corner: Fastest

Fanout     Cap    Slew   Delay    Time   Description
-----------------------------------------------------------------------------
                          0.00    0.00   clock clk (rise edge)
                          0.00    0.00   clock source latency
     1    0.02    0.00    0.00    0.00 ^ clk (in)
                                         clk (net)
                  0.00    0.00    0.00 ^ clkbuf_0_clk/A (sky130_fd_sc_hd__clkbuf_16)
     2    0.02    0.03    0.08    0.08 ^ clkbuf_0_clk/X (sky130_fd_sc_hd__clkbuf_16)
                                         clknet_0_clk (net)
                  0.03    0.00    0.08 ^ clkbuf_1_0__f_clk/A (sky130_fd_sc_hd__clkbuf_16)
    10    0.04    0.04    0.10    0.17 ^ clkbuf_1_0__f_clk/X (sky130_fd_sc_hd__clkbuf_16)
                                         clknet_1_0__leaf_clk (net)
                  0.04    0.00    0.17 ^ _132_/CLK (sky130_fd_sc_hd__dfxtp_2)
     5    0.03    0.05    0.23    0.41 v _132_/Q (sky130_fd_sc_hd__dfxtp_2)
                                         div_cntr[0] (net)
                  0.05    0.00    0.41 v _082_/A (sky130_fd_sc_hd__nand2_1)
     2    0.02    0.12    0.11    0.52 ^ _082_/Y (sky130_fd_sc_hd__nand2_1)
                                         _050_ (net)
                  0.12    0.00    0.52 ^ _084_/A (sky130_fd_sc_hd__and2_1)
     1    0.01    0.06    0.10    0.62 ^ _084_/X (sky130_fd_sc_hd__and2_1)
                                         _052_ (net)
                  0.06    0.00    0.62 ^ _085_/A (sky130_fd_sc_hd__clkbuf_1)
     1    0.01    0.05    0.07    0.69 ^ _085_/X (sky130_fd_sc_hd__clkbuf_1)
                                         _015_ (net)
                  0.05    0.00    0.69 ^ _133_/D (sky130_fd_sc_hd__dfxtp_1)
                                  0.69   data arrival time

                          0.00    0.00   clock clk (rise edge)
                          0.00    0.00   clock source latency
     1    0.02    0.00    0.00    0.00 ^ clk (in)
                                         clk (net)
                  0.00    0.00    0.00 ^ clkbuf_0_clk/A (sky130_fd_sc_hd__clkbuf_16)
     2    0.02    0.03    0.08    0.08 ^ clkbuf_0_clk/X (sky130_fd_sc_hd__clkbuf_16)
                                         clknet_0_clk (net)
                  0.03    0.00    0.08 ^ clkbuf_1_0__f_clk/A (sky130_fd_sc_hd__clkbuf_16)
    10    0.04    0.04    0.10    0.17 ^ clkbuf_1_0__f_clk/X (sky130_fd_sc_hd__clkbuf_16)
                                         clknet_1_0__leaf_clk (net)
                  0.04    0.00    0.17 ^ _133_/CLK (sky130_fd_sc_hd__dfxtp_1)
                          0.20    0.37   clock uncertainty
                          0.00    0.37   clock reconvergence pessimism
                         -0.02    0.35   library hold time
                                  0.35   data required time
-----------------------------------------------------------------------------
                                  0.35   data required time
                                 -0.69   data arrival time
-----------------------------------------------------------------------------
                                  0.34   slack (MET)


Startpoint: _149_ (rising edge-triggered flip-flop clocked by clk)
Endpoint: _149_ (rising edge-triggered flip-flop clocked by clk)
Path Group: clk
Path Type: min
Corner: Fastest

Fanout     Cap    Slew   Delay    Time   Description
-----------------------------------------------------------------------------
                          0.00    0.00   clock clk (rise edge)
                          0.00    0.00   clock source latency
     1    0.02    0.00    0.00    0.00 ^ clk (in)
                                         clk (net)
                  0.00    0.00    0.00 ^ clkbuf_0_clk/A (sky130_fd_sc_hd__clkbuf_16)
     2    0.02    0.03    0.08    0.08 ^ clkbuf_0_clk/X (sky130_fd_sc_hd__clkbuf_16)
                                         clknet_0_clk (net)
                  0.03    0.00    0.08 ^ clkbuf_1_0__f_clk/A (sky130_fd_sc_hd__clkbuf_16)
    10    0.04    0.04    0.10    0.17 ^ clkbuf_1_0__f_clk/X (sky130_fd_sc_hd__clkbuf_16)
                                         clknet_1_0__leaf_clk (net)
                  0.04    0.00    0.17 ^ _149_/CLK (sky130_fd_sc_hd__dfxtp_1)
     3    0.02    0.08    0.24    0.41 v _149_/Q (sky130_fd_sc_hd__dfxtp_1)
                                         div_cntr[17] (net)
                  0.08    0.00    0.41 v _122_/B1 (sky130_fd_sc_hd__a21o_1)
     1    0.00    0.02    0.09    0.50 v _122_/X (sky130_fd_sc_hd__a21o_1)
                                         _039_ (net)
                  0.02    0.00    0.50 v _123_/B (sky130_fd_sc_hd__and2_1)
     1    0.01    0.04    0.11    0.61 v _123_/X (sky130_fd_sc_hd__and2_1)
                                         _040_ (net)
                  0.04    0.00    0.61 v _124_/A (sky130_fd_sc_hd__buf_1)
     1    0.02    0.07    0.10    0.71 v _124_/X (sky130_fd_sc_hd__buf_1)
                                         _012_ (net)
                  0.07    0.00    0.71 v _149_/D (sky130_fd_sc_hd__dfxtp_1)
                                  0.71   data arrival time

                          0.00    0.00   clock clk (rise edge)
                          0.00    0.00   clock source latency
     1    0.02    0.00    0.00    0.00 ^ clk (in)
                                         clk (net)
                  0.00    0.00    0.00 ^ clkbuf_0_clk/A (sky130_fd_sc_hd__clkbuf_16)
     2    0.02    0.03    0.08    0.08 ^ clkbuf_0_clk/X (sky130_fd_sc_hd__clkbuf_16)
                                         clknet_0_clk (net)
                  0.03    0.00    0.08 ^ clkbuf_1_0__f_clk/A (sky130_fd_sc_hd__clkbuf_16)
    10    0.04    0.04    0.10    0.17 ^ clkbuf_1_0__f_clk/X (sky130_fd_sc_hd__clkbuf_16)
                                         clknet_1_0__leaf_clk (net)
                  0.04    0.00    0.17 ^ _149_/CLK (sky130_fd_sc_hd__dfxtp_1)
                          0.20    0.37   clock uncertainty
                          0.00    0.37   clock reconvergence pessimism
                         -0.05    0.32   library hold time
                                  0.32   data required time
-----------------------------------------------------------------------------
                                  0.32   data required time
                                 -0.71   data arrival time
-----------------------------------------------------------------------------
                                  0.39   slack (MET)


Startpoint: _135_ (rising edge-triggered flip-flop clocked by clk)
Endpoint: _135_ (rising edge-triggered flip-flop clocked by clk)
Path Group: clk
Path Type: min
Corner: Fastest

Fanout     Cap    Slew   Delay    Time   Description
-----------------------------------------------------------------------------
                          0.00    0.00   clock clk (rise edge)
                          0.00    0.00   clock source latency
     1    0.02    0.00    0.00    0.00 ^ clk (in)
                                         clk (net)
                  0.00    0.00    0.00 ^ clkbuf_0_clk/A (sky130_fd_sc_hd__clkbuf_16)
     2    0.02    0.03    0.08    0.08 ^ clkbuf_0_clk/X (sky130_fd_sc_hd__clkbuf_16)
                                         clknet_0_clk (net)
                  0.03    0.00    0.08 ^ clkbuf_1_0__f_clk/A (sky130_fd_sc_hd__clkbuf_16)
    10    0.04    0.04    0.10    0.17 ^ clkbuf_1_0__f_clk/X (sky130_fd_sc_hd__clkbuf_16)
                                         clknet_1_0__leaf_clk (net)
                  0.04    0.00    0.17 ^ _135_/CLK (sky130_fd_sc_hd__dfxtp_1)
     2    0.02    0.07    0.23    0.40 v _135_/Q (sky130_fd_sc_hd__dfxtp_1)
                                         div_cntr[3] (net)
                  0.07    0.00    0.40 v _089_/B1 (sky130_fd_sc_hd__a31o_1)
     1    0.00    0.02    0.09    0.49 v _089_/X (sky130_fd_sc_hd__a31o_1)
                                         _055_ (net)
                  0.02    0.00    0.49 v _090_/B (sky130_fd_sc_hd__and2b_1)
     1    0.02    0.06    0.13    0.62 v _090_/X (sky130_fd_sc_hd__and2b_1)
                                         _056_ (net)
                  0.06    0.00    0.62 v _091_/A (sky130_fd_sc_hd__buf_1)
     1    0.02    0.08    0.12    0.74 v _091_/X (sky130_fd_sc_hd__buf_1)
                                         _017_ (net)
                  0.08    0.00    0.74 v _135_/D (sky130_fd_sc_hd__dfxtp_1)
                                  0.74   data arrival time

                          0.00    0.00   clock clk (rise edge)
                          0.00    0.00   clock source latency
     1    0.02    0.00    0.00    0.00 ^ clk (in)
                                         clk (net)
                  0.00    0.00    0.00 ^ clkbuf_0_clk/A (sky130_fd_sc_hd__clkbuf_16)
     2    0.02    0.03    0.08    0.08 ^ clkbuf_0_clk/X (sky130_fd_sc_hd__clkbuf_16)
                                         clknet_0_clk (net)
                  0.03    0.00    0.08 ^ clkbuf_1_0__f_clk/A (sky130_fd_sc_hd__clkbuf_16)
    10    0.04    0.04    0.10    0.17 ^ clkbuf_1_0__f_clk/X (sky130_fd_sc_hd__clkbuf_16)
                                         clknet_1_0__leaf_clk (net)
                  0.04    0.00    0.17 ^ _135_/CLK (sky130_fd_sc_hd__dfxtp_1)
                          0.20    0.37   clock uncertainty
                          0.00    0.37   clock reconvergence pessimism
                         -0.05    0.32   library hold time
                                  0.32   data required time
-----------------------------------------------------------------------------
                                  0.32   data required time
                                 -0.74   data arrival time
-----------------------------------------------------------------------------
                                  0.42   slack (MET)


Startpoint: _132_ (rising edge-triggered flip-flop clocked by clk)
Endpoint: _132_ (rising edge-triggered flip-flop clocked by clk)
Path Group: clk
Path Type: min
Corner: Fastest

Fanout     Cap    Slew   Delay    Time   Description
-----------------------------------------------------------------------------
                          0.00    0.00   clock clk (rise edge)
                          0.00    0.00   clock source latency
     1    0.02    0.00    0.00    0.00 ^ clk (in)
                                         clk (net)
                  0.00    0.00    0.00 ^ clkbuf_0_clk/A (sky130_fd_sc_hd__clkbuf_16)
     2    0.02    0.03    0.08    0.08 ^ clkbuf_0_clk/X (sky130_fd_sc_hd__clkbuf_16)
                                         clknet_0_clk (net)
                  0.03    0.00    0.08 ^ clkbuf_1_0__f_clk/A (sky130_fd_sc_hd__clkbuf_16)
    10    0.04    0.04    0.10    0.17 ^ clkbuf_1_0__f_clk/X (sky130_fd_sc_hd__clkbuf_16)
                                         clknet_1_0__leaf_clk (net)
                  0.04    0.00    0.17 ^ _132_/CLK (sky130_fd_sc_hd__dfxtp_2)
     5    0.03    0.05    0.23    0.41 v _132_/Q (sky130_fd_sc_hd__dfxtp_2)
                                         div_cntr[0] (net)
                  0.05    0.00    0.41 v hold1/A (sky130_fd_sc_hd__dlygate4sd3_1)
     1    0.01    0.05    0.38    0.79 v hold1/X (sky130_fd_sc_hd__dlygate4sd3_1)
                                         net17 (net)
                  0.05    0.00    0.79 v _081_/A (sky130_fd_sc_hd__inv_2)
     1    0.00    0.02    0.04    0.82 ^ _081_/Y (sky130_fd_sc_hd__inv_2)
                                         _004_ (net)
                  0.02    0.00    0.82 ^ _132_/D (sky130_fd_sc_hd__dfxtp_2)
                                  0.82   data arrival time

                          0.00    0.00   clock clk (rise edge)
                          0.00    0.00   clock source latency
     1    0.02    0.00    0.00    0.00 ^ clk (in)
                                         clk (net)
                  0.00    0.00    0.00 ^ clkbuf_0_clk/A (sky130_fd_sc_hd__clkbuf_16)
     2    0.02    0.03    0.08    0.08 ^ clkbuf_0_clk/X (sky130_fd_sc_hd__clkbuf_16)
                                         clknet_0_clk (net)
                  0.03    0.00    0.08 ^ clkbuf_1_0__f_clk/A (sky130_fd_sc_hd__clkbuf_16)
    10    0.04    0.04    0.10    0.17 ^ clkbuf_1_0__f_clk/X (sky130_fd_sc_hd__clkbuf_16)
                                         clknet_1_0__leaf_clk (net)
                  0.04    0.00    0.17 ^ _132_/CLK (sky130_fd_sc_hd__dfxtp_2)
                          0.20    0.37   clock uncertainty
                          0.00    0.37   clock reconvergence pessimism
                         -0.02    0.36   library hold time
                                  0.36   data required time
-----------------------------------------------------------------------------
                                  0.36   data required time
                                 -0.82   data arrival time
-----------------------------------------------------------------------------
                                  0.47   slack (MET)



worst slack corner Fastest: 0.1509
======================= Slowest Corner ===================================

Startpoint: _147_ (rising edge-triggered flip-flop clocked by clk)
Endpoint: _147_ (rising edge-triggered flip-flop clocked by clk)
Path Group: clk
Path Type: min
Corner: Slowest

Fanout     Cap    Slew   Delay    Time   Description
-----------------------------------------------------------------------------
                          0.00    0.00   clock clk (rise edge)
                          0.00    0.00   clock source latency
     1    0.02    0.00    0.00    0.00 ^ clk (in)
                                         clk (net)
                  0.00    0.00    0.00 ^ clkbuf_0_clk/A (sky130_fd_sc_hd__clkbuf_16)
     2    0.02    0.07    0.19    0.19 ^ clkbuf_0_clk/X (sky130_fd_sc_hd__clkbuf_16)
                                         clknet_0_clk (net)
                  0.07    0.00    0.19 ^ clkbuf_1_1__f_clk/A (sky130_fd_sc_hd__clkbuf_16)
    11    0.04    0.10    0.25    0.44 ^ clkbuf_1_1__f_clk/X (sky130_fd_sc_hd__clkbuf_16)
                                         clknet_1_1__leaf_clk (net)
                  0.10    0.00    0.44 ^ _147_/CLK (sky130_fd_sc_hd__dfxtp_1)
     2    0.01    0.12    0.65    1.09 v _147_/Q (sky130_fd_sc_hd__dfxtp_1)
                                         div_cntr[15] (net)
                  0.12    0.00    1.09 v _119_/A1 (sky130_fd_sc_hd__o21ba_1)
     1    0.00    0.08    0.37    1.47 v _119_/X (sky130_fd_sc_hd__o21ba_1)
                                         _010_ (net)
                  0.08    0.00    1.47 v _147_/D (sky130_fd_sc_hd__dfxtp_1)
                                  1.47   data arrival time

                          0.00    0.00   clock clk (rise edge)
                          0.00    0.00   clock source latency
     1    0.02    0.00    0.00    0.00 ^ clk (in)
                                         clk (net)
                  0.00    0.00    0.00 ^ clkbuf_0_clk/A (sky130_fd_sc_hd__clkbuf_16)
     2    0.02    0.07    0.19    0.19 ^ clkbuf_0_clk/X (sky130_fd_sc_hd__clkbuf_16)
                                         clknet_0_clk (net)
                  0.07    0.00    0.19 ^ clkbuf_1_1__f_clk/A (sky130_fd_sc_hd__clkbuf_16)
    11    0.04    0.10    0.25    0.44 ^ clkbuf_1_1__f_clk/X (sky130_fd_sc_hd__clkbuf_16)
                                         clknet_1_1__leaf_clk (net)
                  0.10    0.00    0.44 ^ _147_/CLK (sky130_fd_sc_hd__dfxtp_1)
                          0.20    0.64   clock uncertainty
                          0.00    0.64   clock reconvergence pessimism
                         -0.10    0.54   library hold time
                                  0.54   data required time
-----------------------------------------------------------------------------
                                  0.54   data required time
                                 -1.47   data arrival time
-----------------------------------------------------------------------------
                                  0.92   slack (MET)


Startpoint: _150_ (rising edge-triggered flip-flop clocked by clk)
Endpoint: _150_ (rising edge-triggered flip-flop clocked by clk)
Path Group: clk
Path Type: min
Corner: Slowest

Fanout     Cap    Slew   Delay    Time   Description
-----------------------------------------------------------------------------
                          0.00    0.00   clock clk (rise edge)
                          0.00    0.00   clock source latency
     1    0.02    0.00    0.00    0.00 ^ clk (in)
                                         clk (net)
                  0.00    0.00    0.00 ^ clkbuf_0_clk/A (sky130_fd_sc_hd__clkbuf_16)
     2    0.02    0.07    0.19    0.19 ^ clkbuf_0_clk/X (sky130_fd_sc_hd__clkbuf_16)
                                         clknet_0_clk (net)
                  0.07    0.00    0.19 ^ clkbuf_1_1__f_clk/A (sky130_fd_sc_hd__clkbuf_16)
    11    0.04    0.10    0.25    0.44 ^ clkbuf_1_1__f_clk/X (sky130_fd_sc_hd__clkbuf_16)
                                         clknet_1_1__leaf_clk (net)
                  0.10    0.00    0.44 ^ _150_/CLK (sky130_fd_sc_hd__dfxtp_1)
     2    0.02    0.17    0.69    1.13 v _150_/Q (sky130_fd_sc_hd__dfxtp_1)
                                         div_cntr[18] (net)
                  0.17    0.00    1.13 v _125_/A (sky130_fd_sc_hd__xnor2_1)
     1    0.01    0.14    0.32    1.45 v _125_/Y (sky130_fd_sc_hd__xnor2_1)
                                         _013_ (net)
                  0.14    0.00    1.45 v _150_/D (sky130_fd_sc_hd__dfxtp_1)
                                  1.45   data arrival time

                          0.00    0.00   clock clk (rise edge)
                          0.00    0.00   clock source latency
     1    0.02    0.00    0.00    0.00 ^ clk (in)
                                         clk (net)
                  0.00    0.00    0.00 ^ clkbuf_0_clk/A (sky130_fd_sc_hd__clkbuf_16)
     2    0.02    0.07    0.19    0.19 ^ clkbuf_0_clk/X (sky130_fd_sc_hd__clkbuf_16)
                                         clknet_0_clk (net)
                  0.07    0.00    0.19 ^ clkbuf_1_1__f_clk/A (sky130_fd_sc_hd__clkbuf_16)
    11    0.04    0.10    0.25    0.44 ^ clkbuf_1_1__f_clk/X (sky130_fd_sc_hd__clkbuf_16)
                                         clknet_1_1__leaf_clk (net)
                  0.10    0.00    0.44 ^ _150_/CLK (sky130_fd_sc_hd__dfxtp_1)
                          0.20    0.64   clock uncertainty
                          0.00    0.64   clock reconvergence pessimism
                         -0.13    0.52   library hold time
                                  0.52   data required time
-----------------------------------------------------------------------------
                                  0.52   data required time
                                 -1.45   data arrival time
-----------------------------------------------------------------------------
                                  0.93   slack (MET)


Startpoint: _134_ (rising edge-triggered flip-flop clocked by clk)
Endpoint: _134_ (rising edge-triggered flip-flop clocked by clk)
Path Group: clk
Path Type: min
Corner: Slowest

Fanout     Cap    Slew   Delay    Time   Description
-----------------------------------------------------------------------------
                          0.00    0.00   clock clk (rise edge)
                          0.00    0.00   clock source latency
     1    0.02    0.00    0.00    0.00 ^ clk (in)
                                         clk (net)
                  0.00    0.00    0.00 ^ clkbuf_0_clk/A (sky130_fd_sc_hd__clkbuf_16)
     2    0.02    0.07    0.19    0.19 ^ clkbuf_0_clk/X (sky130_fd_sc_hd__clkbuf_16)
                                         clknet_0_clk (net)
                  0.07    0.00    0.19 ^ clkbuf_1_1__f_clk/A (sky130_fd_sc_hd__clkbuf_16)
    11    0.04    0.10    0.25    0.44 ^ clkbuf_1_1__f_clk/X (sky130_fd_sc_hd__clkbuf_16)
                                         clknet_1_1__leaf_clk (net)
                  0.10    0.00    0.44 ^ _134_/CLK (sky130_fd_sc_hd__dfxtp_1)
     3    0.02    0.17    0.69    1.13 v _134_/Q (sky130_fd_sc_hd__dfxtp_1)
                                         div_cntr[2] (net)
                  0.17    0.00    1.13 v _086_/A (sky130_fd_sc_hd__xnor2_1)
     1    0.01    0.15    0.32    1.45 v _086_/Y (sky130_fd_sc_hd__xnor2_1)
                                         _016_ (net)
                  0.15    0.00    1.45 v _134_/D (sky130_fd_sc_hd__dfxtp_1)
                                  1.45   data arrival time

                          0.00    0.00   clock clk (rise edge)
                          0.00    0.00   clock source latency
     1    0.02    0.00    0.00    0.00 ^ clk (in)
                                         clk (net)
                  0.00    0.00    0.00 ^ clkbuf_0_clk/A (sky130_fd_sc_hd__clkbuf_16)
     2    0.02    0.07    0.19    0.19 ^ clkbuf_0_clk/X (sky130_fd_sc_hd__clkbuf_16)
                                         clknet_0_clk (net)
                  0.07    0.00    0.19 ^ clkbuf_1_1__f_clk/A (sky130_fd_sc_hd__clkbuf_16)
    11    0.04    0.10    0.25    0.44 ^ clkbuf_1_1__f_clk/X (sky130_fd_sc_hd__clkbuf_16)
                                         clknet_1_1__leaf_clk (net)
                  0.10    0.00    0.44 ^ _134_/CLK (sky130_fd_sc_hd__dfxtp_1)
                          0.20    0.64   clock uncertainty
                          0.00    0.64   clock reconvergence pessimism
                         -0.13    0.51   library hold time
                                  0.51   data required time
-----------------------------------------------------------------------------
                                  0.51   data required time
                                 -1.45   data arrival time
-----------------------------------------------------------------------------
                                  0.94   slack (MET)


Startpoint: _146_ (rising edge-triggered flip-flop clocked by clk)
Endpoint: _146_ (rising edge-triggered flip-flop clocked by clk)
Path Group: clk
Path Type: min
Corner: Slowest

Fanout     Cap    Slew   Delay    Time   Description
-----------------------------------------------------------------------------
                          0.00    0.00   clock clk (rise edge)
                          0.00    0.00   clock source latency
     1    0.02    0.00    0.00    0.00 ^ clk (in)
                                         clk (net)
                  0.00    0.00    0.00 ^ clkbuf_0_clk/A (sky130_fd_sc_hd__clkbuf_16)
     2    0.02    0.07    0.19    0.19 ^ clkbuf_0_clk/X (sky130_fd_sc_hd__clkbuf_16)
                                         clknet_0_clk (net)
                  0.07    0.00    0.19 ^ clkbuf_1_1__f_clk/A (sky130_fd_sc_hd__clkbuf_16)
    11    0.04    0.10    0.25    0.44 ^ clkbuf_1_1__f_clk/X (sky130_fd_sc_hd__clkbuf_16)
                                         clknet_1_1__leaf_clk (net)
                  0.10    0.00    0.44 ^ _146_/CLK (sky130_fd_sc_hd__dfxtp_1)
     3    0.02    0.21    0.72    1.16 v _146_/Q (sky130_fd_sc_hd__dfxtp_1)
                                         div_cntr[14] (net)
                  0.21    0.00    1.16 v _115_/A (sky130_fd_sc_hd__xor2_1)
     1    0.00    0.20    0.33    1.49 ^ _115_/X (sky130_fd_sc_hd__xor2_1)
                                         _009_ (net)
                  0.20    0.00    1.49 ^ _146_/D (sky130_fd_sc_hd__dfxtp_1)
                                  1.49   data arrival time

                          0.00    0.00   clock clk (rise edge)
                          0.00    0.00   clock source latency
     1    0.02    0.00    0.00    0.00 ^ clk (in)
                                         clk (net)
                  0.00    0.00    0.00 ^ clkbuf_0_clk/A (sky130_fd_sc_hd__clkbuf_16)
     2    0.02    0.07    0.19    0.19 ^ clkbuf_0_clk/X (sky130_fd_sc_hd__clkbuf_16)
                                         clknet_0_clk (net)
                  0.07    0.00    0.19 ^ clkbuf_1_1__f_clk/A (sky130_fd_sc_hd__clkbuf_16)
    11    0.04    0.10    0.25    0.44 ^ clkbuf_1_1__f_clk/X (sky130_fd_sc_hd__clkbuf_16)
                                         clknet_1_1__leaf_clk (net)
                  0.10    0.00    0.44 ^ _146_/CLK (sky130_fd_sc_hd__dfxtp_1)
                          0.20    0.64   clock uncertainty
                          0.00    0.64   clock reconvergence pessimism
                         -0.10    0.54   library hold time
                                  0.54   data required time
-----------------------------------------------------------------------------
                                  0.54   data required time
                                 -1.49   data arrival time
-----------------------------------------------------------------------------
                                  0.94   slack (MET)


Startpoint: _136_ (rising edge-triggered flip-flop clocked by clk)
Endpoint: _136_ (rising edge-triggered flip-flop clocked by clk)
Path Group: clk
Path Type: min
Corner: Slowest

Fanout     Cap    Slew   Delay    Time   Description
-----------------------------------------------------------------------------
                          0.00    0.00   clock clk (rise edge)
                          0.00    0.00   clock source latency
     1    0.02    0.00    0.00    0.00 ^ clk (in)
                                         clk (net)
                  0.00    0.00    0.00 ^ clkbuf_0_clk/A (sky130_fd_sc_hd__clkbuf_16)
     2    0.02    0.07    0.19    0.19 ^ clkbuf_0_clk/X (sky130_fd_sc_hd__clkbuf_16)
                                         clknet_0_clk (net)
                  0.07    0.00    0.19 ^ clkbuf_1_1__f_clk/A (sky130_fd_sc_hd__clkbuf_16)
    11    0.04    0.10    0.25    0.44 ^ clkbuf_1_1__f_clk/X (sky130_fd_sc_hd__clkbuf_16)
                                         clknet_1_1__leaf_clk (net)
                  0.10    0.00    0.44 ^ _136_/CLK (sky130_fd_sc_hd__dfxtp_1)
     4    0.03    0.25    0.75    1.19 v _136_/Q (sky130_fd_sc_hd__dfxtp_1)
                                         div_cntr[4] (net)
                  0.25    0.00    1.19 v _092_/A (sky130_fd_sc_hd__xor2_1)
     1    0.00    0.16    0.31    1.50 ^ _092_/X (sky130_fd_sc_hd__xor2_1)
                                         _018_ (net)
                  0.16    0.00    1.50 ^ _136_/D (sky130_fd_sc_hd__dfxtp_1)
                                  1.50   data arrival time

                          0.00    0.00   clock clk (rise edge)
                          0.00    0.00   clock source latency
     1    0.02    0.00    0.00    0.00 ^ clk (in)
                                         clk (net)
                  0.00    0.00    0.00 ^ clkbuf_0_clk/A (sky130_fd_sc_hd__clkbuf_16)
     2    0.02    0.07    0.19    0.19 ^ clkbuf_0_clk/X (sky130_fd_sc_hd__clkbuf_16)
                                         clknet_0_clk (net)
                  0.07    0.00    0.19 ^ clkbuf_1_1__f_clk/A (sky130_fd_sc_hd__clkbuf_16)
    11    0.04    0.10    0.25    0.44 ^ clkbuf_1_1__f_clk/X (sky130_fd_sc_hd__clkbuf_16)
                                         clknet_1_1__leaf_clk (net)
                  0.10    0.00    0.44 ^ _136_/CLK (sky130_fd_sc_hd__dfxtp_1)
                          0.20    0.64   clock uncertainty
                          0.00    0.64   clock reconvergence pessimism
                         -0.09    0.55   library hold time
                                  0.55   data required time
-----------------------------------------------------------------------------
                                  0.55   data required time
                                 -1.50   data arrival time
-----------------------------------------------------------------------------
                                  0.95   slack (MET)


Startpoint: _151_ (rising edge-triggered flip-flop clocked by clk)
Endpoint: _151_ (rising edge-triggered flip-flop clocked by clk)
Path Group: clk
Path Type: min
Corner: Slowest

Fanout     Cap    Slew   Delay    Time   Description
-----------------------------------------------------------------------------
                          0.00    0.00   clock clk (rise edge)
                          0.00    0.00   clock source latency
     1    0.02    0.00    0.00    0.00 ^ clk (in)
                                         clk (net)
                  0.00    0.00    0.00 ^ clkbuf_0_clk/A (sky130_fd_sc_hd__clkbuf_16)
     2    0.02    0.07    0.19    0.19 ^ clkbuf_0_clk/X (sky130_fd_sc_hd__clkbuf_16)
                                         clknet_0_clk (net)
                  0.07    0.00    0.19 ^ clkbuf_1_1__f_clk/A (sky130_fd_sc_hd__clkbuf_16)
    11    0.04    0.10    0.25    0.44 ^ clkbuf_1_1__f_clk/X (sky130_fd_sc_hd__clkbuf_16)
                                         clknet_1_1__leaf_clk (net)
                  0.10    0.00    0.44 ^ _151_/CLK (sky130_fd_sc_hd__dfxtp_2)
     5    0.03    0.25    0.81    1.25 ^ _151_/Q (sky130_fd_sc_hd__dfxtp_2)
                                         u_cnt.clk (net)
                  0.25    0.00    1.25 ^ _127_/A (sky130_fd_sc_hd__xor2_1)
     1    0.01    0.11    0.26    1.51 v _127_/X (sky130_fd_sc_hd__xor2_1)
                                         _014_ (net)
                  0.11    0.00    1.51 v _151_/D (sky130_fd_sc_hd__dfxtp_2)
                                  1.51   data arrival time

                          0.00    0.00   clock clk (rise edge)
                          0.00    0.00   clock source latency
     1    0.02    0.00    0.00    0.00 ^ clk (in)
                                         clk (net)
                  0.00    0.00    0.00 ^ clkbuf_0_clk/A (sky130_fd_sc_hd__clkbuf_16)
     2    0.02    0.07    0.19    0.19 ^ clkbuf_0_clk/X (sky130_fd_sc_hd__clkbuf_16)
                                         clknet_0_clk (net)
                  0.07    0.00    0.19 ^ clkbuf_1_1__f_clk/A (sky130_fd_sc_hd__clkbuf_16)
    11    0.04    0.10    0.25    0.44 ^ clkbuf_1_1__f_clk/X (sky130_fd_sc_hd__clkbuf_16)
                                         clknet_1_1__leaf_clk (net)
                  0.10    0.00    0.44 ^ _151_/CLK (sky130_fd_sc_hd__dfxtp_2)
                          0.20    0.64   clock uncertainty
                          0.00    0.64   clock reconvergence pessimism
                         -0.10    0.54   library hold time
                                  0.54   data required time
-----------------------------------------------------------------------------
                                  0.54   data required time
                                 -1.51   data arrival time
-----------------------------------------------------------------------------
                                  0.97   slack (MET)


Startpoint: _143_ (rising edge-triggered flip-flop clocked by clk)
Endpoint: _143_ (rising edge-triggered flip-flop clocked by clk)
Path Group: clk
Path Type: min
Corner: Slowest

Fanout     Cap    Slew   Delay    Time   Description
-----------------------------------------------------------------------------
                          0.00    0.00   clock clk (rise edge)
                          0.00    0.00   clock source latency
     1    0.02    0.00    0.00    0.00 ^ clk (in)
                                         clk (net)
                  0.00    0.00    0.00 ^ clkbuf_0_clk/A (sky130_fd_sc_hd__clkbuf_16)
     2    0.02    0.07    0.19    0.19 ^ clkbuf_0_clk/X (sky130_fd_sc_hd__clkbuf_16)
                                         clknet_0_clk (net)
                  0.07    0.00    0.19 ^ clkbuf_1_0__f_clk/A (sky130_fd_sc_hd__clkbuf_16)
    10    0.04    0.09    0.24    0.43 ^ clkbuf_1_0__f_clk/X (sky130_fd_sc_hd__clkbuf_16)
                                         clknet_1_0__leaf_clk (net)
                  0.09    0.00    0.43 ^ _143_/CLK (sky130_fd_sc_hd__dfxtp_1)
     2    0.01    0.13    0.65    1.09 v _143_/Q (sky130_fd_sc_hd__dfxtp_1)
                                         div_cntr[11] (net)
                  0.13    0.00    1.09 v _109_/A1 (sky130_fd_sc_hd__o21ba_1)
     1    0.01    0.11    0.41    1.50 v _109_/X (sky130_fd_sc_hd__o21ba_1)
                                         _006_ (net)
                  0.11    0.00    1.50 v _143_/D (sky130_fd_sc_hd__dfxtp_1)
                                  1.50   data arrival time

                          0.00    0.00   clock clk (rise edge)
                          0.00    0.00   clock source latency
     1    0.02    0.00    0.00    0.00 ^ clk (in)
                                         clk (net)
                  0.00    0.00    0.00 ^ clkbuf_0_clk/A (sky130_fd_sc_hd__clkbuf_16)
     2    0.02    0.07    0.19    0.19 ^ clkbuf_0_clk/X (sky130_fd_sc_hd__clkbuf_16)
                                         clknet_0_clk (net)
                  0.07    0.00    0.19 ^ clkbuf_1_0__f_clk/A (sky130_fd_sc_hd__clkbuf_16)
    10    0.04    0.09    0.24    0.43 ^ clkbuf_1_0__f_clk/X (sky130_fd_sc_hd__clkbuf_16)
                                         clknet_1_0__leaf_clk (net)
                  0.09    0.00    0.43 ^ _143_/CLK (sky130_fd_sc_hd__dfxtp_1)
                          0.20    0.63   clock uncertainty
                          0.00    0.63   clock reconvergence pessimism
                         -0.12    0.52   library hold time
                                  0.52   data required time
-----------------------------------------------------------------------------
                                  0.52   data required time
                                 -1.50   data arrival time
-----------------------------------------------------------------------------
                                  0.98   slack (MET)


Startpoint: _139_ (rising edge-triggered flip-flop clocked by clk)
Endpoint: _139_ (rising edge-triggered flip-flop clocked by clk)
Path Group: clk
Path Type: min
Corner: Slowest

Fanout     Cap    Slew   Delay    Time   Description
-----------------------------------------------------------------------------
                          0.00    0.00   clock clk (rise edge)
                          0.00    0.00   clock source latency
     1    0.02    0.00    0.00    0.00 ^ clk (in)
                                         clk (net)
                  0.00    0.00    0.00 ^ clkbuf_0_clk/A (sky130_fd_sc_hd__clkbuf_16)
     2    0.02    0.07    0.19    0.19 ^ clkbuf_0_clk/X (sky130_fd_sc_hd__clkbuf_16)
                                         clknet_0_clk (net)
                  0.07    0.00    0.19 ^ clkbuf_1_0__f_clk/A (sky130_fd_sc_hd__clkbuf_16)
    10    0.04    0.09    0.24    0.43 ^ clkbuf_1_0__f_clk/X (sky130_fd_sc_hd__clkbuf_16)
                                         clknet_1_0__leaf_clk (net)
                  0.09    0.00    0.43 ^ _139_/CLK (sky130_fd_sc_hd__dfxtp_1)
     2    0.02    0.17    0.69    1.12 v _139_/Q (sky130_fd_sc_hd__dfxtp_1)
                                         div_cntr[7] (net)
                  0.17    0.00    1.12 v _100_/A1 (sky130_fd_sc_hd__o21ba_1)
     1    0.01    0.08    0.40    1.52 v _100_/X (sky130_fd_sc_hd__o21ba_1)
                                         _021_ (net)
                  0.08    0.00    1.52 v _139_/D (sky130_fd_sc_hd__dfxtp_1)
                                  1.52   data arrival time

                          0.00    0.00   clock clk (rise edge)
                          0.00    0.00   clock source latency
     1    0.02    0.00    0.00    0.00 ^ clk (in)
                                         clk (net)
                  0.00    0.00    0.00 ^ clkbuf_0_clk/A (sky130_fd_sc_hd__clkbuf_16)
     2    0.02    0.07    0.19    0.19 ^ clkbuf_0_clk/X (sky130_fd_sc_hd__clkbuf_16)
                                         clknet_0_clk (net)
                  0.07    0.00    0.19 ^ clkbuf_1_0__f_clk/A (sky130_fd_sc_hd__clkbuf_16)
    10    0.04    0.09    0.24    0.43 ^ clkbuf_1_0__f_clk/X (sky130_fd_sc_hd__clkbuf_16)
                                         clknet_1_0__leaf_clk (net)
                  0.09    0.00    0.43 ^ _139_/CLK (sky130_fd_sc_hd__dfxtp_1)
                          0.20    0.63   clock uncertainty
                          0.00    0.63   clock reconvergence pessimism
                         -0.10    0.53   library hold time
                                  0.53   data required time
-----------------------------------------------------------------------------
                                  0.53   data required time
                                 -1.52   data arrival time
-----------------------------------------------------------------------------
                                  0.99   slack (MET)


Startpoint: _142_ (rising edge-triggered flip-flop clocked by clk)
Endpoint: _142_ (rising edge-triggered flip-flop clocked by clk)
Path Group: clk
Path Type: min
Corner: Slowest

Fanout     Cap    Slew   Delay    Time   Description
-----------------------------------------------------------------------------
                          0.00    0.00   clock clk (rise edge)
                          0.00    0.00   clock source latency
     1    0.02    0.00    0.00    0.00 ^ clk (in)
                                         clk (net)
                  0.00    0.00    0.00 ^ clkbuf_0_clk/A (sky130_fd_sc_hd__clkbuf_16)
     2    0.02    0.07    0.19    0.19 ^ clkbuf_0_clk/X (sky130_fd_sc_hd__clkbuf_16)
                                         clknet_0_clk (net)
                  0.07    0.00    0.19 ^ clkbuf_1_0__f_clk/A (sky130_fd_sc_hd__clkbuf_16)
    10    0.04    0.09    0.24    0.43 ^ clkbuf_1_0__f_clk/X (sky130_fd_sc_hd__clkbuf_16)
                                         clknet_1_0__leaf_clk (net)
                  0.09    0.00    0.43 ^ _142_/CLK (sky130_fd_sc_hd__dfxtp_1)
     3    0.02    0.20    0.71    1.14 v _142_/Q (sky130_fd_sc_hd__dfxtp_1)
                                         div_cntr[10] (net)
                  0.20    0.00    1.14 v _105_/A (sky130_fd_sc_hd__xor2_1)
     1    0.01    0.09    0.38    1.52 v _105_/X (sky130_fd_sc_hd__xor2_1)
                                         _005_ (net)
                  0.09    0.00    1.52 v _142_/D (sky130_fd_sc_hd__dfxtp_1)
                                  1.52   data arrival time

                          0.00    0.00   clock clk (rise edge)
                          0.00    0.00   clock source latency
     1    0.02    0.00    0.00    0.00 ^ clk (in)
                                         clk (net)
                  0.00    0.00    0.00 ^ clkbuf_0_clk/A (sky130_fd_sc_hd__clkbuf_16)
     2    0.02    0.07    0.19    0.19 ^ clkbuf_0_clk/X (sky130_fd_sc_hd__clkbuf_16)
                                         clknet_0_clk (net)
                  0.07    0.00    0.19 ^ clkbuf_1_0__f_clk/A (sky130_fd_sc_hd__clkbuf_16)
    10    0.04    0.09    0.24    0.43 ^ clkbuf_1_0__f_clk/X (sky130_fd_sc_hd__clkbuf_16)
                                         clknet_1_0__leaf_clk (net)
                  0.09    0.00    0.43 ^ _142_/CLK (sky130_fd_sc_hd__dfxtp_1)
                          0.20    0.63   clock uncertainty
                          0.00    0.63   clock reconvergence pessimism
                         -0.11    0.52   library hold time
                                  0.52   data required time
-----------------------------------------------------------------------------
                                  0.52   data required time
                                 -1.52   data arrival time
-----------------------------------------------------------------------------
                                  0.99   slack (MET)


Startpoint: _148_ (rising edge-triggered flip-flop clocked by clk)
Endpoint: _148_ (rising edge-triggered flip-flop clocked by clk)
Path Group: clk
Path Type: min
Corner: Slowest

Fanout     Cap    Slew   Delay    Time   Description
-----------------------------------------------------------------------------
                          0.00    0.00   clock clk (rise edge)
                          0.00    0.00   clock source latency
     1    0.02    0.00    0.00    0.00 ^ clk (in)
                                         clk (net)
                  0.00    0.00    0.00 ^ clkbuf_0_clk/A (sky130_fd_sc_hd__clkbuf_16)
     2    0.02    0.07    0.19    0.19 ^ clkbuf_0_clk/X (sky130_fd_sc_hd__clkbuf_16)
                                         clknet_0_clk (net)
                  0.07    0.00    0.19 ^ clkbuf_1_0__f_clk/A (sky130_fd_sc_hd__clkbuf_16)
    10    0.04    0.09    0.24    0.43 ^ clkbuf_1_0__f_clk/X (sky130_fd_sc_hd__clkbuf_16)
                                         clknet_1_0__leaf_clk (net)
                  0.09    0.00    0.43 ^ _148_/CLK (sky130_fd_sc_hd__dfxtp_1)
     4    0.03    0.24    0.74    1.17 v _148_/Q (sky130_fd_sc_hd__dfxtp_1)
                                         div_cntr[16] (net)
                  0.24    0.00    1.17 v _120_/A (sky130_fd_sc_hd__xor2_1)
     1    0.01    0.23    0.37    1.54 ^ _120_/X (sky130_fd_sc_hd__xor2_1)
                                         _011_ (net)
                  0.23    0.00    1.54 ^ _148_/D (sky130_fd_sc_hd__dfxtp_1)
                                  1.54   data arrival time

                          0.00    0.00   clock clk (rise edge)
                          0.00    0.00   clock source latency
     1    0.02    0.00    0.00    0.00 ^ clk (in)
                                         clk (net)
                  0.00    0.00    0.00 ^ clkbuf_0_clk/A (sky130_fd_sc_hd__clkbuf_16)
     2    0.02    0.07    0.19    0.19 ^ clkbuf_0_clk/X (sky130_fd_sc_hd__clkbuf_16)
                                         clknet_0_clk (net)
                  0.07    0.00    0.19 ^ clkbuf_1_0__f_clk/A (sky130_fd_sc_hd__clkbuf_16)
    10    0.04    0.09    0.24    0.43 ^ clkbuf_1_0__f_clk/X (sky130_fd_sc_hd__clkbuf_16)
                                         clknet_1_0__leaf_clk (net)
                  0.09    0.00    0.43 ^ _148_/CLK (sky130_fd_sc_hd__dfxtp_1)
                          0.20    0.63   clock uncertainty
                          0.00    0.63   clock reconvergence pessimism
                         -0.11    0.53   library hold time
                                  0.53   data required time
-----------------------------------------------------------------------------
                                  0.53   data required time
                                 -1.54   data arrival time
-----------------------------------------------------------------------------
                                  1.02   slack (MET)


Startpoint: _141_ (rising edge-triggered flip-flop clocked by clk)
Endpoint: _141_ (rising edge-triggered flip-flop clocked by clk)
Path Group: clk
Path Type: min
Corner: Slowest

Fanout     Cap    Slew   Delay    Time   Description
-----------------------------------------------------------------------------
                          0.00    0.00   clock clk (rise edge)
                          0.00    0.00   clock source latency
     1    0.02    0.00    0.00    0.00 ^ clk (in)
                                         clk (net)
                  0.00    0.00    0.00 ^ clkbuf_0_clk/A (sky130_fd_sc_hd__clkbuf_16)
     2    0.02    0.07    0.19    0.19 ^ clkbuf_0_clk/X (sky130_fd_sc_hd__clkbuf_16)
                                         clknet_0_clk (net)
                  0.07    0.00    0.19 ^ clkbuf_1_1__f_clk/A (sky130_fd_sc_hd__clkbuf_16)
    11    0.04    0.10    0.25    0.44 ^ clkbuf_1_1__f_clk/X (sky130_fd_sc_hd__clkbuf_16)
                                         clknet_1_1__leaf_clk (net)
                  0.10    0.00    0.44 ^ _141_/CLK (sky130_fd_sc_hd__dfxtp_1)
     4    0.02    0.27    0.79    1.23 ^ _141_/Q (sky130_fd_sc_hd__dfxtp_1)
                                         div_cntr[9] (net)
                  0.27    0.00    1.23 ^ _102_/B1 (sky130_fd_sc_hd__a21oi_1)
     1    0.01    0.10    0.17    1.41 v _102_/Y (sky130_fd_sc_hd__a21oi_1)
                                         _062_ (net)
                  0.10    0.00    1.41 v _104_/A (sky130_fd_sc_hd__nor2_1)
     1    0.00    0.15    0.19    1.60 ^ _104_/Y (sky130_fd_sc_hd__nor2_1)
                                         _023_ (net)
                  0.15    0.00    1.60 ^ _141_/D (sky130_fd_sc_hd__dfxtp_1)
                                  1.60   data arrival time

                          0.00    0.00   clock clk (rise edge)
                          0.00    0.00   clock source latency
     1    0.02    0.00    0.00    0.00 ^ clk (in)
                                         clk (net)
                  0.00    0.00    0.00 ^ clkbuf_0_clk/A (sky130_fd_sc_hd__clkbuf_16)
     2    0.02    0.07    0.19    0.19 ^ clkbuf_0_clk/X (sky130_fd_sc_hd__clkbuf_16)
                                         clknet_0_clk (net)
                  0.07    0.00    0.19 ^ clkbuf_1_1__f_clk/A (sky130_fd_sc_hd__clkbuf_16)
    11    0.04    0.10    0.25    0.44 ^ clkbuf_1_1__f_clk/X (sky130_fd_sc_hd__clkbuf_16)
                                         clknet_1_1__leaf_clk (net)
                  0.10    0.00    0.44 ^ _141_/CLK (sky130_fd_sc_hd__dfxtp_1)
                          0.20    0.64   clock uncertainty
                          0.00    0.64   clock reconvergence pessimism
                         -0.09    0.56   library hold time
                                  0.56   data required time
-----------------------------------------------------------------------------
                                  0.56   data required time
                                 -1.60   data arrival time
-----------------------------------------------------------------------------
                                  1.04   slack (MET)


Startpoint: _140_ (rising edge-triggered flip-flop clocked by clk)
Endpoint: _140_ (rising edge-triggered flip-flop clocked by clk)
Path Group: clk
Path Type: min
Corner: Slowest

Fanout     Cap    Slew   Delay    Time   Description
-----------------------------------------------------------------------------
                          0.00    0.00   clock clk (rise edge)
                          0.00    0.00   clock source latency
     1    0.02    0.00    0.00    0.00 ^ clk (in)
                                         clk (net)
                  0.00    0.00    0.00 ^ clkbuf_0_clk/A (sky130_fd_sc_hd__clkbuf_16)
     2    0.02    0.07    0.19    0.19 ^ clkbuf_0_clk/X (sky130_fd_sc_hd__clkbuf_16)
                                         clknet_0_clk (net)
                  0.07    0.00    0.19 ^ clkbuf_1_0__f_clk/A (sky130_fd_sc_hd__clkbuf_16)
    10    0.04    0.09    0.24    0.43 ^ clkbuf_1_0__f_clk/X (sky130_fd_sc_hd__clkbuf_16)
                                         clknet_1_0__leaf_clk (net)
                  0.09    0.00    0.43 ^ _140_/CLK (sky130_fd_sc_hd__dfxtp_1)
     5    0.03    0.24    0.74    1.17 v _140_/Q (sky130_fd_sc_hd__dfxtp_1)
                                         div_cntr[8] (net)
                  0.24    0.00    1.17 v _101_/A (sky130_fd_sc_hd__xor2_1)
     1    0.01    0.09    0.39    1.57 v _101_/X (sky130_fd_sc_hd__xor2_1)
                                         _022_ (net)
                  0.09    0.00    1.57 v _140_/D (sky130_fd_sc_hd__dfxtp_1)
                                  1.57   data arrival time

                          0.00    0.00   clock clk (rise edge)
                          0.00    0.00   clock source latency
     1    0.02    0.00    0.00    0.00 ^ clk (in)
                                         clk (net)
                  0.00    0.00    0.00 ^ clkbuf_0_clk/A (sky130_fd_sc_hd__clkbuf_16)
     2    0.02    0.07    0.19    0.19 ^ clkbuf_0_clk/X (sky130_fd_sc_hd__clkbuf_16)
                                         clknet_0_clk (net)
                  0.07    0.00    0.19 ^ clkbuf_1_0__f_clk/A (sky130_fd_sc_hd__clkbuf_16)
    10    0.04    0.09    0.24    0.43 ^ clkbuf_1_0__f_clk/X (sky130_fd_sc_hd__clkbuf_16)
                                         clknet_1_0__leaf_clk (net)
                  0.09    0.00    0.43 ^ _140_/CLK (sky130_fd_sc_hd__dfxtp_1)
                          0.20    0.63   clock uncertainty
                          0.00    0.63   clock reconvergence pessimism
                         -0.11    0.52   library hold time
                                  0.52   data required time
-----------------------------------------------------------------------------
                                  0.52   data required time
                                 -1.57   data arrival time
-----------------------------------------------------------------------------
                                  1.05   slack (MET)


Startpoint: _138_ (rising edge-triggered flip-flop clocked by clk)
Endpoint: _138_ (rising edge-triggered flip-flop clocked by clk)
Path Group: clk
Path Type: min
Corner: Slowest

Fanout     Cap    Slew   Delay    Time   Description
-----------------------------------------------------------------------------
                          0.00    0.00   clock clk (rise edge)
                          0.00    0.00   clock source latency
     1    0.02    0.00    0.00    0.00 ^ clk (in)
                                         clk (net)
                  0.00    0.00    0.00 ^ clkbuf_0_clk/A (sky130_fd_sc_hd__clkbuf_16)
     2    0.02    0.07    0.19    0.19 ^ clkbuf_0_clk/X (sky130_fd_sc_hd__clkbuf_16)
                                         clknet_0_clk (net)
                  0.07    0.00    0.19 ^ clkbuf_1_1__f_clk/A (sky130_fd_sc_hd__clkbuf_16)
    11    0.04    0.10    0.25    0.44 ^ clkbuf_1_1__f_clk/X (sky130_fd_sc_hd__clkbuf_16)
                                         clknet_1_1__leaf_clk (net)
                  0.10    0.00    0.44 ^ _138_/CLK (sky130_fd_sc_hd__dfxtp_1)
     3    0.02    0.21    0.72    1.16 v _138_/Q (sky130_fd_sc_hd__dfxtp_1)
                                         div_cntr[6] (net)
                  0.21    0.00    1.16 v _096_/A (sky130_fd_sc_hd__xor2_1)
     1    0.01    0.13    0.42    1.58 v _096_/X (sky130_fd_sc_hd__xor2_1)
                                         _020_ (net)
                  0.13    0.00    1.58 v _138_/D (sky130_fd_sc_hd__dfxtp_1)
                                  1.58   data arrival time

                          0.00    0.00   clock clk (rise edge)
                          0.00    0.00   clock source latency
     1    0.02    0.00    0.00    0.00 ^ clk (in)
                                         clk (net)
                  0.00    0.00    0.00 ^ clkbuf_0_clk/A (sky130_fd_sc_hd__clkbuf_16)
     2    0.02    0.07    0.19    0.19 ^ clkbuf_0_clk/X (sky130_fd_sc_hd__clkbuf_16)
                                         clknet_0_clk (net)
                  0.07    0.00    0.19 ^ clkbuf_1_1__f_clk/A (sky130_fd_sc_hd__clkbuf_16)
    11    0.04    0.10    0.25    0.44 ^ clkbuf_1_1__f_clk/X (sky130_fd_sc_hd__clkbuf_16)
                                         clknet_1_1__leaf_clk (net)
                  0.10    0.00    0.44 ^ _138_/CLK (sky130_fd_sc_hd__dfxtp_1)
                          0.20    0.64   clock uncertainty
                          0.00    0.64   clock reconvergence pessimism
                         -0.12    0.52   library hold time
                                  0.52   data required time
-----------------------------------------------------------------------------
                                  0.52   data required time
                                 -1.58   data arrival time
-----------------------------------------------------------------------------
                                  1.06   slack (MET)


Startpoint: _145_ (rising edge-triggered flip-flop clocked by clk)
Endpoint: _145_ (rising edge-triggered flip-flop clocked by clk)
Path Group: clk
Path Type: min
Corner: Slowest

Fanout     Cap    Slew   Delay    Time   Description
-----------------------------------------------------------------------------
                          0.00    0.00   clock clk (rise edge)
                          0.00    0.00   clock source latency
     1    0.02    0.00    0.00    0.00 ^ clk (in)
                                         clk (net)
                  0.00    0.00    0.00 ^ clkbuf_0_clk/A (sky130_fd_sc_hd__clkbuf_16)
     2    0.02    0.07    0.19    0.19 ^ clkbuf_0_clk/X (sky130_fd_sc_hd__clkbuf_16)
                                         clknet_0_clk (net)
                  0.07    0.00    0.19 ^ clkbuf_1_1__f_clk/A (sky130_fd_sc_hd__clkbuf_16)
    11    0.04    0.10    0.25    0.44 ^ clkbuf_1_1__f_clk/X (sky130_fd_sc_hd__clkbuf_16)
                                         clknet_1_1__leaf_clk (net)
                  0.10    0.00    0.44 ^ _145_/CLK (sky130_fd_sc_hd__dfxtp_1)
     4    0.03    0.24    0.75    1.19 v _145_/Q (sky130_fd_sc_hd__dfxtp_1)
                                         div_cntr[13] (net)
                  0.24    0.00    1.19 v _114_/A1 (sky130_fd_sc_hd__o21ba_1)
     1    0.01    0.11    0.46    1.65 v _114_/X (sky130_fd_sc_hd__o21ba_1)
                                         _008_ (net)
                  0.11    0.00    1.65 v _145_/D (sky130_fd_sc_hd__dfxtp_1)
                                  1.65   data arrival time

                          0.00    0.00   clock clk (rise edge)
                          0.00    0.00   clock source latency
     1    0.02    0.00    0.00    0.00 ^ clk (in)
                                         clk (net)
                  0.00    0.00    0.00 ^ clkbuf_0_clk/A (sky130_fd_sc_hd__clkbuf_16)
     2    0.02    0.07    0.19    0.19 ^ clkbuf_0_clk/X (sky130_fd_sc_hd__clkbuf_16)
                                         clknet_0_clk (net)
                  0.07    0.00    0.19 ^ clkbuf_1_1__f_clk/A (sky130_fd_sc_hd__clkbuf_16)
    11    0.04    0.10    0.25    0.44 ^ clkbuf_1_1__f_clk/X (sky130_fd_sc_hd__clkbuf_16)
                                         clknet_1_1__leaf_clk (net)
                  0.10    0.00    0.44 ^ _145_/CLK (sky130_fd_sc_hd__dfxtp_1)
                          0.20    0.64   clock uncertainty
                          0.00    0.64   clock reconvergence pessimism
                         -0.12    0.53   library hold time
                                  0.53   data required time
-----------------------------------------------------------------------------
                                  0.53   data required time
                                 -1.65   data arrival time
-----------------------------------------------------------------------------
                                  1.12   slack (MET)


Startpoint: _137_ (rising edge-triggered flip-flop clocked by clk)
Endpoint: _137_ (rising edge-triggered flip-flop clocked by clk)
Path Group: clk
Path Type: min
Corner: Slowest

Fanout     Cap    Slew   Delay    Time   Description
-----------------------------------------------------------------------------
                          0.00    0.00   clock clk (rise edge)
                          0.00    0.00   clock source latency
     1    0.02    0.00    0.00    0.00 ^ clk (in)
                                         clk (net)
                  0.00    0.00    0.00 ^ clkbuf_0_clk/A (sky130_fd_sc_hd__clkbuf_16)
     2    0.02    0.07    0.19    0.19 ^ clkbuf_0_clk/X (sky130_fd_sc_hd__clkbuf_16)
                                         clknet_0_clk (net)
                  0.07    0.00    0.19 ^ clkbuf_1_1__f_clk/A (sky130_fd_sc_hd__clkbuf_16)
    11    0.04    0.10    0.25    0.44 ^ clkbuf_1_1__f_clk/X (sky130_fd_sc_hd__clkbuf_16)
                                         clknet_1_1__leaf_clk (net)
                  0.10    0.00    0.44 ^ _137_/CLK (sky130_fd_sc_hd__dfxtp_1)
     3    0.02    0.21    0.72    1.16 v _137_/Q (sky130_fd_sc_hd__dfxtp_1)
                                         div_cntr[5] (net)
                  0.21    0.00    1.17 v _094_/B1 (sky130_fd_sc_hd__a21oi_1)
     1    0.01    0.27    0.34    1.50 ^ _094_/Y (sky130_fd_sc_hd__a21oi_1)
                                         _058_ (net)
                  0.27    0.00    1.50 ^ _095_/B (sky130_fd_sc_hd__nor2_1)
     1    0.01    0.11    0.20    1.71 v _095_/Y (sky130_fd_sc_hd__nor2_1)
                                         _019_ (net)
                  0.11    0.00    1.71 v _137_/D (sky130_fd_sc_hd__dfxtp_1)
                                  1.71   data arrival time

                          0.00    0.00   clock clk (rise edge)
                          0.00    0.00   clock source latency
     1    0.02    0.00    0.00    0.00 ^ clk (in)
                                         clk (net)
                  0.00    0.00    0.00 ^ clkbuf_0_clk/A (sky130_fd_sc_hd__clkbuf_16)
     2    0.02    0.07    0.19    0.19 ^ clkbuf_0_clk/X (sky130_fd_sc_hd__clkbuf_16)
                                         clknet_0_clk (net)
                  0.07    0.00    0.19 ^ clkbuf_1_1__f_clk/A (sky130_fd_sc_hd__clkbuf_16)
    11    0.04    0.10    0.25    0.44 ^ clkbuf_1_1__f_clk/X (sky130_fd_sc_hd__clkbuf_16)
                                         clknet_1_1__leaf_clk (net)
                  0.10    0.00    0.44 ^ _137_/CLK (sky130_fd_sc_hd__dfxtp_1)
                          0.20    0.64   clock uncertainty
                          0.00    0.64   clock reconvergence pessimism
                         -0.12    0.53   library hold time
                                  0.53   data required time
-----------------------------------------------------------------------------
                                  0.53   data required time
                                 -1.71   data arrival time
-----------------------------------------------------------------------------
                                  1.18   slack (MET)


Startpoint: _144_ (rising edge-triggered flip-flop clocked by clk)
Endpoint: _144_ (rising edge-triggered flip-flop clocked by clk)
Path Group: clk
Path Type: min
Corner: Slowest

Fanout     Cap    Slew   Delay    Time   Description
-----------------------------------------------------------------------------
                          0.00    0.00   clock clk (rise edge)
                          0.00    0.00   clock source latency
     1    0.02    0.00    0.00    0.00 ^ clk (in)
                                         clk (net)
                  0.00    0.00    0.00 ^ clkbuf_0_clk/A (sky130_fd_sc_hd__clkbuf_16)
     2    0.02    0.07    0.19    0.19 ^ clkbuf_0_clk/X (sky130_fd_sc_hd__clkbuf_16)
                                         clknet_0_clk (net)
                  0.07    0.00    0.19 ^ clkbuf_1_1__f_clk/A (sky130_fd_sc_hd__clkbuf_16)
    11    0.04    0.10    0.25    0.44 ^ clkbuf_1_1__f_clk/X (sky130_fd_sc_hd__clkbuf_16)
                                         clknet_1_1__leaf_clk (net)
                  0.10    0.00    0.44 ^ _144_/CLK (sky130_fd_sc_hd__dfxtp_1)
     5    0.03    0.39    0.87    1.31 ^ _144_/Q (sky130_fd_sc_hd__dfxtp_1)
                                         div_cntr[12] (net)
                  0.39    0.00    1.32 ^ _111_/A (sky130_fd_sc_hd__nor2_1)
     1    0.01    0.14    0.27    1.58 v _111_/Y (sky130_fd_sc_hd__nor2_1)
                                         _033_ (net)
                  0.14    0.00    1.58 v _112_/B (sky130_fd_sc_hd__nor2_1)
     1    0.00    0.16    0.19    1.78 ^ _112_/Y (sky130_fd_sc_hd__nor2_1)
                                         _007_ (net)
                  0.16    0.00    1.78 ^ _144_/D (sky130_fd_sc_hd__dfxtp_1)
                                  1.78   data arrival time

                          0.00    0.00   clock clk (rise edge)
                          0.00    0.00   clock source latency
     1    0.02    0.00    0.00    0.00 ^ clk (in)
                                         clk (net)
                  0.00    0.00    0.00 ^ clkbuf_0_clk/A (sky130_fd_sc_hd__clkbuf_16)
     2    0.02    0.07    0.19    0.19 ^ clkbuf_0_clk/X (sky130_fd_sc_hd__clkbuf_16)
                                         clknet_0_clk (net)
                  0.07    0.00    0.19 ^ clkbuf_1_1__f_clk/A (sky130_fd_sc_hd__clkbuf_16)
    11    0.04    0.10    0.25    0.44 ^ clkbuf_1_1__f_clk/X (sky130_fd_sc_hd__clkbuf_16)
                                         clknet_1_1__leaf_clk (net)
                  0.10    0.00    0.44 ^ _144_/CLK (sky130_fd_sc_hd__dfxtp_1)
                          0.20    0.64   clock uncertainty
                          0.00    0.64   clock reconvergence pessimism
                         -0.09    0.55   library hold time
                                  0.55   data required time
-----------------------------------------------------------------------------
                                  0.55   data required time
                                 -1.78   data arrival time
-----------------------------------------------------------------------------
                                  1.22   slack (MET)


Startpoint: _132_ (rising edge-triggered flip-flop clocked by clk)
Endpoint: _133_ (rising edge-triggered flip-flop clocked by clk)
Path Group: clk
Path Type: min
Corner: Slowest

Fanout     Cap    Slew   Delay    Time   Description
-----------------------------------------------------------------------------
                          0.00    0.00   clock clk (rise edge)
                          0.00    0.00   clock source latency
     1    0.02    0.00    0.00    0.00 ^ clk (in)
                                         clk (net)
                  0.00    0.00    0.00 ^ clkbuf_0_clk/A (sky130_fd_sc_hd__clkbuf_16)
     2    0.02    0.07    0.19    0.19 ^ clkbuf_0_clk/X (sky130_fd_sc_hd__clkbuf_16)
                                         clknet_0_clk (net)
                  0.07    0.00    0.19 ^ clkbuf_1_0__f_clk/A (sky130_fd_sc_hd__clkbuf_16)
    10    0.04    0.09    0.24    0.43 ^ clkbuf_1_0__f_clk/X (sky130_fd_sc_hd__clkbuf_16)
                                         clknet_1_0__leaf_clk (net)
                  0.09    0.00    0.43 ^ _132_/CLK (sky130_fd_sc_hd__dfxtp_2)
     5    0.03    0.14    0.70    1.13 v _132_/Q (sky130_fd_sc_hd__dfxtp_2)
                                         div_cntr[0] (net)
                  0.14    0.00    1.13 v _082_/A (sky130_fd_sc_hd__nand2_1)
     2    0.02    0.25    0.26    1.39 ^ _082_/Y (sky130_fd_sc_hd__nand2_1)
                                         _050_ (net)
                  0.25    0.00    1.39 ^ _084_/A (sky130_fd_sc_hd__and2_1)
     1    0.01    0.12    0.33    1.72 ^ _084_/X (sky130_fd_sc_hd__and2_1)
                                         _052_ (net)
                  0.12    0.00    1.72 ^ _085_/A (sky130_fd_sc_hd__clkbuf_1)
     1    0.01    0.11    0.20    1.93 ^ _085_/X (sky130_fd_sc_hd__clkbuf_1)
                                         _015_ (net)
                  0.11    0.00    1.93 ^ _133_/D (sky130_fd_sc_hd__dfxtp_1)
                                  1.93   data arrival time

                          0.00    0.00   clock clk (rise edge)
                          0.00    0.00   clock source latency
     1    0.02    0.00    0.00    0.00 ^ clk (in)
                                         clk (net)
                  0.00    0.00    0.00 ^ clkbuf_0_clk/A (sky130_fd_sc_hd__clkbuf_16)
     2    0.02    0.07    0.19    0.19 ^ clkbuf_0_clk/X (sky130_fd_sc_hd__clkbuf_16)
                                         clknet_0_clk (net)
                  0.07    0.00    0.19 ^ clkbuf_1_0__f_clk/A (sky130_fd_sc_hd__clkbuf_16)
    10    0.04    0.09    0.24    0.43 ^ clkbuf_1_0__f_clk/X (sky130_fd_sc_hd__clkbuf_16)
                                         clknet_1_0__leaf_clk (net)
                  0.09    0.00    0.43 ^ _133_/CLK (sky130_fd_sc_hd__dfxtp_1)
                          0.20    0.63   clock uncertainty
                          0.00    0.63   clock reconvergence pessimism
                         -0.08    0.55   library hold time
                                  0.55   data required time
-----------------------------------------------------------------------------
                                  0.55   data required time
                                 -1.93   data arrival time
-----------------------------------------------------------------------------
                                  1.37   slack (MET)


Startpoint: _149_ (rising edge-triggered flip-flop clocked by clk)
Endpoint: _149_ (rising edge-triggered flip-flop clocked by clk)
Path Group: clk
Path Type: min
Corner: Slowest

Fanout     Cap    Slew   Delay    Time   Description
-----------------------------------------------------------------------------
                          0.00    0.00   clock clk (rise edge)
                          0.00    0.00   clock source latency
     1    0.02    0.00    0.00    0.00 ^ clk (in)
                                         clk (net)
                  0.00    0.00    0.00 ^ clkbuf_0_clk/A (sky130_fd_sc_hd__clkbuf_16)
     2    0.02    0.07    0.19    0.19 ^ clkbuf_0_clk/X (sky130_fd_sc_hd__clkbuf_16)
                                         clknet_0_clk (net)
                  0.07    0.00    0.19 ^ clkbuf_1_0__f_clk/A (sky130_fd_sc_hd__clkbuf_16)
    10    0.04    0.09    0.24    0.43 ^ clkbuf_1_0__f_clk/X (sky130_fd_sc_hd__clkbuf_16)
                                         clknet_1_0__leaf_clk (net)
                  0.09    0.00    0.43 ^ _149_/CLK (sky130_fd_sc_hd__dfxtp_1)
     3    0.02    0.20    0.71    1.14 v _149_/Q (sky130_fd_sc_hd__dfxtp_1)
                                         div_cntr[17] (net)
                  0.20    0.00    1.14 v _121_/B (sky130_fd_sc_hd__nand3_2)
     2    0.02    0.18    0.26    1.40 ^ _121_/Y (sky130_fd_sc_hd__nand3_2)
                                         _038_ (net)
                  0.18    0.00    1.40 ^ _123_/A (sky130_fd_sc_hd__and2_1)
     1    0.01    0.14    0.32    1.72 ^ _123_/X (sky130_fd_sc_hd__and2_1)
                                         _040_ (net)
                  0.14    0.00    1.72 ^ _124_/A (sky130_fd_sc_hd__buf_1)
     1    0.02    0.32    0.36    2.08 ^ _124_/X (sky130_fd_sc_hd__buf_1)
                                         _012_ (net)
                  0.32    0.00    2.08 ^ _149_/D (sky130_fd_sc_hd__dfxtp_1)
                                  2.08   data arrival time

                          0.00    0.00   clock clk (rise edge)
                          0.00    0.00   clock source latency
     1    0.02    0.00    0.00    0.00 ^ clk (in)
                                         clk (net)
                  0.00    0.00    0.00 ^ clkbuf_0_clk/A (sky130_fd_sc_hd__clkbuf_16)
     2    0.02    0.07    0.19    0.19 ^ clkbuf_0_clk/X (sky130_fd_sc_hd__clkbuf_16)
                                         clknet_0_clk (net)
                  0.07    0.00    0.19 ^ clkbuf_1_0__f_clk/A (sky130_fd_sc_hd__clkbuf_16)
    10    0.04    0.09    0.24    0.43 ^ clkbuf_1_0__f_clk/X (sky130_fd_sc_hd__clkbuf_16)
                                         clknet_1_0__leaf_clk (net)
                  0.09    0.00    0.43 ^ _149_/CLK (sky130_fd_sc_hd__dfxtp_1)
                          0.20    0.63   clock uncertainty
                          0.00    0.63   clock reconvergence pessimism
                         -0.13    0.51   library hold time
                                  0.51   data required time
-----------------------------------------------------------------------------
                                  0.51   data required time
                                 -2.08   data arrival time
-----------------------------------------------------------------------------
                                  1.58   slack (MET)


Startpoint: _132_ (rising edge-triggered flip-flop clocked by clk)
Endpoint: _135_ (rising edge-triggered flip-flop clocked by clk)
Path Group: clk
Path Type: min
Corner: Slowest

Fanout     Cap    Slew   Delay    Time   Description
-----------------------------------------------------------------------------
                          0.00    0.00   clock clk (rise edge)
                          0.00    0.00   clock source latency
     1    0.02    0.00    0.00    0.00 ^ clk (in)
                                         clk (net)
                  0.00    0.00    0.00 ^ clkbuf_0_clk/A (sky130_fd_sc_hd__clkbuf_16)
     2    0.02    0.07    0.19    0.19 ^ clkbuf_0_clk/X (sky130_fd_sc_hd__clkbuf_16)
                                         clknet_0_clk (net)
                  0.07    0.00    0.19 ^ clkbuf_1_0__f_clk/A (sky130_fd_sc_hd__clkbuf_16)
    10    0.04    0.09    0.24    0.43 ^ clkbuf_1_0__f_clk/X (sky130_fd_sc_hd__clkbuf_16)
                                         clknet_1_0__leaf_clk (net)
                  0.09    0.00    0.43 ^ _132_/CLK (sky130_fd_sc_hd__dfxtp_2)
     5    0.03    0.14    0.70    1.13 v _132_/Q (sky130_fd_sc_hd__dfxtp_2)
                                         div_cntr[0] (net)
                  0.14    0.00    1.13 v _089_/A1 (sky130_fd_sc_hd__a31o_1)
     1    0.00    0.07    0.36    1.49 v _089_/X (sky130_fd_sc_hd__a31o_1)
                                         _055_ (net)
                  0.07    0.00    1.49 v _090_/B (sky130_fd_sc_hd__and2b_1)
     1    0.02    0.17    0.43    1.92 v _090_/X (sky130_fd_sc_hd__and2b_1)
                                         _056_ (net)
                  0.17    0.00    1.92 v _091_/A (sky130_fd_sc_hd__buf_1)
     1    0.02    0.21    0.34    2.26 v _091_/X (sky130_fd_sc_hd__buf_1)
                                         _017_ (net)
                  0.21    0.00    2.26 v _135_/D (sky130_fd_sc_hd__dfxtp_1)
                                  2.26   data arrival time

                          0.00    0.00   clock clk (rise edge)
                          0.00    0.00   clock source latency
     1    0.02    0.00    0.00    0.00 ^ clk (in)
                                         clk (net)
                  0.00    0.00    0.00 ^ clkbuf_0_clk/A (sky130_fd_sc_hd__clkbuf_16)
     2    0.02    0.07    0.19    0.19 ^ clkbuf_0_clk/X (sky130_fd_sc_hd__clkbuf_16)
                                         clknet_0_clk (net)
                  0.07    0.00    0.19 ^ clkbuf_1_0__f_clk/A (sky130_fd_sc_hd__clkbuf_16)
    10    0.04    0.09    0.24    0.43 ^ clkbuf_1_0__f_clk/X (sky130_fd_sc_hd__clkbuf_16)
                                         clknet_1_0__leaf_clk (net)
                  0.09    0.00    0.43 ^ _135_/CLK (sky130_fd_sc_hd__dfxtp_1)
                          0.20    0.63   clock uncertainty
                          0.00    0.63   clock reconvergence pessimism
                         -0.16    0.48   library hold time
                                  0.48   data required time
-----------------------------------------------------------------------------
                                  0.48   data required time
                                 -2.26   data arrival time
-----------------------------------------------------------------------------
                                  1.78   slack (MET)


Startpoint: _132_ (rising edge-triggered flip-flop clocked by clk)
Endpoint: _132_ (rising edge-triggered flip-flop clocked by clk)
Path Group: clk
Path Type: min
Corner: Slowest

Fanout     Cap    Slew   Delay    Time   Description
-----------------------------------------------------------------------------
                          0.00    0.00   clock clk (rise edge)
                          0.00    0.00   clock source latency
     1    0.02    0.00    0.00    0.00 ^ clk (in)
                                         clk (net)
                  0.00    0.00    0.00 ^ clkbuf_0_clk/A (sky130_fd_sc_hd__clkbuf_16)
     2    0.02    0.07    0.19    0.19 ^ clkbuf_0_clk/X (sky130_fd_sc_hd__clkbuf_16)
                                         clknet_0_clk (net)
                  0.07    0.00    0.19 ^ clkbuf_1_0__f_clk/A (sky130_fd_sc_hd__clkbuf_16)
    10    0.04    0.09    0.24    0.43 ^ clkbuf_1_0__f_clk/X (sky130_fd_sc_hd__clkbuf_16)
                                         clknet_1_0__leaf_clk (net)
                  0.09    0.00    0.43 ^ _132_/CLK (sky130_fd_sc_hd__dfxtp_2)
     5    0.03    0.14    0.70    1.13 v _132_/Q (sky130_fd_sc_hd__dfxtp_2)
                                         div_cntr[0] (net)
                  0.14    0.00    1.13 v hold1/A (sky130_fd_sc_hd__dlygate4sd3_1)
     1    0.01    0.13    1.19    2.32 v hold1/X (sky130_fd_sc_hd__dlygate4sd3_1)
                                         net17 (net)
                  0.13    0.00    2.32 v _081_/A (sky130_fd_sc_hd__inv_2)
     1    0.00    0.05    0.10    2.42 ^ _081_/Y (sky130_fd_sc_hd__inv_2)
                                         _004_ (net)
                  0.05    0.00    2.42 ^ _132_/D (sky130_fd_sc_hd__dfxtp_2)
                                  2.42   data arrival time

                          0.00    0.00   clock clk (rise edge)
                          0.00    0.00   clock source latency
     1    0.02    0.00    0.00    0.00 ^ clk (in)
                                         clk (net)
                  0.00    0.00    0.00 ^ clkbuf_0_clk/A (sky130_fd_sc_hd__clkbuf_16)
     2    0.02    0.07    0.19    0.19 ^ clkbuf_0_clk/X (sky130_fd_sc_hd__clkbuf_16)
                                         clknet_0_clk (net)
                  0.07    0.00    0.19 ^ clkbuf_1_0__f_clk/A (sky130_fd_sc_hd__clkbuf_16)
    10    0.04    0.09    0.24    0.43 ^ clkbuf_1_0__f_clk/X (sky130_fd_sc_hd__clkbuf_16)
                                         clknet_1_0__leaf_clk (net)
                  0.09    0.00    0.43 ^ _132_/CLK (sky130_fd_sc_hd__dfxtp_2)
                          0.20    0.63   clock uncertainty
                          0.00    0.63   clock reconvergence pessimism
                         -0.07    0.57   library hold time
                                  0.57   data required time
-----------------------------------------------------------------------------
                                  0.57   data required time
                                 -2.42   data arrival time
-----------------------------------------------------------------------------
                                  1.85   slack (MET)



worst slack corner Slowest: 0.9246
======================= Typical Corner ===================================

Startpoint: _147_ (rising edge-triggered flip-flop clocked by clk)
Endpoint: _147_ (rising edge-triggered flip-flop clocked by clk)
Path Group: clk
Path Type: min
Corner: Typical

Fanout     Cap    Slew   Delay    Time   Description
-----------------------------------------------------------------------------
                          0.00    0.00   clock clk (rise edge)
                          0.00    0.00   clock source latency
     1    0.02    0.00    0.00    0.00 ^ clk (in)
                                         clk (net)
                  0.00    0.00    0.00 ^ clkbuf_0_clk/A (sky130_fd_sc_hd__clkbuf_16)
     2    0.02    0.04    0.11    0.11 ^ clkbuf_0_clk/X (sky130_fd_sc_hd__clkbuf_16)
                                         clknet_0_clk (net)
                  0.04    0.00    0.11 ^ clkbuf_1_1__f_clk/A (sky130_fd_sc_hd__clkbuf_16)
    11    0.04    0.06    0.14    0.25 ^ clkbuf_1_1__f_clk/X (sky130_fd_sc_hd__clkbuf_16)
                                         clknet_1_1__leaf_clk (net)
                  0.06    0.00    0.25 ^ _147_/CLK (sky130_fd_sc_hd__dfxtp_1)
     2    0.01    0.12    0.37    0.62 ^ _147_/Q (sky130_fd_sc_hd__dfxtp_1)
                                         div_cntr[15] (net)
                  0.12    0.00    0.62 ^ _119_/A1 (sky130_fd_sc_hd__o21ba_1)
     1    0.00    0.06    0.16    0.78 ^ _119_/X (sky130_fd_sc_hd__o21ba_1)
                                         _010_ (net)
                  0.06    0.00    0.78 ^ _147_/D (sky130_fd_sc_hd__dfxtp_1)
                                  0.78   data arrival time

                          0.00    0.00   clock clk (rise edge)
                          0.00    0.00   clock source latency
     1    0.02    0.00    0.00    0.00 ^ clk (in)
                                         clk (net)
                  0.00    0.00    0.00 ^ clkbuf_0_clk/A (sky130_fd_sc_hd__clkbuf_16)
     2    0.02    0.04    0.11    0.11 ^ clkbuf_0_clk/X (sky130_fd_sc_hd__clkbuf_16)
                                         clknet_0_clk (net)
                  0.04    0.00    0.11 ^ clkbuf_1_1__f_clk/A (sky130_fd_sc_hd__clkbuf_16)
    11    0.04    0.06    0.14    0.25 ^ clkbuf_1_1__f_clk/X (sky130_fd_sc_hd__clkbuf_16)
                                         clknet_1_1__leaf_clk (net)
                  0.06    0.00    0.25 ^ _147_/CLK (sky130_fd_sc_hd__dfxtp_1)
                          0.20    0.45   clock uncertainty
                          0.00    0.45   clock reconvergence pessimism
                         -0.03    0.42   library hold time
                                  0.42   data required time
-----------------------------------------------------------------------------
                                  0.42   data required time
                                 -0.78   data arrival time
-----------------------------------------------------------------------------
                                  0.36   slack (MET)


Startpoint: _151_ (rising edge-triggered flip-flop clocked by clk)
Endpoint: _151_ (rising edge-triggered flip-flop clocked by clk)
Path Group: clk
Path Type: min
Corner: Typical

Fanout     Cap    Slew   Delay    Time   Description
-----------------------------------------------------------------------------
                          0.00    0.00   clock clk (rise edge)
                          0.00    0.00   clock source latency
     1    0.02    0.00    0.00    0.00 ^ clk (in)
                                         clk (net)
                  0.00    0.00    0.00 ^ clkbuf_0_clk/A (sky130_fd_sc_hd__clkbuf_16)
     2    0.02    0.04    0.11    0.11 ^ clkbuf_0_clk/X (sky130_fd_sc_hd__clkbuf_16)
                                         clknet_0_clk (net)
                  0.04    0.00    0.11 ^ clkbuf_1_1__f_clk/A (sky130_fd_sc_hd__clkbuf_16)
    11    0.04    0.06    0.14    0.25 ^ clkbuf_1_1__f_clk/X (sky130_fd_sc_hd__clkbuf_16)
                                         clknet_1_1__leaf_clk (net)
                  0.06    0.00    0.25 ^ _151_/CLK (sky130_fd_sc_hd__dfxtp_2)
     5    0.03    0.16    0.41    0.66 ^ _151_/Q (sky130_fd_sc_hd__dfxtp_2)
                                         u_cnt.clk (net)
                  0.16    0.00    0.66 ^ _127_/A (sky130_fd_sc_hd__xor2_1)
     1    0.01    0.06    0.12    0.78 v _127_/X (sky130_fd_sc_hd__xor2_1)
                                         _014_ (net)
                  0.06    0.00    0.78 v _151_/D (sky130_fd_sc_hd__dfxtp_2)
                                  0.78   data arrival time

                          0.00    0.00   clock clk (rise edge)
                          0.00    0.00   clock source latency
     1    0.02    0.00    0.00    0.00 ^ clk (in)
                                         clk (net)
                  0.00    0.00    0.00 ^ clkbuf_0_clk/A (sky130_fd_sc_hd__clkbuf_16)
     2    0.02    0.04    0.11    0.11 ^ clkbuf_0_clk/X (sky130_fd_sc_hd__clkbuf_16)
                                         clknet_0_clk (net)
                  0.04    0.00    0.11 ^ clkbuf_1_1__f_clk/A (sky130_fd_sc_hd__clkbuf_16)
    11    0.04    0.06    0.14    0.25 ^ clkbuf_1_1__f_clk/X (sky130_fd_sc_hd__clkbuf_16)
                                         clknet_1_1__leaf_clk (net)
                  0.06    0.00    0.25 ^ _151_/CLK (sky130_fd_sc_hd__dfxtp_2)
                          0.20    0.45   clock uncertainty
                          0.00    0.45   clock reconvergence pessimism
                         -0.05    0.41   library hold time
                                  0.41   data required time
-----------------------------------------------------------------------------
                                  0.41   data required time
                                 -0.78   data arrival time
-----------------------------------------------------------------------------
                                  0.38   slack (MET)


Startpoint: _150_ (rising edge-triggered flip-flop clocked by clk)
Endpoint: _150_ (rising edge-triggered flip-flop clocked by clk)
Path Group: clk
Path Type: min
Corner: Typical

Fanout     Cap    Slew   Delay    Time   Description
-----------------------------------------------------------------------------
                          0.00    0.00   clock clk (rise edge)
                          0.00    0.00   clock source latency
     1    0.02    0.00    0.00    0.00 ^ clk (in)
                                         clk (net)
                  0.00    0.00    0.00 ^ clkbuf_0_clk/A (sky130_fd_sc_hd__clkbuf_16)
     2    0.02    0.04    0.11    0.11 ^ clkbuf_0_clk/X (sky130_fd_sc_hd__clkbuf_16)
                                         clknet_0_clk (net)
                  0.04    0.00    0.11 ^ clkbuf_1_1__f_clk/A (sky130_fd_sc_hd__clkbuf_16)
    11    0.04    0.06    0.14    0.25 ^ clkbuf_1_1__f_clk/X (sky130_fd_sc_hd__clkbuf_16)
                                         clknet_1_1__leaf_clk (net)
                  0.06    0.00    0.25 ^ _150_/CLK (sky130_fd_sc_hd__dfxtp_1)
     2    0.02    0.09    0.35    0.61 v _150_/Q (sky130_fd_sc_hd__dfxtp_1)
                                         div_cntr[18] (net)
                  0.09    0.00    0.61 v _125_/A (sky130_fd_sc_hd__xnor2_1)
     1    0.01    0.07    0.17    0.77 v _125_/Y (sky130_fd_sc_hd__xnor2_1)
                                         _013_ (net)
                  0.07    0.00    0.78 v _150_/D (sky130_fd_sc_hd__dfxtp_1)
                                  0.78   data arrival time

                          0.00    0.00   clock clk (rise edge)
                          0.00    0.00   clock source latency
     1    0.02    0.00    0.00    0.00 ^ clk (in)
                                         clk (net)
                  0.00    0.00    0.00 ^ clkbuf_0_clk/A (sky130_fd_sc_hd__clkbuf_16)
     2    0.02    0.04    0.11    0.11 ^ clkbuf_0_clk/X (sky130_fd_sc_hd__clkbuf_16)
                                         clknet_0_clk (net)
                  0.04    0.00    0.11 ^ clkbuf_1_1__f_clk/A (sky130_fd_sc_hd__clkbuf_16)
    11    0.04    0.06    0.14    0.25 ^ clkbuf_1_1__f_clk/X (sky130_fd_sc_hd__clkbuf_16)
                                         clknet_1_1__leaf_clk (net)
                  0.06    0.00    0.25 ^ _150_/CLK (sky130_fd_sc_hd__dfxtp_1)
                          0.20    0.45   clock uncertainty
                          0.00    0.45   clock reconvergence pessimism
                         -0.06    0.39   library hold time
                                  0.39   data required time
-----------------------------------------------------------------------------
                                  0.39   data required time
                                 -0.78   data arrival time
-----------------------------------------------------------------------------
                                  0.38   slack (MET)


Startpoint: _134_ (rising edge-triggered flip-flop clocked by clk)
Endpoint: _134_ (rising edge-triggered flip-flop clocked by clk)
Path Group: clk
Path Type: min
Corner: Typical

Fanout     Cap    Slew   Delay    Time   Description
-----------------------------------------------------------------------------
                          0.00    0.00   clock clk (rise edge)
                          0.00    0.00   clock source latency
     1    0.02    0.00    0.00    0.00 ^ clk (in)
                                         clk (net)
                  0.00    0.00    0.00 ^ clkbuf_0_clk/A (sky130_fd_sc_hd__clkbuf_16)
     2    0.02    0.04    0.11    0.11 ^ clkbuf_0_clk/X (sky130_fd_sc_hd__clkbuf_16)
                                         clknet_0_clk (net)
                  0.04    0.00    0.11 ^ clkbuf_1_1__f_clk/A (sky130_fd_sc_hd__clkbuf_16)
    11    0.04    0.06    0.14    0.25 ^ clkbuf_1_1__f_clk/X (sky130_fd_sc_hd__clkbuf_16)
                                         clknet_1_1__leaf_clk (net)
                  0.06    0.00    0.25 ^ _134_/CLK (sky130_fd_sc_hd__dfxtp_1)
     3    0.02    0.09    0.35    0.61 v _134_/Q (sky130_fd_sc_hd__dfxtp_1)
                                         div_cntr[2] (net)
                  0.09    0.00    0.61 v _086_/A (sky130_fd_sc_hd__xnor2_1)
     1    0.01    0.07    0.17    0.78 v _086_/Y (sky130_fd_sc_hd__xnor2_1)
                                         _016_ (net)
                  0.07    0.00    0.78 v _134_/D (sky130_fd_sc_hd__dfxtp_1)
                                  0.78   data arrival time

                          0.00    0.00   clock clk (rise edge)
                          0.00    0.00   clock source latency
     1    0.02    0.00    0.00    0.00 ^ clk (in)
                                         clk (net)
                  0.00    0.00    0.00 ^ clkbuf_0_clk/A (sky130_fd_sc_hd__clkbuf_16)
     2    0.02    0.04    0.11    0.11 ^ clkbuf_0_clk/X (sky130_fd_sc_hd__clkbuf_16)
                                         clknet_0_clk (net)
                  0.04    0.00    0.11 ^ clkbuf_1_1__f_clk/A (sky130_fd_sc_hd__clkbuf_16)
    11    0.04    0.06    0.14    0.25 ^ clkbuf_1_1__f_clk/X (sky130_fd_sc_hd__clkbuf_16)
                                         clknet_1_1__leaf_clk (net)
                  0.06    0.00    0.25 ^ _134_/CLK (sky130_fd_sc_hd__dfxtp_1)
                          0.20    0.45   clock uncertainty
                          0.00    0.45   clock reconvergence pessimism
                         -0.06    0.39   library hold time
                                  0.39   data required time
-----------------------------------------------------------------------------
                                  0.39   data required time
                                 -0.78   data arrival time
-----------------------------------------------------------------------------
                                  0.39   slack (MET)


Startpoint: _146_ (rising edge-triggered flip-flop clocked by clk)
Endpoint: _146_ (rising edge-triggered flip-flop clocked by clk)
Path Group: clk
Path Type: min
Corner: Typical

Fanout     Cap    Slew   Delay    Time   Description
-----------------------------------------------------------------------------
                          0.00    0.00   clock clk (rise edge)
                          0.00    0.00   clock source latency
     1    0.02    0.00    0.00    0.00 ^ clk (in)
                                         clk (net)
                  0.00    0.00    0.00 ^ clkbuf_0_clk/A (sky130_fd_sc_hd__clkbuf_16)
     2    0.02    0.04    0.11    0.11 ^ clkbuf_0_clk/X (sky130_fd_sc_hd__clkbuf_16)
                                         clknet_0_clk (net)
                  0.04    0.00    0.11 ^ clkbuf_1_1__f_clk/A (sky130_fd_sc_hd__clkbuf_16)
    11    0.04    0.06    0.14    0.25 ^ clkbuf_1_1__f_clk/X (sky130_fd_sc_hd__clkbuf_16)
                                         clknet_1_1__leaf_clk (net)
                  0.06    0.00    0.25 ^ _146_/CLK (sky130_fd_sc_hd__dfxtp_1)
     3    0.02    0.22    0.44    0.69 ^ _146_/Q (sky130_fd_sc_hd__dfxtp_1)
                                         div_cntr[14] (net)
                  0.22    0.00    0.69 ^ _115_/A (sky130_fd_sc_hd__xor2_1)
     1    0.00    0.04    0.11    0.80 v _115_/X (sky130_fd_sc_hd__xor2_1)
                                         _009_ (net)
                  0.04    0.00    0.80 v _146_/D (sky130_fd_sc_hd__dfxtp_1)
                                  0.80   data arrival time

                          0.00    0.00   clock clk (rise edge)
                          0.00    0.00   clock source latency
     1    0.02    0.00    0.00    0.00 ^ clk (in)
                                         clk (net)
                  0.00    0.00    0.00 ^ clkbuf_0_clk/A (sky130_fd_sc_hd__clkbuf_16)
     2    0.02    0.04    0.11    0.11 ^ clkbuf_0_clk/X (sky130_fd_sc_hd__clkbuf_16)
                                         clknet_0_clk (net)
                  0.04    0.00    0.11 ^ clkbuf_1_1__f_clk/A (sky130_fd_sc_hd__clkbuf_16)
    11    0.04    0.06    0.14    0.25 ^ clkbuf_1_1__f_clk/X (sky130_fd_sc_hd__clkbuf_16)
                                         clknet_1_1__leaf_clk (net)
                  0.06    0.00    0.25 ^ _146_/CLK (sky130_fd_sc_hd__dfxtp_1)
                          0.20    0.45   clock uncertainty
                          0.00    0.45   clock reconvergence pessimism
                         -0.05    0.40   library hold time
                                  0.40   data required time
-----------------------------------------------------------------------------
                                  0.40   data required time
                                 -0.80   data arrival time
-----------------------------------------------------------------------------
                                  0.39   slack (MET)


Startpoint: _142_ (rising edge-triggered flip-flop clocked by clk)
Endpoint: _142_ (rising edge-triggered flip-flop clocked by clk)
Path Group: clk
Path Type: min
Corner: Typical

Fanout     Cap    Slew   Delay    Time   Description
-----------------------------------------------------------------------------
                          0.00    0.00   clock clk (rise edge)
                          0.00    0.00   clock source latency
     1    0.02    0.00    0.00    0.00 ^ clk (in)
                                         clk (net)
                  0.00    0.00    0.00 ^ clkbuf_0_clk/A (sky130_fd_sc_hd__clkbuf_16)
     2    0.02    0.04    0.11    0.11 ^ clkbuf_0_clk/X (sky130_fd_sc_hd__clkbuf_16)
                                         clknet_0_clk (net)
                  0.04    0.00    0.11 ^ clkbuf_1_0__f_clk/A (sky130_fd_sc_hd__clkbuf_16)
    10    0.04    0.06    0.14    0.25 ^ clkbuf_1_0__f_clk/X (sky130_fd_sc_hd__clkbuf_16)
                                         clknet_1_0__leaf_clk (net)
                  0.06    0.00    0.25 ^ _142_/CLK (sky130_fd_sc_hd__dfxtp_1)
     3    0.02    0.21    0.43    0.68 ^ _142_/Q (sky130_fd_sc_hd__dfxtp_1)
                                         div_cntr[10] (net)
                  0.21    0.00    0.68 ^ _105_/A (sky130_fd_sc_hd__xor2_1)
     1    0.01    0.05    0.12    0.80 v _105_/X (sky130_fd_sc_hd__xor2_1)
                                         _005_ (net)
                  0.05    0.00    0.80 v _142_/D (sky130_fd_sc_hd__dfxtp_1)
                                  0.80   data arrival time

                          0.00    0.00   clock clk (rise edge)
                          0.00    0.00   clock source latency
     1    0.02    0.00    0.00    0.00 ^ clk (in)
                                         clk (net)
                  0.00    0.00    0.00 ^ clkbuf_0_clk/A (sky130_fd_sc_hd__clkbuf_16)
     2    0.02    0.04    0.11    0.11 ^ clkbuf_0_clk/X (sky130_fd_sc_hd__clkbuf_16)
                                         clknet_0_clk (net)
                  0.04    0.00    0.11 ^ clkbuf_1_0__f_clk/A (sky130_fd_sc_hd__clkbuf_16)
    10    0.04    0.06    0.14    0.25 ^ clkbuf_1_0__f_clk/X (sky130_fd_sc_hd__clkbuf_16)
                                         clknet_1_0__leaf_clk (net)
                  0.06    0.00    0.25 ^ _142_/CLK (sky130_fd_sc_hd__dfxtp_1)
                          0.20    0.45   clock uncertainty
                          0.00    0.45   clock reconvergence pessimism
                         -0.05    0.39   library hold time
                                  0.39   data required time
-----------------------------------------------------------------------------
                                  0.39   data required time
                                 -0.80   data arrival time
-----------------------------------------------------------------------------
                                  0.40   slack (MET)


Startpoint: _143_ (rising edge-triggered flip-flop clocked by clk)
Endpoint: _143_ (rising edge-triggered flip-flop clocked by clk)
Path Group: clk
Path Type: min
Corner: Typical

Fanout     Cap    Slew   Delay    Time   Description
-----------------------------------------------------------------------------
                          0.00    0.00   clock clk (rise edge)
                          0.00    0.00   clock source latency
     1    0.02    0.00    0.00    0.00 ^ clk (in)
                                         clk (net)
                  0.00    0.00    0.00 ^ clkbuf_0_clk/A (sky130_fd_sc_hd__clkbuf_16)
     2    0.02    0.04    0.11    0.11 ^ clkbuf_0_clk/X (sky130_fd_sc_hd__clkbuf_16)
                                         clknet_0_clk (net)
                  0.04    0.00    0.11 ^ clkbuf_1_0__f_clk/A (sky130_fd_sc_hd__clkbuf_16)
    10    0.04    0.06    0.14    0.25 ^ clkbuf_1_0__f_clk/X (sky130_fd_sc_hd__clkbuf_16)
                                         clknet_1_0__leaf_clk (net)
                  0.06    0.00    0.25 ^ _143_/CLK (sky130_fd_sc_hd__dfxtp_1)
     2    0.01    0.13    0.37    0.62 ^ _143_/Q (sky130_fd_sc_hd__dfxtp_1)
                                         div_cntr[11] (net)
                  0.13    0.00    0.62 ^ _109_/A1 (sky130_fd_sc_hd__o21ba_1)
     1    0.01    0.10    0.19    0.81 ^ _109_/X (sky130_fd_sc_hd__o21ba_1)
                                         _006_ (net)
                  0.10    0.00    0.81 ^ _143_/D (sky130_fd_sc_hd__dfxtp_1)
                                  0.81   data arrival time

                          0.00    0.00   clock clk (rise edge)
                          0.00    0.00   clock source latency
     1    0.02    0.00    0.00    0.00 ^ clk (in)
                                         clk (net)
                  0.00    0.00    0.00 ^ clkbuf_0_clk/A (sky130_fd_sc_hd__clkbuf_16)
     2    0.02    0.04    0.11    0.11 ^ clkbuf_0_clk/X (sky130_fd_sc_hd__clkbuf_16)
                                         clknet_0_clk (net)
                  0.04    0.00    0.11 ^ clkbuf_1_0__f_clk/A (sky130_fd_sc_hd__clkbuf_16)
    10    0.04    0.06    0.14    0.25 ^ clkbuf_1_0__f_clk/X (sky130_fd_sc_hd__clkbuf_16)
                                         clknet_1_0__leaf_clk (net)
                  0.06    0.00    0.25 ^ _143_/CLK (sky130_fd_sc_hd__dfxtp_1)
                          0.20    0.45   clock uncertainty
                          0.00    0.45   clock reconvergence pessimism
                         -0.04    0.41   library hold time
                                  0.41   data required time
-----------------------------------------------------------------------------
                                  0.41   data required time
                                 -0.81   data arrival time
-----------------------------------------------------------------------------
                                  0.40   slack (MET)


Startpoint: _136_ (rising edge-triggered flip-flop clocked by clk)
Endpoint: _136_ (rising edge-triggered flip-flop clocked by clk)
Path Group: clk
Path Type: min
Corner: Typical

Fanout     Cap    Slew   Delay    Time   Description
-----------------------------------------------------------------------------
                          0.00    0.00   clock clk (rise edge)
                          0.00    0.00   clock source latency
     1    0.02    0.00    0.00    0.00 ^ clk (in)
                                         clk (net)
                  0.00    0.00    0.00 ^ clkbuf_0_clk/A (sky130_fd_sc_hd__clkbuf_16)
     2    0.02    0.04    0.11    0.11 ^ clkbuf_0_clk/X (sky130_fd_sc_hd__clkbuf_16)
                                         clknet_0_clk (net)
                  0.04    0.00    0.11 ^ clkbuf_1_1__f_clk/A (sky130_fd_sc_hd__clkbuf_16)
    11    0.04    0.06    0.14    0.25 ^ clkbuf_1_1__f_clk/X (sky130_fd_sc_hd__clkbuf_16)
                                         clknet_1_1__leaf_clk (net)
                  0.06    0.00    0.25 ^ _136_/CLK (sky130_fd_sc_hd__dfxtp_1)
     4    0.03    0.13    0.39    0.64 v _136_/Q (sky130_fd_sc_hd__dfxtp_1)
                                         div_cntr[4] (net)
                  0.13    0.00    0.64 v _092_/A (sky130_fd_sc_hd__xor2_1)
     1    0.00    0.10    0.18    0.82 ^ _092_/X (sky130_fd_sc_hd__xor2_1)
                                         _018_ (net)
                  0.10    0.00    0.82 ^ _136_/D (sky130_fd_sc_hd__dfxtp_1)
                                  0.82   data arrival time

                          0.00    0.00   clock clk (rise edge)
                          0.00    0.00   clock source latency
     1    0.02    0.00    0.00    0.00 ^ clk (in)
                                         clk (net)
                  0.00    0.00    0.00 ^ clkbuf_0_clk/A (sky130_fd_sc_hd__clkbuf_16)
     2    0.02    0.04    0.11    0.11 ^ clkbuf_0_clk/X (sky130_fd_sc_hd__clkbuf_16)
                                         clknet_0_clk (net)
                  0.04    0.00    0.11 ^ clkbuf_1_1__f_clk/A (sky130_fd_sc_hd__clkbuf_16)
    11    0.04    0.06    0.14    0.25 ^ clkbuf_1_1__f_clk/X (sky130_fd_sc_hd__clkbuf_16)
                                         clknet_1_1__leaf_clk (net)
                  0.06    0.00    0.25 ^ _136_/CLK (sky130_fd_sc_hd__dfxtp_1)
                          0.20    0.45   clock uncertainty
                          0.00    0.45   clock reconvergence pessimism
                         -0.04    0.41   library hold time
                                  0.41   data required time
-----------------------------------------------------------------------------
                                  0.41   data required time
                                 -0.82   data arrival time
-----------------------------------------------------------------------------
                                  0.40   slack (MET)


Startpoint: _139_ (rising edge-triggered flip-flop clocked by clk)
Endpoint: _139_ (rising edge-triggered flip-flop clocked by clk)
Path Group: clk
Path Type: min
Corner: Typical

Fanout     Cap    Slew   Delay    Time   Description
-----------------------------------------------------------------------------
                          0.00    0.00   clock clk (rise edge)
                          0.00    0.00   clock source latency
     1    0.02    0.00    0.00    0.00 ^ clk (in)
                                         clk (net)
                  0.00    0.00    0.00 ^ clkbuf_0_clk/A (sky130_fd_sc_hd__clkbuf_16)
     2    0.02    0.04    0.11    0.11 ^ clkbuf_0_clk/X (sky130_fd_sc_hd__clkbuf_16)
                                         clknet_0_clk (net)
                  0.04    0.00    0.11 ^ clkbuf_1_0__f_clk/A (sky130_fd_sc_hd__clkbuf_16)
    10    0.04    0.06    0.14    0.25 ^ clkbuf_1_0__f_clk/X (sky130_fd_sc_hd__clkbuf_16)
                                         clknet_1_0__leaf_clk (net)
                  0.06    0.00    0.25 ^ _139_/CLK (sky130_fd_sc_hd__dfxtp_1)
     2    0.02    0.09    0.35    0.60 v _139_/Q (sky130_fd_sc_hd__dfxtp_1)
                                         div_cntr[7] (net)
                  0.09    0.00    0.60 v _100_/A1 (sky130_fd_sc_hd__o21ba_1)
     1    0.01    0.04    0.21    0.81 v _100_/X (sky130_fd_sc_hd__o21ba_1)
                                         _021_ (net)
                  0.04    0.00    0.81 v _139_/D (sky130_fd_sc_hd__dfxtp_1)
                                  0.81   data arrival time

                          0.00    0.00   clock clk (rise edge)
                          0.00    0.00   clock source latency
     1    0.02    0.00    0.00    0.00 ^ clk (in)
                                         clk (net)
                  0.00    0.00    0.00 ^ clkbuf_0_clk/A (sky130_fd_sc_hd__clkbuf_16)
     2    0.02    0.04    0.11    0.11 ^ clkbuf_0_clk/X (sky130_fd_sc_hd__clkbuf_16)
                                         clknet_0_clk (net)
                  0.04    0.00    0.11 ^ clkbuf_1_0__f_clk/A (sky130_fd_sc_hd__clkbuf_16)
    10    0.04    0.06    0.14    0.25 ^ clkbuf_1_0__f_clk/X (sky130_fd_sc_hd__clkbuf_16)
                                         clknet_1_0__leaf_clk (net)
                  0.06    0.00    0.25 ^ _139_/CLK (sky130_fd_sc_hd__dfxtp_1)
                          0.20    0.45   clock uncertainty
                          0.00    0.45   clock reconvergence pessimism
                         -0.05    0.40   library hold time
                                  0.40   data required time
-----------------------------------------------------------------------------
                                  0.40   data required time
                                 -0.81   data arrival time
-----------------------------------------------------------------------------
                                  0.41   slack (MET)


Startpoint: _148_ (rising edge-triggered flip-flop clocked by clk)
Endpoint: _148_ (rising edge-triggered flip-flop clocked by clk)
Path Group: clk
Path Type: min
Corner: Typical

Fanout     Cap    Slew   Delay    Time   Description
-----------------------------------------------------------------------------
                          0.00    0.00   clock clk (rise edge)
                          0.00    0.00   clock source latency
     1    0.02    0.00    0.00    0.00 ^ clk (in)
                                         clk (net)
                  0.00    0.00    0.00 ^ clkbuf_0_clk/A (sky130_fd_sc_hd__clkbuf_16)
     2    0.02    0.04    0.11    0.11 ^ clkbuf_0_clk/X (sky130_fd_sc_hd__clkbuf_16)
                                         clknet_0_clk (net)
                  0.04    0.00    0.11 ^ clkbuf_1_0__f_clk/A (sky130_fd_sc_hd__clkbuf_16)
    10    0.04    0.06    0.14    0.25 ^ clkbuf_1_0__f_clk/X (sky130_fd_sc_hd__clkbuf_16)
                                         clknet_1_0__leaf_clk (net)
                  0.06    0.00    0.25 ^ _148_/CLK (sky130_fd_sc_hd__dfxtp_1)
     4    0.03    0.12    0.38    0.63 v _148_/Q (sky130_fd_sc_hd__dfxtp_1)
                                         div_cntr[16] (net)
                  0.12    0.00    0.63 v _120_/A (sky130_fd_sc_hd__xor2_1)
     1    0.01    0.05    0.20    0.83 v _120_/X (sky130_fd_sc_hd__xor2_1)
                                         _011_ (net)
                  0.05    0.00    0.83 v _148_/D (sky130_fd_sc_hd__dfxtp_1)
                                  0.83   data arrival time

                          0.00    0.00   clock clk (rise edge)
                          0.00    0.00   clock source latency
     1    0.02    0.00    0.00    0.00 ^ clk (in)
                                         clk (net)
                  0.00    0.00    0.00 ^ clkbuf_0_clk/A (sky130_fd_sc_hd__clkbuf_16)
     2    0.02    0.04    0.11    0.11 ^ clkbuf_0_clk/X (sky130_fd_sc_hd__clkbuf_16)
                                         clknet_0_clk (net)
                  0.04    0.00    0.11 ^ clkbuf_1_0__f_clk/A (sky130_fd_sc_hd__clkbuf_16)
    10    0.04    0.06    0.14    0.25 ^ clkbuf_1_0__f_clk/X (sky130_fd_sc_hd__clkbuf_16)
                                         clknet_1_0__leaf_clk (net)
                  0.06    0.00    0.25 ^ _148_/CLK (sky130_fd_sc_hd__dfxtp_1)
                          0.20    0.45   clock uncertainty
                          0.00    0.45   clock reconvergence pessimism
                         -0.05    0.40   library hold time
                                  0.40   data required time
-----------------------------------------------------------------------------
                                  0.40   data required time
                                 -0.83   data arrival time
-----------------------------------------------------------------------------
                                  0.43   slack (MET)


Startpoint: _141_ (rising edge-triggered flip-flop clocked by clk)
Endpoint: _141_ (rising edge-triggered flip-flop clocked by clk)
Path Group: clk
Path Type: min
Corner: Typical

Fanout     Cap    Slew   Delay    Time   Description
-----------------------------------------------------------------------------
                          0.00    0.00   clock clk (rise edge)
                          0.00    0.00   clock source latency
     1    0.02    0.00    0.00    0.00 ^ clk (in)
                                         clk (net)
                  0.00    0.00    0.00 ^ clkbuf_0_clk/A (sky130_fd_sc_hd__clkbuf_16)
     2    0.02    0.04    0.11    0.11 ^ clkbuf_0_clk/X (sky130_fd_sc_hd__clkbuf_16)
                                         clknet_0_clk (net)
                  0.04    0.00    0.11 ^ clkbuf_1_1__f_clk/A (sky130_fd_sc_hd__clkbuf_16)
    11    0.04    0.06    0.14    0.25 ^ clkbuf_1_1__f_clk/X (sky130_fd_sc_hd__clkbuf_16)
                                         clknet_1_1__leaf_clk (net)
                  0.06    0.00    0.25 ^ _141_/CLK (sky130_fd_sc_hd__dfxtp_1)
     4    0.02    0.17    0.40    0.66 ^ _141_/Q (sky130_fd_sc_hd__dfxtp_1)
                                         div_cntr[9] (net)
                  0.17    0.00    0.66 ^ _102_/B1 (sky130_fd_sc_hd__a21oi_1)
     1    0.01    0.06    0.08    0.74 v _102_/Y (sky130_fd_sc_hd__a21oi_1)
                                         _062_ (net)
                  0.06    0.00    0.74 v _104_/A (sky130_fd_sc_hd__nor2_1)
     1    0.00    0.09    0.11    0.85 ^ _104_/Y (sky130_fd_sc_hd__nor2_1)
                                         _023_ (net)
                  0.09    0.00    0.85 ^ _141_/D (sky130_fd_sc_hd__dfxtp_1)
                                  0.85   data arrival time

                          0.00    0.00   clock clk (rise edge)
                          0.00    0.00   clock source latency
     1    0.02    0.00    0.00    0.00 ^ clk (in)
                                         clk (net)
                  0.00    0.00    0.00 ^ clkbuf_0_clk/A (sky130_fd_sc_hd__clkbuf_16)
     2    0.02    0.04    0.11    0.11 ^ clkbuf_0_clk/X (sky130_fd_sc_hd__clkbuf_16)
                                         clknet_0_clk (net)
                  0.04    0.00    0.11 ^ clkbuf_1_1__f_clk/A (sky130_fd_sc_hd__clkbuf_16)
    11    0.04    0.06    0.14    0.25 ^ clkbuf_1_1__f_clk/X (sky130_fd_sc_hd__clkbuf_16)
                                         clknet_1_1__leaf_clk (net)
                  0.06    0.00    0.25 ^ _141_/CLK (sky130_fd_sc_hd__dfxtp_1)
                          0.20    0.45   clock uncertainty
                          0.00    0.45   clock reconvergence pessimism
                         -0.04    0.41   library hold time
                                  0.41   data required time
-----------------------------------------------------------------------------
                                  0.41   data required time
                                 -0.85   data arrival time
-----------------------------------------------------------------------------
                                  0.44   slack (MET)


Startpoint: _140_ (rising edge-triggered flip-flop clocked by clk)
Endpoint: _140_ (rising edge-triggered flip-flop clocked by clk)
Path Group: clk
Path Type: min
Corner: Typical

Fanout     Cap    Slew   Delay    Time   Description
-----------------------------------------------------------------------------
                          0.00    0.00   clock clk (rise edge)
                          0.00    0.00   clock source latency
     1    0.02    0.00    0.00    0.00 ^ clk (in)
                                         clk (net)
                  0.00    0.00    0.00 ^ clkbuf_0_clk/A (sky130_fd_sc_hd__clkbuf_16)
     2    0.02    0.04    0.11    0.11 ^ clkbuf_0_clk/X (sky130_fd_sc_hd__clkbuf_16)
                                         clknet_0_clk (net)
                  0.04    0.00    0.11 ^ clkbuf_1_0__f_clk/A (sky130_fd_sc_hd__clkbuf_16)
    10    0.04    0.06    0.14    0.25 ^ clkbuf_1_0__f_clk/X (sky130_fd_sc_hd__clkbuf_16)
                                         clknet_1_0__leaf_clk (net)
                  0.06    0.00    0.25 ^ _140_/CLK (sky130_fd_sc_hd__dfxtp_1)
     5    0.03    0.13    0.38    0.63 v _140_/Q (sky130_fd_sc_hd__dfxtp_1)
                                         div_cntr[8] (net)
                  0.13    0.00    0.63 v _101_/A (sky130_fd_sc_hd__xor2_1)
     1    0.01    0.05    0.20    0.83 v _101_/X (sky130_fd_sc_hd__xor2_1)
                                         _022_ (net)
                  0.05    0.00    0.83 v _140_/D (sky130_fd_sc_hd__dfxtp_1)
                                  0.83   data arrival time

                          0.00    0.00   clock clk (rise edge)
                          0.00    0.00   clock source latency
     1    0.02    0.00    0.00    0.00 ^ clk (in)
                                         clk (net)
                  0.00    0.00    0.00 ^ clkbuf_0_clk/A (sky130_fd_sc_hd__clkbuf_16)
     2    0.02    0.04    0.11    0.11 ^ clkbuf_0_clk/X (sky130_fd_sc_hd__clkbuf_16)
                                         clknet_0_clk (net)
                  0.04    0.00    0.11 ^ clkbuf_1_0__f_clk/A (sky130_fd_sc_hd__clkbuf_16)
    10    0.04    0.06    0.14    0.25 ^ clkbuf_1_0__f_clk/X (sky130_fd_sc_hd__clkbuf_16)
                                         clknet_1_0__leaf_clk (net)
                  0.06    0.00    0.25 ^ _140_/CLK (sky130_fd_sc_hd__dfxtp_1)
                          0.20    0.45   clock uncertainty
                          0.00    0.45   clock reconvergence pessimism
                         -0.05    0.39   library hold time
                                  0.39   data required time
-----------------------------------------------------------------------------
                                  0.39   data required time
                                 -0.83   data arrival time
-----------------------------------------------------------------------------
                                  0.44   slack (MET)


Startpoint: _138_ (rising edge-triggered flip-flop clocked by clk)
Endpoint: _138_ (rising edge-triggered flip-flop clocked by clk)
Path Group: clk
Path Type: min
Corner: Typical

Fanout     Cap    Slew   Delay    Time   Description
-----------------------------------------------------------------------------
                          0.00    0.00   clock clk (rise edge)
                          0.00    0.00   clock source latency
     1    0.02    0.00    0.00    0.00 ^ clk (in)
                                         clk (net)
                  0.00    0.00    0.00 ^ clkbuf_0_clk/A (sky130_fd_sc_hd__clkbuf_16)
     2    0.02    0.04    0.11    0.11 ^ clkbuf_0_clk/X (sky130_fd_sc_hd__clkbuf_16)
                                         clknet_0_clk (net)
                  0.04    0.00    0.11 ^ clkbuf_1_1__f_clk/A (sky130_fd_sc_hd__clkbuf_16)
    11    0.04    0.06    0.14    0.25 ^ clkbuf_1_1__f_clk/X (sky130_fd_sc_hd__clkbuf_16)
                                         clknet_1_1__leaf_clk (net)
                  0.06    0.00    0.25 ^ _138_/CLK (sky130_fd_sc_hd__dfxtp_1)
     3    0.02    0.11    0.37    0.62 v _138_/Q (sky130_fd_sc_hd__dfxtp_1)
                                         div_cntr[6] (net)
                  0.11    0.00    0.62 v _096_/A (sky130_fd_sc_hd__xor2_1)
     1    0.01    0.07    0.22    0.84 v _096_/X (sky130_fd_sc_hd__xor2_1)
                                         _020_ (net)
                  0.07    0.00    0.84 v _138_/D (sky130_fd_sc_hd__dfxtp_1)
                                  0.84   data arrival time

                          0.00    0.00   clock clk (rise edge)
                          0.00    0.00   clock source latency
     1    0.02    0.00    0.00    0.00 ^ clk (in)
                                         clk (net)
                  0.00    0.00    0.00 ^ clkbuf_0_clk/A (sky130_fd_sc_hd__clkbuf_16)
     2    0.02    0.04    0.11    0.11 ^ clkbuf_0_clk/X (sky130_fd_sc_hd__clkbuf_16)
                                         clknet_0_clk (net)
                  0.04    0.00    0.11 ^ clkbuf_1_1__f_clk/A (sky130_fd_sc_hd__clkbuf_16)
    11    0.04    0.06    0.14    0.25 ^ clkbuf_1_1__f_clk/X (sky130_fd_sc_hd__clkbuf_16)
                                         clknet_1_1__leaf_clk (net)
                  0.06    0.00    0.25 ^ _138_/CLK (sky130_fd_sc_hd__dfxtp_1)
                          0.20    0.45   clock uncertainty
                          0.00    0.45   clock reconvergence pessimism
                         -0.06    0.39   library hold time
                                  0.39   data required time
-----------------------------------------------------------------------------
                                  0.39   data required time
                                 -0.84   data arrival time
-----------------------------------------------------------------------------
                                  0.45   slack (MET)


Startpoint: _145_ (rising edge-triggered flip-flop clocked by clk)
Endpoint: _145_ (rising edge-triggered flip-flop clocked by clk)
Path Group: clk
Path Type: min
Corner: Typical

Fanout     Cap    Slew   Delay    Time   Description
-----------------------------------------------------------------------------
                          0.00    0.00   clock clk (rise edge)
                          0.00    0.00   clock source latency
     1    0.02    0.00    0.00    0.00 ^ clk (in)
                                         clk (net)
                  0.00    0.00    0.00 ^ clkbuf_0_clk/A (sky130_fd_sc_hd__clkbuf_16)
     2    0.02    0.04    0.11    0.11 ^ clkbuf_0_clk/X (sky130_fd_sc_hd__clkbuf_16)
                                         clknet_0_clk (net)
                  0.04    0.00    0.11 ^ clkbuf_1_1__f_clk/A (sky130_fd_sc_hd__clkbuf_16)
    11    0.04    0.06    0.14    0.25 ^ clkbuf_1_1__f_clk/X (sky130_fd_sc_hd__clkbuf_16)
                                         clknet_1_1__leaf_clk (net)
                  0.06    0.00    0.25 ^ _145_/CLK (sky130_fd_sc_hd__dfxtp_1)
     4    0.03    0.13    0.38    0.64 v _145_/Q (sky130_fd_sc_hd__dfxtp_1)
                                         div_cntr[13] (net)
                  0.13    0.00    0.64 v _114_/A1 (sky130_fd_sc_hd__o21ba_1)
     1    0.01    0.06    0.24    0.88 v _114_/X (sky130_fd_sc_hd__o21ba_1)
                                         _008_ (net)
                  0.06    0.00    0.88 v _145_/D (sky130_fd_sc_hd__dfxtp_1)
                                  0.88   data arrival time

                          0.00    0.00   clock clk (rise edge)
                          0.00    0.00   clock source latency
     1    0.02    0.00    0.00    0.00 ^ clk (in)
                                         clk (net)
                  0.00    0.00    0.00 ^ clkbuf_0_clk/A (sky130_fd_sc_hd__clkbuf_16)
     2    0.02    0.04    0.11    0.11 ^ clkbuf_0_clk/X (sky130_fd_sc_hd__clkbuf_16)
                                         clknet_0_clk (net)
                  0.04    0.00    0.11 ^ clkbuf_1_1__f_clk/A (sky130_fd_sc_hd__clkbuf_16)
    11    0.04    0.06    0.14    0.25 ^ clkbuf_1_1__f_clk/X (sky130_fd_sc_hd__clkbuf_16)
                                         clknet_1_1__leaf_clk (net)
                  0.06    0.00    0.25 ^ _145_/CLK (sky130_fd_sc_hd__dfxtp_1)
                          0.20    0.45   clock uncertainty
                          0.00    0.45   clock reconvergence pessimism
                         -0.06    0.40   library hold time
                                  0.40   data required time
-----------------------------------------------------------------------------
                                  0.40   data required time
                                 -0.88   data arrival time
-----------------------------------------------------------------------------
                                  0.48   slack (MET)


Startpoint: _137_ (rising edge-triggered flip-flop clocked by clk)
Endpoint: _137_ (rising edge-triggered flip-flop clocked by clk)
Path Group: clk
Path Type: min
Corner: Typical

Fanout     Cap    Slew   Delay    Time   Description
-----------------------------------------------------------------------------
                          0.00    0.00   clock clk (rise edge)
                          0.00    0.00   clock source latency
     1    0.02    0.00    0.00    0.00 ^ clk (in)
                                         clk (net)
                  0.00    0.00    0.00 ^ clkbuf_0_clk/A (sky130_fd_sc_hd__clkbuf_16)
     2    0.02    0.04    0.11    0.11 ^ clkbuf_0_clk/X (sky130_fd_sc_hd__clkbuf_16)
                                         clknet_0_clk (net)
                  0.04    0.00    0.11 ^ clkbuf_1_1__f_clk/A (sky130_fd_sc_hd__clkbuf_16)
    11    0.04    0.06    0.14    0.25 ^ clkbuf_1_1__f_clk/X (sky130_fd_sc_hd__clkbuf_16)
                                         clknet_1_1__leaf_clk (net)
                  0.06    0.00    0.25 ^ _137_/CLK (sky130_fd_sc_hd__dfxtp_1)
     3    0.02    0.11    0.37    0.63 v _137_/Q (sky130_fd_sc_hd__dfxtp_1)
                                         div_cntr[5] (net)
                  0.11    0.00    0.63 v _094_/B1 (sky130_fd_sc_hd__a21oi_1)
     1    0.01    0.16    0.19    0.82 ^ _094_/Y (sky130_fd_sc_hd__a21oi_1)
                                         _058_ (net)
                  0.16    0.00    0.82 ^ _095_/B (sky130_fd_sc_hd__nor2_1)
     1    0.01    0.07    0.10    0.92 v _095_/Y (sky130_fd_sc_hd__nor2_1)
                                         _019_ (net)
                  0.07    0.00    0.92 v _137_/D (sky130_fd_sc_hd__dfxtp_1)
                                  0.92   data arrival time

                          0.00    0.00   clock clk (rise edge)
                          0.00    0.00   clock source latency
     1    0.02    0.00    0.00    0.00 ^ clk (in)
                                         clk (net)
                  0.00    0.00    0.00 ^ clkbuf_0_clk/A (sky130_fd_sc_hd__clkbuf_16)
     2    0.02    0.04    0.11    0.11 ^ clkbuf_0_clk/X (sky130_fd_sc_hd__clkbuf_16)
                                         clknet_0_clk (net)
                  0.04    0.00    0.11 ^ clkbuf_1_1__f_clk/A (sky130_fd_sc_hd__clkbuf_16)
    11    0.04    0.06    0.14    0.25 ^ clkbuf_1_1__f_clk/X (sky130_fd_sc_hd__clkbuf_16)
                                         clknet_1_1__leaf_clk (net)
                  0.06    0.00    0.25 ^ _137_/CLK (sky130_fd_sc_hd__dfxtp_1)
                          0.20    0.45   clock uncertainty
                          0.00    0.45   clock reconvergence pessimism
                         -0.06    0.39   library hold time
                                  0.39   data required time
-----------------------------------------------------------------------------
                                  0.39   data required time
                                 -0.92   data arrival time
-----------------------------------------------------------------------------
                                  0.52   slack (MET)


Startpoint: _144_ (rising edge-triggered flip-flop clocked by clk)
Endpoint: _144_ (rising edge-triggered flip-flop clocked by clk)
Path Group: clk
Path Type: min
Corner: Typical

Fanout     Cap    Slew   Delay    Time   Description
-----------------------------------------------------------------------------
                          0.00    0.00   clock clk (rise edge)
                          0.00    0.00   clock source latency
     1    0.02    0.00    0.00    0.00 ^ clk (in)
                                         clk (net)
                  0.00    0.00    0.00 ^ clkbuf_0_clk/A (sky130_fd_sc_hd__clkbuf_16)
     2    0.02    0.04    0.11    0.11 ^ clkbuf_0_clk/X (sky130_fd_sc_hd__clkbuf_16)
                                         clknet_0_clk (net)
                  0.04    0.00    0.11 ^ clkbuf_1_1__f_clk/A (sky130_fd_sc_hd__clkbuf_16)
    11    0.04    0.06    0.14    0.25 ^ clkbuf_1_1__f_clk/X (sky130_fd_sc_hd__clkbuf_16)
                                         clknet_1_1__leaf_clk (net)
                  0.06    0.00    0.25 ^ _144_/CLK (sky130_fd_sc_hd__dfxtp_1)
     5    0.03    0.24    0.45    0.71 ^ _144_/Q (sky130_fd_sc_hd__dfxtp_1)
                                         div_cntr[12] (net)
                  0.24    0.00    0.71 ^ _111_/A (sky130_fd_sc_hd__nor2_1)
     1    0.01    0.09    0.13    0.84 v _111_/Y (sky130_fd_sc_hd__nor2_1)
                                         _033_ (net)
                  0.09    0.00    0.84 v _112_/B (sky130_fd_sc_hd__nor2_1)
     1    0.00    0.10    0.11    0.95 ^ _112_/Y (sky130_fd_sc_hd__nor2_1)
                                         _007_ (net)
                  0.10    0.00    0.95 ^ _144_/D (sky130_fd_sc_hd__dfxtp_1)
                                  0.95   data arrival time

                          0.00    0.00   clock clk (rise edge)
                          0.00    0.00   clock source latency
     1    0.02    0.00    0.00    0.00 ^ clk (in)
                                         clk (net)
                  0.00    0.00    0.00 ^ clkbuf_0_clk/A (sky130_fd_sc_hd__clkbuf_16)
     2    0.02    0.04    0.11    0.11 ^ clkbuf_0_clk/X (sky130_fd_sc_hd__clkbuf_16)
                                         clknet_0_clk (net)
                  0.04    0.00    0.11 ^ clkbuf_1_1__f_clk/A (sky130_fd_sc_hd__clkbuf_16)
    11    0.04    0.06    0.14    0.25 ^ clkbuf_1_1__f_clk/X (sky130_fd_sc_hd__clkbuf_16)
                                         clknet_1_1__leaf_clk (net)
                  0.06    0.00    0.25 ^ _144_/CLK (sky130_fd_sc_hd__dfxtp_1)
                          0.20    0.45   clock uncertainty
                          0.00    0.45   clock reconvergence pessimism
                         -0.04    0.41   library hold time
                                  0.41   data required time
-----------------------------------------------------------------------------
                                  0.41   data required time
                                 -0.95   data arrival time
-----------------------------------------------------------------------------
                                  0.54   slack (MET)


Startpoint: _132_ (rising edge-triggered flip-flop clocked by clk)
Endpoint: _133_ (rising edge-triggered flip-flop clocked by clk)
Path Group: clk
Path Type: min
Corner: Typical

Fanout     Cap    Slew   Delay    Time   Description
-----------------------------------------------------------------------------
                          0.00    0.00   clock clk (rise edge)
                          0.00    0.00   clock source latency
     1    0.02    0.00    0.00    0.00 ^ clk (in)
                                         clk (net)
                  0.00    0.00    0.00 ^ clkbuf_0_clk/A (sky130_fd_sc_hd__clkbuf_16)
     2    0.02    0.04    0.11    0.11 ^ clkbuf_0_clk/X (sky130_fd_sc_hd__clkbuf_16)
                                         clknet_0_clk (net)
                  0.04    0.00    0.11 ^ clkbuf_1_0__f_clk/A (sky130_fd_sc_hd__clkbuf_16)
    10    0.04    0.06    0.14    0.25 ^ clkbuf_1_0__f_clk/X (sky130_fd_sc_hd__clkbuf_16)
                                         clknet_1_0__leaf_clk (net)
                  0.06    0.00    0.25 ^ _132_/CLK (sky130_fd_sc_hd__dfxtp_2)
     5    0.03    0.08    0.36    0.61 v _132_/Q (sky130_fd_sc_hd__dfxtp_2)
                                         div_cntr[0] (net)
                  0.08    0.00    0.61 v _082_/A (sky130_fd_sc_hd__nand2_1)
     2    0.02    0.16    0.15    0.77 ^ _082_/Y (sky130_fd_sc_hd__nand2_1)
                                         _050_ (net)
                  0.16    0.00    0.77 ^ _084_/A (sky130_fd_sc_hd__and2_1)
     1    0.01    0.08    0.17    0.93 ^ _084_/X (sky130_fd_sc_hd__and2_1)
                                         _052_ (net)
                  0.08    0.00    0.93 ^ _085_/A (sky130_fd_sc_hd__clkbuf_1)
     1    0.01    0.07    0.11    1.04 ^ _085_/X (sky130_fd_sc_hd__clkbuf_1)
                                         _015_ (net)
                  0.07    0.00    1.04 ^ _133_/D (sky130_fd_sc_hd__dfxtp_1)
                                  1.04   data arrival time

                          0.00    0.00   clock clk (rise edge)
                          0.00    0.00   clock source latency
     1    0.02    0.00    0.00    0.00 ^ clk (in)
                                         clk (net)
                  0.00    0.00    0.00 ^ clkbuf_0_clk/A (sky130_fd_sc_hd__clkbuf_16)
     2    0.02    0.04    0.11    0.11 ^ clkbuf_0_clk/X (sky130_fd_sc_hd__clkbuf_16)
                                         clknet_0_clk (net)
                  0.04    0.00    0.11 ^ clkbuf_1_0__f_clk/A (sky130_fd_sc_hd__clkbuf_16)
    10    0.04    0.06    0.14    0.25 ^ clkbuf_1_0__f_clk/X (sky130_fd_sc_hd__clkbuf_16)
                                         clknet_1_0__leaf_clk (net)
                  0.06    0.00    0.25 ^ _133_/CLK (sky130_fd_sc_hd__dfxtp_1)
                          0.20    0.45   clock uncertainty
                          0.00    0.45   clock reconvergence pessimism
                         -0.03    0.41   library hold time
                                  0.41   data required time
-----------------------------------------------------------------------------
                                  0.41   data required time
                                 -1.04   data arrival time
-----------------------------------------------------------------------------
                                  0.63   slack (MET)


Startpoint: _149_ (rising edge-triggered flip-flop clocked by clk)
Endpoint: _149_ (rising edge-triggered flip-flop clocked by clk)
Path Group: clk
Path Type: min
Corner: Typical

Fanout     Cap    Slew   Delay    Time   Description
-----------------------------------------------------------------------------
                          0.00    0.00   clock clk (rise edge)
                          0.00    0.00   clock source latency
     1    0.02    0.00    0.00    0.00 ^ clk (in)
                                         clk (net)
                  0.00    0.00    0.00 ^ clkbuf_0_clk/A (sky130_fd_sc_hd__clkbuf_16)
     2    0.02    0.04    0.11    0.11 ^ clkbuf_0_clk/X (sky130_fd_sc_hd__clkbuf_16)
                                         clknet_0_clk (net)
                  0.04    0.00    0.11 ^ clkbuf_1_0__f_clk/A (sky130_fd_sc_hd__clkbuf_16)
    10    0.04    0.06    0.14    0.25 ^ clkbuf_1_0__f_clk/X (sky130_fd_sc_hd__clkbuf_16)
                                         clknet_1_0__leaf_clk (net)
                  0.06    0.00    0.25 ^ _149_/CLK (sky130_fd_sc_hd__dfxtp_1)
     3    0.02    0.11    0.37    0.61 v _149_/Q (sky130_fd_sc_hd__dfxtp_1)
                                         div_cntr[17] (net)
                  0.11    0.00    0.61 v _122_/B1 (sky130_fd_sc_hd__a21o_1)
     1    0.00    0.04    0.18    0.80 v _122_/X (sky130_fd_sc_hd__a21o_1)
                                         _039_ (net)
                  0.04    0.00    0.80 v _123_/B (sky130_fd_sc_hd__and2_1)
     1    0.01    0.05    0.17    0.96 v _123_/X (sky130_fd_sc_hd__and2_1)
                                         _040_ (net)
                  0.05    0.00    0.96 v _124_/A (sky130_fd_sc_hd__buf_1)
     1    0.02    0.10    0.15    1.12 v _124_/X (sky130_fd_sc_hd__buf_1)
                                         _012_ (net)
                  0.10    0.00    1.12 v _149_/D (sky130_fd_sc_hd__dfxtp_1)
                                  1.12   data arrival time

                          0.00    0.00   clock clk (rise edge)
                          0.00    0.00   clock source latency
     1    0.02    0.00    0.00    0.00 ^ clk (in)
                                         clk (net)
                  0.00    0.00    0.00 ^ clkbuf_0_clk/A (sky130_fd_sc_hd__clkbuf_16)
     2    0.02    0.04    0.11    0.11 ^ clkbuf_0_clk/X (sky130_fd_sc_hd__clkbuf_16)
                                         clknet_0_clk (net)
                  0.04    0.00    0.11 ^ clkbuf_1_0__f_clk/A (sky130_fd_sc_hd__clkbuf_16)
    10    0.04    0.06    0.14    0.25 ^ clkbuf_1_0__f_clk/X (sky130_fd_sc_hd__clkbuf_16)
                                         clknet_1_0__leaf_clk (net)
                  0.06    0.00    0.25 ^ _149_/CLK (sky130_fd_sc_hd__dfxtp_1)
                          0.20    0.45   clock uncertainty
                          0.00    0.45   clock reconvergence pessimism
                         -0.07    0.37   library hold time
                                  0.37   data required time
-----------------------------------------------------------------------------
                                  0.37   data required time
                                 -1.12   data arrival time
-----------------------------------------------------------------------------
                                  0.74   slack (MET)


Startpoint: _132_ (rising edge-triggered flip-flop clocked by clk)
Endpoint: _135_ (rising edge-triggered flip-flop clocked by clk)
Path Group: clk
Path Type: min
Corner: Typical

Fanout     Cap    Slew   Delay    Time   Description
-----------------------------------------------------------------------------
                          0.00    0.00   clock clk (rise edge)
                          0.00    0.00   clock source latency
     1    0.02    0.00    0.00    0.00 ^ clk (in)
                                         clk (net)
                  0.00    0.00    0.00 ^ clkbuf_0_clk/A (sky130_fd_sc_hd__clkbuf_16)
     2    0.02    0.04    0.11    0.11 ^ clkbuf_0_clk/X (sky130_fd_sc_hd__clkbuf_16)
                                         clknet_0_clk (net)
                  0.04    0.00    0.11 ^ clkbuf_1_0__f_clk/A (sky130_fd_sc_hd__clkbuf_16)
    10    0.04    0.06    0.14    0.25 ^ clkbuf_1_0__f_clk/X (sky130_fd_sc_hd__clkbuf_16)
                                         clknet_1_0__leaf_clk (net)
                  0.06    0.00    0.25 ^ _132_/CLK (sky130_fd_sc_hd__dfxtp_2)
     5    0.03    0.08    0.36    0.61 v _132_/Q (sky130_fd_sc_hd__dfxtp_2)
                                         div_cntr[0] (net)
                  0.08    0.00    0.61 v _089_/A1 (sky130_fd_sc_hd__a31o_1)
     1    0.00    0.04    0.19    0.80 v _089_/X (sky130_fd_sc_hd__a31o_1)
                                         _055_ (net)
                  0.04    0.00    0.80 v _090_/B (sky130_fd_sc_hd__and2b_1)
     1    0.02    0.09    0.20    1.00 v _090_/X (sky130_fd_sc_hd__and2b_1)
                                         _056_ (net)
                  0.09    0.00    1.00 v _091_/A (sky130_fd_sc_hd__buf_1)
     1    0.02    0.11    0.18    1.18 v _091_/X (sky130_fd_sc_hd__buf_1)
                                         _017_ (net)
                  0.11    0.00    1.18 v _135_/D (sky130_fd_sc_hd__dfxtp_1)
                                  1.18   data arrival time

                          0.00    0.00   clock clk (rise edge)
                          0.00    0.00   clock source latency
     1    0.02    0.00    0.00    0.00 ^ clk (in)
                                         clk (net)
                  0.00    0.00    0.00 ^ clkbuf_0_clk/A (sky130_fd_sc_hd__clkbuf_16)
     2    0.02    0.04    0.11    0.11 ^ clkbuf_0_clk/X (sky130_fd_sc_hd__clkbuf_16)
                                         clknet_0_clk (net)
                  0.04    0.00    0.11 ^ clkbuf_1_0__f_clk/A (sky130_fd_sc_hd__clkbuf_16)
    10    0.04    0.06    0.14    0.25 ^ clkbuf_1_0__f_clk/X (sky130_fd_sc_hd__clkbuf_16)
                                         clknet_1_0__leaf_clk (net)
                  0.06    0.00    0.25 ^ _135_/CLK (sky130_fd_sc_hd__dfxtp_1)
                          0.20    0.45   clock uncertainty
                          0.00    0.45   clock reconvergence pessimism
                         -0.08    0.37   library hold time
                                  0.37   data required time
-----------------------------------------------------------------------------
                                  0.37   data required time
                                 -1.18   data arrival time
-----------------------------------------------------------------------------
                                  0.81   slack (MET)


Startpoint: _132_ (rising edge-triggered flip-flop clocked by clk)
Endpoint: _132_ (rising edge-triggered flip-flop clocked by clk)
Path Group: clk
Path Type: min
Corner: Typical

Fanout     Cap    Slew   Delay    Time   Description
-----------------------------------------------------------------------------
                          0.00    0.00   clock clk (rise edge)
                          0.00    0.00   clock source latency
     1    0.02    0.00    0.00    0.00 ^ clk (in)
                                         clk (net)
                  0.00    0.00    0.00 ^ clkbuf_0_clk/A (sky130_fd_sc_hd__clkbuf_16)
     2    0.02    0.04    0.11    0.11 ^ clkbuf_0_clk/X (sky130_fd_sc_hd__clkbuf_16)
                                         clknet_0_clk (net)
                  0.04    0.00    0.11 ^ clkbuf_1_0__f_clk/A (sky130_fd_sc_hd__clkbuf_16)
    10    0.04    0.06    0.14    0.25 ^ clkbuf_1_0__f_clk/X (sky130_fd_sc_hd__clkbuf_16)
                                         clknet_1_0__leaf_clk (net)
                  0.06    0.00    0.25 ^ _132_/CLK (sky130_fd_sc_hd__dfxtp_2)
     5    0.03    0.08    0.36    0.61 v _132_/Q (sky130_fd_sc_hd__dfxtp_2)
                                         div_cntr[0] (net)
                  0.08    0.00    0.61 v hold1/A (sky130_fd_sc_hd__dlygate4sd3_1)
     1    0.01    0.06    0.58    1.19 v hold1/X (sky130_fd_sc_hd__dlygate4sd3_1)
                                         net17 (net)
                  0.06    0.00    1.19 v _081_/A (sky130_fd_sc_hd__inv_2)
     1    0.00    0.03    0.05    1.24 ^ _081_/Y (sky130_fd_sc_hd__inv_2)
                                         _004_ (net)
                  0.03    0.00    1.24 ^ _132_/D (sky130_fd_sc_hd__dfxtp_2)
                                  1.24   data arrival time

                          0.00    0.00   clock clk (rise edge)
                          0.00    0.00   clock source latency
     1    0.02    0.00    0.00    0.00 ^ clk (in)
                                         clk (net)
                  0.00    0.00    0.00 ^ clkbuf_0_clk/A (sky130_fd_sc_hd__clkbuf_16)
     2    0.02    0.04    0.11    0.11 ^ clkbuf_0_clk/X (sky130_fd_sc_hd__clkbuf_16)
                                         clknet_0_clk (net)
                  0.04    0.00    0.11 ^ clkbuf_1_0__f_clk/A (sky130_fd_sc_hd__clkbuf_16)
    10    0.04    0.06    0.14    0.25 ^ clkbuf_1_0__f_clk/X (sky130_fd_sc_hd__clkbuf_16)
                                         clknet_1_0__leaf_clk (net)
                  0.06    0.00    0.25 ^ _132_/CLK (sky130_fd_sc_hd__dfxtp_2)
                          0.20    0.45   clock uncertainty
                          0.00    0.45   clock reconvergence pessimism
                         -0.03    0.42   library hold time
                                  0.42   data required time
-----------------------------------------------------------------------------
                                  0.42   data required time
                                 -1.24   data arrival time
-----------------------------------------------------------------------------
                                  0.82   slack (MET)



worst slack corner Typical: 0.3578
