
===========================================================================
report_checks -path_delay max (Setup)
============================================================================
======================= Typical Corner ===================================

Startpoint: _462_ (rising edge-triggered flip-flop clocked by CLK100MHZ)
Endpoint: _440_ (rising edge-triggered flip-flop clocked by CLK100MHZ)
Path Group: CLK100MHZ
Path Type: max

Fanout     Cap    Slew   Delay    Time   Description
-----------------------------------------------------------------------------
                  0.00    0.00    0.00   clock CLK100MHZ (rise edge)
                          0.00    0.00   clock network delay (ideal)
                  0.00    0.00    0.00 ^ _462_/CLK (sky130_fd_sc_hd__dfrtp_2)
     4    0.01    0.06    0.39    0.39 v _462_/Q (sky130_fd_sc_hd__dfrtp_2)
                                         imem.address[0] (net)
                  0.06    0.00    0.39 v _221_/A (sky130_fd_sc_hd__buf_1)
    10    0.02    0.13    0.18    0.57 v _221_/X (sky130_fd_sc_hd__buf_1)
                                         _066_ (net)
                  0.13    0.00    0.57 v _222_/A (sky130_fd_sc_hd__buf_1)
     9    0.03    0.16    0.23    0.80 v _222_/X (sky130_fd_sc_hd__buf_1)
                                         _067_ (net)
                  0.16    0.00    0.80 v _246_/C (sky130_fd_sc_hd__and3b_2)
     1    0.00    0.04    0.25    1.04 v _246_/X (sky130_fd_sc_hd__and3b_2)
                                         _088_ (net)
                  0.04    0.00    1.04 v _247_/A (sky130_fd_sc_hd__buf_1)
     7    0.02    0.11    0.15    1.19 v _247_/X (sky130_fd_sc_hd__buf_1)
                                         _089_ (net)
                  0.11    0.00    1.19 v _248_/B (sky130_fd_sc_hd__or2_2)
     1    0.00    0.05    0.28    1.48 v _248_/X (sky130_fd_sc_hd__or2_2)
                                         _090_ (net)
                  0.05    0.00    1.48 v _249_/A (sky130_fd_sc_hd__buf_1)
     5    0.01    0.08    0.13    1.61 v _249_/X (sky130_fd_sc_hd__buf_1)
                                         _091_ (net)
                  0.08    0.00    1.61 v _266_/A2 (sky130_fd_sc_hd__a21o_2)
     2    0.00    0.04    0.22    1.83 v _266_/X (sky130_fd_sc_hd__a21o_2)
                                         _108_ (net)
                  0.04    0.00    1.83 v _268_/B (sky130_fd_sc_hd__or3_2)
     2    0.01    0.09    0.46    2.29 v _268_/X (sky130_fd_sc_hd__or3_2)
                                         _110_ (net)
                  0.09    0.00    2.29 v _312_/A2 (sky130_fd_sc_hd__a21oi_2)
     3    0.01    0.17    0.21    2.50 ^ _312_/Y (sky130_fd_sc_hd__a21oi_2)
                                         _154_ (net)
                  0.17    0.00    2.50 ^ _319_/A2 (sky130_fd_sc_hd__o21ai_2)
     3    0.01    0.07    0.09    2.59 v _319_/Y (sky130_fd_sc_hd__o21ai_2)
                                         _161_ (net)
                  0.07    0.00    2.59 v _327_/A (sky130_fd_sc_hd__or2_2)
     1    0.00    0.05    0.29    2.88 v _327_/X (sky130_fd_sc_hd__or2_2)
                                         _169_ (net)
                  0.05    0.00    2.88 v _332_/A2 (sky130_fd_sc_hd__a32o_2)
     8    0.02    0.08    0.32    3.20 v _332_/X (sky130_fd_sc_hd__a32o_2)
                                         _174_ (net)
                  0.08    0.00    3.20 v _371_/A1 (sky130_fd_sc_hd__mux2_2)
     1    0.00    0.05    0.27    3.46 v _371_/X (sky130_fd_sc_hd__mux2_2)
                                         _203_ (net)
                  0.05    0.00    3.46 v _372_/A (sky130_fd_sc_hd__buf_1)
     1    0.00    0.02    0.08    3.54 v _372_/X (sky130_fd_sc_hd__buf_1)
                                         _006_ (net)
                  0.02    0.00    3.54 v _440_/D (sky130_fd_sc_hd__dfxtp_2)
                                  3.54   data arrival time

                  0.00   10.00   10.00   clock CLK100MHZ (rise edge)
                          0.00   10.00   clock network delay (ideal)
                         -0.20    9.80   clock uncertainty
                          0.00    9.80   clock reconvergence pessimism
                                  9.80 ^ _440_/CLK (sky130_fd_sc_hd__dfxtp_2)
                         -0.11    9.69   library setup time
                                  9.69   data required time
-----------------------------------------------------------------------------
                                  9.69   data required time
                                 -3.54   data arrival time
-----------------------------------------------------------------------------
                                  6.14   slack (MET)


Startpoint: _462_ (rising edge-triggered flip-flop clocked by CLK100MHZ)
Endpoint: _445_ (rising edge-triggered flip-flop clocked by CLK100MHZ)
Path Group: CLK100MHZ
Path Type: max

Fanout     Cap    Slew   Delay    Time   Description
-----------------------------------------------------------------------------
                  0.00    0.00    0.00   clock CLK100MHZ (rise edge)
                          0.00    0.00   clock network delay (ideal)
                  0.00    0.00    0.00 ^ _462_/CLK (sky130_fd_sc_hd__dfrtp_2)
     4    0.01    0.06    0.39    0.39 v _462_/Q (sky130_fd_sc_hd__dfrtp_2)
                                         imem.address[0] (net)
                  0.06    0.00    0.39 v _221_/A (sky130_fd_sc_hd__buf_1)
    10    0.02    0.13    0.18    0.57 v _221_/X (sky130_fd_sc_hd__buf_1)
                                         _066_ (net)
                  0.13    0.00    0.57 v _222_/A (sky130_fd_sc_hd__buf_1)
     9    0.03    0.16    0.23    0.80 v _222_/X (sky130_fd_sc_hd__buf_1)
                                         _067_ (net)
                  0.16    0.00    0.80 v _246_/C (sky130_fd_sc_hd__and3b_2)
     1    0.00    0.04    0.25    1.04 v _246_/X (sky130_fd_sc_hd__and3b_2)
                                         _088_ (net)
                  0.04    0.00    1.04 v _247_/A (sky130_fd_sc_hd__buf_1)
     7    0.02    0.11    0.15    1.19 v _247_/X (sky130_fd_sc_hd__buf_1)
                                         _089_ (net)
                  0.11    0.00    1.19 v _248_/B (sky130_fd_sc_hd__or2_2)
     1    0.00    0.05    0.28    1.48 v _248_/X (sky130_fd_sc_hd__or2_2)
                                         _090_ (net)
                  0.05    0.00    1.48 v _249_/A (sky130_fd_sc_hd__buf_1)
     5    0.01    0.08    0.13    1.61 v _249_/X (sky130_fd_sc_hd__buf_1)
                                         _091_ (net)
                  0.08    0.00    1.61 v _266_/A2 (sky130_fd_sc_hd__a21o_2)
     2    0.00    0.04    0.22    1.83 v _266_/X (sky130_fd_sc_hd__a21o_2)
                                         _108_ (net)
                  0.04    0.00    1.83 v _268_/B (sky130_fd_sc_hd__or3_2)
     2    0.01    0.09    0.46    2.29 v _268_/X (sky130_fd_sc_hd__or3_2)
                                         _110_ (net)
                  0.09    0.00    2.29 v _312_/A2 (sky130_fd_sc_hd__a21oi_2)
     3    0.01    0.17    0.21    2.50 ^ _312_/Y (sky130_fd_sc_hd__a21oi_2)
                                         _154_ (net)
                  0.17    0.00    2.50 ^ _319_/A2 (sky130_fd_sc_hd__o21ai_2)
     3    0.01    0.07    0.09    2.59 v _319_/Y (sky130_fd_sc_hd__o21ai_2)
                                         _161_ (net)
                  0.07    0.00    2.59 v _327_/A (sky130_fd_sc_hd__or2_2)
     1    0.00    0.05    0.29    2.88 v _327_/X (sky130_fd_sc_hd__or2_2)
                                         _169_ (net)
                  0.05    0.00    2.88 v _332_/A2 (sky130_fd_sc_hd__a32o_2)
     8    0.02    0.08    0.32    3.20 v _332_/X (sky130_fd_sc_hd__a32o_2)
                                         _174_ (net)
                  0.08    0.00    3.20 v _393_/A1 (sky130_fd_sc_hd__mux2_2)
     1    0.00    0.05    0.27    3.46 v _393_/X (sky130_fd_sc_hd__mux2_2)
                                         _036_ (net)
                  0.05    0.00    3.46 v _394_/A (sky130_fd_sc_hd__buf_1)
     1    0.00    0.02    0.08    3.54 v _394_/X (sky130_fd_sc_hd__buf_1)
                                         _011_ (net)
                  0.02    0.00    3.54 v _445_/D (sky130_fd_sc_hd__dfxtp_2)
                                  3.54   data arrival time

                  0.00   10.00   10.00   clock CLK100MHZ (rise edge)
                          0.00   10.00   clock network delay (ideal)
                         -0.20    9.80   clock uncertainty
                          0.00    9.80   clock reconvergence pessimism
                                  9.80 ^ _445_/CLK (sky130_fd_sc_hd__dfxtp_2)
                         -0.11    9.69   library setup time
                                  9.69   data required time
-----------------------------------------------------------------------------
                                  9.69   data required time
                                 -3.54   data arrival time
-----------------------------------------------------------------------------
                                  6.14   slack (MET)


Startpoint: _462_ (rising edge-triggered flip-flop clocked by CLK100MHZ)
Endpoint: _460_ (rising edge-triggered flip-flop clocked by CLK100MHZ)
Path Group: CLK100MHZ
Path Type: max

Fanout     Cap    Slew   Delay    Time   Description
-----------------------------------------------------------------------------
                  0.00    0.00    0.00   clock CLK100MHZ (rise edge)
                          0.00    0.00   clock network delay (ideal)
                  0.00    0.00    0.00 ^ _462_/CLK (sky130_fd_sc_hd__dfrtp_2)
     4    0.01    0.06    0.39    0.39 v _462_/Q (sky130_fd_sc_hd__dfrtp_2)
                                         imem.address[0] (net)
                  0.06    0.00    0.39 v _221_/A (sky130_fd_sc_hd__buf_1)
    10    0.02    0.13    0.18    0.57 v _221_/X (sky130_fd_sc_hd__buf_1)
                                         _066_ (net)
                  0.13    0.00    0.57 v _222_/A (sky130_fd_sc_hd__buf_1)
     9    0.03    0.16    0.23    0.80 v _222_/X (sky130_fd_sc_hd__buf_1)
                                         _067_ (net)
                  0.16    0.00    0.80 v _246_/C (sky130_fd_sc_hd__and3b_2)
     1    0.00    0.04    0.25    1.04 v _246_/X (sky130_fd_sc_hd__and3b_2)
                                         _088_ (net)
                  0.04    0.00    1.04 v _247_/A (sky130_fd_sc_hd__buf_1)
     7    0.02    0.11    0.15    1.19 v _247_/X (sky130_fd_sc_hd__buf_1)
                                         _089_ (net)
                  0.11    0.00    1.19 v _248_/B (sky130_fd_sc_hd__or2_2)
     1    0.00    0.05    0.28    1.48 v _248_/X (sky130_fd_sc_hd__or2_2)
                                         _090_ (net)
                  0.05    0.00    1.48 v _249_/A (sky130_fd_sc_hd__buf_1)
     5    0.01    0.08    0.13    1.61 v _249_/X (sky130_fd_sc_hd__buf_1)
                                         _091_ (net)
                  0.08    0.00    1.61 v _266_/A2 (sky130_fd_sc_hd__a21o_2)
     2    0.00    0.04    0.22    1.83 v _266_/X (sky130_fd_sc_hd__a21o_2)
                                         _108_ (net)
                  0.04    0.00    1.83 v _268_/B (sky130_fd_sc_hd__or3_2)
     2    0.01    0.09    0.46    2.29 v _268_/X (sky130_fd_sc_hd__or3_2)
                                         _110_ (net)
                  0.09    0.00    2.29 v _312_/A2 (sky130_fd_sc_hd__a21oi_2)
     3    0.01    0.17    0.21    2.50 ^ _312_/Y (sky130_fd_sc_hd__a21oi_2)
                                         _154_ (net)
                  0.17    0.00    2.50 ^ _319_/A2 (sky130_fd_sc_hd__o21ai_2)
     3    0.01    0.07    0.09    2.59 v _319_/Y (sky130_fd_sc_hd__o21ai_2)
                                         _161_ (net)
                  0.07    0.00    2.59 v _327_/A (sky130_fd_sc_hd__or2_2)
     1    0.00    0.05    0.29    2.88 v _327_/X (sky130_fd_sc_hd__or2_2)
                                         _169_ (net)
                  0.05    0.00    2.88 v _332_/A2 (sky130_fd_sc_hd__a32o_2)
     8    0.02    0.08    0.32    3.20 v _332_/X (sky130_fd_sc_hd__a32o_2)
                                         _174_ (net)
                  0.08    0.00    3.20 v _430_/A1 (sky130_fd_sc_hd__mux2_2)
     1    0.00    0.05    0.27    3.46 v _430_/X (sky130_fd_sc_hd__mux2_2)
                                         _058_ (net)
                  0.05    0.00    3.46 v _431_/A (sky130_fd_sc_hd__buf_1)
     1    0.00    0.02    0.08    3.54 v _431_/X (sky130_fd_sc_hd__buf_1)
                                         _026_ (net)
                  0.02    0.00    3.54 v _460_/D (sky130_fd_sc_hd__dfxtp_2)
                                  3.54   data arrival time

                  0.00   10.00   10.00   clock CLK100MHZ (rise edge)
                          0.00   10.00   clock network delay (ideal)
                         -0.20    9.80   clock uncertainty
                          0.00    9.80   clock reconvergence pessimism
                                  9.80 ^ _460_/CLK (sky130_fd_sc_hd__dfxtp_2)
                         -0.11    9.69   library setup time
                                  9.69   data required time
-----------------------------------------------------------------------------
                                  9.69   data required time
                                 -3.54   data arrival time
-----------------------------------------------------------------------------
                                  6.14   slack (MET)


Startpoint: _462_ (rising edge-triggered flip-flop clocked by CLK100MHZ)
Endpoint: _450_ (rising edge-triggered flip-flop clocked by CLK100MHZ)
Path Group: CLK100MHZ
Path Type: max

Fanout     Cap    Slew   Delay    Time   Description
-----------------------------------------------------------------------------
                  0.00    0.00    0.00   clock CLK100MHZ (rise edge)
                          0.00    0.00   clock network delay (ideal)
                  0.00    0.00    0.00 ^ _462_/CLK (sky130_fd_sc_hd__dfrtp_2)
     4    0.01    0.06    0.39    0.39 v _462_/Q (sky130_fd_sc_hd__dfrtp_2)
                                         imem.address[0] (net)
                  0.06    0.00    0.39 v _221_/A (sky130_fd_sc_hd__buf_1)
    10    0.02    0.13    0.18    0.57 v _221_/X (sky130_fd_sc_hd__buf_1)
                                         _066_ (net)
                  0.13    0.00    0.57 v _222_/A (sky130_fd_sc_hd__buf_1)
     9    0.03    0.16    0.23    0.80 v _222_/X (sky130_fd_sc_hd__buf_1)
                                         _067_ (net)
                  0.16    0.00    0.80 v _246_/C (sky130_fd_sc_hd__and3b_2)
     1    0.00    0.04    0.25    1.04 v _246_/X (sky130_fd_sc_hd__and3b_2)
                                         _088_ (net)
                  0.04    0.00    1.04 v _247_/A (sky130_fd_sc_hd__buf_1)
     7    0.02    0.11    0.15    1.19 v _247_/X (sky130_fd_sc_hd__buf_1)
                                         _089_ (net)
                  0.11    0.00    1.19 v _248_/B (sky130_fd_sc_hd__or2_2)
     1    0.00    0.05    0.28    1.48 v _248_/X (sky130_fd_sc_hd__or2_2)
                                         _090_ (net)
                  0.05    0.00    1.48 v _249_/A (sky130_fd_sc_hd__buf_1)
     5    0.01    0.08    0.13    1.61 v _249_/X (sky130_fd_sc_hd__buf_1)
                                         _091_ (net)
                  0.08    0.00    1.61 v _266_/A2 (sky130_fd_sc_hd__a21o_2)
     2    0.00    0.04    0.22    1.83 v _266_/X (sky130_fd_sc_hd__a21o_2)
                                         _108_ (net)
                  0.04    0.00    1.83 v _268_/B (sky130_fd_sc_hd__or3_2)
     2    0.01    0.09    0.46    2.29 v _268_/X (sky130_fd_sc_hd__or3_2)
                                         _110_ (net)
                  0.09    0.00    2.29 v _312_/A2 (sky130_fd_sc_hd__a21oi_2)
     3    0.01    0.17    0.21    2.50 ^ _312_/Y (sky130_fd_sc_hd__a21oi_2)
                                         _154_ (net)
                  0.17    0.00    2.50 ^ _319_/A2 (sky130_fd_sc_hd__o21ai_2)
     3    0.01    0.07    0.09    2.59 v _319_/Y (sky130_fd_sc_hd__o21ai_2)
                                         _161_ (net)
                  0.07    0.00    2.59 v _327_/A (sky130_fd_sc_hd__or2_2)
     1    0.00    0.05    0.29    2.88 v _327_/X (sky130_fd_sc_hd__or2_2)
                                         _169_ (net)
                  0.05    0.00    2.88 v _332_/A2 (sky130_fd_sc_hd__a32o_2)
     8    0.02    0.08    0.32    3.20 v _332_/X (sky130_fd_sc_hd__a32o_2)
                                         _174_ (net)
                  0.08    0.00    3.20 v _406_/A0 (sky130_fd_sc_hd__mux2_2)
     1    0.00    0.05    0.26    3.46 v _406_/X (sky130_fd_sc_hd__mux2_2)
                                         _044_ (net)
                  0.05    0.00    3.46 v _407_/A (sky130_fd_sc_hd__buf_1)
     1    0.00    0.02    0.08    3.54 v _407_/X (sky130_fd_sc_hd__buf_1)
                                         _016_ (net)
                  0.02    0.00    3.54 v _450_/D (sky130_fd_sc_hd__dfxtp_2)
                                  3.54   data arrival time

                  0.00   10.00   10.00   clock CLK100MHZ (rise edge)
                          0.00   10.00   clock network delay (ideal)
                         -0.20    9.80   clock uncertainty
                          0.00    9.80   clock reconvergence pessimism
                                  9.80 ^ _450_/CLK (sky130_fd_sc_hd__dfxtp_2)
                         -0.11    9.69   library setup time
                                  9.69   data required time
-----------------------------------------------------------------------------
                                  9.69   data required time
                                 -3.54   data arrival time
-----------------------------------------------------------------------------
                                  6.15   slack (MET)


Startpoint: _462_ (rising edge-triggered flip-flop clocked by CLK100MHZ)
Endpoint: _441_ (rising edge-triggered flip-flop clocked by CLK100MHZ)
Path Group: CLK100MHZ
Path Type: max

Fanout     Cap    Slew   Delay    Time   Description
-----------------------------------------------------------------------------
                  0.00    0.00    0.00   clock CLK100MHZ (rise edge)
                          0.00    0.00   clock network delay (ideal)
                  0.00    0.00    0.00 ^ _462_/CLK (sky130_fd_sc_hd__dfrtp_2)
     4    0.01    0.06    0.39    0.39 v _462_/Q (sky130_fd_sc_hd__dfrtp_2)
                                         imem.address[0] (net)
                  0.06    0.00    0.39 v _221_/A (sky130_fd_sc_hd__buf_1)
    10    0.02    0.13    0.18    0.57 v _221_/X (sky130_fd_sc_hd__buf_1)
                                         _066_ (net)
                  0.13    0.00    0.57 v _222_/A (sky130_fd_sc_hd__buf_1)
     9    0.03    0.16    0.23    0.80 v _222_/X (sky130_fd_sc_hd__buf_1)
                                         _067_ (net)
                  0.16    0.00    0.80 v _246_/C (sky130_fd_sc_hd__and3b_2)
     1    0.00    0.04    0.25    1.04 v _246_/X (sky130_fd_sc_hd__and3b_2)
                                         _088_ (net)
                  0.04    0.00    1.04 v _247_/A (sky130_fd_sc_hd__buf_1)
     7    0.02    0.11    0.15    1.19 v _247_/X (sky130_fd_sc_hd__buf_1)
                                         _089_ (net)
                  0.11    0.00    1.19 v _248_/B (sky130_fd_sc_hd__or2_2)
     1    0.00    0.05    0.28    1.48 v _248_/X (sky130_fd_sc_hd__or2_2)
                                         _090_ (net)
                  0.05    0.00    1.48 v _249_/A (sky130_fd_sc_hd__buf_1)
     5    0.01    0.08    0.13    1.61 v _249_/X (sky130_fd_sc_hd__buf_1)
                                         _091_ (net)
                  0.08    0.00    1.61 v _266_/A2 (sky130_fd_sc_hd__a21o_2)
     2    0.00    0.04    0.22    1.83 v _266_/X (sky130_fd_sc_hd__a21o_2)
                                         _108_ (net)
                  0.04    0.00    1.83 v _268_/B (sky130_fd_sc_hd__or3_2)
     2    0.01    0.09    0.46    2.29 v _268_/X (sky130_fd_sc_hd__or3_2)
                                         _110_ (net)
                  0.09    0.00    2.29 v _312_/A2 (sky130_fd_sc_hd__a21oi_2)
     3    0.01    0.17    0.21    2.50 ^ _312_/Y (sky130_fd_sc_hd__a21oi_2)
                                         _154_ (net)
                  0.17    0.00    2.50 ^ _319_/A2 (sky130_fd_sc_hd__o21ai_2)
     3    0.01    0.07    0.09    2.59 v _319_/Y (sky130_fd_sc_hd__o21ai_2)
                                         _161_ (net)
                  0.07    0.00    2.59 v _373_/A1 (sky130_fd_sc_hd__a21oi_2)
     2    0.00    0.09    0.12    2.71 ^ _373_/Y (sky130_fd_sc_hd__a21oi_2)
                                         _204_ (net)
                  0.09    0.00    2.71 ^ _380_/A_N (sky130_fd_sc_hd__and2b_2)
     1    0.00    0.04    0.22    2.93 v _380_/X (sky130_fd_sc_hd__and2b_2)
                                         _211_ (net)
                  0.04    0.00    2.93 v _382_/A (sky130_fd_sc_hd__nor2_2)
     4    0.01    0.11    0.12    3.05 ^ _382_/Y (sky130_fd_sc_hd__nor2_2)
                                         _213_ (net)
                  0.11    0.00    3.05 ^ _383_/A1 (sky130_fd_sc_hd__mux2_2)
     1    0.00    0.04    0.15    3.20 ^ _383_/X (sky130_fd_sc_hd__mux2_2)
                                         _214_ (net)
                  0.04    0.00    3.20 ^ _384_/A (sky130_fd_sc_hd__buf_1)
     1    0.00    0.03    0.07    3.27 ^ _384_/X (sky130_fd_sc_hd__buf_1)
                                         _007_ (net)
                  0.03    0.00    3.27 ^ _441_/D (sky130_fd_sc_hd__dfxtp_2)
                                  3.27   data arrival time

                  0.00   10.00   10.00   clock CLK100MHZ (rise edge)
                          0.00   10.00   clock network delay (ideal)
                         -0.20    9.80   clock uncertainty
                          0.00    9.80   clock reconvergence pessimism
                                  9.80 ^ _441_/CLK (sky130_fd_sc_hd__dfxtp_2)
                         -0.06    9.74   library setup time
                                  9.74   data required time
-----------------------------------------------------------------------------
                                  9.74   data required time
                                 -3.27   data arrival time
-----------------------------------------------------------------------------
                                  6.47   slack (MET)


Startpoint: _462_ (rising edge-triggered flip-flop clocked by CLK100MHZ)
Endpoint: _461_ (rising edge-triggered flip-flop clocked by CLK100MHZ)
Path Group: CLK100MHZ
Path Type: max

Fanout     Cap    Slew   Delay    Time   Description
-----------------------------------------------------------------------------
                  0.00    0.00    0.00   clock CLK100MHZ (rise edge)
                          0.00    0.00   clock network delay (ideal)
                  0.00    0.00    0.00 ^ _462_/CLK (sky130_fd_sc_hd__dfrtp_2)
     4    0.01    0.06    0.39    0.39 v _462_/Q (sky130_fd_sc_hd__dfrtp_2)
                                         imem.address[0] (net)
                  0.06    0.00    0.39 v _221_/A (sky130_fd_sc_hd__buf_1)
    10    0.02    0.13    0.18    0.57 v _221_/X (sky130_fd_sc_hd__buf_1)
                                         _066_ (net)
                  0.13    0.00    0.57 v _222_/A (sky130_fd_sc_hd__buf_1)
     9    0.03    0.16    0.23    0.80 v _222_/X (sky130_fd_sc_hd__buf_1)
                                         _067_ (net)
                  0.16    0.00    0.80 v _246_/C (sky130_fd_sc_hd__and3b_2)
     1    0.00    0.04    0.25    1.04 v _246_/X (sky130_fd_sc_hd__and3b_2)
                                         _088_ (net)
                  0.04    0.00    1.04 v _247_/A (sky130_fd_sc_hd__buf_1)
     7    0.02    0.11    0.15    1.19 v _247_/X (sky130_fd_sc_hd__buf_1)
                                         _089_ (net)
                  0.11    0.00    1.19 v _248_/B (sky130_fd_sc_hd__or2_2)
     1    0.00    0.05    0.28    1.48 v _248_/X (sky130_fd_sc_hd__or2_2)
                                         _090_ (net)
                  0.05    0.00    1.48 v _249_/A (sky130_fd_sc_hd__buf_1)
     5    0.01    0.08    0.13    1.61 v _249_/X (sky130_fd_sc_hd__buf_1)
                                         _091_ (net)
                  0.08    0.00    1.61 v _266_/A2 (sky130_fd_sc_hd__a21o_2)
     2    0.00    0.04    0.22    1.83 v _266_/X (sky130_fd_sc_hd__a21o_2)
                                         _108_ (net)
                  0.04    0.00    1.83 v _268_/B (sky130_fd_sc_hd__or3_2)
     2    0.01    0.09    0.46    2.29 v _268_/X (sky130_fd_sc_hd__or3_2)
                                         _110_ (net)
                  0.09    0.00    2.29 v _312_/A2 (sky130_fd_sc_hd__a21oi_2)
     3    0.01    0.17    0.21    2.50 ^ _312_/Y (sky130_fd_sc_hd__a21oi_2)
                                         _154_ (net)
                  0.17    0.00    2.50 ^ _319_/A2 (sky130_fd_sc_hd__o21ai_2)
     3    0.01    0.07    0.09    2.59 v _319_/Y (sky130_fd_sc_hd__o21ai_2)
                                         _161_ (net)
                  0.07    0.00    2.59 v _373_/A1 (sky130_fd_sc_hd__a21oi_2)
     2    0.00    0.09    0.12    2.71 ^ _373_/Y (sky130_fd_sc_hd__a21oi_2)
                                         _204_ (net)
                  0.09    0.00    2.71 ^ _380_/A_N (sky130_fd_sc_hd__and2b_2)
     1    0.00    0.04    0.22    2.93 v _380_/X (sky130_fd_sc_hd__and2b_2)
                                         _211_ (net)
                  0.04    0.00    2.93 v _382_/A (sky130_fd_sc_hd__nor2_2)
     4    0.01    0.11    0.12    3.05 ^ _382_/Y (sky130_fd_sc_hd__nor2_2)
                                         _213_ (net)
                  0.11    0.00    3.05 ^ _432_/A1 (sky130_fd_sc_hd__mux2_2)
     1    0.00    0.04    0.15    3.20 ^ _432_/X (sky130_fd_sc_hd__mux2_2)
                                         _059_ (net)
                  0.04    0.00    3.20 ^ _433_/A (sky130_fd_sc_hd__buf_1)
     1    0.00    0.03    0.07    3.27 ^ _433_/X (sky130_fd_sc_hd__buf_1)
                                         _027_ (net)
                  0.03    0.00    3.27 ^ _461_/D (sky130_fd_sc_hd__dfxtp_2)
                                  3.27   data arrival time

                  0.00   10.00   10.00   clock CLK100MHZ (rise edge)
                          0.00   10.00   clock network delay (ideal)
                         -0.20    9.80   clock uncertainty
                          0.00    9.80   clock reconvergence pessimism
                                  9.80 ^ _461_/CLK (sky130_fd_sc_hd__dfxtp_2)
                         -0.06    9.74   library setup time
                                  9.74   data required time
-----------------------------------------------------------------------------
                                  9.74   data required time
                                 -3.27   data arrival time
-----------------------------------------------------------------------------
                                  6.47   slack (MET)


Startpoint: _462_ (rising edge-triggered flip-flop clocked by CLK100MHZ)
Endpoint: _446_ (rising edge-triggered flip-flop clocked by CLK100MHZ)
Path Group: CLK100MHZ
Path Type: max

Fanout     Cap    Slew   Delay    Time   Description
-----------------------------------------------------------------------------
                  0.00    0.00    0.00   clock CLK100MHZ (rise edge)
                          0.00    0.00   clock network delay (ideal)
                  0.00    0.00    0.00 ^ _462_/CLK (sky130_fd_sc_hd__dfrtp_2)
     4    0.01    0.06    0.39    0.39 v _462_/Q (sky130_fd_sc_hd__dfrtp_2)
                                         imem.address[0] (net)
                  0.06    0.00    0.39 v _221_/A (sky130_fd_sc_hd__buf_1)
    10    0.02    0.13    0.18    0.57 v _221_/X (sky130_fd_sc_hd__buf_1)
                                         _066_ (net)
                  0.13    0.00    0.57 v _222_/A (sky130_fd_sc_hd__buf_1)
     9    0.03    0.16    0.23    0.80 v _222_/X (sky130_fd_sc_hd__buf_1)
                                         _067_ (net)
                  0.16    0.00    0.80 v _246_/C (sky130_fd_sc_hd__and3b_2)
     1    0.00    0.04    0.25    1.04 v _246_/X (sky130_fd_sc_hd__and3b_2)
                                         _088_ (net)
                  0.04    0.00    1.04 v _247_/A (sky130_fd_sc_hd__buf_1)
     7    0.02    0.11    0.15    1.19 v _247_/X (sky130_fd_sc_hd__buf_1)
                                         _089_ (net)
                  0.11    0.00    1.19 v _248_/B (sky130_fd_sc_hd__or2_2)
     1    0.00    0.05    0.28    1.48 v _248_/X (sky130_fd_sc_hd__or2_2)
                                         _090_ (net)
                  0.05    0.00    1.48 v _249_/A (sky130_fd_sc_hd__buf_1)
     5    0.01    0.08    0.13    1.61 v _249_/X (sky130_fd_sc_hd__buf_1)
                                         _091_ (net)
                  0.08    0.00    1.61 v _266_/A2 (sky130_fd_sc_hd__a21o_2)
     2    0.00    0.04    0.22    1.83 v _266_/X (sky130_fd_sc_hd__a21o_2)
                                         _108_ (net)
                  0.04    0.00    1.83 v _268_/B (sky130_fd_sc_hd__or3_2)
     2    0.01    0.09    0.46    2.29 v _268_/X (sky130_fd_sc_hd__or3_2)
                                         _110_ (net)
                  0.09    0.00    2.29 v _312_/A2 (sky130_fd_sc_hd__a21oi_2)
     3    0.01    0.17    0.21    2.50 ^ _312_/Y (sky130_fd_sc_hd__a21oi_2)
                                         _154_ (net)
                  0.17    0.00    2.50 ^ _319_/A2 (sky130_fd_sc_hd__o21ai_2)
     3    0.01    0.07    0.09    2.59 v _319_/Y (sky130_fd_sc_hd__o21ai_2)
                                         _161_ (net)
                  0.07    0.00    2.59 v _373_/A1 (sky130_fd_sc_hd__a21oi_2)
     2    0.00    0.09    0.12    2.71 ^ _373_/Y (sky130_fd_sc_hd__a21oi_2)
                                         _204_ (net)
                  0.09    0.00    2.71 ^ _380_/A_N (sky130_fd_sc_hd__and2b_2)
     1    0.00    0.04    0.22    2.93 v _380_/X (sky130_fd_sc_hd__and2b_2)
                                         _211_ (net)
                  0.04    0.00    2.93 v _382_/A (sky130_fd_sc_hd__nor2_2)
     4    0.01    0.11    0.12    3.05 ^ _382_/Y (sky130_fd_sc_hd__nor2_2)
                                         _213_ (net)
                  0.11    0.00    3.05 ^ _395_/A1 (sky130_fd_sc_hd__mux2_2)
     1    0.00    0.04    0.15    3.20 ^ _395_/X (sky130_fd_sc_hd__mux2_2)
                                         _037_ (net)
                  0.04    0.00    3.20 ^ _396_/A (sky130_fd_sc_hd__buf_1)
     1    0.00    0.03    0.07    3.27 ^ _396_/X (sky130_fd_sc_hd__buf_1)
                                         _012_ (net)
                  0.03    0.00    3.27 ^ _446_/D (sky130_fd_sc_hd__dfxtp_2)
                                  3.27   data arrival time

                  0.00   10.00   10.00   clock CLK100MHZ (rise edge)
                          0.00   10.00   clock network delay (ideal)
                         -0.20    9.80   clock uncertainty
                          0.00    9.80   clock reconvergence pessimism
                                  9.80 ^ _446_/CLK (sky130_fd_sc_hd__dfxtp_2)
                         -0.06    9.74   library setup time
                                  9.74   data required time
-----------------------------------------------------------------------------
                                  9.74   data required time
                                 -3.27   data arrival time
-----------------------------------------------------------------------------
                                  6.47   slack (MET)


Startpoint: _462_ (rising edge-triggered flip-flop clocked by CLK100MHZ)
Endpoint: _451_ (rising edge-triggered flip-flop clocked by CLK100MHZ)
Path Group: CLK100MHZ
Path Type: max

Fanout     Cap    Slew   Delay    Time   Description
-----------------------------------------------------------------------------
                  0.00    0.00    0.00   clock CLK100MHZ (rise edge)
                          0.00    0.00   clock network delay (ideal)
                  0.00    0.00    0.00 ^ _462_/CLK (sky130_fd_sc_hd__dfrtp_2)
     4    0.01    0.06    0.39    0.39 v _462_/Q (sky130_fd_sc_hd__dfrtp_2)
                                         imem.address[0] (net)
                  0.06    0.00    0.39 v _221_/A (sky130_fd_sc_hd__buf_1)
    10    0.02    0.13    0.18    0.57 v _221_/X (sky130_fd_sc_hd__buf_1)
                                         _066_ (net)
                  0.13    0.00    0.57 v _222_/A (sky130_fd_sc_hd__buf_1)
     9    0.03    0.16    0.23    0.80 v _222_/X (sky130_fd_sc_hd__buf_1)
                                         _067_ (net)
                  0.16    0.00    0.80 v _246_/C (sky130_fd_sc_hd__and3b_2)
     1    0.00    0.04    0.25    1.04 v _246_/X (sky130_fd_sc_hd__and3b_2)
                                         _088_ (net)
                  0.04    0.00    1.04 v _247_/A (sky130_fd_sc_hd__buf_1)
     7    0.02    0.11    0.15    1.19 v _247_/X (sky130_fd_sc_hd__buf_1)
                                         _089_ (net)
                  0.11    0.00    1.19 v _248_/B (sky130_fd_sc_hd__or2_2)
     1    0.00    0.05    0.28    1.48 v _248_/X (sky130_fd_sc_hd__or2_2)
                                         _090_ (net)
                  0.05    0.00    1.48 v _249_/A (sky130_fd_sc_hd__buf_1)
     5    0.01    0.08    0.13    1.61 v _249_/X (sky130_fd_sc_hd__buf_1)
                                         _091_ (net)
                  0.08    0.00    1.61 v _266_/A2 (sky130_fd_sc_hd__a21o_2)
     2    0.00    0.04    0.22    1.83 v _266_/X (sky130_fd_sc_hd__a21o_2)
                                         _108_ (net)
                  0.04    0.00    1.83 v _268_/B (sky130_fd_sc_hd__or3_2)
     2    0.01    0.09    0.46    2.29 v _268_/X (sky130_fd_sc_hd__or3_2)
                                         _110_ (net)
                  0.09    0.00    2.29 v _312_/A2 (sky130_fd_sc_hd__a21oi_2)
     3    0.01    0.17    0.21    2.50 ^ _312_/Y (sky130_fd_sc_hd__a21oi_2)
                                         _154_ (net)
                  0.17    0.00    2.50 ^ _319_/A2 (sky130_fd_sc_hd__o21ai_2)
     3    0.01    0.07    0.09    2.59 v _319_/Y (sky130_fd_sc_hd__o21ai_2)
                                         _161_ (net)
                  0.07    0.00    2.59 v _373_/A1 (sky130_fd_sc_hd__a21oi_2)
     2    0.00    0.09    0.12    2.71 ^ _373_/Y (sky130_fd_sc_hd__a21oi_2)
                                         _204_ (net)
                  0.09    0.00    2.71 ^ _380_/A_N (sky130_fd_sc_hd__and2b_2)
     1    0.00    0.04    0.22    2.93 v _380_/X (sky130_fd_sc_hd__and2b_2)
                                         _211_ (net)
                  0.04    0.00    2.93 v _382_/A (sky130_fd_sc_hd__nor2_2)
     4    0.01    0.11    0.12    3.05 ^ _382_/Y (sky130_fd_sc_hd__nor2_2)
                                         _213_ (net)
                  0.11    0.00    3.05 ^ _408_/A0 (sky130_fd_sc_hd__mux2_2)
     1    0.00    0.04    0.15    3.20 ^ _408_/X (sky130_fd_sc_hd__mux2_2)
                                         _045_ (net)
                  0.04    0.00    3.20 ^ _409_/A (sky130_fd_sc_hd__buf_1)
     1    0.00    0.03    0.07    3.27 ^ _409_/X (sky130_fd_sc_hd__buf_1)
                                         _017_ (net)
                  0.03    0.00    3.27 ^ _451_/D (sky130_fd_sc_hd__dfxtp_2)
                                  3.27   data arrival time

                  0.00   10.00   10.00   clock CLK100MHZ (rise edge)
                          0.00   10.00   clock network delay (ideal)
                         -0.20    9.80   clock uncertainty
                          0.00    9.80   clock reconvergence pessimism
                                  9.80 ^ _451_/CLK (sky130_fd_sc_hd__dfxtp_2)
                         -0.06    9.74   library setup time
                                  9.74   data required time
-----------------------------------------------------------------------------
                                  9.74   data required time
                                 -3.27   data arrival time
-----------------------------------------------------------------------------
                                  6.47   slack (MET)


Startpoint: _462_ (rising edge-triggered flip-flop clocked by CLK100MHZ)
Endpoint: _439_ (rising edge-triggered flip-flop clocked by CLK100MHZ)
Path Group: CLK100MHZ
Path Type: max

Fanout     Cap    Slew   Delay    Time   Description
-----------------------------------------------------------------------------
                  0.00    0.00    0.00   clock CLK100MHZ (rise edge)
                          0.00    0.00   clock network delay (ideal)
                  0.00    0.00    0.00 ^ _462_/CLK (sky130_fd_sc_hd__dfrtp_2)
     4    0.01    0.06    0.39    0.39 v _462_/Q (sky130_fd_sc_hd__dfrtp_2)
                                         imem.address[0] (net)
                  0.06    0.00    0.39 v _221_/A (sky130_fd_sc_hd__buf_1)
    10    0.02    0.13    0.18    0.57 v _221_/X (sky130_fd_sc_hd__buf_1)
                                         _066_ (net)
                  0.13    0.00    0.57 v _222_/A (sky130_fd_sc_hd__buf_1)
     9    0.03    0.16    0.23    0.80 v _222_/X (sky130_fd_sc_hd__buf_1)
                                         _067_ (net)
                  0.16    0.00    0.80 v _246_/C (sky130_fd_sc_hd__and3b_2)
     1    0.00    0.04    0.25    1.04 v _246_/X (sky130_fd_sc_hd__and3b_2)
                                         _088_ (net)
                  0.04    0.00    1.04 v _247_/A (sky130_fd_sc_hd__buf_1)
     7    0.02    0.11    0.15    1.19 v _247_/X (sky130_fd_sc_hd__buf_1)
                                         _089_ (net)
                  0.11    0.00    1.19 v _248_/B (sky130_fd_sc_hd__or2_2)
     1    0.00    0.05    0.28    1.48 v _248_/X (sky130_fd_sc_hd__or2_2)
                                         _090_ (net)
                  0.05    0.00    1.48 v _249_/A (sky130_fd_sc_hd__buf_1)
     5    0.01    0.08    0.13    1.61 v _249_/X (sky130_fd_sc_hd__buf_1)
                                         _091_ (net)
                  0.08    0.00    1.61 v _266_/A2 (sky130_fd_sc_hd__a21o_2)
     2    0.00    0.04    0.22    1.83 v _266_/X (sky130_fd_sc_hd__a21o_2)
                                         _108_ (net)
                  0.04    0.00    1.83 v _268_/B (sky130_fd_sc_hd__or3_2)
     2    0.01    0.09    0.46    2.29 v _268_/X (sky130_fd_sc_hd__or3_2)
                                         _110_ (net)
                  0.09    0.00    2.29 v _312_/A2 (sky130_fd_sc_hd__a21oi_2)
     3    0.01    0.17    0.21    2.50 ^ _312_/Y (sky130_fd_sc_hd__a21oi_2)
                                         _154_ (net)
                  0.17    0.00    2.50 ^ _314_/A2 (sky130_fd_sc_hd__a21oi_2)
     1    0.00    0.05    0.07    2.57 v _314_/Y (sky130_fd_sc_hd__a21oi_2)
                                         _156_ (net)
                  0.05    0.00    2.57 v _315_/B2 (sky130_fd_sc_hd__a2bb2o_2)
     9    0.02    0.09    0.29    2.86 v _315_/X (sky130_fd_sc_hd__a2bb2o_2)
                                         _157_ (net)
                  0.09    0.00    2.86 v _369_/A1 (sky130_fd_sc_hd__mux2_2)
     1    0.00    0.05    0.27    3.13 v _369_/X (sky130_fd_sc_hd__mux2_2)
                                         _202_ (net)
                  0.05    0.00    3.13 v _370_/A (sky130_fd_sc_hd__buf_1)
     1    0.00    0.02    0.08    3.21 v _370_/X (sky130_fd_sc_hd__buf_1)
                                         _005_ (net)
                  0.02    0.00    3.21 v _439_/D (sky130_fd_sc_hd__dfxtp_2)
                                  3.21   data arrival time

                  0.00   10.00   10.00   clock CLK100MHZ (rise edge)
                          0.00   10.00   clock network delay (ideal)
                         -0.20    9.80   clock uncertainty
                          0.00    9.80   clock reconvergence pessimism
                                  9.80 ^ _439_/CLK (sky130_fd_sc_hd__dfxtp_2)
                         -0.11    9.69   library setup time
                                  9.69   data required time
-----------------------------------------------------------------------------
                                  9.69   data required time
                                 -3.21   data arrival time
-----------------------------------------------------------------------------
                                  6.48   slack (MET)


Startpoint: _462_ (rising edge-triggered flip-flop clocked by CLK100MHZ)
Endpoint: _444_ (rising edge-triggered flip-flop clocked by CLK100MHZ)
Path Group: CLK100MHZ
Path Type: max

Fanout     Cap    Slew   Delay    Time   Description
-----------------------------------------------------------------------------
                  0.00    0.00    0.00   clock CLK100MHZ (rise edge)
                          0.00    0.00   clock network delay (ideal)
                  0.00    0.00    0.00 ^ _462_/CLK (sky130_fd_sc_hd__dfrtp_2)
     4    0.01    0.06    0.39    0.39 v _462_/Q (sky130_fd_sc_hd__dfrtp_2)
                                         imem.address[0] (net)
                  0.06    0.00    0.39 v _221_/A (sky130_fd_sc_hd__buf_1)
    10    0.02    0.13    0.18    0.57 v _221_/X (sky130_fd_sc_hd__buf_1)
                                         _066_ (net)
                  0.13    0.00    0.57 v _222_/A (sky130_fd_sc_hd__buf_1)
     9    0.03    0.16    0.23    0.80 v _222_/X (sky130_fd_sc_hd__buf_1)
                                         _067_ (net)
                  0.16    0.00    0.80 v _246_/C (sky130_fd_sc_hd__and3b_2)
     1    0.00    0.04    0.25    1.04 v _246_/X (sky130_fd_sc_hd__and3b_2)
                                         _088_ (net)
                  0.04    0.00    1.04 v _247_/A (sky130_fd_sc_hd__buf_1)
     7    0.02    0.11    0.15    1.19 v _247_/X (sky130_fd_sc_hd__buf_1)
                                         _089_ (net)
                  0.11    0.00    1.19 v _248_/B (sky130_fd_sc_hd__or2_2)
     1    0.00    0.05    0.28    1.48 v _248_/X (sky130_fd_sc_hd__or2_2)
                                         _090_ (net)
                  0.05    0.00    1.48 v _249_/A (sky130_fd_sc_hd__buf_1)
     5    0.01    0.08    0.13    1.61 v _249_/X (sky130_fd_sc_hd__buf_1)
                                         _091_ (net)
                  0.08    0.00    1.61 v _266_/A2 (sky130_fd_sc_hd__a21o_2)
     2    0.00    0.04    0.22    1.83 v _266_/X (sky130_fd_sc_hd__a21o_2)
                                         _108_ (net)
                  0.04    0.00    1.83 v _268_/B (sky130_fd_sc_hd__or3_2)
     2    0.01    0.09    0.46    2.29 v _268_/X (sky130_fd_sc_hd__or3_2)
                                         _110_ (net)
                  0.09    0.00    2.29 v _312_/A2 (sky130_fd_sc_hd__a21oi_2)
     3    0.01    0.17    0.21    2.50 ^ _312_/Y (sky130_fd_sc_hd__a21oi_2)
                                         _154_ (net)
                  0.17    0.00    2.50 ^ _314_/A2 (sky130_fd_sc_hd__a21oi_2)
     1    0.00    0.05    0.07    2.57 v _314_/Y (sky130_fd_sc_hd__a21oi_2)
                                         _156_ (net)
                  0.05    0.00    2.57 v _315_/B2 (sky130_fd_sc_hd__a2bb2o_2)
     9    0.02    0.09    0.29    2.86 v _315_/X (sky130_fd_sc_hd__a2bb2o_2)
                                         _157_ (net)
                  0.09    0.00    2.86 v _391_/A1 (sky130_fd_sc_hd__mux2_2)
     1    0.00    0.05    0.27    3.13 v _391_/X (sky130_fd_sc_hd__mux2_2)
                                         _035_ (net)
                  0.05    0.00    3.13 v _392_/A (sky130_fd_sc_hd__buf_1)
     1    0.00    0.02    0.08    3.21 v _392_/X (sky130_fd_sc_hd__buf_1)
                                         _010_ (net)
                  0.02    0.00    3.21 v _444_/D (sky130_fd_sc_hd__dfxtp_2)
                                  3.21   data arrival time

                  0.00   10.00   10.00   clock CLK100MHZ (rise edge)
                          0.00   10.00   clock network delay (ideal)
                         -0.20    9.80   clock uncertainty
                          0.00    9.80   clock reconvergence pessimism
                                  9.80 ^ _444_/CLK (sky130_fd_sc_hd__dfxtp_2)
                         -0.11    9.69   library setup time
                                  9.69   data required time
-----------------------------------------------------------------------------
                                  9.69   data required time
                                 -3.21   data arrival time
-----------------------------------------------------------------------------
                                  6.48   slack (MET)


Startpoint: _462_ (rising edge-triggered flip-flop clocked by CLK100MHZ)
Endpoint: _459_ (rising edge-triggered flip-flop clocked by CLK100MHZ)
Path Group: CLK100MHZ
Path Type: max

Fanout     Cap    Slew   Delay    Time   Description
-----------------------------------------------------------------------------
                  0.00    0.00    0.00   clock CLK100MHZ (rise edge)
                          0.00    0.00   clock network delay (ideal)
                  0.00    0.00    0.00 ^ _462_/CLK (sky130_fd_sc_hd__dfrtp_2)
     4    0.01    0.06    0.39    0.39 v _462_/Q (sky130_fd_sc_hd__dfrtp_2)
                                         imem.address[0] (net)
                  0.06    0.00    0.39 v _221_/A (sky130_fd_sc_hd__buf_1)
    10    0.02    0.13    0.18    0.57 v _221_/X (sky130_fd_sc_hd__buf_1)
                                         _066_ (net)
                  0.13    0.00    0.57 v _222_/A (sky130_fd_sc_hd__buf_1)
     9    0.03    0.16    0.23    0.80 v _222_/X (sky130_fd_sc_hd__buf_1)
                                         _067_ (net)
                  0.16    0.00    0.80 v _246_/C (sky130_fd_sc_hd__and3b_2)
     1    0.00    0.04    0.25    1.04 v _246_/X (sky130_fd_sc_hd__and3b_2)
                                         _088_ (net)
                  0.04    0.00    1.04 v _247_/A (sky130_fd_sc_hd__buf_1)
     7    0.02    0.11    0.15    1.19 v _247_/X (sky130_fd_sc_hd__buf_1)
                                         _089_ (net)
                  0.11    0.00    1.19 v _248_/B (sky130_fd_sc_hd__or2_2)
     1    0.00    0.05    0.28    1.48 v _248_/X (sky130_fd_sc_hd__or2_2)
                                         _090_ (net)
                  0.05    0.00    1.48 v _249_/A (sky130_fd_sc_hd__buf_1)
     5    0.01    0.08    0.13    1.61 v _249_/X (sky130_fd_sc_hd__buf_1)
                                         _091_ (net)
                  0.08    0.00    1.61 v _266_/A2 (sky130_fd_sc_hd__a21o_2)
     2    0.00    0.04    0.22    1.83 v _266_/X (sky130_fd_sc_hd__a21o_2)
                                         _108_ (net)
                  0.04    0.00    1.83 v _268_/B (sky130_fd_sc_hd__or3_2)
     2    0.01    0.09    0.46    2.29 v _268_/X (sky130_fd_sc_hd__or3_2)
                                         _110_ (net)
                  0.09    0.00    2.29 v _312_/A2 (sky130_fd_sc_hd__a21oi_2)
     3    0.01    0.17    0.21    2.50 ^ _312_/Y (sky130_fd_sc_hd__a21oi_2)
                                         _154_ (net)
                  0.17    0.00    2.50 ^ _314_/A2 (sky130_fd_sc_hd__a21oi_2)
     1    0.00    0.05    0.07    2.57 v _314_/Y (sky130_fd_sc_hd__a21oi_2)
                                         _156_ (net)
                  0.05    0.00    2.57 v _315_/B2 (sky130_fd_sc_hd__a2bb2o_2)
     9    0.02    0.09    0.29    2.86 v _315_/X (sky130_fd_sc_hd__a2bb2o_2)
                                         _157_ (net)
                  0.09    0.00    2.86 v _428_/A1 (sky130_fd_sc_hd__mux2_2)
     1    0.00    0.05    0.27    3.13 v _428_/X (sky130_fd_sc_hd__mux2_2)
                                         _057_ (net)
                  0.05    0.00    3.13 v _429_/A (sky130_fd_sc_hd__buf_1)
     1    0.00    0.02    0.08    3.21 v _429_/X (sky130_fd_sc_hd__buf_1)
                                         _025_ (net)
                  0.02    0.00    3.21 v _459_/D (sky130_fd_sc_hd__dfxtp_2)
                                  3.21   data arrival time

                  0.00   10.00   10.00   clock CLK100MHZ (rise edge)
                          0.00   10.00   clock network delay (ideal)
                         -0.20    9.80   clock uncertainty
                          0.00    9.80   clock reconvergence pessimism
                                  9.80 ^ _459_/CLK (sky130_fd_sc_hd__dfxtp_2)
                         -0.11    9.69   library setup time
                                  9.69   data required time
-----------------------------------------------------------------------------
                                  9.69   data required time
                                 -3.21   data arrival time
-----------------------------------------------------------------------------
                                  6.48   slack (MET)


Startpoint: _462_ (rising edge-triggered flip-flop clocked by CLK100MHZ)
Endpoint: _449_ (rising edge-triggered flip-flop clocked by CLK100MHZ)
Path Group: CLK100MHZ
Path Type: max

Fanout     Cap    Slew   Delay    Time   Description
-----------------------------------------------------------------------------
                  0.00    0.00    0.00   clock CLK100MHZ (rise edge)
                          0.00    0.00   clock network delay (ideal)
                  0.00    0.00    0.00 ^ _462_/CLK (sky130_fd_sc_hd__dfrtp_2)
     4    0.01    0.06    0.39    0.39 v _462_/Q (sky130_fd_sc_hd__dfrtp_2)
                                         imem.address[0] (net)
                  0.06    0.00    0.39 v _221_/A (sky130_fd_sc_hd__buf_1)
    10    0.02    0.13    0.18    0.57 v _221_/X (sky130_fd_sc_hd__buf_1)
                                         _066_ (net)
                  0.13    0.00    0.57 v _222_/A (sky130_fd_sc_hd__buf_1)
     9    0.03    0.16    0.23    0.80 v _222_/X (sky130_fd_sc_hd__buf_1)
                                         _067_ (net)
                  0.16    0.00    0.80 v _246_/C (sky130_fd_sc_hd__and3b_2)
     1    0.00    0.04    0.25    1.04 v _246_/X (sky130_fd_sc_hd__and3b_2)
                                         _088_ (net)
                  0.04    0.00    1.04 v _247_/A (sky130_fd_sc_hd__buf_1)
     7    0.02    0.11    0.15    1.19 v _247_/X (sky130_fd_sc_hd__buf_1)
                                         _089_ (net)
                  0.11    0.00    1.19 v _248_/B (sky130_fd_sc_hd__or2_2)
     1    0.00    0.05    0.28    1.48 v _248_/X (sky130_fd_sc_hd__or2_2)
                                         _090_ (net)
                  0.05    0.00    1.48 v _249_/A (sky130_fd_sc_hd__buf_1)
     5    0.01    0.08    0.13    1.61 v _249_/X (sky130_fd_sc_hd__buf_1)
                                         _091_ (net)
                  0.08    0.00    1.61 v _266_/A2 (sky130_fd_sc_hd__a21o_2)
     2    0.00    0.04    0.22    1.83 v _266_/X (sky130_fd_sc_hd__a21o_2)
                                         _108_ (net)
                  0.04    0.00    1.83 v _268_/B (sky130_fd_sc_hd__or3_2)
     2    0.01    0.09    0.46    2.29 v _268_/X (sky130_fd_sc_hd__or3_2)
                                         _110_ (net)
                  0.09    0.00    2.29 v _312_/A2 (sky130_fd_sc_hd__a21oi_2)
     3    0.01    0.17    0.21    2.50 ^ _312_/Y (sky130_fd_sc_hd__a21oi_2)
                                         _154_ (net)
                  0.17    0.00    2.50 ^ _314_/A2 (sky130_fd_sc_hd__a21oi_2)
     1    0.00    0.05    0.07    2.57 v _314_/Y (sky130_fd_sc_hd__a21oi_2)
                                         _156_ (net)
                  0.05    0.00    2.57 v _315_/B2 (sky130_fd_sc_hd__a2bb2o_2)
     9    0.02    0.09    0.29    2.86 v _315_/X (sky130_fd_sc_hd__a2bb2o_2)
                                         _157_ (net)
                  0.09    0.00    2.86 v _404_/A0 (sky130_fd_sc_hd__mux2_2)
     1    0.00    0.05    0.27    3.13 v _404_/X (sky130_fd_sc_hd__mux2_2)
                                         _043_ (net)
                  0.05    0.00    3.13 v _405_/A (sky130_fd_sc_hd__buf_1)
     1    0.00    0.02    0.08    3.21 v _405_/X (sky130_fd_sc_hd__buf_1)
                                         _015_ (net)
                  0.02    0.00    3.21 v _449_/D (sky130_fd_sc_hd__dfxtp_2)
                                  3.21   data arrival time

                  0.00   10.00   10.00   clock CLK100MHZ (rise edge)
                          0.00   10.00   clock network delay (ideal)
                         -0.20    9.80   clock uncertainty
                          0.00    9.80   clock reconvergence pessimism
                                  9.80 ^ _449_/CLK (sky130_fd_sc_hd__dfxtp_2)
                         -0.11    9.69   library setup time
                                  9.69   data required time
-----------------------------------------------------------------------------
                                  9.69   data required time
                                 -3.21   data arrival time
-----------------------------------------------------------------------------
                                  6.48   slack (MET)


Startpoint: _462_ (rising edge-triggered flip-flop clocked by CLK100MHZ)
Endpoint: _438_ (rising edge-triggered flip-flop clocked by CLK100MHZ)
Path Group: CLK100MHZ
Path Type: max

Fanout     Cap    Slew   Delay    Time   Description
-----------------------------------------------------------------------------
                  0.00    0.00    0.00   clock CLK100MHZ (rise edge)
                          0.00    0.00   clock network delay (ideal)
                  0.00    0.00    0.00 ^ _462_/CLK (sky130_fd_sc_hd__dfrtp_2)
     4    0.01    0.07    0.35    0.35 ^ _462_/Q (sky130_fd_sc_hd__dfrtp_2)
                                         imem.address[0] (net)
                  0.07    0.00    0.35 ^ _221_/A (sky130_fd_sc_hd__buf_1)
    10    0.02    0.29    0.26    0.61 ^ _221_/X (sky130_fd_sc_hd__buf_1)
                                         _066_ (net)
                  0.29    0.00    0.61 ^ _222_/A (sky130_fd_sc_hd__buf_1)
     9    0.03    0.35    0.34    0.95 ^ _222_/X (sky130_fd_sc_hd__buf_1)
                                         _067_ (net)
                  0.35    0.00    0.95 ^ _246_/C (sky130_fd_sc_hd__and3b_2)
     1    0.00    0.04    0.23    1.17 ^ _246_/X (sky130_fd_sc_hd__and3b_2)
                                         _088_ (net)
                  0.04    0.00    1.17 ^ _247_/A (sky130_fd_sc_hd__buf_1)
     7    0.02    0.24    0.22    1.39 ^ _247_/X (sky130_fd_sc_hd__buf_1)
                                         _089_ (net)
                  0.24    0.00    1.39 ^ _248_/B (sky130_fd_sc_hd__or2_2)
     1    0.00    0.03    0.15    1.54 ^ _248_/X (sky130_fd_sc_hd__or2_2)
                                         _090_ (net)
                  0.03    0.00    1.54 ^ _249_/A (sky130_fd_sc_hd__buf_1)
     5    0.01    0.18    0.17    1.71 ^ _249_/X (sky130_fd_sc_hd__buf_1)
                                         _091_ (net)
                  0.18    0.00    1.71 ^ _266_/A2 (sky130_fd_sc_hd__a21o_2)
     2    0.00    0.04    0.15    1.86 ^ _266_/X (sky130_fd_sc_hd__a21o_2)
                                         _108_ (net)
                  0.04    0.00    1.86 ^ _268_/B (sky130_fd_sc_hd__or3_2)
     2    0.01    0.05    0.11    1.97 ^ _268_/X (sky130_fd_sc_hd__or3_2)
                                         _110_ (net)
                  0.05    0.00    1.97 ^ _269_/B_N (sky130_fd_sc_hd__or2b_2)
     2    0.01    0.06    0.30    2.27 v _269_/X (sky130_fd_sc_hd__or2b_2)
                                         _111_ (net)
                  0.06    0.00    2.27 v _270_/B (sky130_fd_sc_hd__or2_2)
     1    0.00    0.05    0.27    2.54 v _270_/X (sky130_fd_sc_hd__or2_2)
                                         _112_ (net)
                  0.05    0.00    2.54 v _296_/A1 (sky130_fd_sc_hd__a22o_2)
     9    0.03    0.09    0.30    2.84 v _296_/X (sky130_fd_sc_hd__a22o_2)
                                         _138_ (net)
                  0.09    0.00    2.84 v _367_/A1 (sky130_fd_sc_hd__mux2_2)
     1    0.00    0.05    0.27    3.11 v _367_/X (sky130_fd_sc_hd__mux2_2)
                                         _201_ (net)
                  0.05    0.00    3.11 v _368_/A (sky130_fd_sc_hd__buf_1)
     1    0.00    0.02    0.08    3.19 v _368_/X (sky130_fd_sc_hd__buf_1)
                                         _004_ (net)
                  0.02    0.00    3.19 v _438_/D (sky130_fd_sc_hd__dfxtp_2)
                                  3.19   data arrival time

                  0.00   10.00   10.00   clock CLK100MHZ (rise edge)
                          0.00   10.00   clock network delay (ideal)
                         -0.20    9.80   clock uncertainty
                          0.00    9.80   clock reconvergence pessimism
                                  9.80 ^ _438_/CLK (sky130_fd_sc_hd__dfxtp_2)
                         -0.11    9.69   library setup time
                                  9.69   data required time
-----------------------------------------------------------------------------
                                  9.69   data required time
                                 -3.19   data arrival time
-----------------------------------------------------------------------------
                                  6.49   slack (MET)


Startpoint: _462_ (rising edge-triggered flip-flop clocked by CLK100MHZ)
Endpoint: _443_ (rising edge-triggered flip-flop clocked by CLK100MHZ)
Path Group: CLK100MHZ
Path Type: max

Fanout     Cap    Slew   Delay    Time   Description
-----------------------------------------------------------------------------
                  0.00    0.00    0.00   clock CLK100MHZ (rise edge)
                          0.00    0.00   clock network delay (ideal)
                  0.00    0.00    0.00 ^ _462_/CLK (sky130_fd_sc_hd__dfrtp_2)
     4    0.01    0.07    0.35    0.35 ^ _462_/Q (sky130_fd_sc_hd__dfrtp_2)
                                         imem.address[0] (net)
                  0.07    0.00    0.35 ^ _221_/A (sky130_fd_sc_hd__buf_1)
    10    0.02    0.29    0.26    0.61 ^ _221_/X (sky130_fd_sc_hd__buf_1)
                                         _066_ (net)
                  0.29    0.00    0.61 ^ _222_/A (sky130_fd_sc_hd__buf_1)
     9    0.03    0.35    0.34    0.95 ^ _222_/X (sky130_fd_sc_hd__buf_1)
                                         _067_ (net)
                  0.35    0.00    0.95 ^ _246_/C (sky130_fd_sc_hd__and3b_2)
     1    0.00    0.04    0.23    1.17 ^ _246_/X (sky130_fd_sc_hd__and3b_2)
                                         _088_ (net)
                  0.04    0.00    1.17 ^ _247_/A (sky130_fd_sc_hd__buf_1)
     7    0.02    0.24    0.22    1.39 ^ _247_/X (sky130_fd_sc_hd__buf_1)
                                         _089_ (net)
                  0.24    0.00    1.39 ^ _248_/B (sky130_fd_sc_hd__or2_2)
     1    0.00    0.03    0.15    1.54 ^ _248_/X (sky130_fd_sc_hd__or2_2)
                                         _090_ (net)
                  0.03    0.00    1.54 ^ _249_/A (sky130_fd_sc_hd__buf_1)
     5    0.01    0.18    0.17    1.71 ^ _249_/X (sky130_fd_sc_hd__buf_1)
                                         _091_ (net)
                  0.18    0.00    1.71 ^ _266_/A2 (sky130_fd_sc_hd__a21o_2)
     2    0.00    0.04    0.15    1.86 ^ _266_/X (sky130_fd_sc_hd__a21o_2)
                                         _108_ (net)
                  0.04    0.00    1.86 ^ _268_/B (sky130_fd_sc_hd__or3_2)
     2    0.01    0.05    0.11    1.97 ^ _268_/X (sky130_fd_sc_hd__or3_2)
                                         _110_ (net)
                  0.05    0.00    1.97 ^ _269_/B_N (sky130_fd_sc_hd__or2b_2)
     2    0.01    0.06    0.30    2.27 v _269_/X (sky130_fd_sc_hd__or2b_2)
                                         _111_ (net)
                  0.06    0.00    2.27 v _270_/B (sky130_fd_sc_hd__or2_2)
     1    0.00    0.05    0.27    2.54 v _270_/X (sky130_fd_sc_hd__or2_2)
                                         _112_ (net)
                  0.05    0.00    2.54 v _296_/A1 (sky130_fd_sc_hd__a22o_2)
     9    0.03    0.09    0.30    2.84 v _296_/X (sky130_fd_sc_hd__a22o_2)
                                         _138_ (net)
                  0.09    0.00    2.84 v _389_/A1 (sky130_fd_sc_hd__mux2_2)
     1    0.00    0.05    0.27    3.11 v _389_/X (sky130_fd_sc_hd__mux2_2)
                                         _034_ (net)
                  0.05    0.00    3.11 v _390_/A (sky130_fd_sc_hd__buf_1)
     1    0.00    0.02    0.08    3.19 v _390_/X (sky130_fd_sc_hd__buf_1)
                                         _009_ (net)
                  0.02    0.00    3.19 v _443_/D (sky130_fd_sc_hd__dfxtp_2)
                                  3.19   data arrival time

                  0.00   10.00   10.00   clock CLK100MHZ (rise edge)
                          0.00   10.00   clock network delay (ideal)
                         -0.20    9.80   clock uncertainty
                          0.00    9.80   clock reconvergence pessimism
                                  9.80 ^ _443_/CLK (sky130_fd_sc_hd__dfxtp_2)
                         -0.11    9.69   library setup time
                                  9.69   data required time
-----------------------------------------------------------------------------
                                  9.69   data required time
                                 -3.19   data arrival time
-----------------------------------------------------------------------------
                                  6.49   slack (MET)


Startpoint: _462_ (rising edge-triggered flip-flop clocked by CLK100MHZ)
Endpoint: _458_ (rising edge-triggered flip-flop clocked by CLK100MHZ)
Path Group: CLK100MHZ
Path Type: max

Fanout     Cap    Slew   Delay    Time   Description
-----------------------------------------------------------------------------
                  0.00    0.00    0.00   clock CLK100MHZ (rise edge)
                          0.00    0.00   clock network delay (ideal)
                  0.00    0.00    0.00 ^ _462_/CLK (sky130_fd_sc_hd__dfrtp_2)
     4    0.01    0.07    0.35    0.35 ^ _462_/Q (sky130_fd_sc_hd__dfrtp_2)
                                         imem.address[0] (net)
                  0.07    0.00    0.35 ^ _221_/A (sky130_fd_sc_hd__buf_1)
    10    0.02    0.29    0.26    0.61 ^ _221_/X (sky130_fd_sc_hd__buf_1)
                                         _066_ (net)
                  0.29    0.00    0.61 ^ _222_/A (sky130_fd_sc_hd__buf_1)
     9    0.03    0.35    0.34    0.95 ^ _222_/X (sky130_fd_sc_hd__buf_1)
                                         _067_ (net)
                  0.35    0.00    0.95 ^ _246_/C (sky130_fd_sc_hd__and3b_2)
     1    0.00    0.04    0.23    1.17 ^ _246_/X (sky130_fd_sc_hd__and3b_2)
                                         _088_ (net)
                  0.04    0.00    1.17 ^ _247_/A (sky130_fd_sc_hd__buf_1)
     7    0.02    0.24    0.22    1.39 ^ _247_/X (sky130_fd_sc_hd__buf_1)
                                         _089_ (net)
                  0.24    0.00    1.39 ^ _248_/B (sky130_fd_sc_hd__or2_2)
     1    0.00    0.03    0.15    1.54 ^ _248_/X (sky130_fd_sc_hd__or2_2)
                                         _090_ (net)
                  0.03    0.00    1.54 ^ _249_/A (sky130_fd_sc_hd__buf_1)
     5    0.01    0.18    0.17    1.71 ^ _249_/X (sky130_fd_sc_hd__buf_1)
                                         _091_ (net)
                  0.18    0.00    1.71 ^ _266_/A2 (sky130_fd_sc_hd__a21o_2)
     2    0.00    0.04    0.15    1.86 ^ _266_/X (sky130_fd_sc_hd__a21o_2)
                                         _108_ (net)
                  0.04    0.00    1.86 ^ _268_/B (sky130_fd_sc_hd__or3_2)
     2    0.01    0.05    0.11    1.97 ^ _268_/X (sky130_fd_sc_hd__or3_2)
                                         _110_ (net)
                  0.05    0.00    1.97 ^ _269_/B_N (sky130_fd_sc_hd__or2b_2)
     2    0.01    0.06    0.30    2.27 v _269_/X (sky130_fd_sc_hd__or2b_2)
                                         _111_ (net)
                  0.06    0.00    2.27 v _270_/B (sky130_fd_sc_hd__or2_2)
     1    0.00    0.05    0.27    2.54 v _270_/X (sky130_fd_sc_hd__or2_2)
                                         _112_ (net)
                  0.05    0.00    2.54 v _296_/A1 (sky130_fd_sc_hd__a22o_2)
     9    0.03    0.09    0.30    2.84 v _296_/X (sky130_fd_sc_hd__a22o_2)
                                         _138_ (net)
                  0.09    0.00    2.84 v _426_/A1 (sky130_fd_sc_hd__mux2_2)
     1    0.00    0.05    0.27    3.11 v _426_/X (sky130_fd_sc_hd__mux2_2)
                                         _056_ (net)
                  0.05    0.00    3.11 v _427_/A (sky130_fd_sc_hd__buf_1)
     1    0.00    0.02    0.08    3.19 v _427_/X (sky130_fd_sc_hd__buf_1)
                                         _024_ (net)
                  0.02    0.00    3.19 v _458_/D (sky130_fd_sc_hd__dfxtp_2)
                                  3.19   data arrival time

                  0.00   10.00   10.00   clock CLK100MHZ (rise edge)
                          0.00   10.00   clock network delay (ideal)
                         -0.20    9.80   clock uncertainty
                          0.00    9.80   clock reconvergence pessimism
                                  9.80 ^ _458_/CLK (sky130_fd_sc_hd__dfxtp_2)
                         -0.11    9.69   library setup time
                                  9.69   data required time
-----------------------------------------------------------------------------
                                  9.69   data required time
                                 -3.19   data arrival time
-----------------------------------------------------------------------------
                                  6.49   slack (MET)


Startpoint: _462_ (rising edge-triggered flip-flop clocked by CLK100MHZ)
Endpoint: _448_ (rising edge-triggered flip-flop clocked by CLK100MHZ)
Path Group: CLK100MHZ
Path Type: max

Fanout     Cap    Slew   Delay    Time   Description
-----------------------------------------------------------------------------
                  0.00    0.00    0.00   clock CLK100MHZ (rise edge)
                          0.00    0.00   clock network delay (ideal)
                  0.00    0.00    0.00 ^ _462_/CLK (sky130_fd_sc_hd__dfrtp_2)
     4    0.01    0.07    0.35    0.35 ^ _462_/Q (sky130_fd_sc_hd__dfrtp_2)
                                         imem.address[0] (net)
                  0.07    0.00    0.35 ^ _221_/A (sky130_fd_sc_hd__buf_1)
    10    0.02    0.29    0.26    0.61 ^ _221_/X (sky130_fd_sc_hd__buf_1)
                                         _066_ (net)
                  0.29    0.00    0.61 ^ _222_/A (sky130_fd_sc_hd__buf_1)
     9    0.03    0.35    0.34    0.95 ^ _222_/X (sky130_fd_sc_hd__buf_1)
                                         _067_ (net)
                  0.35    0.00    0.95 ^ _246_/C (sky130_fd_sc_hd__and3b_2)
     1    0.00    0.04    0.23    1.17 ^ _246_/X (sky130_fd_sc_hd__and3b_2)
                                         _088_ (net)
                  0.04    0.00    1.17 ^ _247_/A (sky130_fd_sc_hd__buf_1)
     7    0.02    0.24    0.22    1.39 ^ _247_/X (sky130_fd_sc_hd__buf_1)
                                         _089_ (net)
                  0.24    0.00    1.39 ^ _248_/B (sky130_fd_sc_hd__or2_2)
     1    0.00    0.03    0.15    1.54 ^ _248_/X (sky130_fd_sc_hd__or2_2)
                                         _090_ (net)
                  0.03    0.00    1.54 ^ _249_/A (sky130_fd_sc_hd__buf_1)
     5    0.01    0.18    0.17    1.71 ^ _249_/X (sky130_fd_sc_hd__buf_1)
                                         _091_ (net)
                  0.18    0.00    1.71 ^ _266_/A2 (sky130_fd_sc_hd__a21o_2)
     2    0.00    0.04    0.15    1.86 ^ _266_/X (sky130_fd_sc_hd__a21o_2)
                                         _108_ (net)
                  0.04    0.00    1.86 ^ _268_/B (sky130_fd_sc_hd__or3_2)
     2    0.01    0.05    0.11    1.97 ^ _268_/X (sky130_fd_sc_hd__or3_2)
                                         _110_ (net)
                  0.05    0.00    1.97 ^ _269_/B_N (sky130_fd_sc_hd__or2b_2)
     2    0.01    0.06    0.30    2.27 v _269_/X (sky130_fd_sc_hd__or2b_2)
                                         _111_ (net)
                  0.06    0.00    2.27 v _270_/B (sky130_fd_sc_hd__or2_2)
     1    0.00    0.05    0.27    2.54 v _270_/X (sky130_fd_sc_hd__or2_2)
                                         _112_ (net)
                  0.05    0.00    2.54 v _296_/A1 (sky130_fd_sc_hd__a22o_2)
     9    0.03    0.09    0.30    2.84 v _296_/X (sky130_fd_sc_hd__a22o_2)
                                         _138_ (net)
                  0.09    0.00    2.84 v _402_/A0 (sky130_fd_sc_hd__mux2_2)
     1    0.00    0.05    0.27    3.11 v _402_/X (sky130_fd_sc_hd__mux2_2)
                                         _042_ (net)
                  0.05    0.00    3.11 v _403_/A (sky130_fd_sc_hd__buf_1)
     1    0.00    0.02    0.08    3.19 v _403_/X (sky130_fd_sc_hd__buf_1)
                                         _014_ (net)
                  0.02    0.00    3.19 v _448_/D (sky130_fd_sc_hd__dfxtp_2)
                                  3.19   data arrival time

                  0.00   10.00   10.00   clock CLK100MHZ (rise edge)
                          0.00   10.00   clock network delay (ideal)
                         -0.20    9.80   clock uncertainty
                          0.00    9.80   clock reconvergence pessimism
                                  9.80 ^ _448_/CLK (sky130_fd_sc_hd__dfxtp_2)
                         -0.11    9.69   library setup time
                                  9.69   data required time
-----------------------------------------------------------------------------
                                  9.69   data required time
                                 -3.19   data arrival time
-----------------------------------------------------------------------------
                                  6.50   slack (MET)


Startpoint: _462_ (rising edge-triggered flip-flop clocked by CLK100MHZ)
Endpoint: _437_ (rising edge-triggered flip-flop clocked by CLK100MHZ)
Path Group: CLK100MHZ
Path Type: max

Fanout     Cap    Slew   Delay    Time   Description
-----------------------------------------------------------------------------
                  0.00    0.00    0.00   clock CLK100MHZ (rise edge)
                          0.00    0.00   clock network delay (ideal)
                  0.00    0.00    0.00 ^ _462_/CLK (sky130_fd_sc_hd__dfrtp_2)
     4    0.01    0.07    0.35    0.35 ^ _462_/Q (sky130_fd_sc_hd__dfrtp_2)
                                         imem.address[0] (net)
                  0.07    0.00    0.35 ^ _221_/A (sky130_fd_sc_hd__buf_1)
    10    0.02    0.29    0.26    0.61 ^ _221_/X (sky130_fd_sc_hd__buf_1)
                                         _066_ (net)
                  0.29    0.00    0.61 ^ _222_/A (sky130_fd_sc_hd__buf_1)
     9    0.03    0.35    0.34    0.95 ^ _222_/X (sky130_fd_sc_hd__buf_1)
                                         _067_ (net)
                  0.35    0.00    0.95 ^ _246_/C (sky130_fd_sc_hd__and3b_2)
     1    0.00    0.04    0.23    1.17 ^ _246_/X (sky130_fd_sc_hd__and3b_2)
                                         _088_ (net)
                  0.04    0.00    1.17 ^ _247_/A (sky130_fd_sc_hd__buf_1)
     7    0.02    0.24    0.22    1.39 ^ _247_/X (sky130_fd_sc_hd__buf_1)
                                         _089_ (net)
                  0.24    0.00    1.39 ^ _248_/B (sky130_fd_sc_hd__or2_2)
     1    0.00    0.03    0.15    1.54 ^ _248_/X (sky130_fd_sc_hd__or2_2)
                                         _090_ (net)
                  0.03    0.00    1.54 ^ _249_/A (sky130_fd_sc_hd__buf_1)
     5    0.01    0.18    0.17    1.71 ^ _249_/X (sky130_fd_sc_hd__buf_1)
                                         _091_ (net)
                  0.18    0.00    1.71 ^ _253_/A2 (sky130_fd_sc_hd__a21o_2)
     4    0.01    0.08    0.19    1.90 ^ _253_/X (sky130_fd_sc_hd__a21o_2)
                                         _095_ (net)
                  0.08    0.00    1.90 ^ _311_/B (sky130_fd_sc_hd__or2_2)
     2    0.01    0.06    0.13    2.03 ^ _311_/X (sky130_fd_sc_hd__or2_2)
                                         _153_ (net)
                  0.06    0.00    2.03 ^ _341_/A1 (sky130_fd_sc_hd__a21oi_2)
     1    0.00    0.03    0.04    2.07 v _341_/Y (sky130_fd_sc_hd__a21oi_2)
                                         _183_ (net)
                  0.03    0.00    2.07 v _342_/B1 (sky130_fd_sc_hd__a31o_2)
     9    0.02    0.09    0.26    2.34 v _342_/X (sky130_fd_sc_hd__a31o_2)
                                         _184_ (net)
                  0.09    0.00    2.34 v _365_/A1 (sky130_fd_sc_hd__mux2_2)
     1    0.00    0.05    0.27    2.60 v _365_/X (sky130_fd_sc_hd__mux2_2)
                                         _200_ (net)
                  0.05    0.00    2.60 v _366_/A (sky130_fd_sc_hd__buf_1)
     1    0.00    0.02    0.08    2.68 v _366_/X (sky130_fd_sc_hd__buf_1)
                                         _003_ (net)
                  0.02    0.00    2.68 v _437_/D (sky130_fd_sc_hd__dfxtp_2)
                                  2.68   data arrival time

                  0.00   10.00   10.00   clock CLK100MHZ (rise edge)
                          0.00   10.00   clock network delay (ideal)
                         -0.20    9.80   clock uncertainty
                          0.00    9.80   clock reconvergence pessimism
                                  9.80 ^ _437_/CLK (sky130_fd_sc_hd__dfxtp_2)
                         -0.11    9.69   library setup time
                                  9.69   data required time
-----------------------------------------------------------------------------
                                  9.69   data required time
                                 -2.68   data arrival time
-----------------------------------------------------------------------------
                                  7.00   slack (MET)


Startpoint: _462_ (rising edge-triggered flip-flop clocked by CLK100MHZ)
Endpoint: _442_ (rising edge-triggered flip-flop clocked by CLK100MHZ)
Path Group: CLK100MHZ
Path Type: max

Fanout     Cap    Slew   Delay    Time   Description
-----------------------------------------------------------------------------
                  0.00    0.00    0.00   clock CLK100MHZ (rise edge)
                          0.00    0.00   clock network delay (ideal)
                  0.00    0.00    0.00 ^ _462_/CLK (sky130_fd_sc_hd__dfrtp_2)
     4    0.01    0.07    0.35    0.35 ^ _462_/Q (sky130_fd_sc_hd__dfrtp_2)
                                         imem.address[0] (net)
                  0.07    0.00    0.35 ^ _221_/A (sky130_fd_sc_hd__buf_1)
    10    0.02    0.29    0.26    0.61 ^ _221_/X (sky130_fd_sc_hd__buf_1)
                                         _066_ (net)
                  0.29    0.00    0.61 ^ _222_/A (sky130_fd_sc_hd__buf_1)
     9    0.03    0.35    0.34    0.95 ^ _222_/X (sky130_fd_sc_hd__buf_1)
                                         _067_ (net)
                  0.35    0.00    0.95 ^ _246_/C (sky130_fd_sc_hd__and3b_2)
     1    0.00    0.04    0.23    1.17 ^ _246_/X (sky130_fd_sc_hd__and3b_2)
                                         _088_ (net)
                  0.04    0.00    1.17 ^ _247_/A (sky130_fd_sc_hd__buf_1)
     7    0.02    0.24    0.22    1.39 ^ _247_/X (sky130_fd_sc_hd__buf_1)
                                         _089_ (net)
                  0.24    0.00    1.39 ^ _248_/B (sky130_fd_sc_hd__or2_2)
     1    0.00    0.03    0.15    1.54 ^ _248_/X (sky130_fd_sc_hd__or2_2)
                                         _090_ (net)
                  0.03    0.00    1.54 ^ _249_/A (sky130_fd_sc_hd__buf_1)
     5    0.01    0.18    0.17    1.71 ^ _249_/X (sky130_fd_sc_hd__buf_1)
                                         _091_ (net)
                  0.18    0.00    1.71 ^ _253_/A2 (sky130_fd_sc_hd__a21o_2)
     4    0.01    0.08    0.19    1.90 ^ _253_/X (sky130_fd_sc_hd__a21o_2)
                                         _095_ (net)
                  0.08    0.00    1.90 ^ _311_/B (sky130_fd_sc_hd__or2_2)
     2    0.01    0.06    0.13    2.03 ^ _311_/X (sky130_fd_sc_hd__or2_2)
                                         _153_ (net)
                  0.06    0.00    2.03 ^ _341_/A1 (sky130_fd_sc_hd__a21oi_2)
     1    0.00    0.03    0.04    2.07 v _341_/Y (sky130_fd_sc_hd__a21oi_2)
                                         _183_ (net)
                  0.03    0.00    2.07 v _342_/B1 (sky130_fd_sc_hd__a31o_2)
     9    0.02    0.09    0.26    2.34 v _342_/X (sky130_fd_sc_hd__a31o_2)
                                         _184_ (net)
                  0.09    0.00    2.34 v _387_/A1 (sky130_fd_sc_hd__mux2_2)
     1    0.00    0.05    0.27    2.60 v _387_/X (sky130_fd_sc_hd__mux2_2)
                                         _033_ (net)
                  0.05    0.00    2.60 v _388_/A (sky130_fd_sc_hd__buf_1)
     1    0.00    0.02    0.08    2.68 v _388_/X (sky130_fd_sc_hd__buf_1)
                                         _008_ (net)
                  0.02    0.00    2.68 v _442_/D (sky130_fd_sc_hd__dfxtp_2)
                                  2.68   data arrival time

                  0.00   10.00   10.00   clock CLK100MHZ (rise edge)
                          0.00   10.00   clock network delay (ideal)
                         -0.20    9.80   clock uncertainty
                          0.00    9.80   clock reconvergence pessimism
                                  9.80 ^ _442_/CLK (sky130_fd_sc_hd__dfxtp_2)
                         -0.11    9.69   library setup time
                                  9.69   data required time
-----------------------------------------------------------------------------
                                  9.69   data required time
                                 -2.68   data arrival time
-----------------------------------------------------------------------------
                                  7.00   slack (MET)


Startpoint: _462_ (rising edge-triggered flip-flop clocked by CLK100MHZ)
Endpoint: _457_ (rising edge-triggered flip-flop clocked by CLK100MHZ)
Path Group: CLK100MHZ
Path Type: max

Fanout     Cap    Slew   Delay    Time   Description
-----------------------------------------------------------------------------
                  0.00    0.00    0.00   clock CLK100MHZ (rise edge)
                          0.00    0.00   clock network delay (ideal)
                  0.00    0.00    0.00 ^ _462_/CLK (sky130_fd_sc_hd__dfrtp_2)
     4    0.01    0.07    0.35    0.35 ^ _462_/Q (sky130_fd_sc_hd__dfrtp_2)
                                         imem.address[0] (net)
                  0.07    0.00    0.35 ^ _221_/A (sky130_fd_sc_hd__buf_1)
    10    0.02    0.29    0.26    0.61 ^ _221_/X (sky130_fd_sc_hd__buf_1)
                                         _066_ (net)
                  0.29    0.00    0.61 ^ _222_/A (sky130_fd_sc_hd__buf_1)
     9    0.03    0.35    0.34    0.95 ^ _222_/X (sky130_fd_sc_hd__buf_1)
                                         _067_ (net)
                  0.35    0.00    0.95 ^ _246_/C (sky130_fd_sc_hd__and3b_2)
     1    0.00    0.04    0.23    1.17 ^ _246_/X (sky130_fd_sc_hd__and3b_2)
                                         _088_ (net)
                  0.04    0.00    1.17 ^ _247_/A (sky130_fd_sc_hd__buf_1)
     7    0.02    0.24    0.22    1.39 ^ _247_/X (sky130_fd_sc_hd__buf_1)
                                         _089_ (net)
                  0.24    0.00    1.39 ^ _248_/B (sky130_fd_sc_hd__or2_2)
     1    0.00    0.03    0.15    1.54 ^ _248_/X (sky130_fd_sc_hd__or2_2)
                                         _090_ (net)
                  0.03    0.00    1.54 ^ _249_/A (sky130_fd_sc_hd__buf_1)
     5    0.01    0.18    0.17    1.71 ^ _249_/X (sky130_fd_sc_hd__buf_1)
                                         _091_ (net)
                  0.18    0.00    1.71 ^ _253_/A2 (sky130_fd_sc_hd__a21o_2)
     4    0.01    0.08    0.19    1.90 ^ _253_/X (sky130_fd_sc_hd__a21o_2)
                                         _095_ (net)
                  0.08    0.00    1.90 ^ _311_/B (sky130_fd_sc_hd__or2_2)
     2    0.01    0.06    0.13    2.03 ^ _311_/X (sky130_fd_sc_hd__or2_2)
                                         _153_ (net)
                  0.06    0.00    2.03 ^ _341_/A1 (sky130_fd_sc_hd__a21oi_2)
     1    0.00    0.03    0.04    2.07 v _341_/Y (sky130_fd_sc_hd__a21oi_2)
                                         _183_ (net)
                  0.03    0.00    2.07 v _342_/B1 (sky130_fd_sc_hd__a31o_2)
     9    0.02    0.09    0.26    2.34 v _342_/X (sky130_fd_sc_hd__a31o_2)
                                         _184_ (net)
                  0.09    0.00    2.34 v _424_/A1 (sky130_fd_sc_hd__mux2_2)
     1    0.00    0.05    0.27    2.60 v _424_/X (sky130_fd_sc_hd__mux2_2)
                                         _055_ (net)
                  0.05    0.00    2.60 v _425_/A (sky130_fd_sc_hd__buf_1)
     1    0.00    0.02    0.08    2.68 v _425_/X (sky130_fd_sc_hd__buf_1)
                                         _023_ (net)
                  0.02    0.00    2.68 v _457_/D (sky130_fd_sc_hd__dfxtp_2)
                                  2.68   data arrival time

                  0.00   10.00   10.00   clock CLK100MHZ (rise edge)
                          0.00   10.00   clock network delay (ideal)
                         -0.20    9.80   clock uncertainty
                          0.00    9.80   clock reconvergence pessimism
                                  9.80 ^ _457_/CLK (sky130_fd_sc_hd__dfxtp_2)
                         -0.11    9.69   library setup time
                                  9.69   data required time
-----------------------------------------------------------------------------
                                  9.69   data required time
                                 -2.68   data arrival time
-----------------------------------------------------------------------------
                                  7.00   slack (MET)


Startpoint: _462_ (rising edge-triggered flip-flop clocked by CLK100MHZ)
Endpoint: _447_ (rising edge-triggered flip-flop clocked by CLK100MHZ)
Path Group: CLK100MHZ
Path Type: max

Fanout     Cap    Slew   Delay    Time   Description
-----------------------------------------------------------------------------
                  0.00    0.00    0.00   clock CLK100MHZ (rise edge)
                          0.00    0.00   clock network delay (ideal)
                  0.00    0.00    0.00 ^ _462_/CLK (sky130_fd_sc_hd__dfrtp_2)
     4    0.01    0.07    0.35    0.35 ^ _462_/Q (sky130_fd_sc_hd__dfrtp_2)
                                         imem.address[0] (net)
                  0.07    0.00    0.35 ^ _221_/A (sky130_fd_sc_hd__buf_1)
    10    0.02    0.29    0.26    0.61 ^ _221_/X (sky130_fd_sc_hd__buf_1)
                                         _066_ (net)
                  0.29    0.00    0.61 ^ _222_/A (sky130_fd_sc_hd__buf_1)
     9    0.03    0.35    0.34    0.95 ^ _222_/X (sky130_fd_sc_hd__buf_1)
                                         _067_ (net)
                  0.35    0.00    0.95 ^ _246_/C (sky130_fd_sc_hd__and3b_2)
     1    0.00    0.04    0.23    1.17 ^ _246_/X (sky130_fd_sc_hd__and3b_2)
                                         _088_ (net)
                  0.04    0.00    1.17 ^ _247_/A (sky130_fd_sc_hd__buf_1)
     7    0.02    0.24    0.22    1.39 ^ _247_/X (sky130_fd_sc_hd__buf_1)
                                         _089_ (net)
                  0.24    0.00    1.39 ^ _248_/B (sky130_fd_sc_hd__or2_2)
     1    0.00    0.03    0.15    1.54 ^ _248_/X (sky130_fd_sc_hd__or2_2)
                                         _090_ (net)
                  0.03    0.00    1.54 ^ _249_/A (sky130_fd_sc_hd__buf_1)
     5    0.01    0.18    0.17    1.71 ^ _249_/X (sky130_fd_sc_hd__buf_1)
                                         _091_ (net)
                  0.18    0.00    1.71 ^ _253_/A2 (sky130_fd_sc_hd__a21o_2)
     4    0.01    0.08    0.19    1.90 ^ _253_/X (sky130_fd_sc_hd__a21o_2)
                                         _095_ (net)
                  0.08    0.00    1.90 ^ _311_/B (sky130_fd_sc_hd__or2_2)
     2    0.01    0.06    0.13    2.03 ^ _311_/X (sky130_fd_sc_hd__or2_2)
                                         _153_ (net)
                  0.06    0.00    2.03 ^ _341_/A1 (sky130_fd_sc_hd__a21oi_2)
     1    0.00    0.03    0.04    2.07 v _341_/Y (sky130_fd_sc_hd__a21oi_2)
                                         _183_ (net)
                  0.03    0.00    2.07 v _342_/B1 (sky130_fd_sc_hd__a31o_2)
     9    0.02    0.09    0.26    2.34 v _342_/X (sky130_fd_sc_hd__a31o_2)
                                         _184_ (net)
                  0.09    0.00    2.34 v _400_/A0 (sky130_fd_sc_hd__mux2_2)
     1    0.00    0.05    0.26    2.60 v _400_/X (sky130_fd_sc_hd__mux2_2)
                                         _041_ (net)
                  0.05    0.00    2.60 v _401_/A (sky130_fd_sc_hd__buf_1)
     1    0.00    0.02    0.08    2.68 v _401_/X (sky130_fd_sc_hd__buf_1)
                                         _013_ (net)
                  0.02    0.00    2.68 v _447_/D (sky130_fd_sc_hd__dfxtp_2)
                                  2.68   data arrival time

                  0.00   10.00   10.00   clock CLK100MHZ (rise edge)
                          0.00   10.00   clock network delay (ideal)
                         -0.20    9.80   clock uncertainty
                          0.00    9.80   clock reconvergence pessimism
                                  9.80 ^ _447_/CLK (sky130_fd_sc_hd__dfxtp_2)
                         -0.11    9.69   library setup time
                                  9.69   data required time
-----------------------------------------------------------------------------
                                  9.69   data required time
                                 -2.68   data arrival time
-----------------------------------------------------------------------------
                                  7.01   slack (MET)


Startpoint: _464_ (rising edge-triggered flip-flop clocked by CLK100MHZ)
Endpoint: _452_ (rising edge-triggered flip-flop clocked by CLK100MHZ)
Path Group: CLK100MHZ
Path Type: max

Fanout     Cap    Slew   Delay    Time   Description
-----------------------------------------------------------------------------
                  0.00    0.00    0.00   clock CLK100MHZ (rise edge)
                          0.00    0.00   clock network delay (ideal)
                  0.00    0.00    0.00 ^ _464_/CLK (sky130_fd_sc_hd__dfrtp_2)
     3    0.01    0.06    0.34    0.34 ^ _464_/Q (sky130_fd_sc_hd__dfrtp_2)
                                         imem.address[2] (net)
                  0.06    0.00    0.34 ^ _215_/A (sky130_fd_sc_hd__buf_1)
    10    0.02    0.28    0.25    0.59 ^ _215_/X (sky130_fd_sc_hd__buf_1)
                                         _060_ (net)
                  0.28    0.00    0.59 ^ _216_/A (sky130_fd_sc_hd__buf_1)
     5    0.01    0.12    0.18    0.76 ^ _216_/X (sky130_fd_sc_hd__buf_1)
                                         _061_ (net)
                  0.12    0.00    0.76 ^ _217_/A (sky130_fd_sc_hd__buf_1)
     1    0.00    0.04    0.10    0.86 ^ _217_/X (sky130_fd_sc_hd__buf_1)
                                         _062_ (net)
                  0.04    0.00    0.86 ^ _218_/A (sky130_fd_sc_hd__buf_1)
     1    0.00    0.04    0.07    0.93 ^ _218_/X (sky130_fd_sc_hd__buf_1)
                                         _063_ (net)
                  0.04    0.00    0.93 ^ _219_/A (sky130_fd_sc_hd__buf_1)
     6    0.02    0.29    0.24    1.18 ^ _219_/X (sky130_fd_sc_hd__buf_1)
                                         _064_ (net)
                  0.29    0.00    1.18 ^ _410_/A (sky130_fd_sc_hd__nand3_2)
     1    0.00    0.07    0.08    1.26 v _410_/Y (sky130_fd_sc_hd__nand3_2)
                                         _046_ (net)
                  0.07    0.00    1.26 v _411_/A (sky130_fd_sc_hd__buf_1)
     5    0.01    0.05    0.12    1.38 v _411_/X (sky130_fd_sc_hd__buf_1)
                                         _047_ (net)
                  0.05    0.00    1.38 v _412_/B (sky130_fd_sc_hd__and2_2)
     1    0.00    0.03    0.18    1.56 v _412_/X (sky130_fd_sc_hd__and2_2)
                                         _048_ (net)
                  0.03    0.00    1.56 v _413_/A (sky130_fd_sc_hd__buf_1)
     1    0.00    0.02    0.08    1.64 v _413_/X (sky130_fd_sc_hd__buf_1)
                                         _018_ (net)
                  0.02    0.00    1.64 v _452_/D (sky130_fd_sc_hd__dfxtp_2)
                                  1.64   data arrival time

                  0.00   10.00   10.00   clock CLK100MHZ (rise edge)
                          0.00   10.00   clock network delay (ideal)
                         -0.20    9.80   clock uncertainty
                          0.00    9.80   clock reconvergence pessimism
                                  9.80 ^ _452_/CLK (sky130_fd_sc_hd__dfxtp_2)
                         -0.11    9.69   library setup time
                                  9.69   data required time
-----------------------------------------------------------------------------
                                  9.69   data required time
                                 -1.64   data arrival time
-----------------------------------------------------------------------------
                                  8.05   slack (MET)


Startpoint: _464_ (rising edge-triggered flip-flop clocked by CLK100MHZ)
Endpoint: _453_ (rising edge-triggered flip-flop clocked by CLK100MHZ)
Path Group: CLK100MHZ
Path Type: max

Fanout     Cap    Slew   Delay    Time   Description
-----------------------------------------------------------------------------
                  0.00    0.00    0.00   clock CLK100MHZ (rise edge)
                          0.00    0.00   clock network delay (ideal)
                  0.00    0.00    0.00 ^ _464_/CLK (sky130_fd_sc_hd__dfrtp_2)
     3    0.01    0.06    0.34    0.34 ^ _464_/Q (sky130_fd_sc_hd__dfrtp_2)
                                         imem.address[2] (net)
                  0.06    0.00    0.34 ^ _215_/A (sky130_fd_sc_hd__buf_1)
    10    0.02    0.28    0.25    0.59 ^ _215_/X (sky130_fd_sc_hd__buf_1)
                                         _060_ (net)
                  0.28    0.00    0.59 ^ _216_/A (sky130_fd_sc_hd__buf_1)
     5    0.01    0.12    0.18    0.76 ^ _216_/X (sky130_fd_sc_hd__buf_1)
                                         _061_ (net)
                  0.12    0.00    0.76 ^ _217_/A (sky130_fd_sc_hd__buf_1)
     1    0.00    0.04    0.10    0.86 ^ _217_/X (sky130_fd_sc_hd__buf_1)
                                         _062_ (net)
                  0.04    0.00    0.86 ^ _218_/A (sky130_fd_sc_hd__buf_1)
     1    0.00    0.04    0.07    0.93 ^ _218_/X (sky130_fd_sc_hd__buf_1)
                                         _063_ (net)
                  0.04    0.00    0.93 ^ _219_/A (sky130_fd_sc_hd__buf_1)
     6    0.02    0.29    0.24    1.18 ^ _219_/X (sky130_fd_sc_hd__buf_1)
                                         _064_ (net)
                  0.29    0.00    1.18 ^ _410_/A (sky130_fd_sc_hd__nand3_2)
     1    0.00    0.07    0.08    1.26 v _410_/Y (sky130_fd_sc_hd__nand3_2)
                                         _046_ (net)
                  0.07    0.00    1.26 v _411_/A (sky130_fd_sc_hd__buf_1)
     5    0.01    0.05    0.12    1.38 v _411_/X (sky130_fd_sc_hd__buf_1)
                                         _047_ (net)
                  0.05    0.00    1.38 v _414_/B (sky130_fd_sc_hd__and2_2)
     1    0.00    0.03    0.18    1.56 v _414_/X (sky130_fd_sc_hd__and2_2)
                                         _049_ (net)
                  0.03    0.00    1.56 v _415_/A (sky130_fd_sc_hd__buf_1)
     1    0.00    0.02    0.08    1.64 v _415_/X (sky130_fd_sc_hd__buf_1)
                                         _019_ (net)
                  0.02    0.00    1.64 v _453_/D (sky130_fd_sc_hd__dfxtp_2)
                                  1.64   data arrival time

                  0.00   10.00   10.00   clock CLK100MHZ (rise edge)
                          0.00   10.00   clock network delay (ideal)
                         -0.20    9.80   clock uncertainty
                          0.00    9.80   clock reconvergence pessimism
                                  9.80 ^ _453_/CLK (sky130_fd_sc_hd__dfxtp_2)
                         -0.11    9.69   library setup time
                                  9.69   data required time
-----------------------------------------------------------------------------
                                  9.69   data required time
                                 -1.64   data arrival time
-----------------------------------------------------------------------------
                                  8.05   slack (MET)


Startpoint: _464_ (rising edge-triggered flip-flop clocked by CLK100MHZ)
Endpoint: _454_ (rising edge-triggered flip-flop clocked by CLK100MHZ)
Path Group: CLK100MHZ
Path Type: max

Fanout     Cap    Slew   Delay    Time   Description
-----------------------------------------------------------------------------
                  0.00    0.00    0.00   clock CLK100MHZ (rise edge)
                          0.00    0.00   clock network delay (ideal)
                  0.00    0.00    0.00 ^ _464_/CLK (sky130_fd_sc_hd__dfrtp_2)
     3    0.01    0.06    0.34    0.34 ^ _464_/Q (sky130_fd_sc_hd__dfrtp_2)
                                         imem.address[2] (net)
                  0.06    0.00    0.34 ^ _215_/A (sky130_fd_sc_hd__buf_1)
    10    0.02    0.28    0.25    0.59 ^ _215_/X (sky130_fd_sc_hd__buf_1)
                                         _060_ (net)
                  0.28    0.00    0.59 ^ _216_/A (sky130_fd_sc_hd__buf_1)
     5    0.01    0.12    0.18    0.76 ^ _216_/X (sky130_fd_sc_hd__buf_1)
                                         _061_ (net)
                  0.12    0.00    0.76 ^ _217_/A (sky130_fd_sc_hd__buf_1)
     1    0.00    0.04    0.10    0.86 ^ _217_/X (sky130_fd_sc_hd__buf_1)
                                         _062_ (net)
                  0.04    0.00    0.86 ^ _218_/A (sky130_fd_sc_hd__buf_1)
     1    0.00    0.04    0.07    0.93 ^ _218_/X (sky130_fd_sc_hd__buf_1)
                                         _063_ (net)
                  0.04    0.00    0.93 ^ _219_/A (sky130_fd_sc_hd__buf_1)
     6    0.02    0.29    0.24    1.18 ^ _219_/X (sky130_fd_sc_hd__buf_1)
                                         _064_ (net)
                  0.29    0.00    1.18 ^ _410_/A (sky130_fd_sc_hd__nand3_2)
     1    0.00    0.07    0.08    1.26 v _410_/Y (sky130_fd_sc_hd__nand3_2)
                                         _046_ (net)
                  0.07    0.00    1.26 v _411_/A (sky130_fd_sc_hd__buf_1)
     5    0.01    0.05    0.12    1.38 v _411_/X (sky130_fd_sc_hd__buf_1)
                                         _047_ (net)
                  0.05    0.00    1.38 v _416_/B (sky130_fd_sc_hd__and2_2)
     1    0.00    0.03    0.18    1.56 v _416_/X (sky130_fd_sc_hd__and2_2)
                                         _050_ (net)
                  0.03    0.00    1.56 v _417_/A (sky130_fd_sc_hd__buf_1)
     1    0.00    0.02    0.08    1.64 v _417_/X (sky130_fd_sc_hd__buf_1)
                                         _020_ (net)
                  0.02    0.00    1.64 v _454_/D (sky130_fd_sc_hd__dfxtp_2)
                                  1.64   data arrival time

                  0.00   10.00   10.00   clock CLK100MHZ (rise edge)
                          0.00   10.00   clock network delay (ideal)
                         -0.20    9.80   clock uncertainty
                          0.00    9.80   clock reconvergence pessimism
                                  9.80 ^ _454_/CLK (sky130_fd_sc_hd__dfxtp_2)
                         -0.11    9.69   library setup time
                                  9.69   data required time
-----------------------------------------------------------------------------
                                  9.69   data required time
                                 -1.64   data arrival time
-----------------------------------------------------------------------------
                                  8.05   slack (MET)


Startpoint: _464_ (rising edge-triggered flip-flop clocked by CLK100MHZ)
Endpoint: _455_ (rising edge-triggered flip-flop clocked by CLK100MHZ)
Path Group: CLK100MHZ
Path Type: max

Fanout     Cap    Slew   Delay    Time   Description
-----------------------------------------------------------------------------
                  0.00    0.00    0.00   clock CLK100MHZ (rise edge)
                          0.00    0.00   clock network delay (ideal)
                  0.00    0.00    0.00 ^ _464_/CLK (sky130_fd_sc_hd__dfrtp_2)
     3    0.01    0.06    0.34    0.34 ^ _464_/Q (sky130_fd_sc_hd__dfrtp_2)
                                         imem.address[2] (net)
                  0.06    0.00    0.34 ^ _215_/A (sky130_fd_sc_hd__buf_1)
    10    0.02    0.28    0.25    0.59 ^ _215_/X (sky130_fd_sc_hd__buf_1)
                                         _060_ (net)
                  0.28    0.00    0.59 ^ _216_/A (sky130_fd_sc_hd__buf_1)
     5    0.01    0.12    0.18    0.76 ^ _216_/X (sky130_fd_sc_hd__buf_1)
                                         _061_ (net)
                  0.12    0.00    0.76 ^ _217_/A (sky130_fd_sc_hd__buf_1)
     1    0.00    0.04    0.10    0.86 ^ _217_/X (sky130_fd_sc_hd__buf_1)
                                         _062_ (net)
                  0.04    0.00    0.86 ^ _218_/A (sky130_fd_sc_hd__buf_1)
     1    0.00    0.04    0.07    0.93 ^ _218_/X (sky130_fd_sc_hd__buf_1)
                                         _063_ (net)
                  0.04    0.00    0.93 ^ _219_/A (sky130_fd_sc_hd__buf_1)
     6    0.02    0.29    0.24    1.18 ^ _219_/X (sky130_fd_sc_hd__buf_1)
                                         _064_ (net)
                  0.29    0.00    1.18 ^ _410_/A (sky130_fd_sc_hd__nand3_2)
     1    0.00    0.07    0.08    1.26 v _410_/Y (sky130_fd_sc_hd__nand3_2)
                                         _046_ (net)
                  0.07    0.00    1.26 v _411_/A (sky130_fd_sc_hd__buf_1)
     5    0.01    0.05    0.12    1.38 v _411_/X (sky130_fd_sc_hd__buf_1)
                                         _047_ (net)
                  0.05    0.00    1.38 v _418_/B (sky130_fd_sc_hd__and2_2)
     1    0.00    0.03    0.18    1.56 v _418_/X (sky130_fd_sc_hd__and2_2)
                                         _051_ (net)
                  0.03    0.00    1.56 v _419_/A (sky130_fd_sc_hd__buf_1)
     1    0.00    0.02    0.08    1.64 v _419_/X (sky130_fd_sc_hd__buf_1)
                                         _021_ (net)
                  0.02    0.00    1.64 v _455_/D (sky130_fd_sc_hd__dfxtp_2)
                                  1.64   data arrival time

                  0.00   10.00   10.00   clock CLK100MHZ (rise edge)
                          0.00   10.00   clock network delay (ideal)
                         -0.20    9.80   clock uncertainty
                          0.00    9.80   clock reconvergence pessimism
                                  9.80 ^ _455_/CLK (sky130_fd_sc_hd__dfxtp_2)
                         -0.11    9.69   library setup time
                                  9.69   data required time
-----------------------------------------------------------------------------
                                  9.69   data required time
                                 -1.64   data arrival time
-----------------------------------------------------------------------------
                                  8.05   slack (MET)


Startpoint: _464_ (rising edge-triggered flip-flop clocked by CLK100MHZ)
Endpoint: _456_ (rising edge-triggered flip-flop clocked by CLK100MHZ)
Path Group: CLK100MHZ
Path Type: max

Fanout     Cap    Slew   Delay    Time   Description
-----------------------------------------------------------------------------
                  0.00    0.00    0.00   clock CLK100MHZ (rise edge)
                          0.00    0.00   clock network delay (ideal)
                  0.00    0.00    0.00 ^ _464_/CLK (sky130_fd_sc_hd__dfrtp_2)
     3    0.01    0.06    0.34    0.34 ^ _464_/Q (sky130_fd_sc_hd__dfrtp_2)
                                         imem.address[2] (net)
                  0.06    0.00    0.34 ^ _215_/A (sky130_fd_sc_hd__buf_1)
    10    0.02    0.28    0.25    0.59 ^ _215_/X (sky130_fd_sc_hd__buf_1)
                                         _060_ (net)
                  0.28    0.00    0.59 ^ _216_/A (sky130_fd_sc_hd__buf_1)
     5    0.01    0.12    0.18    0.76 ^ _216_/X (sky130_fd_sc_hd__buf_1)
                                         _061_ (net)
                  0.12    0.00    0.76 ^ _217_/A (sky130_fd_sc_hd__buf_1)
     1    0.00    0.04    0.10    0.86 ^ _217_/X (sky130_fd_sc_hd__buf_1)
                                         _062_ (net)
                  0.04    0.00    0.86 ^ _218_/A (sky130_fd_sc_hd__buf_1)
     1    0.00    0.04    0.07    0.93 ^ _218_/X (sky130_fd_sc_hd__buf_1)
                                         _063_ (net)
                  0.04    0.00    0.93 ^ _219_/A (sky130_fd_sc_hd__buf_1)
     6    0.02    0.29    0.24    1.18 ^ _219_/X (sky130_fd_sc_hd__buf_1)
                                         _064_ (net)
                  0.29    0.00    1.18 ^ _410_/A (sky130_fd_sc_hd__nand3_2)
     1    0.00    0.07    0.08    1.26 v _410_/Y (sky130_fd_sc_hd__nand3_2)
                                         _046_ (net)
                  0.07    0.00    1.26 v _411_/A (sky130_fd_sc_hd__buf_1)
     5    0.01    0.05    0.12    1.38 v _411_/X (sky130_fd_sc_hd__buf_1)
                                         _047_ (net)
                  0.05    0.00    1.38 v _420_/B (sky130_fd_sc_hd__and2_2)
     1    0.00    0.03    0.18    1.56 v _420_/X (sky130_fd_sc_hd__and2_2)
                                         _052_ (net)
                  0.03    0.00    1.56 v _421_/A (sky130_fd_sc_hd__buf_1)
     1    0.00    0.02    0.08    1.64 v _421_/X (sky130_fd_sc_hd__buf_1)
                                         _022_ (net)
                  0.02    0.00    1.64 v _456_/D (sky130_fd_sc_hd__dfxtp_2)
                                  1.64   data arrival time

                  0.00   10.00   10.00   clock CLK100MHZ (rise edge)
                          0.00   10.00   clock network delay (ideal)
                         -0.20    9.80   clock uncertainty
                          0.00    9.80   clock reconvergence pessimism
                                  9.80 ^ _456_/CLK (sky130_fd_sc_hd__dfxtp_2)
                         -0.11    9.69   library setup time
                                  9.69   data required time
-----------------------------------------------------------------------------
                                  9.69   data required time
                                 -1.64   data arrival time
-----------------------------------------------------------------------------
                                  8.05   slack (MET)


Startpoint: _462_ (rising edge-triggered flip-flop clocked by CLK100MHZ)
Endpoint: _464_ (rising edge-triggered flip-flop clocked by CLK100MHZ)
Path Group: CLK100MHZ
Path Type: max

Fanout     Cap    Slew   Delay    Time   Description
-----------------------------------------------------------------------------
                  0.00    0.00    0.00   clock CLK100MHZ (rise edge)
                          0.00    0.00   clock network delay (ideal)
                  0.00    0.00    0.00 ^ _462_/CLK (sky130_fd_sc_hd__dfrtp_2)
     4    0.01    0.07    0.35    0.35 ^ _462_/Q (sky130_fd_sc_hd__dfrtp_2)
                                         imem.address[0] (net)
                  0.07    0.00    0.35 ^ _221_/A (sky130_fd_sc_hd__buf_1)
    10    0.02    0.29    0.26    0.61 ^ _221_/X (sky130_fd_sc_hd__buf_1)
                                         _066_ (net)
                  0.29    0.00    0.61 ^ _222_/A (sky130_fd_sc_hd__buf_1)
     9    0.03    0.35    0.34    0.95 ^ _222_/X (sky130_fd_sc_hd__buf_1)
                                         _067_ (net)
                  0.35    0.00    0.95 ^ _223_/C (sky130_fd_sc_hd__and3_2)
     2    0.01    0.09    0.28    1.23 ^ _223_/X (sky130_fd_sc_hd__and3_2)
                                         _068_ (net)
                  0.09    0.00    1.23 ^ _224_/B (sky130_fd_sc_hd__xor2_2)
     1    0.00    0.08    0.12    1.35 ^ _224_/X (sky130_fd_sc_hd__xor2_2)
                                         _030_ (net)
                  0.08    0.00    1.35 ^ _464_/D (sky130_fd_sc_hd__dfrtp_2)
                                  1.35   data arrival time

                  0.00   10.00   10.00   clock CLK100MHZ (rise edge)
                          0.00   10.00   clock network delay (ideal)
                         -0.20    9.80   clock uncertainty
                          0.00    9.80   clock reconvergence pessimism
                                  9.80 ^ _464_/CLK (sky130_fd_sc_hd__dfrtp_2)
                         -0.08    9.72   library setup time
                                  9.72   data required time
-----------------------------------------------------------------------------
                                  9.72   data required time
                                 -1.35   data arrival time
-----------------------------------------------------------------------------
                                  8.37   slack (MET)


Startpoint: _462_ (rising edge-triggered flip-flop clocked by CLK100MHZ)
Endpoint: _463_ (rising edge-triggered flip-flop clocked by CLK100MHZ)
Path Group: CLK100MHZ
Path Type: max

Fanout     Cap    Slew   Delay    Time   Description
-----------------------------------------------------------------------------
                  0.00    0.00    0.00   clock CLK100MHZ (rise edge)
                          0.00    0.00   clock network delay (ideal)
                  0.00    0.00    0.00 ^ _462_/CLK (sky130_fd_sc_hd__dfrtp_2)
     4    0.01    0.07    0.35    0.35 ^ _462_/Q (sky130_fd_sc_hd__dfrtp_2)
                                         imem.address[0] (net)
                  0.07    0.00    0.35 ^ _221_/A (sky130_fd_sc_hd__buf_1)
    10    0.02    0.29    0.26    0.61 ^ _221_/X (sky130_fd_sc_hd__buf_1)
                                         _066_ (net)
                  0.29    0.00    0.61 ^ _222_/A (sky130_fd_sc_hd__buf_1)
     9    0.03    0.35    0.34    0.95 ^ _222_/X (sky130_fd_sc_hd__buf_1)
                                         _067_ (net)
                  0.35    0.00    0.95 ^ _223_/C (sky130_fd_sc_hd__and3_2)
     2    0.01    0.09    0.28    1.23 ^ _223_/X (sky130_fd_sc_hd__and3_2)
                                         _068_ (net)
                  0.09    0.00    1.23 ^ _226_/A (sky130_fd_sc_hd__nor2_2)
     1    0.00    0.03    0.04    1.27 v _226_/Y (sky130_fd_sc_hd__nor2_2)
                                         _029_ (net)
                  0.03    0.00    1.27 v _463_/D (sky130_fd_sc_hd__dfrtp_2)
                                  1.27   data arrival time

                  0.00   10.00   10.00   clock CLK100MHZ (rise edge)
                          0.00   10.00   clock network delay (ideal)
                         -0.20    9.80   clock uncertainty
                          0.00    9.80   clock reconvergence pessimism
                                  9.80 ^ _463_/CLK (sky130_fd_sc_hd__dfrtp_2)
                         -0.12    9.68   library setup time
                                  9.68   data required time
-----------------------------------------------------------------------------
                                  9.68   data required time
                                 -1.27   data arrival time
-----------------------------------------------------------------------------
                                  8.41   slack (MET)


Startpoint: _462_ (rising edge-triggered flip-flop clocked by CLK100MHZ)
Endpoint: _462_ (rising edge-triggered flip-flop clocked by CLK100MHZ)
Path Group: CLK100MHZ
Path Type: max

Fanout     Cap    Slew   Delay    Time   Description
-----------------------------------------------------------------------------
                  0.00    0.00    0.00   clock CLK100MHZ (rise edge)
                          0.00    0.00   clock network delay (ideal)
                  0.00    0.00    0.00 ^ _462_/CLK (sky130_fd_sc_hd__dfrtp_2)
     4    0.01    0.07    0.35    0.35 ^ _462_/Q (sky130_fd_sc_hd__dfrtp_2)
                                         imem.address[0] (net)
                  0.07    0.00    0.35 ^ _221_/A (sky130_fd_sc_hd__buf_1)
    10    0.02    0.29    0.26    0.61 ^ _221_/X (sky130_fd_sc_hd__buf_1)
                                         _066_ (net)
                  0.29    0.00    0.61 ^ _222_/A (sky130_fd_sc_hd__buf_1)
     9    0.03    0.35    0.34    0.95 ^ _222_/X (sky130_fd_sc_hd__buf_1)
                                         _067_ (net)
                  0.35    0.00    0.95 ^ _227_/B (sky130_fd_sc_hd__xor2_2)
     1    0.00    0.08    0.10    1.04 v _227_/X (sky130_fd_sc_hd__xor2_2)
                                         _028_ (net)
                  0.08    0.00    1.04 v _462_/D (sky130_fd_sc_hd__dfrtp_2)
                                  1.04   data arrival time

                  0.00   10.00   10.00   clock CLK100MHZ (rise edge)
                          0.00   10.00   clock network delay (ideal)
                         -0.20    9.80   clock uncertainty
                          0.00    9.80   clock reconvergence pessimism
                                  9.80 ^ _462_/CLK (sky130_fd_sc_hd__dfrtp_2)
                         -0.14    9.66   library setup time
                                  9.66   data required time
-----------------------------------------------------------------------------
                                  9.66   data required time
                                 -1.04   data arrival time
-----------------------------------------------------------------------------
                                  8.62   slack (MET)



worst slack corner Typical: 6.1428
