OpenROAD b16bda7e82721d10566ff7e2b68f1ff0be9f9e38 
Features included (+) or not (-): +Charts +GPU +GUI +Python
This program is licensed under the BSD-3 license. See the LICENSE file for details.
Components of this program may be licensed under more restrictive licenses which must be honored.
define_corners Typical
read_liberty -corner Typical /home/pikachu/.volare/sky130A/libs.ref/sky130_fd_sc_hd/lib/sky130_fd_sc_hd__tt_025C_1v80.lib
Using 1e-12 for capacitance...
Using 1e+03 for resistance...
Using 1e-09 for time...
Using 1e+00 for voltage...
Using 1e-03 for current...
Using 1e-09 for power...
Using 1e-06 for distance...
[INFO]: Reading ODB at '/openlane/designs/TopZeroToFive/runs/RUN_2025.05.25_10.40.04/tmp/16-TopZeroToFive.odb'…
Reading design constraints file at '/openlane/designs/TopZeroToFive/constraints/topz5_pnr.sdc'…
[INFO]: No (un)set_propagated_clock found in /openlane/designs/TopZeroToFive/constraints/topz5_pnr.sdc
[INFO]: Propagating all clocks
[INFO]: Setting RC values...
min_report

===========================================================================
report_checks -path_delay min (Hold)
============================================================================
======================= Typical Corner ===================================

Startpoint: _151_ (rising edge-triggered flip-flop clocked by clk)
Endpoint: _151_ (rising edge-triggered flip-flop clocked by clk)
Path Group: clk
Path Type: min

Fanout     Cap    Slew   Delay    Time   Description
-----------------------------------------------------------------------------
                          0.00    0.00   clock clk (rise edge)
                          0.00    0.00   clock source latency
     1    0.01    0.00    0.00    0.00 ^ clk (in)
                                         clk (net)
                  0.00    0.00    0.00 ^ clkbuf_0_clk/A (sky130_fd_sc_hd__clkbuf_16)
     2    0.02    0.04    0.11    0.11 ^ clkbuf_0_clk/X (sky130_fd_sc_hd__clkbuf_16)
                                         clknet_0_clk (net)
                  0.04    0.00    0.11 ^ clkbuf_1_1__f_clk/A (sky130_fd_sc_hd__clkbuf_16)
    11    0.02    0.04    0.12    0.23 ^ clkbuf_1_1__f_clk/X (sky130_fd_sc_hd__clkbuf_16)
                                         clknet_1_1__leaf_clk (net)
                  0.04    0.00    0.23 ^ _151_/CLK (sky130_fd_sc_hd__dfxtp_2)
     5    0.01    0.07    0.34    0.57 ^ _151_/Q (sky130_fd_sc_hd__dfxtp_2)
                                         u_cnt.clk (net)
                  0.07    0.00    0.57 ^ _127_/A (sky130_fd_sc_hd__xor2_1)
     1    0.00    0.03    0.06    0.63 v _127_/X (sky130_fd_sc_hd__xor2_1)
                                         _014_ (net)
                  0.03    0.00    0.63 v _151_/D (sky130_fd_sc_hd__dfxtp_2)
                                  0.63   data arrival time

                          0.00    0.00   clock clk (rise edge)
                          0.00    0.00   clock source latency
     1    0.01    0.00    0.00    0.00 ^ clk (in)
                                         clk (net)
                  0.00    0.00    0.00 ^ clkbuf_0_clk/A (sky130_fd_sc_hd__clkbuf_16)
     2    0.02    0.04    0.11    0.11 ^ clkbuf_0_clk/X (sky130_fd_sc_hd__clkbuf_16)
                                         clknet_0_clk (net)
                  0.04    0.00    0.11 ^ clkbuf_1_1__f_clk/A (sky130_fd_sc_hd__clkbuf_16)
    11    0.02    0.04    0.12    0.23 ^ clkbuf_1_1__f_clk/X (sky130_fd_sc_hd__clkbuf_16)
                                         clknet_1_1__leaf_clk (net)
                  0.04    0.00    0.23 ^ _151_/CLK (sky130_fd_sc_hd__dfxtp_2)
                          0.20    0.43   clock uncertainty
                          0.00    0.43   clock reconvergence pessimism
                         -0.04    0.39   library hold time
                                  0.39   data required time
-----------------------------------------------------------------------------
                                  0.39   data required time
                                 -0.63   data arrival time
-----------------------------------------------------------------------------
                                  0.24   slack (MET)


Startpoint: _138_ (rising edge-triggered flip-flop clocked by clk)
Endpoint: _138_ (rising edge-triggered flip-flop clocked by clk)
Path Group: clk
Path Type: min

Fanout     Cap    Slew   Delay    Time   Description
-----------------------------------------------------------------------------
                          0.00    0.00   clock clk (rise edge)
                          0.00    0.00   clock source latency
     1    0.01    0.00    0.00    0.00 ^ clk (in)
                                         clk (net)
                  0.00    0.00    0.00 ^ clkbuf_0_clk/A (sky130_fd_sc_hd__clkbuf_16)
     2    0.02    0.04    0.11    0.11 ^ clkbuf_0_clk/X (sky130_fd_sc_hd__clkbuf_16)
                                         clknet_0_clk (net)
                  0.04    0.00    0.11 ^ clkbuf_1_1__f_clk/A (sky130_fd_sc_hd__clkbuf_16)
    11    0.02    0.04    0.12    0.23 ^ clkbuf_1_1__f_clk/X (sky130_fd_sc_hd__clkbuf_16)
                                         clknet_1_1__leaf_clk (net)
                  0.04    0.00    0.23 ^ _138_/CLK (sky130_fd_sc_hd__dfxtp_1)
     3    0.01    0.08    0.33    0.56 ^ _138_/Q (sky130_fd_sc_hd__dfxtp_1)
                                         div_cntr[6] (net)
                  0.08    0.00    0.56 ^ _096_/A (sky130_fd_sc_hd__xor2_1)
     1    0.00    0.04    0.07    0.63 v _096_/X (sky130_fd_sc_hd__xor2_1)
                                         _020_ (net)
                  0.04    0.00    0.63 v _138_/D (sky130_fd_sc_hd__dfxtp_1)
                                  0.63   data arrival time

                          0.00    0.00   clock clk (rise edge)
                          0.00    0.00   clock source latency
     1    0.01    0.00    0.00    0.00 ^ clk (in)
                                         clk (net)
                  0.00    0.00    0.00 ^ clkbuf_0_clk/A (sky130_fd_sc_hd__clkbuf_16)
     2    0.02    0.04    0.11    0.11 ^ clkbuf_0_clk/X (sky130_fd_sc_hd__clkbuf_16)
                                         clknet_0_clk (net)
                  0.04    0.00    0.11 ^ clkbuf_1_1__f_clk/A (sky130_fd_sc_hd__clkbuf_16)
    11    0.02    0.04    0.12    0.23 ^ clkbuf_1_1__f_clk/X (sky130_fd_sc_hd__clkbuf_16)
                                         clknet_1_1__leaf_clk (net)
                  0.04    0.00    0.23 ^ _138_/CLK (sky130_fd_sc_hd__dfxtp_1)
                          0.20    0.43   clock uncertainty
                          0.00    0.43   clock reconvergence pessimism
                         -0.05    0.38   library hold time
                                  0.38   data required time
-----------------------------------------------------------------------------
                                  0.38   data required time
                                 -0.63   data arrival time
-----------------------------------------------------------------------------
                                  0.25   slack (MET)


Startpoint: _143_ (rising edge-triggered flip-flop clocked by clk)
Endpoint: _143_ (rising edge-triggered flip-flop clocked by clk)
Path Group: clk
Path Type: min

Fanout     Cap    Slew   Delay    Time   Description
-----------------------------------------------------------------------------
                          0.00    0.00   clock clk (rise edge)
                          0.00    0.00   clock source latency
     1    0.01    0.00    0.00    0.00 ^ clk (in)
                                         clk (net)
                  0.00    0.00    0.00 ^ clkbuf_0_clk/A (sky130_fd_sc_hd__clkbuf_16)
     2    0.02    0.04    0.11    0.11 ^ clkbuf_0_clk/X (sky130_fd_sc_hd__clkbuf_16)
                                         clknet_0_clk (net)
                  0.04    0.00    0.11 ^ clkbuf_1_0__f_clk/A (sky130_fd_sc_hd__clkbuf_16)
    10    0.02    0.04    0.12    0.23 ^ clkbuf_1_0__f_clk/X (sky130_fd_sc_hd__clkbuf_16)
                                         clknet_1_0__leaf_clk (net)
                  0.04    0.00    0.23 ^ _143_/CLK (sky130_fd_sc_hd__dfxtp_1)
     2    0.00    0.05    0.31    0.54 ^ _143_/Q (sky130_fd_sc_hd__dfxtp_1)
                                         div_cntr[11] (net)
                  0.05    0.00    0.54 ^ _109_/A1 (sky130_fd_sc_hd__o21ba_1)
     1    0.00    0.03    0.11    0.65 ^ _109_/X (sky130_fd_sc_hd__o21ba_1)
                                         _006_ (net)
                  0.03    0.00    0.65 ^ _143_/D (sky130_fd_sc_hd__dfxtp_1)
                                  0.65   data arrival time

                          0.00    0.00   clock clk (rise edge)
                          0.00    0.00   clock source latency
     1    0.01    0.00    0.00    0.00 ^ clk (in)
                                         clk (net)
                  0.00    0.00    0.00 ^ clkbuf_0_clk/A (sky130_fd_sc_hd__clkbuf_16)
     2    0.02    0.04    0.11    0.11 ^ clkbuf_0_clk/X (sky130_fd_sc_hd__clkbuf_16)
                                         clknet_0_clk (net)
                  0.04    0.00    0.11 ^ clkbuf_1_0__f_clk/A (sky130_fd_sc_hd__clkbuf_16)
    10    0.02    0.04    0.12    0.23 ^ clkbuf_1_0__f_clk/X (sky130_fd_sc_hd__clkbuf_16)
                                         clknet_1_0__leaf_clk (net)
                  0.04    0.00    0.23 ^ _143_/CLK (sky130_fd_sc_hd__dfxtp_1)
                          0.20    0.43   clock uncertainty
                          0.00    0.43   clock reconvergence pessimism
                         -0.03    0.40   library hold time
                                  0.40   data required time
-----------------------------------------------------------------------------
                                  0.40   data required time
                                 -0.65   data arrival time
-----------------------------------------------------------------------------
                                  0.25   slack (MET)


Startpoint: _134_ (rising edge-triggered flip-flop clocked by clk)
Endpoint: _134_ (rising edge-triggered flip-flop clocked by clk)
Path Group: clk
Path Type: min

Fanout     Cap    Slew   Delay    Time   Description
-----------------------------------------------------------------------------
                          0.00    0.00   clock clk (rise edge)
                          0.00    0.00   clock source latency
     1    0.01    0.00    0.00    0.00 ^ clk (in)
                                         clk (net)
                  0.00    0.00    0.00 ^ clkbuf_0_clk/A (sky130_fd_sc_hd__clkbuf_16)
     2    0.02    0.04    0.11    0.11 ^ clkbuf_0_clk/X (sky130_fd_sc_hd__clkbuf_16)
                                         clknet_0_clk (net)
                  0.04    0.00    0.11 ^ clkbuf_1_1__f_clk/A (sky130_fd_sc_hd__clkbuf_16)
    11    0.02    0.04    0.12    0.23 ^ clkbuf_1_1__f_clk/X (sky130_fd_sc_hd__clkbuf_16)
                                         clknet_1_1__leaf_clk (net)
                  0.04    0.00    0.23 ^ _134_/CLK (sky130_fd_sc_hd__dfxtp_1)
     3    0.01    0.09    0.34    0.57 ^ _134_/Q (sky130_fd_sc_hd__dfxtp_1)
                                         div_cntr[2] (net)
                  0.09    0.00    0.57 ^ _086_/A (sky130_fd_sc_hd__xnor2_1)
     1    0.00    0.03    0.07    0.64 v _086_/Y (sky130_fd_sc_hd__xnor2_1)
                                         _016_ (net)
                  0.03    0.00    0.64 v _134_/D (sky130_fd_sc_hd__dfxtp_1)
                                  0.64   data arrival time

                          0.00    0.00   clock clk (rise edge)
                          0.00    0.00   clock source latency
     1    0.01    0.00    0.00    0.00 ^ clk (in)
                                         clk (net)
                  0.00    0.00    0.00 ^ clkbuf_0_clk/A (sky130_fd_sc_hd__clkbuf_16)
     2    0.02    0.04    0.11    0.11 ^ clkbuf_0_clk/X (sky130_fd_sc_hd__clkbuf_16)
                                         clknet_0_clk (net)
                  0.04    0.00    0.11 ^ clkbuf_1_1__f_clk/A (sky130_fd_sc_hd__clkbuf_16)
    11    0.02    0.04    0.12    0.23 ^ clkbuf_1_1__f_clk/X (sky130_fd_sc_hd__clkbuf_16)
                                         clknet_1_1__leaf_clk (net)
                  0.04    0.00    0.23 ^ _134_/CLK (sky130_fd_sc_hd__dfxtp_1)
                          0.20    0.43   clock uncertainty
                          0.00    0.43   clock reconvergence pessimism
                         -0.05    0.38   library hold time
                                  0.38   data required time
-----------------------------------------------------------------------------
                                  0.38   data required time
                                 -0.64   data arrival time
-----------------------------------------------------------------------------
                                  0.26   slack (MET)


Startpoint: _142_ (rising edge-triggered flip-flop clocked by clk)
Endpoint: _142_ (rising edge-triggered flip-flop clocked by clk)
Path Group: clk
Path Type: min

Fanout     Cap    Slew   Delay    Time   Description
-----------------------------------------------------------------------------
                          0.00    0.00   clock clk (rise edge)
                          0.00    0.00   clock source latency
     1    0.01    0.00    0.00    0.00 ^ clk (in)
                                         clk (net)
                  0.00    0.00    0.00 ^ clkbuf_0_clk/A (sky130_fd_sc_hd__clkbuf_16)
     2    0.02    0.04    0.11    0.11 ^ clkbuf_0_clk/X (sky130_fd_sc_hd__clkbuf_16)
                                         clknet_0_clk (net)
                  0.04    0.00    0.11 ^ clkbuf_1_0__f_clk/A (sky130_fd_sc_hd__clkbuf_16)
    10    0.02    0.04    0.12    0.23 ^ clkbuf_1_0__f_clk/X (sky130_fd_sc_hd__clkbuf_16)
                                         clknet_1_0__leaf_clk (net)
                  0.04    0.00    0.23 ^ _142_/CLK (sky130_fd_sc_hd__dfxtp_1)
     3    0.01    0.08    0.33    0.56 ^ _142_/Q (sky130_fd_sc_hd__dfxtp_1)
                                         div_cntr[10] (net)
                  0.08    0.00    0.56 ^ _105_/A (sky130_fd_sc_hd__xor2_1)
     1    0.01    0.05    0.08    0.64 v _105_/X (sky130_fd_sc_hd__xor2_1)
                                         _005_ (net)
                  0.05    0.00    0.64 v _142_/D (sky130_fd_sc_hd__dfxtp_1)
                                  0.64   data arrival time

                          0.00    0.00   clock clk (rise edge)
                          0.00    0.00   clock source latency
     1    0.01    0.00    0.00    0.00 ^ clk (in)
                                         clk (net)
                  0.00    0.00    0.00 ^ clkbuf_0_clk/A (sky130_fd_sc_hd__clkbuf_16)
     2    0.02    0.04    0.11    0.11 ^ clkbuf_0_clk/X (sky130_fd_sc_hd__clkbuf_16)
                                         clknet_0_clk (net)
                  0.04    0.00    0.11 ^ clkbuf_1_0__f_clk/A (sky130_fd_sc_hd__clkbuf_16)
    10    0.02    0.04    0.12    0.23 ^ clkbuf_1_0__f_clk/X (sky130_fd_sc_hd__clkbuf_16)
                                         clknet_1_0__leaf_clk (net)
                  0.04    0.00    0.23 ^ _142_/CLK (sky130_fd_sc_hd__dfxtp_1)
                          0.20    0.43   clock uncertainty
                          0.00    0.43   clock reconvergence pessimism
                         -0.05    0.37   library hold time
                                  0.37   data required time
-----------------------------------------------------------------------------
                                  0.37   data required time
                                 -0.64   data arrival time
-----------------------------------------------------------------------------
                                  0.27   slack (MET)


Startpoint: _150_ (rising edge-triggered flip-flop clocked by clk)
Endpoint: _150_ (rising edge-triggered flip-flop clocked by clk)
Path Group: clk
Path Type: min

Fanout     Cap    Slew   Delay    Time   Description
-----------------------------------------------------------------------------
                          0.00    0.00   clock clk (rise edge)
                          0.00    0.00   clock source latency
     1    0.01    0.00    0.00    0.00 ^ clk (in)
                                         clk (net)
                  0.00    0.00    0.00 ^ clkbuf_0_clk/A (sky130_fd_sc_hd__clkbuf_16)
     2    0.02    0.04    0.11    0.11 ^ clkbuf_0_clk/X (sky130_fd_sc_hd__clkbuf_16)
                                         clknet_0_clk (net)
                  0.04    0.00    0.11 ^ clkbuf_1_1__f_clk/A (sky130_fd_sc_hd__clkbuf_16)
    11    0.02    0.04    0.12    0.23 ^ clkbuf_1_1__f_clk/X (sky130_fd_sc_hd__clkbuf_16)
                                         clknet_1_1__leaf_clk (net)
                  0.04    0.00    0.23 ^ _150_/CLK (sky130_fd_sc_hd__dfxtp_1)
     2    0.01    0.07    0.32    0.55 ^ _150_/Q (sky130_fd_sc_hd__dfxtp_1)
                                         div_cntr[18] (net)
                  0.07    0.00    0.55 ^ _125_/A (sky130_fd_sc_hd__xnor2_1)
     1    0.01    0.06    0.09    0.65 v _125_/Y (sky130_fd_sc_hd__xnor2_1)
                                         _013_ (net)
                  0.06    0.00    0.65 v _150_/D (sky130_fd_sc_hd__dfxtp_1)
                                  0.65   data arrival time

                          0.00    0.00   clock clk (rise edge)
                          0.00    0.00   clock source latency
     1    0.01    0.00    0.00    0.00 ^ clk (in)
                                         clk (net)
                  0.00    0.00    0.00 ^ clkbuf_0_clk/A (sky130_fd_sc_hd__clkbuf_16)
     2    0.02    0.04    0.11    0.11 ^ clkbuf_0_clk/X (sky130_fd_sc_hd__clkbuf_16)
                                         clknet_0_clk (net)
                  0.04    0.00    0.11 ^ clkbuf_1_1__f_clk/A (sky130_fd_sc_hd__clkbuf_16)
    11    0.02    0.04    0.12    0.23 ^ clkbuf_1_1__f_clk/X (sky130_fd_sc_hd__clkbuf_16)
                                         clknet_1_1__leaf_clk (net)
                  0.04    0.00    0.23 ^ _150_/CLK (sky130_fd_sc_hd__dfxtp_1)
                          0.20    0.43   clock uncertainty
                          0.00    0.43   clock reconvergence pessimism
                         -0.06    0.37   library hold time
                                  0.37   data required time
-----------------------------------------------------------------------------
                                  0.37   data required time
                                 -0.65   data arrival time
-----------------------------------------------------------------------------
                                  0.27   slack (MET)


Startpoint: _136_ (rising edge-triggered flip-flop clocked by clk)
Endpoint: _136_ (rising edge-triggered flip-flop clocked by clk)
Path Group: clk
Path Type: min

Fanout     Cap    Slew   Delay    Time   Description
-----------------------------------------------------------------------------
                          0.00    0.00   clock clk (rise edge)
                          0.00    0.00   clock source latency
     1    0.01    0.00    0.00    0.00 ^ clk (in)
                                         clk (net)
                  0.00    0.00    0.00 ^ clkbuf_0_clk/A (sky130_fd_sc_hd__clkbuf_16)
     2    0.02    0.04    0.11    0.11 ^ clkbuf_0_clk/X (sky130_fd_sc_hd__clkbuf_16)
                                         clknet_0_clk (net)
                  0.04    0.00    0.11 ^ clkbuf_1_1__f_clk/A (sky130_fd_sc_hd__clkbuf_16)
    11    0.02    0.04    0.12    0.23 ^ clkbuf_1_1__f_clk/X (sky130_fd_sc_hd__clkbuf_16)
                                         clknet_1_1__leaf_clk (net)
                  0.04    0.00    0.23 ^ _136_/CLK (sky130_fd_sc_hd__dfxtp_1)
     4    0.01    0.11    0.35    0.58 ^ _136_/Q (sky130_fd_sc_hd__dfxtp_1)
                                         div_cntr[4] (net)
                  0.11    0.00    0.58 ^ _092_/A (sky130_fd_sc_hd__xor2_1)
     1    0.00    0.04    0.08    0.66 v _092_/X (sky130_fd_sc_hd__xor2_1)
                                         _018_ (net)
                  0.04    0.00    0.66 v _136_/D (sky130_fd_sc_hd__dfxtp_1)
                                  0.66   data arrival time

                          0.00    0.00   clock clk (rise edge)
                          0.00    0.00   clock source latency
     1    0.01    0.00    0.00    0.00 ^ clk (in)
                                         clk (net)
                  0.00    0.00    0.00 ^ clkbuf_0_clk/A (sky130_fd_sc_hd__clkbuf_16)
     2    0.02    0.04    0.11    0.11 ^ clkbuf_0_clk/X (sky130_fd_sc_hd__clkbuf_16)
                                         clknet_0_clk (net)
                  0.04    0.00    0.11 ^ clkbuf_1_1__f_clk/A (sky130_fd_sc_hd__clkbuf_16)
    11    0.02    0.04    0.12    0.23 ^ clkbuf_1_1__f_clk/X (sky130_fd_sc_hd__clkbuf_16)
                                         clknet_1_1__leaf_clk (net)
                  0.04    0.00    0.23 ^ _136_/CLK (sky130_fd_sc_hd__dfxtp_1)
                          0.20    0.43   clock uncertainty
                          0.00    0.43   clock reconvergence pessimism
                         -0.05    0.38   library hold time
                                  0.38   data required time
-----------------------------------------------------------------------------
                                  0.38   data required time
                                 -0.66   data arrival time
-----------------------------------------------------------------------------
                                  0.28   slack (MET)


Startpoint: _148_ (rising edge-triggered flip-flop clocked by clk)
Endpoint: _148_ (rising edge-triggered flip-flop clocked by clk)
Path Group: clk
Path Type: min

Fanout     Cap    Slew   Delay    Time   Description
-----------------------------------------------------------------------------
                          0.00    0.00   clock clk (rise edge)
                          0.00    0.00   clock source latency
     1    0.01    0.00    0.00    0.00 ^ clk (in)
                                         clk (net)
                  0.00    0.00    0.00 ^ clkbuf_0_clk/A (sky130_fd_sc_hd__clkbuf_16)
     2    0.02    0.04    0.11    0.11 ^ clkbuf_0_clk/X (sky130_fd_sc_hd__clkbuf_16)
                                         clknet_0_clk (net)
                  0.04    0.00    0.11 ^ clkbuf_1_0__f_clk/A (sky130_fd_sc_hd__clkbuf_16)
    10    0.02    0.04    0.12    0.23 ^ clkbuf_1_0__f_clk/X (sky130_fd_sc_hd__clkbuf_16)
                                         clknet_1_0__leaf_clk (net)
                  0.04    0.00    0.23 ^ _148_/CLK (sky130_fd_sc_hd__dfxtp_1)
     4    0.01    0.13    0.37    0.60 ^ _148_/Q (sky130_fd_sc_hd__dfxtp_1)
                                         div_cntr[16] (net)
                  0.13    0.00    0.60 ^ _120_/A (sky130_fd_sc_hd__xor2_1)
     1    0.00    0.03    0.07    0.67 v _120_/X (sky130_fd_sc_hd__xor2_1)
                                         _011_ (net)
                  0.03    0.00    0.67 v _148_/D (sky130_fd_sc_hd__dfxtp_1)
                                  0.67   data arrival time

                          0.00    0.00   clock clk (rise edge)
                          0.00    0.00   clock source latency
     1    0.01    0.00    0.00    0.00 ^ clk (in)
                                         clk (net)
                  0.00    0.00    0.00 ^ clkbuf_0_clk/A (sky130_fd_sc_hd__clkbuf_16)
     2    0.02    0.04    0.11    0.11 ^ clkbuf_0_clk/X (sky130_fd_sc_hd__clkbuf_16)
                                         clknet_0_clk (net)
                  0.04    0.00    0.11 ^ clkbuf_1_0__f_clk/A (sky130_fd_sc_hd__clkbuf_16)
    10    0.02    0.04    0.12    0.23 ^ clkbuf_1_0__f_clk/X (sky130_fd_sc_hd__clkbuf_16)
                                         clknet_1_0__leaf_clk (net)
                  0.04    0.00    0.23 ^ _148_/CLK (sky130_fd_sc_hd__dfxtp_1)
                          0.20    0.43   clock uncertainty
                          0.00    0.43   clock reconvergence pessimism
                         -0.05    0.38   library hold time
                                  0.38   data required time
-----------------------------------------------------------------------------
                                  0.38   data required time
                                 -0.67   data arrival time
-----------------------------------------------------------------------------
                                  0.29   slack (MET)


Startpoint: _139_ (rising edge-triggered flip-flop clocked by clk)
Endpoint: _139_ (rising edge-triggered flip-flop clocked by clk)
Path Group: clk
Path Type: min

Fanout     Cap    Slew   Delay    Time   Description
-----------------------------------------------------------------------------
                          0.00    0.00   clock clk (rise edge)
                          0.00    0.00   clock source latency
     1    0.01    0.00    0.00    0.00 ^ clk (in)
                                         clk (net)
                  0.00    0.00    0.00 ^ clkbuf_0_clk/A (sky130_fd_sc_hd__clkbuf_16)
     2    0.02    0.04    0.11    0.11 ^ clkbuf_0_clk/X (sky130_fd_sc_hd__clkbuf_16)
                                         clknet_0_clk (net)
                  0.04    0.00    0.11 ^ clkbuf_1_0__f_clk/A (sky130_fd_sc_hd__clkbuf_16)
    10    0.02    0.04    0.12    0.23 ^ clkbuf_1_0__f_clk/X (sky130_fd_sc_hd__clkbuf_16)
                                         clknet_1_0__leaf_clk (net)
                  0.04    0.00    0.23 ^ _139_/CLK (sky130_fd_sc_hd__dfxtp_1)
     2    0.00    0.05    0.31    0.54 ^ _139_/Q (sky130_fd_sc_hd__dfxtp_1)
                                         div_cntr[7] (net)
                  0.05    0.00    0.54 ^ _100_/A1 (sky130_fd_sc_hd__o21ba_1)
     1    0.01    0.07    0.15    0.68 ^ _100_/X (sky130_fd_sc_hd__o21ba_1)
                                         _021_ (net)
                  0.07    0.00    0.68 ^ _139_/D (sky130_fd_sc_hd__dfxtp_1)
                                  0.68   data arrival time

                          0.00    0.00   clock clk (rise edge)
                          0.00    0.00   clock source latency
     1    0.01    0.00    0.00    0.00 ^ clk (in)
                                         clk (net)
                  0.00    0.00    0.00 ^ clkbuf_0_clk/A (sky130_fd_sc_hd__clkbuf_16)
     2    0.02    0.04    0.11    0.11 ^ clkbuf_0_clk/X (sky130_fd_sc_hd__clkbuf_16)
                                         clknet_0_clk (net)
                  0.04    0.00    0.11 ^ clkbuf_1_0__f_clk/A (sky130_fd_sc_hd__clkbuf_16)
    10    0.02    0.04    0.12    0.23 ^ clkbuf_1_0__f_clk/X (sky130_fd_sc_hd__clkbuf_16)
                                         clknet_1_0__leaf_clk (net)
                  0.04    0.00    0.23 ^ _139_/CLK (sky130_fd_sc_hd__dfxtp_1)
                          0.20    0.43   clock uncertainty
                          0.00    0.43   clock reconvergence pessimism
                         -0.04    0.39   library hold time
                                  0.39   data required time
-----------------------------------------------------------------------------
                                  0.39   data required time
                                 -0.68   data arrival time
-----------------------------------------------------------------------------
                                  0.29   slack (MET)


Startpoint: _140_ (rising edge-triggered flip-flop clocked by clk)
Endpoint: _140_ (rising edge-triggered flip-flop clocked by clk)
Path Group: clk
Path Type: min

Fanout     Cap    Slew   Delay    Time   Description
-----------------------------------------------------------------------------
                          0.00    0.00   clock clk (rise edge)
                          0.00    0.00   clock source latency
     1    0.01    0.00    0.00    0.00 ^ clk (in)
                                         clk (net)
                  0.00    0.00    0.00 ^ clkbuf_0_clk/A (sky130_fd_sc_hd__clkbuf_16)
     2    0.02    0.04    0.11    0.11 ^ clkbuf_0_clk/X (sky130_fd_sc_hd__clkbuf_16)
                                         clknet_0_clk (net)
                  0.04    0.00    0.11 ^ clkbuf_1_0__f_clk/A (sky130_fd_sc_hd__clkbuf_16)
    10    0.02    0.04    0.12    0.23 ^ clkbuf_1_0__f_clk/X (sky130_fd_sc_hd__clkbuf_16)
                                         clknet_1_0__leaf_clk (net)
                  0.04    0.00    0.23 ^ _140_/CLK (sky130_fd_sc_hd__dfxtp_1)
     5    0.01    0.12    0.36    0.59 ^ _140_/Q (sky130_fd_sc_hd__dfxtp_1)
                                         div_cntr[8] (net)
                  0.12    0.00    0.59 ^ _101_/A (sky130_fd_sc_hd__xor2_1)
     1    0.00    0.04    0.09    0.68 v _101_/X (sky130_fd_sc_hd__xor2_1)
                                         _022_ (net)
                  0.04    0.00    0.68 v _140_/D (sky130_fd_sc_hd__dfxtp_1)
                                  0.68   data arrival time

                          0.00    0.00   clock clk (rise edge)
                          0.00    0.00   clock source latency
     1    0.01    0.00    0.00    0.00 ^ clk (in)
                                         clk (net)
                  0.00    0.00    0.00 ^ clkbuf_0_clk/A (sky130_fd_sc_hd__clkbuf_16)
     2    0.02    0.04    0.11    0.11 ^ clkbuf_0_clk/X (sky130_fd_sc_hd__clkbuf_16)
                                         clknet_0_clk (net)
                  0.04    0.00    0.11 ^ clkbuf_1_0__f_clk/A (sky130_fd_sc_hd__clkbuf_16)
    10    0.02    0.04    0.12    0.23 ^ clkbuf_1_0__f_clk/X (sky130_fd_sc_hd__clkbuf_16)
                                         clknet_1_0__leaf_clk (net)
                  0.04    0.00    0.23 ^ _140_/CLK (sky130_fd_sc_hd__dfxtp_1)
                          0.20    0.43   clock uncertainty
                          0.00    0.43   clock reconvergence pessimism
                         -0.05    0.38   library hold time
                                  0.38   data required time
-----------------------------------------------------------------------------
                                  0.38   data required time
                                 -0.68   data arrival time
-----------------------------------------------------------------------------
                                  0.30   slack (MET)


Startpoint: _137_ (rising edge-triggered flip-flop clocked by clk)
Endpoint: _137_ (rising edge-triggered flip-flop clocked by clk)
Path Group: clk
Path Type: min

Fanout     Cap    Slew   Delay    Time   Description
-----------------------------------------------------------------------------
                          0.00    0.00   clock clk (rise edge)
                          0.00    0.00   clock source latency
     1    0.01    0.00    0.00    0.00 ^ clk (in)
                                         clk (net)
                  0.00    0.00    0.00 ^ clkbuf_0_clk/A (sky130_fd_sc_hd__clkbuf_16)
     2    0.02    0.04    0.11    0.11 ^ clkbuf_0_clk/X (sky130_fd_sc_hd__clkbuf_16)
                                         clknet_0_clk (net)
                  0.04    0.00    0.11 ^ clkbuf_1_1__f_clk/A (sky130_fd_sc_hd__clkbuf_16)
    11    0.02    0.04    0.12    0.23 ^ clkbuf_1_1__f_clk/X (sky130_fd_sc_hd__clkbuf_16)
                                         clknet_1_1__leaf_clk (net)
                  0.04    0.00    0.23 ^ _137_/CLK (sky130_fd_sc_hd__dfxtp_1)
     3    0.01    0.04    0.30    0.53 v _137_/Q (sky130_fd_sc_hd__dfxtp_1)
                                         div_cntr[5] (net)
                  0.04    0.00    0.53 v _094_/B1 (sky130_fd_sc_hd__a21oi_1)
     1    0.00    0.08    0.10    0.63 ^ _094_/Y (sky130_fd_sc_hd__a21oi_1)
                                         _058_ (net)
                  0.08    0.00    0.63 ^ _095_/B (sky130_fd_sc_hd__nor2_1)
     1    0.01    0.04    0.06    0.69 v _095_/Y (sky130_fd_sc_hd__nor2_1)
                                         _019_ (net)
                  0.04    0.00    0.69 v _137_/D (sky130_fd_sc_hd__dfxtp_1)
                                  0.69   data arrival time

                          0.00    0.00   clock clk (rise edge)
                          0.00    0.00   clock source latency
     1    0.01    0.00    0.00    0.00 ^ clk (in)
                                         clk (net)
                  0.00    0.00    0.00 ^ clkbuf_0_clk/A (sky130_fd_sc_hd__clkbuf_16)
     2    0.02    0.04    0.11    0.11 ^ clkbuf_0_clk/X (sky130_fd_sc_hd__clkbuf_16)
                                         clknet_0_clk (net)
                  0.04    0.00    0.11 ^ clkbuf_1_1__f_clk/A (sky130_fd_sc_hd__clkbuf_16)
    11    0.02    0.04    0.12    0.23 ^ clkbuf_1_1__f_clk/X (sky130_fd_sc_hd__clkbuf_16)
                                         clknet_1_1__leaf_clk (net)
                  0.04    0.00    0.23 ^ _137_/CLK (sky130_fd_sc_hd__dfxtp_1)
                          0.20    0.43   clock uncertainty
                          0.00    0.43   clock reconvergence pessimism
                         -0.05    0.38   library hold time
                                  0.38   data required time
-----------------------------------------------------------------------------
                                  0.38   data required time
                                 -0.69   data arrival time
-----------------------------------------------------------------------------
                                  0.32   slack (MET)


Startpoint: _144_ (rising edge-triggered flip-flop clocked by clk)
Endpoint: _144_ (rising edge-triggered flip-flop clocked by clk)
Path Group: clk
Path Type: min

Fanout     Cap    Slew   Delay    Time   Description
-----------------------------------------------------------------------------
                          0.00    0.00   clock clk (rise edge)
                          0.00    0.00   clock source latency
     1    0.01    0.00    0.00    0.00 ^ clk (in)
                                         clk (net)
                  0.00    0.00    0.00 ^ clkbuf_0_clk/A (sky130_fd_sc_hd__clkbuf_16)
     2    0.02    0.04    0.11    0.11 ^ clkbuf_0_clk/X (sky130_fd_sc_hd__clkbuf_16)
                                         clknet_0_clk (net)
                  0.04    0.00    0.11 ^ clkbuf_1_1__f_clk/A (sky130_fd_sc_hd__clkbuf_16)
    11    0.02    0.04    0.12    0.23 ^ clkbuf_1_1__f_clk/X (sky130_fd_sc_hd__clkbuf_16)
                                         clknet_1_1__leaf_clk (net)
                  0.04    0.00    0.23 ^ _144_/CLK (sky130_fd_sc_hd__dfxtp_1)
     5    0.01    0.06    0.33    0.56 v _144_/Q (sky130_fd_sc_hd__dfxtp_1)
                                         div_cntr[12] (net)
                  0.06    0.00    0.56 v _111_/A (sky130_fd_sc_hd__nor2_1)
     1    0.00    0.07    0.10    0.66 ^ _111_/Y (sky130_fd_sc_hd__nor2_1)
                                         _033_ (net)
                  0.07    0.00    0.66 ^ _112_/B (sky130_fd_sc_hd__nor2_1)
     1    0.00    0.03    0.05    0.70 v _112_/Y (sky130_fd_sc_hd__nor2_1)
                                         _007_ (net)
                  0.03    0.00    0.70 v _144_/D (sky130_fd_sc_hd__dfxtp_1)
                                  0.70   data arrival time

                          0.00    0.00   clock clk (rise edge)
                          0.00    0.00   clock source latency
     1    0.01    0.00    0.00    0.00 ^ clk (in)
                                         clk (net)
                  0.00    0.00    0.00 ^ clkbuf_0_clk/A (sky130_fd_sc_hd__clkbuf_16)
     2    0.02    0.04    0.11    0.11 ^ clkbuf_0_clk/X (sky130_fd_sc_hd__clkbuf_16)
                                         clknet_0_clk (net)
                  0.04    0.00    0.11 ^ clkbuf_1_1__f_clk/A (sky130_fd_sc_hd__clkbuf_16)
    11    0.02    0.04    0.12    0.23 ^ clkbuf_1_1__f_clk/X (sky130_fd_sc_hd__clkbuf_16)
                                         clknet_1_1__leaf_clk (net)
                  0.04    0.00    0.23 ^ _144_/CLK (sky130_fd_sc_hd__dfxtp_1)
                          0.20    0.43   clock uncertainty
                          0.00    0.43   clock reconvergence pessimism
                         -0.05    0.38   library hold time
                                  0.38   data required time
-----------------------------------------------------------------------------
                                  0.38   data required time
                                 -0.70   data arrival time
-----------------------------------------------------------------------------
                                  0.32   slack (MET)


Startpoint: _146_ (rising edge-triggered flip-flop clocked by clk)
Endpoint: _146_ (rising edge-triggered flip-flop clocked by clk)
Path Group: clk
Path Type: min

Fanout     Cap    Slew   Delay    Time   Description
-----------------------------------------------------------------------------
                          0.00    0.00   clock clk (rise edge)
                          0.00    0.00   clock source latency
     1    0.01    0.00    0.00    0.00 ^ clk (in)
                                         clk (net)
                  0.00    0.00    0.00 ^ clkbuf_0_clk/A (sky130_fd_sc_hd__clkbuf_16)
     2    0.02    0.04    0.11    0.11 ^ clkbuf_0_clk/X (sky130_fd_sc_hd__clkbuf_16)
                                         clknet_0_clk (net)
                  0.04    0.00    0.11 ^ clkbuf_1_1__f_clk/A (sky130_fd_sc_hd__clkbuf_16)
    11    0.02    0.04    0.12    0.23 ^ clkbuf_1_1__f_clk/X (sky130_fd_sc_hd__clkbuf_16)
                                         clknet_1_1__leaf_clk (net)
                  0.04    0.00    0.23 ^ _146_/CLK (sky130_fd_sc_hd__dfxtp_1)
     3    0.02    0.17    0.39    0.62 ^ _146_/Q (sky130_fd_sc_hd__dfxtp_1)
                                         div_cntr[14] (net)
                  0.17    0.00    0.62 ^ _115_/A (sky130_fd_sc_hd__xor2_1)
     1    0.00    0.03    0.08    0.70 v _115_/X (sky130_fd_sc_hd__xor2_1)
                                         _009_ (net)
                  0.03    0.00    0.70 v _146_/D (sky130_fd_sc_hd__dfxtp_1)
                                  0.70   data arrival time

                          0.00    0.00   clock clk (rise edge)
                          0.00    0.00   clock source latency
     1    0.01    0.00    0.00    0.00 ^ clk (in)
                                         clk (net)
                  0.00    0.00    0.00 ^ clkbuf_0_clk/A (sky130_fd_sc_hd__clkbuf_16)
     2    0.02    0.04    0.11    0.11 ^ clkbuf_0_clk/X (sky130_fd_sc_hd__clkbuf_16)
                                         clknet_0_clk (net)
                  0.04    0.00    0.11 ^ clkbuf_1_1__f_clk/A (sky130_fd_sc_hd__clkbuf_16)
    11    0.02    0.04    0.12    0.23 ^ clkbuf_1_1__f_clk/X (sky130_fd_sc_hd__clkbuf_16)
                                         clknet_1_1__leaf_clk (net)
                  0.04    0.00    0.23 ^ _146_/CLK (sky130_fd_sc_hd__dfxtp_1)
                          0.20    0.43   clock uncertainty
                          0.00    0.43   clock reconvergence pessimism
                         -0.05    0.38   library hold time
                                  0.38   data required time
-----------------------------------------------------------------------------
                                  0.38   data required time
                                 -0.70   data arrival time
-----------------------------------------------------------------------------
                                  0.32   slack (MET)


Startpoint: _147_ (rising edge-triggered flip-flop clocked by clk)
Endpoint: _147_ (rising edge-triggered flip-flop clocked by clk)
Path Group: clk
Path Type: min

Fanout     Cap    Slew   Delay    Time   Description
-----------------------------------------------------------------------------
                          0.00    0.00   clock clk (rise edge)
                          0.00    0.00   clock source latency
     1    0.01    0.00    0.00    0.00 ^ clk (in)
                                         clk (net)
                  0.00    0.00    0.00 ^ clkbuf_0_clk/A (sky130_fd_sc_hd__clkbuf_16)
     2    0.02    0.04    0.11    0.11 ^ clkbuf_0_clk/X (sky130_fd_sc_hd__clkbuf_16)
                                         clknet_0_clk (net)
                  0.04    0.00    0.11 ^ clkbuf_1_1__f_clk/A (sky130_fd_sc_hd__clkbuf_16)
    11    0.02    0.04    0.12    0.23 ^ clkbuf_1_1__f_clk/X (sky130_fd_sc_hd__clkbuf_16)
                                         clknet_1_1__leaf_clk (net)
                  0.04    0.00    0.23 ^ _147_/CLK (sky130_fd_sc_hd__dfxtp_1)
     2    0.01    0.10    0.35    0.58 ^ _147_/Q (sky130_fd_sc_hd__dfxtp_1)
                                         div_cntr[15] (net)
                  0.10    0.00    0.58 ^ _119_/A1 (sky130_fd_sc_hd__o21ba_1)
     1    0.00    0.05    0.14    0.72 ^ _119_/X (sky130_fd_sc_hd__o21ba_1)
                                         _010_ (net)
                  0.05    0.00    0.72 ^ _147_/D (sky130_fd_sc_hd__dfxtp_1)
                                  0.72   data arrival time

                          0.00    0.00   clock clk (rise edge)
                          0.00    0.00   clock source latency
     1    0.01    0.00    0.00    0.00 ^ clk (in)
                                         clk (net)
                  0.00    0.00    0.00 ^ clkbuf_0_clk/A (sky130_fd_sc_hd__clkbuf_16)
     2    0.02    0.04    0.11    0.11 ^ clkbuf_0_clk/X (sky130_fd_sc_hd__clkbuf_16)
                                         clknet_0_clk (net)
                  0.04    0.00    0.11 ^ clkbuf_1_1__f_clk/A (sky130_fd_sc_hd__clkbuf_16)
    11    0.02    0.04    0.12    0.23 ^ clkbuf_1_1__f_clk/X (sky130_fd_sc_hd__clkbuf_16)
                                         clknet_1_1__leaf_clk (net)
                  0.04    0.00    0.23 ^ _147_/CLK (sky130_fd_sc_hd__dfxtp_1)
                          0.20    0.43   clock uncertainty
                          0.00    0.43   clock reconvergence pessimism
                         -0.03    0.40   library hold time
                                  0.40   data required time
-----------------------------------------------------------------------------
                                  0.40   data required time
                                 -0.72   data arrival time
-----------------------------------------------------------------------------
                                  0.32   slack (MET)


Startpoint: _145_ (rising edge-triggered flip-flop clocked by clk)
Endpoint: _145_ (rising edge-triggered flip-flop clocked by clk)
Path Group: clk
Path Type: min

Fanout     Cap    Slew   Delay    Time   Description
-----------------------------------------------------------------------------
                          0.00    0.00   clock clk (rise edge)
                          0.00    0.00   clock source latency
     1    0.01    0.00    0.00    0.00 ^ clk (in)
                                         clk (net)
                  0.00    0.00    0.00 ^ clkbuf_0_clk/A (sky130_fd_sc_hd__clkbuf_16)
     2    0.02    0.04    0.11    0.11 ^ clkbuf_0_clk/X (sky130_fd_sc_hd__clkbuf_16)
                                         clknet_0_clk (net)
                  0.04    0.00    0.11 ^ clkbuf_1_1__f_clk/A (sky130_fd_sc_hd__clkbuf_16)
    11    0.02    0.04    0.12    0.23 ^ clkbuf_1_1__f_clk/X (sky130_fd_sc_hd__clkbuf_16)
                                         clknet_1_1__leaf_clk (net)
                  0.04    0.00    0.23 ^ _145_/CLK (sky130_fd_sc_hd__dfxtp_1)
     4    0.01    0.08    0.33    0.56 ^ _145_/Q (sky130_fd_sc_hd__dfxtp_1)
                                         div_cntr[13] (net)
                  0.08    0.00    0.56 ^ _114_/A1 (sky130_fd_sc_hd__o21ba_1)
     1    0.01    0.08    0.16    0.72 ^ _114_/X (sky130_fd_sc_hd__o21ba_1)
                                         _008_ (net)
                  0.08    0.00    0.72 ^ _145_/D (sky130_fd_sc_hd__dfxtp_1)
                                  0.72   data arrival time

                          0.00    0.00   clock clk (rise edge)
                          0.00    0.00   clock source latency
     1    0.01    0.00    0.00    0.00 ^ clk (in)
                                         clk (net)
                  0.00    0.00    0.00 ^ clkbuf_0_clk/A (sky130_fd_sc_hd__clkbuf_16)
     2    0.02    0.04    0.11    0.11 ^ clkbuf_0_clk/X (sky130_fd_sc_hd__clkbuf_16)
                                         clknet_0_clk (net)
                  0.04    0.00    0.11 ^ clkbuf_1_1__f_clk/A (sky130_fd_sc_hd__clkbuf_16)
    11    0.02    0.04    0.12    0.23 ^ clkbuf_1_1__f_clk/X (sky130_fd_sc_hd__clkbuf_16)
                                         clknet_1_1__leaf_clk (net)
                  0.04    0.00    0.23 ^ _145_/CLK (sky130_fd_sc_hd__dfxtp_1)
                          0.20    0.43   clock uncertainty
                          0.00    0.43   clock reconvergence pessimism
                         -0.04    0.39   library hold time
                                  0.39   data required time
-----------------------------------------------------------------------------
                                  0.39   data required time
                                 -0.72   data arrival time
-----------------------------------------------------------------------------
                                  0.33   slack (MET)


Startpoint: _140_ (rising edge-triggered flip-flop clocked by clk)
Endpoint: _141_ (rising edge-triggered flip-flop clocked by clk)
Path Group: clk
Path Type: min

Fanout     Cap    Slew   Delay    Time   Description
-----------------------------------------------------------------------------
                          0.00    0.00   clock clk (rise edge)
                          0.00    0.00   clock source latency
     1    0.01    0.00    0.00    0.00 ^ clk (in)
                                         clk (net)
                  0.00    0.00    0.00 ^ clkbuf_0_clk/A (sky130_fd_sc_hd__clkbuf_16)
     2    0.02    0.04    0.11    0.11 ^ clkbuf_0_clk/X (sky130_fd_sc_hd__clkbuf_16)
                                         clknet_0_clk (net)
                  0.04    0.00    0.11 ^ clkbuf_1_0__f_clk/A (sky130_fd_sc_hd__clkbuf_16)
    10    0.02    0.04    0.12    0.23 ^ clkbuf_1_0__f_clk/X (sky130_fd_sc_hd__clkbuf_16)
                                         clknet_1_0__leaf_clk (net)
                  0.04    0.00    0.23 ^ _140_/CLK (sky130_fd_sc_hd__dfxtp_1)
     5    0.01    0.06    0.32    0.55 v _140_/Q (sky130_fd_sc_hd__dfxtp_1)
                                         div_cntr[8] (net)
                  0.06    0.00    0.55 v _102_/A1 (sky130_fd_sc_hd__a21oi_1)
     1    0.00    0.08    0.12    0.67 ^ _102_/Y (sky130_fd_sc_hd__a21oi_1)
                                         _062_ (net)
                  0.08    0.00    0.67 ^ _104_/A (sky130_fd_sc_hd__nor2_1)
     1    0.00    0.03    0.05    0.73 v _104_/Y (sky130_fd_sc_hd__nor2_1)
                                         _023_ (net)
                  0.03    0.00    0.73 v _141_/D (sky130_fd_sc_hd__dfxtp_1)
                                  0.73   data arrival time

                          0.00    0.00   clock clk (rise edge)
                          0.00    0.00   clock source latency
     1    0.01    0.00    0.00    0.00 ^ clk (in)
                                         clk (net)
                  0.00    0.00    0.00 ^ clkbuf_0_clk/A (sky130_fd_sc_hd__clkbuf_16)
     2    0.02    0.04    0.11    0.11 ^ clkbuf_0_clk/X (sky130_fd_sc_hd__clkbuf_16)
                                         clknet_0_clk (net)
                  0.04    0.00    0.11 ^ clkbuf_1_1__f_clk/A (sky130_fd_sc_hd__clkbuf_16)
    11    0.02    0.04    0.12    0.23 ^ clkbuf_1_1__f_clk/X (sky130_fd_sc_hd__clkbuf_16)
                                         clknet_1_1__leaf_clk (net)
                  0.04    0.00    0.23 ^ _141_/CLK (sky130_fd_sc_hd__dfxtp_1)
                          0.20    0.43   clock uncertainty
                          0.00    0.43   clock reconvergence pessimism
                         -0.05    0.38   library hold time
                                  0.38   data required time
-----------------------------------------------------------------------------
                                  0.38   data required time
                                 -0.73   data arrival time
-----------------------------------------------------------------------------
                                  0.34   slack (MET)


Startpoint: _135_ (rising edge-triggered flip-flop clocked by clk)
Endpoint: _135_ (rising edge-triggered flip-flop clocked by clk)
Path Group: clk
Path Type: min

Fanout     Cap    Slew   Delay    Time   Description
-----------------------------------------------------------------------------
                          0.00    0.00   clock clk (rise edge)
                          0.00    0.00   clock source latency
     1    0.01    0.00    0.00    0.00 ^ clk (in)
                                         clk (net)
                  0.00    0.00    0.00 ^ clkbuf_0_clk/A (sky130_fd_sc_hd__clkbuf_16)
     2    0.02    0.04    0.11    0.11 ^ clkbuf_0_clk/X (sky130_fd_sc_hd__clkbuf_16)
                                         clknet_0_clk (net)
                  0.04    0.00    0.11 ^ clkbuf_1_0__f_clk/A (sky130_fd_sc_hd__clkbuf_16)
    10    0.02    0.04    0.12    0.23 ^ clkbuf_1_0__f_clk/X (sky130_fd_sc_hd__clkbuf_16)
                                         clknet_1_0__leaf_clk (net)
                  0.04    0.00    0.23 ^ _135_/CLK (sky130_fd_sc_hd__dfxtp_1)
     2    0.01    0.12    0.36    0.58 ^ _135_/Q (sky130_fd_sc_hd__dfxtp_1)
                                         div_cntr[3] (net)
                  0.12    0.00    0.59 ^ _089_/B1 (sky130_fd_sc_hd__a31o_1)
     1    0.00    0.05    0.11    0.70 ^ _089_/X (sky130_fd_sc_hd__a31o_1)
                                         _055_ (net)
                  0.05    0.00    0.70 ^ _090_/B (sky130_fd_sc_hd__and2b_1)
     1    0.00    0.04    0.11    0.81 ^ _090_/X (sky130_fd_sc_hd__and2b_1)
                                         _056_ (net)
                  0.04    0.00    0.81 ^ _091_/A (sky130_fd_sc_hd__buf_1)
     1    0.00    0.03    0.07    0.88 ^ _091_/X (sky130_fd_sc_hd__buf_1)
                                         _017_ (net)
                  0.03    0.00    0.88 ^ _135_/D (sky130_fd_sc_hd__dfxtp_1)
                                  0.88   data arrival time

                          0.00    0.00   clock clk (rise edge)
                          0.00    0.00   clock source latency
     1    0.01    0.00    0.00    0.00 ^ clk (in)
                                         clk (net)
                  0.00    0.00    0.00 ^ clkbuf_0_clk/A (sky130_fd_sc_hd__clkbuf_16)
     2    0.02    0.04    0.11    0.11 ^ clkbuf_0_clk/X (sky130_fd_sc_hd__clkbuf_16)
                                         clknet_0_clk (net)
                  0.04    0.00    0.11 ^ clkbuf_1_0__f_clk/A (sky130_fd_sc_hd__clkbuf_16)
    10    0.02    0.04    0.12    0.23 ^ clkbuf_1_0__f_clk/X (sky130_fd_sc_hd__clkbuf_16)
                                         clknet_1_0__leaf_clk (net)
                  0.04    0.00    0.23 ^ _135_/CLK (sky130_fd_sc_hd__dfxtp_1)
                          0.20    0.43   clock uncertainty
                          0.00    0.43   clock reconvergence pessimism
                         -0.03    0.40   library hold time
                                  0.40   data required time
-----------------------------------------------------------------------------
                                  0.40   data required time
                                 -0.88   data arrival time
-----------------------------------------------------------------------------
                                  0.48   slack (MET)


Startpoint: _148_ (rising edge-triggered flip-flop clocked by clk)
Endpoint: _149_ (rising edge-triggered flip-flop clocked by clk)
Path Group: clk
Path Type: min

Fanout     Cap    Slew   Delay    Time   Description
-----------------------------------------------------------------------------
                          0.00    0.00   clock clk (rise edge)
                          0.00    0.00   clock source latency
     1    0.01    0.00    0.00    0.00 ^ clk (in)
                                         clk (net)
                  0.00    0.00    0.00 ^ clkbuf_0_clk/A (sky130_fd_sc_hd__clkbuf_16)
     2    0.02    0.04    0.11    0.11 ^ clkbuf_0_clk/X (sky130_fd_sc_hd__clkbuf_16)
                                         clknet_0_clk (net)
                  0.04    0.00    0.11 ^ clkbuf_1_0__f_clk/A (sky130_fd_sc_hd__clkbuf_16)
    10    0.02    0.04    0.12    0.23 ^ clkbuf_1_0__f_clk/X (sky130_fd_sc_hd__clkbuf_16)
                                         clknet_1_0__leaf_clk (net)
                  0.04    0.00    0.23 ^ _148_/CLK (sky130_fd_sc_hd__dfxtp_1)
     4    0.01    0.07    0.33    0.56 v _148_/Q (sky130_fd_sc_hd__dfxtp_1)
                                         div_cntr[16] (net)
                  0.07    0.00    0.56 v _121_/A (sky130_fd_sc_hd__nand3_2)
     2    0.01    0.06    0.08    0.64 ^ _121_/Y (sky130_fd_sc_hd__nand3_2)
                                         _038_ (net)
                  0.06    0.00    0.64 ^ _123_/A (sky130_fd_sc_hd__and2_1)
     1    0.00    0.04    0.11    0.75 ^ _123_/X (sky130_fd_sc_hd__and2_1)
                                         _040_ (net)
                  0.04    0.00    0.75 ^ _124_/A (sky130_fd_sc_hd__buf_1)
     1    0.01    0.12    0.13    0.88 ^ _124_/X (sky130_fd_sc_hd__buf_1)
                                         _012_ (net)
                  0.12    0.00    0.88 ^ _149_/D (sky130_fd_sc_hd__dfxtp_1)
                                  0.88   data arrival time

                          0.00    0.00   clock clk (rise edge)
                          0.00    0.00   clock source latency
     1    0.01    0.00    0.00    0.00 ^ clk (in)
                                         clk (net)
                  0.00    0.00    0.00 ^ clkbuf_0_clk/A (sky130_fd_sc_hd__clkbuf_16)
     2    0.02    0.04    0.11    0.11 ^ clkbuf_0_clk/X (sky130_fd_sc_hd__clkbuf_16)
                                         clknet_0_clk (net)
                  0.04    0.00    0.11 ^ clkbuf_1_0__f_clk/A (sky130_fd_sc_hd__clkbuf_16)
    10    0.02    0.04    0.12    0.23 ^ clkbuf_1_0__f_clk/X (sky130_fd_sc_hd__clkbuf_16)
                                         clknet_1_0__leaf_clk (net)
                  0.04    0.00    0.23 ^ _149_/CLK (sky130_fd_sc_hd__dfxtp_1)
                          0.20    0.43   clock uncertainty
                          0.00    0.43   clock reconvergence pessimism
                         -0.05    0.38   library hold time
                                  0.38   data required time
-----------------------------------------------------------------------------
                                  0.38   data required time
                                 -0.88   data arrival time
-----------------------------------------------------------------------------
                                  0.50   slack (MET)


Startpoint: _132_ (rising edge-triggered flip-flop clocked by clk)
Endpoint: _133_ (rising edge-triggered flip-flop clocked by clk)
Path Group: clk
Path Type: min

Fanout     Cap    Slew   Delay    Time   Description
-----------------------------------------------------------------------------
                          0.00    0.00   clock clk (rise edge)
                          0.00    0.00   clock source latency
     1    0.01    0.00    0.00    0.00 ^ clk (in)
                                         clk (net)
                  0.00    0.00    0.00 ^ clkbuf_0_clk/A (sky130_fd_sc_hd__clkbuf_16)
     2    0.02    0.04    0.11    0.11 ^ clkbuf_0_clk/X (sky130_fd_sc_hd__clkbuf_16)
                                         clknet_0_clk (net)
                  0.04    0.00    0.11 ^ clkbuf_1_0__f_clk/A (sky130_fd_sc_hd__clkbuf_16)
    10    0.02    0.04    0.12    0.23 ^ clkbuf_1_0__f_clk/X (sky130_fd_sc_hd__clkbuf_16)
                                         clknet_1_0__leaf_clk (net)
                  0.04    0.00    0.23 ^ _132_/CLK (sky130_fd_sc_hd__dfxtp_2)
     5    0.02    0.06    0.35    0.57 v _132_/Q (sky130_fd_sc_hd__dfxtp_2)
                                         div_cntr[0] (net)
                  0.06    0.00    0.58 v _082_/A (sky130_fd_sc_hd__nand2_1)
     2    0.01    0.09    0.10    0.68 ^ _082_/Y (sky130_fd_sc_hd__nand2_1)
                                         _050_ (net)
                  0.09    0.00    0.68 ^ _084_/A (sky130_fd_sc_hd__and2_1)
     1    0.01    0.07    0.14    0.82 ^ _084_/X (sky130_fd_sc_hd__and2_1)
                                         _052_ (net)
                  0.07    0.00    0.82 ^ _085_/A (sky130_fd_sc_hd__clkbuf_1)
     1    0.00    0.07    0.10    0.92 ^ _085_/X (sky130_fd_sc_hd__clkbuf_1)
                                         _015_ (net)
                  0.07    0.00    0.92 ^ _133_/D (sky130_fd_sc_hd__dfxtp_1)
                                  0.92   data arrival time

                          0.00    0.00   clock clk (rise edge)
                          0.00    0.00   clock source latency
     1    0.01    0.00    0.00    0.00 ^ clk (in)
                                         clk (net)
                  0.00    0.00    0.00 ^ clkbuf_0_clk/A (sky130_fd_sc_hd__clkbuf_16)
     2    0.02    0.04    0.11    0.11 ^ clkbuf_0_clk/X (sky130_fd_sc_hd__clkbuf_16)
                                         clknet_0_clk (net)
                  0.04    0.00    0.11 ^ clkbuf_1_0__f_clk/A (sky130_fd_sc_hd__clkbuf_16)
    10    0.02    0.04    0.12    0.23 ^ clkbuf_1_0__f_clk/X (sky130_fd_sc_hd__clkbuf_16)
                                         clknet_1_0__leaf_clk (net)
                  0.04    0.00    0.23 ^ _133_/CLK (sky130_fd_sc_hd__dfxtp_1)
                          0.20    0.43   clock uncertainty
                          0.00    0.43   clock reconvergence pessimism
                         -0.04    0.39   library hold time
                                  0.39   data required time
-----------------------------------------------------------------------------
                                  0.39   data required time
                                 -0.92   data arrival time
-----------------------------------------------------------------------------
                                  0.53   slack (MET)


Startpoint: _132_ (rising edge-triggered flip-flop clocked by clk)
Endpoint: _132_ (rising edge-triggered flip-flop clocked by clk)
Path Group: clk
Path Type: min

Fanout     Cap    Slew   Delay    Time   Description
-----------------------------------------------------------------------------
                          0.00    0.00   clock clk (rise edge)
                          0.00    0.00   clock source latency
     1    0.01    0.00    0.00    0.00 ^ clk (in)
                                         clk (net)
                  0.00    0.00    0.00 ^ clkbuf_0_clk/A (sky130_fd_sc_hd__clkbuf_16)
     2    0.02    0.04    0.11    0.11 ^ clkbuf_0_clk/X (sky130_fd_sc_hd__clkbuf_16)
                                         clknet_0_clk (net)
                  0.04    0.00    0.11 ^ clkbuf_1_0__f_clk/A (sky130_fd_sc_hd__clkbuf_16)
    10    0.02    0.04    0.12    0.23 ^ clkbuf_1_0__f_clk/X (sky130_fd_sc_hd__clkbuf_16)
                                         clknet_1_0__leaf_clk (net)
                  0.04    0.00    0.23 ^ _132_/CLK (sky130_fd_sc_hd__dfxtp_2)
     5    0.02    0.06    0.35    0.57 v _132_/Q (sky130_fd_sc_hd__dfxtp_2)
                                         div_cntr[0] (net)
                  0.06    0.00    0.58 v hold1/A (sky130_fd_sc_hd__dlygate4sd3_1)
     1    0.00    0.06    0.57    1.15 v hold1/X (sky130_fd_sc_hd__dlygate4sd3_1)
                                         net17 (net)
                  0.06    0.00    1.15 v _081_/A (sky130_fd_sc_hd__inv_2)
     1    0.00    0.03    0.05    1.20 ^ _081_/Y (sky130_fd_sc_hd__inv_2)
                                         _004_ (net)
                  0.03    0.00    1.20 ^ _132_/D (sky130_fd_sc_hd__dfxtp_2)
                                  1.20   data arrival time

                          0.00    0.00   clock clk (rise edge)
                          0.00    0.00   clock source latency
     1    0.01    0.00    0.00    0.00 ^ clk (in)
                                         clk (net)
                  0.00    0.00    0.00 ^ clkbuf_0_clk/A (sky130_fd_sc_hd__clkbuf_16)
     2    0.02    0.04    0.11    0.11 ^ clkbuf_0_clk/X (sky130_fd_sc_hd__clkbuf_16)
                                         clknet_0_clk (net)
                  0.04    0.00    0.11 ^ clkbuf_1_0__f_clk/A (sky130_fd_sc_hd__clkbuf_16)
    10    0.02    0.04    0.12    0.23 ^ clkbuf_1_0__f_clk/X (sky130_fd_sc_hd__clkbuf_16)
                                         clknet_1_0__leaf_clk (net)
                  0.04    0.00    0.23 ^ _132_/CLK (sky130_fd_sc_hd__dfxtp_2)
                          0.20    0.43   clock uncertainty
                          0.00    0.43   clock reconvergence pessimism
                         -0.03    0.40   library hold time
                                  0.40   data required time
-----------------------------------------------------------------------------
                                  0.40   data required time
                                 -1.20   data arrival time
-----------------------------------------------------------------------------
                                  0.79   slack (MET)



worst slack corner Typical: 0.2401
min_report_end
max_report

===========================================================================
report_checks -path_delay max (Setup)
============================================================================
======================= Typical Corner ===================================

Startpoint: _133_ (rising edge-triggered flip-flop clocked by clk)
Endpoint: _149_ (rising edge-triggered flip-flop clocked by clk)
Path Group: clk
Path Type: max

Fanout     Cap    Slew   Delay    Time   Description
-----------------------------------------------------------------------------
                          0.00    0.00   clock clk (rise edge)
                          0.00    0.00   clock source latency
     1    0.01    0.00    0.00    0.00 ^ clk (in)
                                         clk (net)
                  0.00    0.00    0.00 ^ clkbuf_0_clk/A (sky130_fd_sc_hd__clkbuf_16)
     2    0.02    0.04    0.11    0.11 ^ clkbuf_0_clk/X (sky130_fd_sc_hd__clkbuf_16)
                                         clknet_0_clk (net)
                  0.04    0.00    0.11 ^ clkbuf_1_0__f_clk/A (sky130_fd_sc_hd__clkbuf_16)
    10    0.02    0.04    0.12    0.23 ^ clkbuf_1_0__f_clk/X (sky130_fd_sc_hd__clkbuf_16)
                                         clknet_1_0__leaf_clk (net)
                  0.04    0.00    0.23 ^ _133_/CLK (sky130_fd_sc_hd__dfxtp_1)
     4    0.02    0.17    0.40    0.63 ^ _133_/Q (sky130_fd_sc_hd__dfxtp_1)
                                         div_cntr[1] (net)
                  0.17    0.00    0.63 ^ _087_/B (sky130_fd_sc_hd__and4_1)
     1    0.00    0.05    0.19    0.82 ^ _087_/X (sky130_fd_sc_hd__and4_1)
                                         _053_ (net)
                  0.05    0.00    0.82 ^ _088_/A (sky130_fd_sc_hd__buf_2)
     7    0.03    0.13    0.17    0.99 ^ _088_/X (sky130_fd_sc_hd__buf_2)
                                         _054_ (net)
                  0.13    0.00    0.99 ^ _118_/A (sky130_fd_sc_hd__and4_2)
     5    0.02    0.15    0.32    1.31 ^ _118_/X (sky130_fd_sc_hd__and4_2)
                                         _037_ (net)
                  0.15    0.00    1.31 ^ _121_/C (sky130_fd_sc_hd__nand3_2)
     2    0.01    0.08    0.11    1.41 v _121_/Y (sky130_fd_sc_hd__nand3_2)
                                         _038_ (net)
                  0.08    0.00    1.41 v _123_/A (sky130_fd_sc_hd__and2_1)
     1    0.00    0.03    0.14    1.56 v _123_/X (sky130_fd_sc_hd__and2_1)
                                         _040_ (net)
                  0.03    0.00    1.56 v _124_/A (sky130_fd_sc_hd__buf_1)
     1    0.01    0.06    0.11    1.67 v _124_/X (sky130_fd_sc_hd__buf_1)
                                         _012_ (net)
                  0.06    0.00    1.67 v _149_/D (sky130_fd_sc_hd__dfxtp_1)
                                  1.67   data arrival time

                         10.00   10.00   clock clk (rise edge)
                          0.00   10.00   clock source latency
     1    0.01    0.00    0.00   10.00 ^ clk (in)
                                         clk (net)
                  0.00    0.00   10.00 ^ clkbuf_0_clk/A (sky130_fd_sc_hd__clkbuf_16)
     2    0.02    0.04    0.11   10.11 ^ clkbuf_0_clk/X (sky130_fd_sc_hd__clkbuf_16)
                                         clknet_0_clk (net)
                  0.04    0.00   10.11 ^ clkbuf_1_0__f_clk/A (sky130_fd_sc_hd__clkbuf_16)
    10    0.02    0.04    0.12   10.23 ^ clkbuf_1_0__f_clk/X (sky130_fd_sc_hd__clkbuf_16)
                                         clknet_1_0__leaf_clk (net)
                  0.04    0.00   10.23 ^ _149_/CLK (sky130_fd_sc_hd__dfxtp_1)
                         -0.20   10.03   clock uncertainty
                          0.00   10.03   clock reconvergence pessimism
                         -0.12    9.91   library setup time
                                  9.91   data required time
-----------------------------------------------------------------------------
                                  9.91   data required time
                                 -1.67   data arrival time
-----------------------------------------------------------------------------
                                  8.24   slack (MET)


Startpoint: _133_ (rising edge-triggered flip-flop clocked by clk)
Endpoint: _145_ (rising edge-triggered flip-flop clocked by clk)
Path Group: clk
Path Type: max

Fanout     Cap    Slew   Delay    Time   Description
-----------------------------------------------------------------------------
                          0.00    0.00   clock clk (rise edge)
                          0.00    0.00   clock source latency
     1    0.01    0.00    0.00    0.00 ^ clk (in)
                                         clk (net)
                  0.00    0.00    0.00 ^ clkbuf_0_clk/A (sky130_fd_sc_hd__clkbuf_16)
     2    0.02    0.04    0.11    0.11 ^ clkbuf_0_clk/X (sky130_fd_sc_hd__clkbuf_16)
                                         clknet_0_clk (net)
                  0.04    0.00    0.11 ^ clkbuf_1_0__f_clk/A (sky130_fd_sc_hd__clkbuf_16)
    10    0.02    0.04    0.12    0.23 ^ clkbuf_1_0__f_clk/X (sky130_fd_sc_hd__clkbuf_16)
                                         clknet_1_0__leaf_clk (net)
                  0.04    0.00    0.23 ^ _133_/CLK (sky130_fd_sc_hd__dfxtp_1)
     4    0.02    0.17    0.40    0.63 ^ _133_/Q (sky130_fd_sc_hd__dfxtp_1)
                                         div_cntr[1] (net)
                  0.17    0.00    0.63 ^ _087_/B (sky130_fd_sc_hd__and4_1)
     1    0.00    0.05    0.19    0.82 ^ _087_/X (sky130_fd_sc_hd__and4_1)
                                         _053_ (net)
                  0.05    0.00    0.82 ^ _088_/A (sky130_fd_sc_hd__buf_2)
     7    0.03    0.13    0.17    0.99 ^ _088_/X (sky130_fd_sc_hd__buf_2)
                                         _054_ (net)
                  0.13    0.00    0.99 ^ _108_/A (sky130_fd_sc_hd__and3_1)
     5    0.02    0.18    0.26    1.26 ^ _108_/X (sky130_fd_sc_hd__and3_1)
                                         _031_ (net)
                  0.18    0.00    1.26 ^ _113_/C (sky130_fd_sc_hd__and3_1)
     2    0.01    0.08    0.20    1.46 ^ _113_/X (sky130_fd_sc_hd__and3_1)
                                         _034_ (net)
                  0.08    0.00    1.46 ^ _114_/B1_N (sky130_fd_sc_hd__o21ba_1)
     1    0.01    0.06    0.17    1.63 v _114_/X (sky130_fd_sc_hd__o21ba_1)
                                         _008_ (net)
                  0.06    0.00    1.63 v _145_/D (sky130_fd_sc_hd__dfxtp_1)
                                  1.63   data arrival time

                         10.00   10.00   clock clk (rise edge)
                          0.00   10.00   clock source latency
     1    0.01    0.00    0.00   10.00 ^ clk (in)
                                         clk (net)
                  0.00    0.00   10.00 ^ clkbuf_0_clk/A (sky130_fd_sc_hd__clkbuf_16)
     2    0.02    0.04    0.11   10.11 ^ clkbuf_0_clk/X (sky130_fd_sc_hd__clkbuf_16)
                                         clknet_0_clk (net)
                  0.04    0.00   10.11 ^ clkbuf_1_1__f_clk/A (sky130_fd_sc_hd__clkbuf_16)
    11    0.02    0.04    0.12   10.23 ^ clkbuf_1_1__f_clk/X (sky130_fd_sc_hd__clkbuf_16)
                                         clknet_1_1__leaf_clk (net)
                  0.04    0.00   10.23 ^ _145_/CLK (sky130_fd_sc_hd__dfxtp_1)
                         -0.20   10.03   clock uncertainty
                          0.00   10.03   clock reconvergence pessimism
                         -0.12    9.92   library setup time
                                  9.92   data required time
-----------------------------------------------------------------------------
                                  9.92   data required time
                                 -1.63   data arrival time
-----------------------------------------------------------------------------
                                  8.29   slack (MET)


Startpoint: _133_ (rising edge-triggered flip-flop clocked by clk)
Endpoint: _151_ (rising edge-triggered flip-flop clocked by clk)
Path Group: clk
Path Type: max

Fanout     Cap    Slew   Delay    Time   Description
-----------------------------------------------------------------------------
                          0.00    0.00   clock clk (rise edge)
                          0.00    0.00   clock source latency
     1    0.01    0.00    0.00    0.00 ^ clk (in)
                                         clk (net)
                  0.00    0.00    0.00 ^ clkbuf_0_clk/A (sky130_fd_sc_hd__clkbuf_16)
     2    0.02    0.04    0.11    0.11 ^ clkbuf_0_clk/X (sky130_fd_sc_hd__clkbuf_16)
                                         clknet_0_clk (net)
                  0.04    0.00    0.11 ^ clkbuf_1_0__f_clk/A (sky130_fd_sc_hd__clkbuf_16)
    10    0.02    0.04    0.12    0.23 ^ clkbuf_1_0__f_clk/X (sky130_fd_sc_hd__clkbuf_16)
                                         clknet_1_0__leaf_clk (net)
                  0.04    0.00    0.23 ^ _133_/CLK (sky130_fd_sc_hd__dfxtp_1)
     4    0.02    0.17    0.40    0.63 ^ _133_/Q (sky130_fd_sc_hd__dfxtp_1)
                                         div_cntr[1] (net)
                  0.17    0.00    0.63 ^ _087_/B (sky130_fd_sc_hd__and4_1)
     1    0.00    0.05    0.19    0.82 ^ _087_/X (sky130_fd_sc_hd__and4_1)
                                         _053_ (net)
                  0.05    0.00    0.82 ^ _088_/A (sky130_fd_sc_hd__buf_2)
     7    0.03    0.13    0.17    0.99 ^ _088_/X (sky130_fd_sc_hd__buf_2)
                                         _054_ (net)
                  0.13    0.00    0.99 ^ _118_/A (sky130_fd_sc_hd__and4_2)
     5    0.02    0.15    0.32    1.31 ^ _118_/X (sky130_fd_sc_hd__and4_2)
                                         _037_ (net)
                  0.15    0.00    1.31 ^ _126_/D (sky130_fd_sc_hd__and4_1)
     1    0.01    0.08    0.23    1.54 ^ _126_/X (sky130_fd_sc_hd__and4_1)
                                         _041_ (net)
                  0.08    0.00    1.54 ^ _127_/B (sky130_fd_sc_hd__xor2_1)
     1    0.00    0.09    0.13    1.67 ^ _127_/X (sky130_fd_sc_hd__xor2_1)
                                         _014_ (net)
                  0.09    0.00    1.67 ^ _151_/D (sky130_fd_sc_hd__dfxtp_2)
                                  1.67   data arrival time

                         10.00   10.00   clock clk (rise edge)
                          0.00   10.00   clock source latency
     1    0.01    0.00    0.00   10.00 ^ clk (in)
                                         clk (net)
                  0.00    0.00   10.00 ^ clkbuf_0_clk/A (sky130_fd_sc_hd__clkbuf_16)
     2    0.02    0.04    0.11   10.11 ^ clkbuf_0_clk/X (sky130_fd_sc_hd__clkbuf_16)
                                         clknet_0_clk (net)
                  0.04    0.00   10.11 ^ clkbuf_1_1__f_clk/A (sky130_fd_sc_hd__clkbuf_16)
    11    0.02    0.04    0.12   10.23 ^ clkbuf_1_1__f_clk/X (sky130_fd_sc_hd__clkbuf_16)
                                         clknet_1_1__leaf_clk (net)
                  0.04    0.00   10.23 ^ _151_/CLK (sky130_fd_sc_hd__dfxtp_2)
                         -0.20   10.03   clock uncertainty
                          0.00   10.03   clock reconvergence pessimism
                         -0.07    9.96   library setup time
                                  9.96   data required time
-----------------------------------------------------------------------------
                                  9.96   data required time
                                 -1.67   data arrival time
-----------------------------------------------------------------------------
                                  8.29   slack (MET)


Startpoint: _133_ (rising edge-triggered flip-flop clocked by clk)
Endpoint: _150_ (rising edge-triggered flip-flop clocked by clk)
Path Group: clk
Path Type: max

Fanout     Cap    Slew   Delay    Time   Description
-----------------------------------------------------------------------------
                          0.00    0.00   clock clk (rise edge)
                          0.00    0.00   clock source latency
     1    0.01    0.00    0.00    0.00 ^ clk (in)
                                         clk (net)
                  0.00    0.00    0.00 ^ clkbuf_0_clk/A (sky130_fd_sc_hd__clkbuf_16)
     2    0.02    0.04    0.11    0.11 ^ clkbuf_0_clk/X (sky130_fd_sc_hd__clkbuf_16)
                                         clknet_0_clk (net)
                  0.04    0.00    0.11 ^ clkbuf_1_0__f_clk/A (sky130_fd_sc_hd__clkbuf_16)
    10    0.02    0.04    0.12    0.23 ^ clkbuf_1_0__f_clk/X (sky130_fd_sc_hd__clkbuf_16)
                                         clknet_1_0__leaf_clk (net)
                  0.04    0.00    0.23 ^ _133_/CLK (sky130_fd_sc_hd__dfxtp_1)
     4    0.02    0.17    0.40    0.63 ^ _133_/Q (sky130_fd_sc_hd__dfxtp_1)
                                         div_cntr[1] (net)
                  0.17    0.00    0.63 ^ _087_/B (sky130_fd_sc_hd__and4_1)
     1    0.00    0.05    0.19    0.82 ^ _087_/X (sky130_fd_sc_hd__and4_1)
                                         _053_ (net)
                  0.05    0.00    0.82 ^ _088_/A (sky130_fd_sc_hd__buf_2)
     7    0.03    0.13    0.17    0.99 ^ _088_/X (sky130_fd_sc_hd__buf_2)
                                         _054_ (net)
                  0.13    0.00    0.99 ^ _118_/A (sky130_fd_sc_hd__and4_2)
     5    0.02    0.15    0.32    1.31 ^ _118_/X (sky130_fd_sc_hd__and4_2)
                                         _037_ (net)
                  0.15    0.00    1.31 ^ _121_/C (sky130_fd_sc_hd__nand3_2)
     2    0.01    0.08    0.11    1.41 v _121_/Y (sky130_fd_sc_hd__nand3_2)
                                         _038_ (net)
                  0.08    0.00    1.41 v _125_/B (sky130_fd_sc_hd__xnor2_1)
     1    0.01    0.18    0.19    1.61 ^ _125_/Y (sky130_fd_sc_hd__xnor2_1)
                                         _013_ (net)
                  0.18    0.00    1.61 ^ _150_/D (sky130_fd_sc_hd__dfxtp_1)
                                  1.61   data arrival time

                         10.00   10.00   clock clk (rise edge)
                          0.00   10.00   clock source latency
     1    0.01    0.00    0.00   10.00 ^ clk (in)
                                         clk (net)
                  0.00    0.00   10.00 ^ clkbuf_0_clk/A (sky130_fd_sc_hd__clkbuf_16)
     2    0.02    0.04    0.11   10.11 ^ clkbuf_0_clk/X (sky130_fd_sc_hd__clkbuf_16)
                                         clknet_0_clk (net)
                  0.04    0.00   10.11 ^ clkbuf_1_1__f_clk/A (sky130_fd_sc_hd__clkbuf_16)
    11    0.02    0.04    0.12   10.23 ^ clkbuf_1_1__f_clk/X (sky130_fd_sc_hd__clkbuf_16)
                                         clknet_1_1__leaf_clk (net)
                  0.04    0.00   10.23 ^ _150_/CLK (sky130_fd_sc_hd__dfxtp_1)
                         -0.20   10.03   clock uncertainty
                          0.00   10.03   clock reconvergence pessimism
                         -0.09    9.95   library setup time
                                  9.95   data required time
-----------------------------------------------------------------------------
                                  9.95   data required time
                                 -1.61   data arrival time
-----------------------------------------------------------------------------
                                  8.34   slack (MET)


Startpoint: _133_ (rising edge-triggered flip-flop clocked by clk)
Endpoint: _142_ (rising edge-triggered flip-flop clocked by clk)
Path Group: clk
Path Type: max

Fanout     Cap    Slew   Delay    Time   Description
-----------------------------------------------------------------------------
                          0.00    0.00   clock clk (rise edge)
                          0.00    0.00   clock source latency
     1    0.01    0.00    0.00    0.00 ^ clk (in)
                                         clk (net)
                  0.00    0.00    0.00 ^ clkbuf_0_clk/A (sky130_fd_sc_hd__clkbuf_16)
     2    0.02    0.04    0.11    0.11 ^ clkbuf_0_clk/X (sky130_fd_sc_hd__clkbuf_16)
                                         clknet_0_clk (net)
                  0.04    0.00    0.11 ^ clkbuf_1_0__f_clk/A (sky130_fd_sc_hd__clkbuf_16)
    10    0.02    0.04    0.12    0.23 ^ clkbuf_1_0__f_clk/X (sky130_fd_sc_hd__clkbuf_16)
                                         clknet_1_0__leaf_clk (net)
                  0.04    0.00    0.23 ^ _133_/CLK (sky130_fd_sc_hd__dfxtp_1)
     4    0.02    0.17    0.40    0.63 ^ _133_/Q (sky130_fd_sc_hd__dfxtp_1)
                                         div_cntr[1] (net)
                  0.17    0.00    0.63 ^ _087_/B (sky130_fd_sc_hd__and4_1)
     1    0.00    0.05    0.19    0.82 ^ _087_/X (sky130_fd_sc_hd__and4_1)
                                         _053_ (net)
                  0.05    0.00    0.82 ^ _088_/A (sky130_fd_sc_hd__buf_2)
     7    0.03    0.13    0.17    0.99 ^ _088_/X (sky130_fd_sc_hd__buf_2)
                                         _054_ (net)
                  0.13    0.00    0.99 ^ _099_/A (sky130_fd_sc_hd__and2_2)
     5    0.02    0.13    0.23    1.22 ^ _099_/X (sky130_fd_sc_hd__and2_2)
                                         _061_ (net)
                  0.13    0.00    1.22 ^ _103_/C (sky130_fd_sc_hd__and3_1)
     2    0.01    0.09    0.20    1.42 ^ _103_/X (sky130_fd_sc_hd__and3_1)
                                         _028_ (net)
                  0.09    0.00    1.42 ^ _105_/B (sky130_fd_sc_hd__xor2_1)
     1    0.01    0.16    0.18    1.60 ^ _105_/X (sky130_fd_sc_hd__xor2_1)
                                         _005_ (net)
                  0.16    0.00    1.60 ^ _142_/D (sky130_fd_sc_hd__dfxtp_1)
                                  1.60   data arrival time

                         10.00   10.00   clock clk (rise edge)
                          0.00   10.00   clock source latency
     1    0.01    0.00    0.00   10.00 ^ clk (in)
                                         clk (net)
                  0.00    0.00   10.00 ^ clkbuf_0_clk/A (sky130_fd_sc_hd__clkbuf_16)
     2    0.02    0.04    0.11   10.11 ^ clkbuf_0_clk/X (sky130_fd_sc_hd__clkbuf_16)
                                         clknet_0_clk (net)
                  0.04    0.00   10.11 ^ clkbuf_1_0__f_clk/A (sky130_fd_sc_hd__clkbuf_16)
    10    0.02    0.04    0.12   10.23 ^ clkbuf_1_0__f_clk/X (sky130_fd_sc_hd__clkbuf_16)
                                         clknet_1_0__leaf_clk (net)
                  0.04    0.00   10.23 ^ _142_/CLK (sky130_fd_sc_hd__dfxtp_1)
                         -0.20   10.03   clock uncertainty
                          0.00   10.03   clock reconvergence pessimism
                         -0.08    9.95   library setup time
                                  9.95   data required time
-----------------------------------------------------------------------------
                                  9.95   data required time
                                 -1.60   data arrival time
-----------------------------------------------------------------------------
                                  8.35   slack (MET)


Startpoint: _133_ (rising edge-triggered flip-flop clocked by clk)
Endpoint: _146_ (rising edge-triggered flip-flop clocked by clk)
Path Group: clk
Path Type: max

Fanout     Cap    Slew   Delay    Time   Description
-----------------------------------------------------------------------------
                          0.00    0.00   clock clk (rise edge)
                          0.00    0.00   clock source latency
     1    0.01    0.00    0.00    0.00 ^ clk (in)
                                         clk (net)
                  0.00    0.00    0.00 ^ clkbuf_0_clk/A (sky130_fd_sc_hd__clkbuf_16)
     2    0.02    0.04    0.11    0.11 ^ clkbuf_0_clk/X (sky130_fd_sc_hd__clkbuf_16)
                                         clknet_0_clk (net)
                  0.04    0.00    0.11 ^ clkbuf_1_0__f_clk/A (sky130_fd_sc_hd__clkbuf_16)
    10    0.02    0.04    0.12    0.23 ^ clkbuf_1_0__f_clk/X (sky130_fd_sc_hd__clkbuf_16)
                                         clknet_1_0__leaf_clk (net)
                  0.04    0.00    0.23 ^ _133_/CLK (sky130_fd_sc_hd__dfxtp_1)
     4    0.02    0.17    0.40    0.63 ^ _133_/Q (sky130_fd_sc_hd__dfxtp_1)
                                         div_cntr[1] (net)
                  0.17    0.00    0.63 ^ _087_/B (sky130_fd_sc_hd__and4_1)
     1    0.00    0.05    0.19    0.82 ^ _087_/X (sky130_fd_sc_hd__and4_1)
                                         _053_ (net)
                  0.05    0.00    0.82 ^ _088_/A (sky130_fd_sc_hd__buf_2)
     7    0.03    0.13    0.17    0.99 ^ _088_/X (sky130_fd_sc_hd__buf_2)
                                         _054_ (net)
                  0.13    0.00    0.99 ^ _108_/A (sky130_fd_sc_hd__and3_1)
     5    0.02    0.18    0.26    1.26 ^ _108_/X (sky130_fd_sc_hd__and3_1)
                                         _031_ (net)
                  0.18    0.00    1.26 ^ _113_/C (sky130_fd_sc_hd__and3_1)
     2    0.01    0.08    0.20    1.46 ^ _113_/X (sky130_fd_sc_hd__and3_1)
                                         _034_ (net)
                  0.08    0.00    1.46 ^ _115_/B (sky130_fd_sc_hd__xor2_1)
     1    0.00    0.09    0.13    1.58 ^ _115_/X (sky130_fd_sc_hd__xor2_1)
                                         _009_ (net)
                  0.09    0.00    1.58 ^ _146_/D (sky130_fd_sc_hd__dfxtp_1)
                                  1.58   data arrival time

                         10.00   10.00   clock clk (rise edge)
                          0.00   10.00   clock source latency
     1    0.01    0.00    0.00   10.00 ^ clk (in)
                                         clk (net)
                  0.00    0.00   10.00 ^ clkbuf_0_clk/A (sky130_fd_sc_hd__clkbuf_16)
     2    0.02    0.04    0.11   10.11 ^ clkbuf_0_clk/X (sky130_fd_sc_hd__clkbuf_16)
                                         clknet_0_clk (net)
                  0.04    0.00   10.11 ^ clkbuf_1_1__f_clk/A (sky130_fd_sc_hd__clkbuf_16)
    11    0.02    0.04    0.12   10.23 ^ clkbuf_1_1__f_clk/X (sky130_fd_sc_hd__clkbuf_16)
                                         clknet_1_1__leaf_clk (net)
                  0.04    0.00   10.23 ^ _146_/CLK (sky130_fd_sc_hd__dfxtp_1)
                         -0.20   10.03   clock uncertainty
                          0.00   10.03   clock reconvergence pessimism
                         -0.07    9.97   library setup time
                                  9.97   data required time
-----------------------------------------------------------------------------
                                  9.97   data required time
                                 -1.58   data arrival time
-----------------------------------------------------------------------------
                                  8.38   slack (MET)


Startpoint: _133_ (rising edge-triggered flip-flop clocked by clk)
Endpoint: _147_ (rising edge-triggered flip-flop clocked by clk)
Path Group: clk
Path Type: max

Fanout     Cap    Slew   Delay    Time   Description
-----------------------------------------------------------------------------
                          0.00    0.00   clock clk (rise edge)
                          0.00    0.00   clock source latency
     1    0.01    0.00    0.00    0.00 ^ clk (in)
                                         clk (net)
                  0.00    0.00    0.00 ^ clkbuf_0_clk/A (sky130_fd_sc_hd__clkbuf_16)
     2    0.02    0.04    0.11    0.11 ^ clkbuf_0_clk/X (sky130_fd_sc_hd__clkbuf_16)
                                         clknet_0_clk (net)
                  0.04    0.00    0.11 ^ clkbuf_1_0__f_clk/A (sky130_fd_sc_hd__clkbuf_16)
    10    0.02    0.04    0.12    0.23 ^ clkbuf_1_0__f_clk/X (sky130_fd_sc_hd__clkbuf_16)
                                         clknet_1_0__leaf_clk (net)
                  0.04    0.00    0.23 ^ _133_/CLK (sky130_fd_sc_hd__dfxtp_1)
     4    0.02    0.17    0.40    0.63 ^ _133_/Q (sky130_fd_sc_hd__dfxtp_1)
                                         div_cntr[1] (net)
                  0.17    0.00    0.63 ^ _087_/B (sky130_fd_sc_hd__and4_1)
     1    0.00    0.05    0.19    0.82 ^ _087_/X (sky130_fd_sc_hd__and4_1)
                                         _053_ (net)
                  0.05    0.00    0.82 ^ _088_/A (sky130_fd_sc_hd__buf_2)
     7    0.03    0.13    0.17    0.99 ^ _088_/X (sky130_fd_sc_hd__buf_2)
                                         _054_ (net)
                  0.13    0.00    0.99 ^ _108_/A (sky130_fd_sc_hd__and3_1)
     5    0.02    0.18    0.26    1.26 ^ _108_/X (sky130_fd_sc_hd__and3_1)
                                         _031_ (net)
                  0.18    0.00    1.26 ^ _116_/D (sky130_fd_sc_hd__and4_1)
     1    0.00    0.05    0.21    1.46 ^ _116_/X (sky130_fd_sc_hd__and4_1)
                                         _035_ (net)
                  0.05    0.00    1.46 ^ _119_/A2 (sky130_fd_sc_hd__o21ba_1)
     1    0.00    0.05    0.12    1.58 ^ _119_/X (sky130_fd_sc_hd__o21ba_1)
                                         _010_ (net)
                  0.05    0.00    1.58 ^ _147_/D (sky130_fd_sc_hd__dfxtp_1)
                                  1.58   data arrival time

                         10.00   10.00   clock clk (rise edge)
                          0.00   10.00   clock source latency
     1    0.01    0.00    0.00   10.00 ^ clk (in)
                                         clk (net)
                  0.00    0.00   10.00 ^ clkbuf_0_clk/A (sky130_fd_sc_hd__clkbuf_16)
     2    0.02    0.04    0.11   10.11 ^ clkbuf_0_clk/X (sky130_fd_sc_hd__clkbuf_16)
                                         clknet_0_clk (net)
                  0.04    0.00   10.11 ^ clkbuf_1_1__f_clk/A (sky130_fd_sc_hd__clkbuf_16)
    11    0.02    0.04    0.12   10.23 ^ clkbuf_1_1__f_clk/X (sky130_fd_sc_hd__clkbuf_16)
                                         clknet_1_1__leaf_clk (net)
                  0.04    0.00   10.23 ^ _147_/CLK (sky130_fd_sc_hd__dfxtp_1)
                         -0.20   10.03   clock uncertainty
                          0.00   10.03   clock reconvergence pessimism
                         -0.06    9.98   library setup time
                                  9.98   data required time
-----------------------------------------------------------------------------
                                  9.98   data required time
                                 -1.58   data arrival time
-----------------------------------------------------------------------------
                                  8.39   slack (MET)


Startpoint: _133_ (rising edge-triggered flip-flop clocked by clk)
Endpoint: _143_ (rising edge-triggered flip-flop clocked by clk)
Path Group: clk
Path Type: max

Fanout     Cap    Slew   Delay    Time   Description
-----------------------------------------------------------------------------
                          0.00    0.00   clock clk (rise edge)
                          0.00    0.00   clock source latency
     1    0.01    0.00    0.00    0.00 ^ clk (in)
                                         clk (net)
                  0.00    0.00    0.00 ^ clkbuf_0_clk/A (sky130_fd_sc_hd__clkbuf_16)
     2    0.02    0.04    0.11    0.11 ^ clkbuf_0_clk/X (sky130_fd_sc_hd__clkbuf_16)
                                         clknet_0_clk (net)
                  0.04    0.00    0.11 ^ clkbuf_1_0__f_clk/A (sky130_fd_sc_hd__clkbuf_16)
    10    0.02    0.04    0.12    0.23 ^ clkbuf_1_0__f_clk/X (sky130_fd_sc_hd__clkbuf_16)
                                         clknet_1_0__leaf_clk (net)
                  0.04    0.00    0.23 ^ _133_/CLK (sky130_fd_sc_hd__dfxtp_1)
     4    0.02    0.09    0.34    0.57 v _133_/Q (sky130_fd_sc_hd__dfxtp_1)
                                         div_cntr[1] (net)
                  0.09    0.00    0.57 v _087_/B (sky130_fd_sc_hd__and4_1)
     1    0.00    0.03    0.18    0.75 v _087_/X (sky130_fd_sc_hd__and4_1)
                                         _053_ (net)
                  0.03    0.00    0.75 v _088_/A (sky130_fd_sc_hd__buf_2)
     7    0.02    0.07    0.16    0.91 v _088_/X (sky130_fd_sc_hd__buf_2)
                                         _054_ (net)
                  0.07    0.00    0.91 v _099_/A (sky130_fd_sc_hd__and2_2)
     5    0.02    0.08    0.22    1.14 v _099_/X (sky130_fd_sc_hd__and2_2)
                                         _061_ (net)
                  0.08    0.00    1.14 v _106_/D (sky130_fd_sc_hd__and4_1)
     1    0.00    0.04    0.20    1.34 v _106_/X (sky130_fd_sc_hd__and4_1)
                                         _029_ (net)
                  0.04    0.00    1.34 v _109_/A2 (sky130_fd_sc_hd__o21ba_1)
     1    0.00    0.03    0.15    1.49 v _109_/X (sky130_fd_sc_hd__o21ba_1)
                                         _006_ (net)
                  0.03    0.00    1.49 v _143_/D (sky130_fd_sc_hd__dfxtp_1)
                                  1.49   data arrival time

                         10.00   10.00   clock clk (rise edge)
                          0.00   10.00   clock source latency
     1    0.01    0.00    0.00   10.00 ^ clk (in)
                                         clk (net)
                  0.00    0.00   10.00 ^ clkbuf_0_clk/A (sky130_fd_sc_hd__clkbuf_16)
     2    0.02    0.04    0.11   10.11 ^ clkbuf_0_clk/X (sky130_fd_sc_hd__clkbuf_16)
                                         clknet_0_clk (net)
                  0.04    0.00   10.11 ^ clkbuf_1_0__f_clk/A (sky130_fd_sc_hd__clkbuf_16)
    10    0.02    0.04    0.12   10.23 ^ clkbuf_1_0__f_clk/X (sky130_fd_sc_hd__clkbuf_16)
                                         clknet_1_0__leaf_clk (net)
                  0.04    0.00   10.23 ^ _143_/CLK (sky130_fd_sc_hd__dfxtp_1)
                         -0.20   10.03   clock uncertainty
                          0.00   10.03   clock reconvergence pessimism
                         -0.10    9.92   library setup time
                                  9.92   data required time
-----------------------------------------------------------------------------
                                  9.92   data required time
                                 -1.49   data arrival time
-----------------------------------------------------------------------------
                                  8.43   slack (MET)


Startpoint: _133_ (rising edge-triggered flip-flop clocked by clk)
Endpoint: _141_ (rising edge-triggered flip-flop clocked by clk)
Path Group: clk
Path Type: max

Fanout     Cap    Slew   Delay    Time   Description
-----------------------------------------------------------------------------
                          0.00    0.00   clock clk (rise edge)
                          0.00    0.00   clock source latency
     1    0.01    0.00    0.00    0.00 ^ clk (in)
                                         clk (net)
                  0.00    0.00    0.00 ^ clkbuf_0_clk/A (sky130_fd_sc_hd__clkbuf_16)
     2    0.02    0.04    0.11    0.11 ^ clkbuf_0_clk/X (sky130_fd_sc_hd__clkbuf_16)
                                         clknet_0_clk (net)
                  0.04    0.00    0.11 ^ clkbuf_1_0__f_clk/A (sky130_fd_sc_hd__clkbuf_16)
    10    0.02    0.04    0.12    0.23 ^ clkbuf_1_0__f_clk/X (sky130_fd_sc_hd__clkbuf_16)
                                         clknet_1_0__leaf_clk (net)
                  0.04    0.00    0.23 ^ _133_/CLK (sky130_fd_sc_hd__dfxtp_1)
     4    0.02    0.17    0.40    0.63 ^ _133_/Q (sky130_fd_sc_hd__dfxtp_1)
                                         div_cntr[1] (net)
                  0.17    0.00    0.63 ^ _087_/B (sky130_fd_sc_hd__and4_1)
     1    0.00    0.05    0.19    0.82 ^ _087_/X (sky130_fd_sc_hd__and4_1)
                                         _053_ (net)
                  0.05    0.00    0.82 ^ _088_/A (sky130_fd_sc_hd__buf_2)
     7    0.03    0.13    0.17    0.99 ^ _088_/X (sky130_fd_sc_hd__buf_2)
                                         _054_ (net)
                  0.13    0.00    0.99 ^ _099_/A (sky130_fd_sc_hd__and2_2)
     5    0.02    0.13    0.23    1.22 ^ _099_/X (sky130_fd_sc_hd__and2_2)
                                         _061_ (net)
                  0.13    0.00    1.22 ^ _103_/C (sky130_fd_sc_hd__and3_1)
     2    0.01    0.09    0.20    1.42 ^ _103_/X (sky130_fd_sc_hd__and3_1)
                                         _028_ (net)
                  0.09    0.00    1.42 ^ _104_/B (sky130_fd_sc_hd__nor2_1)
     1    0.00    0.04    0.05    1.47 v _104_/Y (sky130_fd_sc_hd__nor2_1)
                                         _023_ (net)
                  0.04    0.00    1.47 v _141_/D (sky130_fd_sc_hd__dfxtp_1)
                                  1.47   data arrival time

                         10.00   10.00   clock clk (rise edge)
                          0.00   10.00   clock source latency
     1    0.01    0.00    0.00   10.00 ^ clk (in)
                                         clk (net)
                  0.00    0.00   10.00 ^ clkbuf_0_clk/A (sky130_fd_sc_hd__clkbuf_16)
     2    0.02    0.04    0.11   10.11 ^ clkbuf_0_clk/X (sky130_fd_sc_hd__clkbuf_16)
                                         clknet_0_clk (net)
                  0.04    0.00   10.11 ^ clkbuf_1_1__f_clk/A (sky130_fd_sc_hd__clkbuf_16)
    11    0.02    0.04    0.12   10.23 ^ clkbuf_1_1__f_clk/X (sky130_fd_sc_hd__clkbuf_16)
                                         clknet_1_1__leaf_clk (net)
                  0.04    0.00   10.23 ^ _141_/CLK (sky130_fd_sc_hd__dfxtp_1)
                         -0.20   10.03   clock uncertainty
                          0.00   10.03   clock reconvergence pessimism
                         -0.11    9.92   library setup time
                                  9.92   data required time
-----------------------------------------------------------------------------
                                  9.92   data required time
                                 -1.47   data arrival time
-----------------------------------------------------------------------------
                                  8.45   slack (MET)


Startpoint: _133_ (rising edge-triggered flip-flop clocked by clk)
Endpoint: _144_ (rising edge-triggered flip-flop clocked by clk)
Path Group: clk
Path Type: max

Fanout     Cap    Slew   Delay    Time   Description
-----------------------------------------------------------------------------
                          0.00    0.00   clock clk (rise edge)
                          0.00    0.00   clock source latency
     1    0.01    0.00    0.00    0.00 ^ clk (in)
                                         clk (net)
                  0.00    0.00    0.00 ^ clkbuf_0_clk/A (sky130_fd_sc_hd__clkbuf_16)
     2    0.02    0.04    0.11    0.11 ^ clkbuf_0_clk/X (sky130_fd_sc_hd__clkbuf_16)
                                         clknet_0_clk (net)
                  0.04    0.00    0.11 ^ clkbuf_1_0__f_clk/A (sky130_fd_sc_hd__clkbuf_16)
    10    0.02    0.04    0.12    0.23 ^ clkbuf_1_0__f_clk/X (sky130_fd_sc_hd__clkbuf_16)
                                         clknet_1_0__leaf_clk (net)
                  0.04    0.00    0.23 ^ _133_/CLK (sky130_fd_sc_hd__dfxtp_1)
     4    0.02    0.17    0.40    0.63 ^ _133_/Q (sky130_fd_sc_hd__dfxtp_1)
                                         div_cntr[1] (net)
                  0.17    0.00    0.63 ^ _087_/B (sky130_fd_sc_hd__and4_1)
     1    0.00    0.05    0.19    0.82 ^ _087_/X (sky130_fd_sc_hd__and4_1)
                                         _053_ (net)
                  0.05    0.00    0.82 ^ _088_/A (sky130_fd_sc_hd__buf_2)
     7    0.03    0.13    0.17    0.99 ^ _088_/X (sky130_fd_sc_hd__buf_2)
                                         _054_ (net)
                  0.13    0.00    0.99 ^ _108_/A (sky130_fd_sc_hd__and3_1)
     5    0.02    0.18    0.26    1.26 ^ _108_/X (sky130_fd_sc_hd__and3_1)
                                         _031_ (net)
                  0.18    0.00    1.26 ^ _110_/B (sky130_fd_sc_hd__and2_1)
     2    0.01    0.07    0.17    1.42 ^ _110_/X (sky130_fd_sc_hd__and2_1)
                                         _032_ (net)
                  0.07    0.00    1.42 ^ _112_/A (sky130_fd_sc_hd__nor2_1)
     1    0.00    0.03    0.05    1.47 v _112_/Y (sky130_fd_sc_hd__nor2_1)
                                         _007_ (net)
                  0.03    0.00    1.47 v _144_/D (sky130_fd_sc_hd__dfxtp_1)
                                  1.47   data arrival time

                         10.00   10.00   clock clk (rise edge)
                          0.00   10.00   clock source latency
     1    0.01    0.00    0.00   10.00 ^ clk (in)
                                         clk (net)
                  0.00    0.00   10.00 ^ clkbuf_0_clk/A (sky130_fd_sc_hd__clkbuf_16)
     2    0.02    0.04    0.11   10.11 ^ clkbuf_0_clk/X (sky130_fd_sc_hd__clkbuf_16)
                                         clknet_0_clk (net)
                  0.04    0.00   10.11 ^ clkbuf_1_1__f_clk/A (sky130_fd_sc_hd__clkbuf_16)
    11    0.02    0.04    0.12   10.23 ^ clkbuf_1_1__f_clk/X (sky130_fd_sc_hd__clkbuf_16)
                                         clknet_1_1__leaf_clk (net)
                  0.04    0.00   10.23 ^ _144_/CLK (sky130_fd_sc_hd__dfxtp_1)
                         -0.20   10.03   clock uncertainty
                          0.00   10.03   clock reconvergence pessimism
                         -0.10    9.93   library setup time
                                  9.93   data required time
-----------------------------------------------------------------------------
                                  9.93   data required time
                                 -1.47   data arrival time
-----------------------------------------------------------------------------
                                  8.45   slack (MET)


Startpoint: _133_ (rising edge-triggered flip-flop clocked by clk)
Endpoint: _139_ (rising edge-triggered flip-flop clocked by clk)
Path Group: clk
Path Type: max

Fanout     Cap    Slew   Delay    Time   Description
-----------------------------------------------------------------------------
                          0.00    0.00   clock clk (rise edge)
                          0.00    0.00   clock source latency
     1    0.01    0.00    0.00    0.00 ^ clk (in)
                                         clk (net)
                  0.00    0.00    0.00 ^ clkbuf_0_clk/A (sky130_fd_sc_hd__clkbuf_16)
     2    0.02    0.04    0.11    0.11 ^ clkbuf_0_clk/X (sky130_fd_sc_hd__clkbuf_16)
                                         clknet_0_clk (net)
                  0.04    0.00    0.11 ^ clkbuf_1_0__f_clk/A (sky130_fd_sc_hd__clkbuf_16)
    10    0.02    0.04    0.12    0.23 ^ clkbuf_1_0__f_clk/X (sky130_fd_sc_hd__clkbuf_16)
                                         clknet_1_0__leaf_clk (net)
                  0.04    0.00    0.23 ^ _133_/CLK (sky130_fd_sc_hd__dfxtp_1)
     4    0.02    0.09    0.34    0.57 v _133_/Q (sky130_fd_sc_hd__dfxtp_1)
                                         div_cntr[1] (net)
                  0.09    0.00    0.57 v _087_/B (sky130_fd_sc_hd__and4_1)
     1    0.00    0.03    0.18    0.75 v _087_/X (sky130_fd_sc_hd__and4_1)
                                         _053_ (net)
                  0.03    0.00    0.75 v _088_/A (sky130_fd_sc_hd__buf_2)
     7    0.02    0.07    0.16    0.91 v _088_/X (sky130_fd_sc_hd__buf_2)
                                         _054_ (net)
                  0.07    0.00    0.91 v _093_/C (sky130_fd_sc_hd__and3_1)
     3    0.01    0.06    0.22    1.13 v _093_/X (sky130_fd_sc_hd__and3_1)
                                         _057_ (net)
                  0.06    0.00    1.13 v _097_/B (sky130_fd_sc_hd__and2_1)
     1    0.00    0.03    0.15    1.28 v _097_/X (sky130_fd_sc_hd__and2_1)
                                         _059_ (net)
                  0.03    0.00    1.28 v _100_/A2 (sky130_fd_sc_hd__o21ba_1)
     1    0.01    0.05    0.17    1.46 v _100_/X (sky130_fd_sc_hd__o21ba_1)
                                         _021_ (net)
                  0.05    0.00    1.46 v _139_/D (sky130_fd_sc_hd__dfxtp_1)
                                  1.46   data arrival time

                         10.00   10.00   clock clk (rise edge)
                          0.00   10.00   clock source latency
     1    0.01    0.00    0.00   10.00 ^ clk (in)
                                         clk (net)
                  0.00    0.00   10.00 ^ clkbuf_0_clk/A (sky130_fd_sc_hd__clkbuf_16)
     2    0.02    0.04    0.11   10.11 ^ clkbuf_0_clk/X (sky130_fd_sc_hd__clkbuf_16)
                                         clknet_0_clk (net)
                  0.04    0.00   10.11 ^ clkbuf_1_0__f_clk/A (sky130_fd_sc_hd__clkbuf_16)
    10    0.02    0.04    0.12   10.23 ^ clkbuf_1_0__f_clk/X (sky130_fd_sc_hd__clkbuf_16)
                                         clknet_1_0__leaf_clk (net)
                  0.04    0.00   10.23 ^ _139_/CLK (sky130_fd_sc_hd__dfxtp_1)
                         -0.20   10.03   clock uncertainty
                          0.00   10.03   clock reconvergence pessimism
                         -0.11    9.92   library setup time
                                  9.92   data required time
-----------------------------------------------------------------------------
                                  9.92   data required time
                                 -1.46   data arrival time
-----------------------------------------------------------------------------
                                  8.46   slack (MET)


Startpoint: _133_ (rising edge-triggered flip-flop clocked by clk)
Endpoint: _148_ (rising edge-triggered flip-flop clocked by clk)
Path Group: clk
Path Type: max

Fanout     Cap    Slew   Delay    Time   Description
-----------------------------------------------------------------------------
                          0.00    0.00   clock clk (rise edge)
                          0.00    0.00   clock source latency
     1    0.01    0.00    0.00    0.00 ^ clk (in)
                                         clk (net)
                  0.00    0.00    0.00 ^ clkbuf_0_clk/A (sky130_fd_sc_hd__clkbuf_16)
     2    0.02    0.04    0.11    0.11 ^ clkbuf_0_clk/X (sky130_fd_sc_hd__clkbuf_16)
                                         clknet_0_clk (net)
                  0.04    0.00    0.11 ^ clkbuf_1_0__f_clk/A (sky130_fd_sc_hd__clkbuf_16)
    10    0.02    0.04    0.12    0.23 ^ clkbuf_1_0__f_clk/X (sky130_fd_sc_hd__clkbuf_16)
                                         clknet_1_0__leaf_clk (net)
                  0.04    0.00    0.23 ^ _133_/CLK (sky130_fd_sc_hd__dfxtp_1)
     4    0.02    0.17    0.40    0.63 ^ _133_/Q (sky130_fd_sc_hd__dfxtp_1)
                                         div_cntr[1] (net)
                  0.17    0.00    0.63 ^ _087_/B (sky130_fd_sc_hd__and4_1)
     1    0.00    0.05    0.19    0.82 ^ _087_/X (sky130_fd_sc_hd__and4_1)
                                         _053_ (net)
                  0.05    0.00    0.82 ^ _088_/A (sky130_fd_sc_hd__buf_2)
     7    0.03    0.13    0.17    0.99 ^ _088_/X (sky130_fd_sc_hd__buf_2)
                                         _054_ (net)
                  0.13    0.00    0.99 ^ _118_/A (sky130_fd_sc_hd__and4_2)
     5    0.02    0.15    0.32    1.31 ^ _118_/X (sky130_fd_sc_hd__and4_2)
                                         _037_ (net)
                  0.15    0.00    1.31 ^ _120_/B (sky130_fd_sc_hd__xor2_1)
     1    0.00    0.09    0.14    1.45 ^ _120_/X (sky130_fd_sc_hd__xor2_1)
                                         _011_ (net)
                  0.09    0.00    1.45 ^ _148_/D (sky130_fd_sc_hd__dfxtp_1)
                                  1.45   data arrival time

                         10.00   10.00   clock clk (rise edge)
                          0.00   10.00   clock source latency
     1    0.01    0.00    0.00   10.00 ^ clk (in)
                                         clk (net)
                  0.00    0.00   10.00 ^ clkbuf_0_clk/A (sky130_fd_sc_hd__clkbuf_16)
     2    0.02    0.04    0.11   10.11 ^ clkbuf_0_clk/X (sky130_fd_sc_hd__clkbuf_16)
                                         clknet_0_clk (net)
                  0.04    0.00   10.11 ^ clkbuf_1_0__f_clk/A (sky130_fd_sc_hd__clkbuf_16)
    10    0.02    0.04    0.12   10.23 ^ clkbuf_1_0__f_clk/X (sky130_fd_sc_hd__clkbuf_16)
                                         clknet_1_0__leaf_clk (net)
                  0.04    0.00   10.23 ^ _148_/CLK (sky130_fd_sc_hd__dfxtp_1)
                         -0.20   10.03   clock uncertainty
                          0.00   10.03   clock reconvergence pessimism
                         -0.07    9.96   library setup time
                                  9.96   data required time
-----------------------------------------------------------------------------
                                  9.96   data required time
                                 -1.45   data arrival time
-----------------------------------------------------------------------------
                                  8.52   slack (MET)


Startpoint: _133_ (rising edge-triggered flip-flop clocked by clk)
Endpoint: _140_ (rising edge-triggered flip-flop clocked by clk)
Path Group: clk
Path Type: max

Fanout     Cap    Slew   Delay    Time   Description
-----------------------------------------------------------------------------
                          0.00    0.00   clock clk (rise edge)
                          0.00    0.00   clock source latency
     1    0.01    0.00    0.00    0.00 ^ clk (in)
                                         clk (net)
                  0.00    0.00    0.00 ^ clkbuf_0_clk/A (sky130_fd_sc_hd__clkbuf_16)
     2    0.02    0.04    0.11    0.11 ^ clkbuf_0_clk/X (sky130_fd_sc_hd__clkbuf_16)
                                         clknet_0_clk (net)
                  0.04    0.00    0.11 ^ clkbuf_1_0__f_clk/A (sky130_fd_sc_hd__clkbuf_16)
    10    0.02    0.04    0.12    0.23 ^ clkbuf_1_0__f_clk/X (sky130_fd_sc_hd__clkbuf_16)
                                         clknet_1_0__leaf_clk (net)
                  0.04    0.00    0.23 ^ _133_/CLK (sky130_fd_sc_hd__dfxtp_1)
     4    0.02    0.17    0.40    0.63 ^ _133_/Q (sky130_fd_sc_hd__dfxtp_1)
                                         div_cntr[1] (net)
                  0.17    0.00    0.63 ^ _087_/B (sky130_fd_sc_hd__and4_1)
     1    0.00    0.05    0.19    0.82 ^ _087_/X (sky130_fd_sc_hd__and4_1)
                                         _053_ (net)
                  0.05    0.00    0.82 ^ _088_/A (sky130_fd_sc_hd__buf_2)
     7    0.03    0.13    0.17    0.99 ^ _088_/X (sky130_fd_sc_hd__buf_2)
                                         _054_ (net)
                  0.13    0.00    0.99 ^ _099_/A (sky130_fd_sc_hd__and2_2)
     5    0.02    0.13    0.23    1.22 ^ _099_/X (sky130_fd_sc_hd__and2_2)
                                         _061_ (net)
                  0.13    0.00    1.22 ^ _101_/B (sky130_fd_sc_hd__xor2_1)
     1    0.00    0.15    0.18    1.40 ^ _101_/X (sky130_fd_sc_hd__xor2_1)
                                         _022_ (net)
                  0.15    0.00    1.40 ^ _140_/D (sky130_fd_sc_hd__dfxtp_1)
                                  1.40   data arrival time

                         10.00   10.00   clock clk (rise edge)
                          0.00   10.00   clock source latency
     1    0.01    0.00    0.00   10.00 ^ clk (in)
                                         clk (net)
                  0.00    0.00   10.00 ^ clkbuf_0_clk/A (sky130_fd_sc_hd__clkbuf_16)
     2    0.02    0.04    0.11   10.11 ^ clkbuf_0_clk/X (sky130_fd_sc_hd__clkbuf_16)
                                         clknet_0_clk (net)
                  0.04    0.00   10.11 ^ clkbuf_1_0__f_clk/A (sky130_fd_sc_hd__clkbuf_16)
    10    0.02    0.04    0.12   10.23 ^ clkbuf_1_0__f_clk/X (sky130_fd_sc_hd__clkbuf_16)
                                         clknet_1_0__leaf_clk (net)
                  0.04    0.00   10.23 ^ _140_/CLK (sky130_fd_sc_hd__dfxtp_1)
                         -0.20   10.03   clock uncertainty
                          0.00   10.03   clock reconvergence pessimism
                         -0.08    9.95   library setup time
                                  9.95   data required time
-----------------------------------------------------------------------------
                                  9.95   data required time
                                 -1.40   data arrival time
-----------------------------------------------------------------------------
                                  8.55   slack (MET)


Startpoint: _133_ (rising edge-triggered flip-flop clocked by clk)
Endpoint: _138_ (rising edge-triggered flip-flop clocked by clk)
Path Group: clk
Path Type: max

Fanout     Cap    Slew   Delay    Time   Description
-----------------------------------------------------------------------------
                          0.00    0.00   clock clk (rise edge)
                          0.00    0.00   clock source latency
     1    0.01    0.00    0.00    0.00 ^ clk (in)
                                         clk (net)
                  0.00    0.00    0.00 ^ clkbuf_0_clk/A (sky130_fd_sc_hd__clkbuf_16)
     2    0.02    0.04    0.11    0.11 ^ clkbuf_0_clk/X (sky130_fd_sc_hd__clkbuf_16)
                                         clknet_0_clk (net)
                  0.04    0.00    0.11 ^ clkbuf_1_0__f_clk/A (sky130_fd_sc_hd__clkbuf_16)
    10    0.02    0.04    0.12    0.23 ^ clkbuf_1_0__f_clk/X (sky130_fd_sc_hd__clkbuf_16)
                                         clknet_1_0__leaf_clk (net)
                  0.04    0.00    0.23 ^ _133_/CLK (sky130_fd_sc_hd__dfxtp_1)
     4    0.02    0.17    0.40    0.63 ^ _133_/Q (sky130_fd_sc_hd__dfxtp_1)
                                         div_cntr[1] (net)
                  0.17    0.00    0.63 ^ _087_/B (sky130_fd_sc_hd__and4_1)
     1    0.00    0.05    0.19    0.82 ^ _087_/X (sky130_fd_sc_hd__and4_1)
                                         _053_ (net)
                  0.05    0.00    0.82 ^ _088_/A (sky130_fd_sc_hd__buf_2)
     7    0.03    0.13    0.17    0.99 ^ _088_/X (sky130_fd_sc_hd__buf_2)
                                         _054_ (net)
                  0.13    0.00    0.99 ^ _093_/C (sky130_fd_sc_hd__and3_1)
     3    0.01    0.11    0.21    1.21 ^ _093_/X (sky130_fd_sc_hd__and3_1)
                                         _057_ (net)
                  0.11    0.00    1.21 ^ _096_/B (sky130_fd_sc_hd__xor2_1)
     1    0.00    0.11    0.14    1.35 ^ _096_/X (sky130_fd_sc_hd__xor2_1)
                                         _020_ (net)
                  0.11    0.00    1.35 ^ _138_/D (sky130_fd_sc_hd__dfxtp_1)
                                  1.35   data arrival time

                         10.00   10.00   clock clk (rise edge)
                          0.00   10.00   clock source latency
     1    0.01    0.00    0.00   10.00 ^ clk (in)
                                         clk (net)
                  0.00    0.00   10.00 ^ clkbuf_0_clk/A (sky130_fd_sc_hd__clkbuf_16)
     2    0.02    0.04    0.11   10.11 ^ clkbuf_0_clk/X (sky130_fd_sc_hd__clkbuf_16)
                                         clknet_0_clk (net)
                  0.04    0.00   10.11 ^ clkbuf_1_1__f_clk/A (sky130_fd_sc_hd__clkbuf_16)
    11    0.02    0.04    0.12   10.23 ^ clkbuf_1_1__f_clk/X (sky130_fd_sc_hd__clkbuf_16)
                                         clknet_1_1__leaf_clk (net)
                  0.04    0.00   10.23 ^ _138_/CLK (sky130_fd_sc_hd__dfxtp_1)
                         -0.20   10.03   clock uncertainty
                          0.00   10.03   clock reconvergence pessimism
                         -0.07    9.96   library setup time
                                  9.96   data required time
-----------------------------------------------------------------------------
                                  9.96   data required time
                                 -1.35   data arrival time
-----------------------------------------------------------------------------
                                  8.61   slack (MET)


Startpoint: _133_ (rising edge-triggered flip-flop clocked by clk)
Endpoint: _137_ (rising edge-triggered flip-flop clocked by clk)
Path Group: clk
Path Type: max

Fanout     Cap    Slew   Delay    Time   Description
-----------------------------------------------------------------------------
                          0.00    0.00   clock clk (rise edge)
                          0.00    0.00   clock source latency
     1    0.01    0.00    0.00    0.00 ^ clk (in)
                                         clk (net)
                  0.00    0.00    0.00 ^ clkbuf_0_clk/A (sky130_fd_sc_hd__clkbuf_16)
     2    0.02    0.04    0.11    0.11 ^ clkbuf_0_clk/X (sky130_fd_sc_hd__clkbuf_16)
                                         clknet_0_clk (net)
                  0.04    0.00    0.11 ^ clkbuf_1_0__f_clk/A (sky130_fd_sc_hd__clkbuf_16)
    10    0.02    0.04    0.12    0.23 ^ clkbuf_1_0__f_clk/X (sky130_fd_sc_hd__clkbuf_16)
                                         clknet_1_0__leaf_clk (net)
                  0.04    0.00    0.23 ^ _133_/CLK (sky130_fd_sc_hd__dfxtp_1)
     4    0.02    0.17    0.40    0.63 ^ _133_/Q (sky130_fd_sc_hd__dfxtp_1)
                                         div_cntr[1] (net)
                  0.17    0.00    0.63 ^ _087_/B (sky130_fd_sc_hd__and4_1)
     1    0.00    0.05    0.19    0.82 ^ _087_/X (sky130_fd_sc_hd__and4_1)
                                         _053_ (net)
                  0.05    0.00    0.82 ^ _088_/A (sky130_fd_sc_hd__buf_2)
     7    0.03    0.13    0.17    0.99 ^ _088_/X (sky130_fd_sc_hd__buf_2)
                                         _054_ (net)
                  0.13    0.00    0.99 ^ _093_/C (sky130_fd_sc_hd__and3_1)
     3    0.01    0.11    0.21    1.21 ^ _093_/X (sky130_fd_sc_hd__and3_1)
                                         _057_ (net)
                  0.11    0.00    1.21 ^ _095_/A (sky130_fd_sc_hd__nor2_1)
     1    0.01    0.05    0.07    1.28 v _095_/Y (sky130_fd_sc_hd__nor2_1)
                                         _019_ (net)
                  0.05    0.00    1.28 v _137_/D (sky130_fd_sc_hd__dfxtp_1)
                                  1.28   data arrival time

                         10.00   10.00   clock clk (rise edge)
                          0.00   10.00   clock source latency
     1    0.01    0.00    0.00   10.00 ^ clk (in)
                                         clk (net)
                  0.00    0.00   10.00 ^ clkbuf_0_clk/A (sky130_fd_sc_hd__clkbuf_16)
     2    0.02    0.04    0.11   10.11 ^ clkbuf_0_clk/X (sky130_fd_sc_hd__clkbuf_16)
                                         clknet_0_clk (net)
                  0.04    0.00   10.11 ^ clkbuf_1_1__f_clk/A (sky130_fd_sc_hd__clkbuf_16)
    11    0.02    0.04    0.12   10.23 ^ clkbuf_1_1__f_clk/X (sky130_fd_sc_hd__clkbuf_16)
                                         clknet_1_1__leaf_clk (net)
                  0.04    0.00   10.23 ^ _137_/CLK (sky130_fd_sc_hd__dfxtp_1)
                         -0.20   10.03   clock uncertainty
                          0.00   10.03   clock reconvergence pessimism
                         -0.11    9.92   library setup time
                                  9.92   data required time
-----------------------------------------------------------------------------
                                  9.92   data required time
                                 -1.28   data arrival time
-----------------------------------------------------------------------------
                                  8.64   slack (MET)


Startpoint: _133_ (rising edge-triggered flip-flop clocked by clk)
Endpoint: _135_ (rising edge-triggered flip-flop clocked by clk)
Path Group: clk
Path Type: max

Fanout     Cap    Slew   Delay    Time   Description
-----------------------------------------------------------------------------
                          0.00    0.00   clock clk (rise edge)
                          0.00    0.00   clock source latency
     1    0.01    0.00    0.00    0.00 ^ clk (in)
                                         clk (net)
                  0.00    0.00    0.00 ^ clkbuf_0_clk/A (sky130_fd_sc_hd__clkbuf_16)
     2    0.02    0.04    0.11    0.11 ^ clkbuf_0_clk/X (sky130_fd_sc_hd__clkbuf_16)
                                         clknet_0_clk (net)
                  0.04    0.00    0.11 ^ clkbuf_1_0__f_clk/A (sky130_fd_sc_hd__clkbuf_16)
    10    0.02    0.04    0.12    0.23 ^ clkbuf_1_0__f_clk/X (sky130_fd_sc_hd__clkbuf_16)
                                         clknet_1_0__leaf_clk (net)
                  0.04    0.00    0.23 ^ _133_/CLK (sky130_fd_sc_hd__dfxtp_1)
     4    0.02    0.17    0.40    0.63 ^ _133_/Q (sky130_fd_sc_hd__dfxtp_1)
                                         div_cntr[1] (net)
                  0.17    0.00    0.63 ^ _087_/B (sky130_fd_sc_hd__and4_1)
     1    0.00    0.05    0.19    0.82 ^ _087_/X (sky130_fd_sc_hd__and4_1)
                                         _053_ (net)
                  0.05    0.00    0.82 ^ _088_/A (sky130_fd_sc_hd__buf_2)
     7    0.03    0.13    0.17    0.99 ^ _088_/X (sky130_fd_sc_hd__buf_2)
                                         _054_ (net)
                  0.13    0.00    0.99 ^ _090_/A_N (sky130_fd_sc_hd__and2b_1)
     1    0.00    0.03    0.19    1.18 v _090_/X (sky130_fd_sc_hd__and2b_1)
                                         _056_ (net)
                  0.03    0.00    1.18 v _091_/A (sky130_fd_sc_hd__buf_1)
     1    0.00    0.02    0.08    1.25 v _091_/X (sky130_fd_sc_hd__buf_1)
                                         _017_ (net)
                  0.02    0.00    1.25 v _135_/D (sky130_fd_sc_hd__dfxtp_1)
                                  1.25   data arrival time

                         10.00   10.00   clock clk (rise edge)
                          0.00   10.00   clock source latency
     1    0.01    0.00    0.00   10.00 ^ clk (in)
                                         clk (net)
                  0.00    0.00   10.00 ^ clkbuf_0_clk/A (sky130_fd_sc_hd__clkbuf_16)
     2    0.02    0.04    0.11   10.11 ^ clkbuf_0_clk/X (sky130_fd_sc_hd__clkbuf_16)
                                         clknet_0_clk (net)
                  0.04    0.00   10.11 ^ clkbuf_1_0__f_clk/A (sky130_fd_sc_hd__clkbuf_16)
    10    0.02    0.04    0.12   10.23 ^ clkbuf_1_0__f_clk/X (sky130_fd_sc_hd__clkbuf_16)
                                         clknet_1_0__leaf_clk (net)
                  0.04    0.00   10.23 ^ _135_/CLK (sky130_fd_sc_hd__dfxtp_1)
                         -0.20   10.03   clock uncertainty
                          0.00   10.03   clock reconvergence pessimism
                         -0.10    9.93   library setup time
                                  9.93   data required time
-----------------------------------------------------------------------------
                                  9.93   data required time
                                 -1.25   data arrival time
-----------------------------------------------------------------------------
                                  8.68   slack (MET)


Startpoint: _132_ (rising edge-triggered flip-flop clocked by clk)
Endpoint: _132_ (rising edge-triggered flip-flop clocked by clk)
Path Group: clk
Path Type: max

Fanout     Cap    Slew   Delay    Time   Description
-----------------------------------------------------------------------------
                          0.00    0.00   clock clk (rise edge)
                          0.00    0.00   clock source latency
     1    0.01    0.00    0.00    0.00 ^ clk (in)
                                         clk (net)
                  0.00    0.00    0.00 ^ clkbuf_0_clk/A (sky130_fd_sc_hd__clkbuf_16)
     2    0.02    0.04    0.11    0.11 ^ clkbuf_0_clk/X (sky130_fd_sc_hd__clkbuf_16)
                                         clknet_0_clk (net)
                  0.04    0.00    0.11 ^ clkbuf_1_0__f_clk/A (sky130_fd_sc_hd__clkbuf_16)
    10    0.02    0.04    0.12    0.23 ^ clkbuf_1_0__f_clk/X (sky130_fd_sc_hd__clkbuf_16)
                                         clknet_1_0__leaf_clk (net)
                  0.04    0.00    0.23 ^ _132_/CLK (sky130_fd_sc_hd__dfxtp_2)
     5    0.02    0.12    0.38    0.61 ^ _132_/Q (sky130_fd_sc_hd__dfxtp_2)
                                         div_cntr[0] (net)
                  0.12    0.00    0.61 ^ hold1/A (sky130_fd_sc_hd__dlygate4sd3_1)
     1    0.01    0.07    0.58    1.18 ^ hold1/X (sky130_fd_sc_hd__dlygate4sd3_1)
                                         net17 (net)
                  0.07    0.00    1.18 ^ _081_/A (sky130_fd_sc_hd__inv_2)
     1    0.00    0.02    0.03    1.22 v _081_/Y (sky130_fd_sc_hd__inv_2)
                                         _004_ (net)
                  0.02    0.00    1.22 v _132_/D (sky130_fd_sc_hd__dfxtp_2)
                                  1.22   data arrival time

                         10.00   10.00   clock clk (rise edge)
                          0.00   10.00   clock source latency
     1    0.01    0.00    0.00   10.00 ^ clk (in)
                                         clk (net)
                  0.00    0.00   10.00 ^ clkbuf_0_clk/A (sky130_fd_sc_hd__clkbuf_16)
     2    0.02    0.04    0.11   10.11 ^ clkbuf_0_clk/X (sky130_fd_sc_hd__clkbuf_16)
                                         clknet_0_clk (net)
                  0.04    0.00   10.11 ^ clkbuf_1_0__f_clk/A (sky130_fd_sc_hd__clkbuf_16)
    10    0.02    0.04    0.12   10.23 ^ clkbuf_1_0__f_clk/X (sky130_fd_sc_hd__clkbuf_16)
                                         clknet_1_0__leaf_clk (net)
                  0.04    0.00   10.23 ^ _132_/CLK (sky130_fd_sc_hd__dfxtp_2)
                         -0.20   10.03   clock uncertainty
                          0.00   10.03   clock reconvergence pessimism
                         -0.10    9.93   library setup time
                                  9.93   data required time
-----------------------------------------------------------------------------
                                  9.93   data required time
                                 -1.22   data arrival time
-----------------------------------------------------------------------------
                                  8.71   slack (MET)


Startpoint: _133_ (rising edge-triggered flip-flop clocked by clk)
Endpoint: _136_ (rising edge-triggered flip-flop clocked by clk)
Path Group: clk
Path Type: max

Fanout     Cap    Slew   Delay    Time   Description
-----------------------------------------------------------------------------
                          0.00    0.00   clock clk (rise edge)
                          0.00    0.00   clock source latency
     1    0.01    0.00    0.00    0.00 ^ clk (in)
                                         clk (net)
                  0.00    0.00    0.00 ^ clkbuf_0_clk/A (sky130_fd_sc_hd__clkbuf_16)
     2    0.02    0.04    0.11    0.11 ^ clkbuf_0_clk/X (sky130_fd_sc_hd__clkbuf_16)
                                         clknet_0_clk (net)
                  0.04    0.00    0.11 ^ clkbuf_1_0__f_clk/A (sky130_fd_sc_hd__clkbuf_16)
    10    0.02    0.04    0.12    0.23 ^ clkbuf_1_0__f_clk/X (sky130_fd_sc_hd__clkbuf_16)
                                         clknet_1_0__leaf_clk (net)
                  0.04    0.00    0.23 ^ _133_/CLK (sky130_fd_sc_hd__dfxtp_1)
     4    0.02    0.17    0.40    0.63 ^ _133_/Q (sky130_fd_sc_hd__dfxtp_1)
                                         div_cntr[1] (net)
                  0.17    0.00    0.63 ^ _087_/B (sky130_fd_sc_hd__and4_1)
     1    0.00    0.05    0.19    0.82 ^ _087_/X (sky130_fd_sc_hd__and4_1)
                                         _053_ (net)
                  0.05    0.00    0.82 ^ _088_/A (sky130_fd_sc_hd__buf_2)
     7    0.03    0.13    0.17    0.99 ^ _088_/X (sky130_fd_sc_hd__buf_2)
                                         _054_ (net)
                  0.13    0.00    0.99 ^ _092_/B (sky130_fd_sc_hd__xor2_1)
     1    0.00    0.13    0.17    1.16 ^ _092_/X (sky130_fd_sc_hd__xor2_1)
                                         _018_ (net)
                  0.13    0.00    1.16 ^ _136_/D (sky130_fd_sc_hd__dfxtp_1)
                                  1.16   data arrival time

                         10.00   10.00   clock clk (rise edge)
                          0.00   10.00   clock source latency
     1    0.01    0.00    0.00   10.00 ^ clk (in)
                                         clk (net)
                  0.00    0.00   10.00 ^ clkbuf_0_clk/A (sky130_fd_sc_hd__clkbuf_16)
     2    0.02    0.04    0.11   10.11 ^ clkbuf_0_clk/X (sky130_fd_sc_hd__clkbuf_16)
                                         clknet_0_clk (net)
                  0.04    0.00   10.11 ^ clkbuf_1_1__f_clk/A (sky130_fd_sc_hd__clkbuf_16)
    11    0.02    0.04    0.12   10.23 ^ clkbuf_1_1__f_clk/X (sky130_fd_sc_hd__clkbuf_16)
                                         clknet_1_1__leaf_clk (net)
                  0.04    0.00   10.23 ^ _136_/CLK (sky130_fd_sc_hd__dfxtp_1)
                         -0.20   10.03   clock uncertainty
                          0.00   10.03   clock reconvergence pessimism
                         -0.07    9.96   library setup time
                                  9.96   data required time
-----------------------------------------------------------------------------
                                  9.96   data required time
                                 -1.16   data arrival time
-----------------------------------------------------------------------------
                                  8.80   slack (MET)


Startpoint: _132_ (rising edge-triggered flip-flop clocked by clk)
Endpoint: _133_ (rising edge-triggered flip-flop clocked by clk)
Path Group: clk
Path Type: max

Fanout     Cap    Slew   Delay    Time   Description
-----------------------------------------------------------------------------
                          0.00    0.00   clock clk (rise edge)
                          0.00    0.00   clock source latency
     1    0.01    0.00    0.00    0.00 ^ clk (in)
                                         clk (net)
                  0.00    0.00    0.00 ^ clkbuf_0_clk/A (sky130_fd_sc_hd__clkbuf_16)
     2    0.02    0.04    0.11    0.11 ^ clkbuf_0_clk/X (sky130_fd_sc_hd__clkbuf_16)
                                         clknet_0_clk (net)
                  0.04    0.00    0.11 ^ clkbuf_1_0__f_clk/A (sky130_fd_sc_hd__clkbuf_16)
    10    0.02    0.04    0.12    0.23 ^ clkbuf_1_0__f_clk/X (sky130_fd_sc_hd__clkbuf_16)
                                         clknet_1_0__leaf_clk (net)
                  0.04    0.00    0.23 ^ _132_/CLK (sky130_fd_sc_hd__dfxtp_2)
     5    0.02    0.06    0.35    0.57 v _132_/Q (sky130_fd_sc_hd__dfxtp_2)
                                         div_cntr[0] (net)
                  0.06    0.00    0.58 v _083_/A (sky130_fd_sc_hd__or2_1)
     1    0.01    0.07    0.26    0.83 v _083_/X (sky130_fd_sc_hd__or2_1)
                                         _051_ (net)
                  0.07    0.00    0.83 v _084_/B (sky130_fd_sc_hd__and2_1)
     1    0.00    0.04    0.17    1.01 v _084_/X (sky130_fd_sc_hd__and2_1)
                                         _052_ (net)
                  0.04    0.00    1.01 v _085_/A (sky130_fd_sc_hd__clkbuf_1)
     1    0.00    0.04    0.10    1.10 v _085_/X (sky130_fd_sc_hd__clkbuf_1)
                                         _015_ (net)
                  0.04    0.00    1.10 v _133_/D (sky130_fd_sc_hd__dfxtp_1)
                                  1.10   data arrival time

                         10.00   10.00   clock clk (rise edge)
                          0.00   10.00   clock source latency
     1    0.01    0.00    0.00   10.00 ^ clk (in)
                                         clk (net)
                  0.00    0.00   10.00 ^ clkbuf_0_clk/A (sky130_fd_sc_hd__clkbuf_16)
     2    0.02    0.04    0.11   10.11 ^ clkbuf_0_clk/X (sky130_fd_sc_hd__clkbuf_16)
                                         clknet_0_clk (net)
                  0.04    0.00   10.11 ^ clkbuf_1_0__f_clk/A (sky130_fd_sc_hd__clkbuf_16)
    10    0.02    0.04    0.12   10.23 ^ clkbuf_1_0__f_clk/X (sky130_fd_sc_hd__clkbuf_16)
                                         clknet_1_0__leaf_clk (net)
                  0.04    0.00   10.23 ^ _133_/CLK (sky130_fd_sc_hd__dfxtp_1)
                         -0.20   10.03   clock uncertainty
                          0.00   10.03   clock reconvergence pessimism
                         -0.11    9.92   library setup time
                                  9.92   data required time
-----------------------------------------------------------------------------
                                  9.92   data required time
                                 -1.10   data arrival time
-----------------------------------------------------------------------------
                                  8.82   slack (MET)


Startpoint: _133_ (rising edge-triggered flip-flop clocked by clk)
Endpoint: _134_ (rising edge-triggered flip-flop clocked by clk)
Path Group: clk
Path Type: max

Fanout     Cap    Slew   Delay    Time   Description
-----------------------------------------------------------------------------
                          0.00    0.00   clock clk (rise edge)
                          0.00    0.00   clock source latency
     1    0.01    0.00    0.00    0.00 ^ clk (in)
                                         clk (net)
                  0.00    0.00    0.00 ^ clkbuf_0_clk/A (sky130_fd_sc_hd__clkbuf_16)
     2    0.02    0.04    0.11    0.11 ^ clkbuf_0_clk/X (sky130_fd_sc_hd__clkbuf_16)
                                         clknet_0_clk (net)
                  0.04    0.00    0.11 ^ clkbuf_1_0__f_clk/A (sky130_fd_sc_hd__clkbuf_16)
    10    0.02    0.04    0.12    0.23 ^ clkbuf_1_0__f_clk/X (sky130_fd_sc_hd__clkbuf_16)
                                         clknet_1_0__leaf_clk (net)
                  0.04    0.00    0.23 ^ _133_/CLK (sky130_fd_sc_hd__dfxtp_1)
     4    0.02    0.17    0.40    0.63 ^ _133_/Q (sky130_fd_sc_hd__dfxtp_1)
                                         div_cntr[1] (net)
                  0.17    0.00    0.63 ^ _082_/B (sky130_fd_sc_hd__nand2_1)
     2    0.01    0.08    0.11    0.74 v _082_/Y (sky130_fd_sc_hd__nand2_1)
                                         _050_ (net)
                  0.08    0.00    0.74 v _086_/B (sky130_fd_sc_hd__xnor2_1)
     1    0.00    0.04    0.13    0.87 v _086_/Y (sky130_fd_sc_hd__xnor2_1)
                                         _016_ (net)
                  0.04    0.00    0.87 v _134_/D (sky130_fd_sc_hd__dfxtp_1)
                                  0.87   data arrival time

                         10.00   10.00   clock clk (rise edge)
                          0.00   10.00   clock source latency
     1    0.01    0.00    0.00   10.00 ^ clk (in)
                                         clk (net)
                  0.00    0.00   10.00 ^ clkbuf_0_clk/A (sky130_fd_sc_hd__clkbuf_16)
     2    0.02    0.04    0.11   10.11 ^ clkbuf_0_clk/X (sky130_fd_sc_hd__clkbuf_16)
                                         clknet_0_clk (net)
                  0.04    0.00   10.11 ^ clkbuf_1_1__f_clk/A (sky130_fd_sc_hd__clkbuf_16)
    11    0.02    0.04    0.12   10.23 ^ clkbuf_1_1__f_clk/X (sky130_fd_sc_hd__clkbuf_16)
                                         clknet_1_1__leaf_clk (net)
                  0.04    0.00   10.23 ^ _134_/CLK (sky130_fd_sc_hd__dfxtp_1)
                         -0.20   10.03   clock uncertainty
                          0.00   10.03   clock reconvergence pessimism
                         -0.11    9.92   library setup time
                                  9.92   data required time
-----------------------------------------------------------------------------
                                  9.92   data required time
                                 -0.87   data arrival time
-----------------------------------------------------------------------------
                                  9.06   slack (MET)



worst slack corner Typical: 8.2431
max_report_end
checks_report

===========================================================================
report_checks -unconstrained
===========================================================================
======================= Typical Corner ===================================

Startpoint: _133_ (rising edge-triggered flip-flop clocked by clk)
Endpoint: _149_ (rising edge-triggered flip-flop clocked by clk)
Path Group: clk
Path Type: max

Fanout     Cap    Slew   Delay    Time   Description
-----------------------------------------------------------------------------
                          0.00    0.00   clock clk (rise edge)
                          0.00    0.00   clock source latency
     1    0.01    0.00    0.00    0.00 ^ clk (in)
                                         clk (net)
                  0.00    0.00    0.00 ^ clkbuf_0_clk/A (sky130_fd_sc_hd__clkbuf_16)
     2    0.02    0.04    0.11    0.11 ^ clkbuf_0_clk/X (sky130_fd_sc_hd__clkbuf_16)
                                         clknet_0_clk (net)
                  0.04    0.00    0.11 ^ clkbuf_1_0__f_clk/A (sky130_fd_sc_hd__clkbuf_16)
    10    0.02    0.04    0.12    0.23 ^ clkbuf_1_0__f_clk/X (sky130_fd_sc_hd__clkbuf_16)
                                         clknet_1_0__leaf_clk (net)
                  0.04    0.00    0.23 ^ _133_/CLK (sky130_fd_sc_hd__dfxtp_1)
     4    0.02    0.17    0.40    0.63 ^ _133_/Q (sky130_fd_sc_hd__dfxtp_1)
                                         div_cntr[1] (net)
                  0.17    0.00    0.63 ^ _087_/B (sky130_fd_sc_hd__and4_1)
     1    0.00    0.05    0.19    0.82 ^ _087_/X (sky130_fd_sc_hd__and4_1)
                                         _053_ (net)
                  0.05    0.00    0.82 ^ _088_/A (sky130_fd_sc_hd__buf_2)
     7    0.03    0.13    0.17    0.99 ^ _088_/X (sky130_fd_sc_hd__buf_2)
                                         _054_ (net)
                  0.13    0.00    0.99 ^ _118_/A (sky130_fd_sc_hd__and4_2)
     5    0.02    0.15    0.32    1.31 ^ _118_/X (sky130_fd_sc_hd__and4_2)
                                         _037_ (net)
                  0.15    0.00    1.31 ^ _121_/C (sky130_fd_sc_hd__nand3_2)
     2    0.01    0.08    0.11    1.41 v _121_/Y (sky130_fd_sc_hd__nand3_2)
                                         _038_ (net)
                  0.08    0.00    1.41 v _123_/A (sky130_fd_sc_hd__and2_1)
     1    0.00    0.03    0.14    1.56 v _123_/X (sky130_fd_sc_hd__and2_1)
                                         _040_ (net)
                  0.03    0.00    1.56 v _124_/A (sky130_fd_sc_hd__buf_1)
     1    0.01    0.06    0.11    1.67 v _124_/X (sky130_fd_sc_hd__buf_1)
                                         _012_ (net)
                  0.06    0.00    1.67 v _149_/D (sky130_fd_sc_hd__dfxtp_1)
                                  1.67   data arrival time

                         10.00   10.00   clock clk (rise edge)
                          0.00   10.00   clock source latency
     1    0.01    0.00    0.00   10.00 ^ clk (in)
                                         clk (net)
                  0.00    0.00   10.00 ^ clkbuf_0_clk/A (sky130_fd_sc_hd__clkbuf_16)
     2    0.02    0.04    0.11   10.11 ^ clkbuf_0_clk/X (sky130_fd_sc_hd__clkbuf_16)
                                         clknet_0_clk (net)
                  0.04    0.00   10.11 ^ clkbuf_1_0__f_clk/A (sky130_fd_sc_hd__clkbuf_16)
    10    0.02    0.04    0.12   10.23 ^ clkbuf_1_0__f_clk/X (sky130_fd_sc_hd__clkbuf_16)
                                         clknet_1_0__leaf_clk (net)
                  0.04    0.00   10.23 ^ _149_/CLK (sky130_fd_sc_hd__dfxtp_1)
                         -0.20   10.03   clock uncertainty
                          0.00   10.03   clock reconvergence pessimism
                         -0.12    9.91   library setup time
                                  9.91   data required time
-----------------------------------------------------------------------------
                                  9.91   data required time
                                 -1.67   data arrival time
-----------------------------------------------------------------------------
                                  8.24   slack (MET)




===========================================================================
report_checks --slack_max -0.01
============================================================================
======================= Typical Corner ===================================

No paths found.


===========================================================================
 report_check_types -max_slew -max_cap -max_fanout -violators
============================================================================
======================= Typical Corner ===================================


max slew violations count Typical: 0
max fanout violations count Typical: 0
max cap violations count Typical: 0

===========================================================================
report_parasitic_annotation -report_unannotated
============================================================================
Found 9 unannotated drivers.
 TopZeroToFive_10/LO
 TopZeroToFive_11/LO
 TopZeroToFive_12/LO
 TopZeroToFive_13/LO
 TopZeroToFive_14/LO
 TopZeroToFive_15/LO
 TopZeroToFive_16/LO
 TopZeroToFive_9/HI
 clkload0/Y
Found 60 partially unannotated drivers.
 clk
 _066_/X
 _067_/X
 _071_/X
 _072_/Y
 _074_/Y
 _075_/Y
 _077_/X
 _078_/Y
 _079_/X
 _080_/Y
 _082_/Y
 _086_/Y
 _087_/X
 _088_/X
 _090_/X
 _091_/X
 _093_/X
 _094_/Y
 _096_/X
 _097_/X
 _102_/Y
 _103_/X
 _106_/X
 _107_/X
 _109_/X
 _110_/X
 _111_/Y
 _113_/X
 _115_/X
 _116_/X
 _120_/X
 _121_/Y
 _123_/X
 _127_/X
 _128_/Y
 _131_/Y
 _133_/Q
 _134_/Q
 _135_/Q
 _136_/Q
 _137_/Q
 _138_/Q
 _139_/Q
 _140_/Q
 _142_/Q
 _143_/Q
 _144_/Q
 _145_/Q
 _148_/Q
 _149_/Q
 _150_/Q
 _151_/Q
 _152_/Q
 _155_/Q
 _164_/X
 clkbuf_0_clk/X
 clkbuf_1_0__f_clk/X
 clkbuf_1_1__f_clk/X
 input1/X

===========================================================================
max slew violation count 0
max fanout violation count 0
max cap violation count 0
============================================================================

===========================================================================
check_setup -verbose -unconstrained_endpoints -multiple_clock -no_clock -no_input_delay -loops -generated_clocks
===========================================================================
Warning: There is 1 input port missing set_input_delay.
  btnC
Warning: There are 4 unclocked register/latch pins.
  _152_/CLK
  _153_/CLK
  _154_/CLK
  _155_/CLK
Warning: There are 19 unconstrained endpoints.
  an[0]
  an[1]
  an[2]
  an[3]
  an[4]
  an[5]
  an[6]
  an[7]
  seg[0]
  seg[1]
  seg[2]
  seg[3]
  seg[4]
  seg[5]
  seg[6]
  _152_/D
  _153_/D
  _154_/D
  _155_/D
checks_report_end
power_report

===========================================================================
 report_power
============================================================================
======================= Typical Corner ===================================

Group                  Internal  Switching    Leakage      Total
                          Power      Power      Power      Power (Watts)
----------------------------------------------------------------
Sequential             8.00e-05   0.00e+00   2.05e-10   8.00e-05  52.9%
Combinational          2.95e-15   5.91e-15   3.19e-10   3.19e-10   0.0%
Clock                  5.25e-05   1.87e-05   2.20e-10   7.12e-05  47.1%
Macro                  0.00e+00   0.00e+00   0.00e+00   0.00e+00   0.0%
Pad                    0.00e+00   0.00e+00   0.00e+00   0.00e+00   0.0%
----------------------------------------------------------------
Total                  1.32e-04   1.87e-05   7.45e-10   1.51e-04 100.0%
                          87.6%      12.4%       0.0%

power_report_end
skew_report

===========================================================================
report_clock_skew
============================================================================
Clock clk
   0.23 source latency _136_/CLK ^
  -0.23 target latency _139_/CLK ^
   0.20 clock uncertainty
   0.00 CRPR
--------------
   0.20 setup skew

skew_report_end
summary_report

===========================================================================
report_tns
============================================================================
tns 0.00

===========================================================================
report_wns
============================================================================
wns 0.00

===========================================================================
report_worst_slack -max (Setup)
============================================================================
worst slack 8.24

===========================================================================
report_worst_slack -min (Hold)
============================================================================
worst slack 0.24
summary_report_end
area_report

===========================================================================
report_design_area
============================================================================
Design area 1249 u^2 18% utilization.
area_report_end
check_nonpropagated_clocks
check_nonpropagated_clocks_end
[WARNING] Did not save OpenROAD database!
Writing SDF to '/openlane/designs/TopZeroToFive/runs/RUN_2025.05.25_10.40.04/results/signoff/TopZeroToFive.sdf'…
Writing timing model to '/openlane/designs/TopZeroToFive/runs/RUN_2025.05.25_10.40.04/results/signoff/TopZeroToFive.lib'…
