OpenROAD b16bda7e82721d10566ff7e2b68f1ff0be9f9e38 
Features included (+) or not (-): +Charts +GPU +GUI +Python
This program is licensed under the BSD-3 license. See the LICENSE file for details.
Components of this program may be licensed under more restrictive licenses which must be honored.
define_corners Typical
read_liberty -corner Typical /home/pikachu/.volare/sky130A/libs.ref/sky130_fd_sc_hd/lib/sky130_fd_sc_hd__tt_025C_1v80.lib
Using 1e-12 for capacitance...
Using 1e+03 for resistance...
Using 1e-09 for time...
Using 1e+00 for voltage...
Using 1e-03 for current...
Using 1e-09 for power...
Using 1e-06 for distance...
[INFO]: Reading ODB at '/openlane/designs/lab5_v1/runs/RUN_2025.05.25_12.28.52/tmp/16-top_module.odb'…
Reading design constraints file at '/openlane/designs/lab5_v1/constraints/top_pnr.sdc'…
[INFO]: No (un)set_propagated_clock found in /openlane/designs/lab5_v1/constraints/top_pnr.sdc
[INFO]: Propagating all clocks
[INFO]: Setting RC values...
min_report

===========================================================================
report_checks -path_delay min (Hold)
============================================================================
======================= Typical Corner ===================================

Startpoint: _443_ (rising edge-triggered flip-flop clocked by CLK100MHZ)
Endpoint: _443_ (rising edge-triggered flip-flop clocked by CLK100MHZ)
Path Group: CLK100MHZ
Path Type: min

Fanout     Cap    Slew   Delay    Time   Description
-----------------------------------------------------------------------------
                          0.00    0.00   clock CLK100MHZ (rise edge)
                          0.00    0.00   clock source latency
     1    0.01    0.00    0.00    0.00 ^ CLK100MHZ (in)
                                         CLK100MHZ (net)
                  0.00    0.00    0.00 ^ clkbuf_0_CLK100MHZ/A (sky130_fd_sc_hd__clkbuf_16)
     2    0.02    0.04    0.11    0.11 ^ clkbuf_0_CLK100MHZ/X (sky130_fd_sc_hd__clkbuf_16)
                                         clknet_0_CLK100MHZ (net)
                  0.04    0.00    0.11 ^ clkbuf_1_0__f_CLK100MHZ/A (sky130_fd_sc_hd__clkbuf_16)
    16    0.05    0.07    0.15    0.25 ^ clkbuf_1_0__f_CLK100MHZ/X (sky130_fd_sc_hd__clkbuf_16)
                                         clknet_1_0__leaf_CLK100MHZ (net)
                  0.07    0.00    0.26 ^ _443_/CLK (sky130_fd_sc_hd__dfxtp_1)
     2    0.00    0.05    0.31    0.57 ^ _443_/Q (sky130_fd_sc_hd__dfxtp_1)
                                         rf.regs[15][1] (net)
                  0.05    0.00    0.57 ^ _389_/A0 (sky130_fd_sc_hd__mux2_1)
     1    0.01    0.07    0.14    0.70 ^ _389_/X (sky130_fd_sc_hd__mux2_1)
                                         _034_ (net)
                  0.07    0.00    0.70 ^ _390_/A (sky130_fd_sc_hd__buf_1)
     1    0.00    0.03    0.08    0.78 ^ _390_/X (sky130_fd_sc_hd__buf_1)
                                         _009_ (net)
                  0.03    0.00    0.78 ^ _443_/D (sky130_fd_sc_hd__dfxtp_1)
                                  0.78   data arrival time

                          0.00    0.00   clock CLK100MHZ (rise edge)
                          0.00    0.00   clock source latency
     1    0.01    0.00    0.00    0.00 ^ CLK100MHZ (in)
                                         CLK100MHZ (net)
                  0.00    0.00    0.00 ^ clkbuf_0_CLK100MHZ/A (sky130_fd_sc_hd__clkbuf_16)
     2    0.02    0.04    0.11    0.11 ^ clkbuf_0_CLK100MHZ/X (sky130_fd_sc_hd__clkbuf_16)
                                         clknet_0_CLK100MHZ (net)
                  0.04    0.00    0.11 ^ clkbuf_1_0__f_CLK100MHZ/A (sky130_fd_sc_hd__clkbuf_16)
    16    0.05    0.07    0.15    0.25 ^ clkbuf_1_0__f_CLK100MHZ/X (sky130_fd_sc_hd__clkbuf_16)
                                         clknet_1_0__leaf_CLK100MHZ (net)
                  0.07    0.00    0.26 ^ _443_/CLK (sky130_fd_sc_hd__dfxtp_1)
                          0.20    0.46   clock uncertainty
                          0.00    0.46   clock reconvergence pessimism
                         -0.03    0.43   library hold time
                                  0.43   data required time
-----------------------------------------------------------------------------
                                  0.43   data required time
                                 -0.78   data arrival time
-----------------------------------------------------------------------------
                                  0.35   slack (MET)


Startpoint: _460_ (rising edge-triggered flip-flop clocked by CLK100MHZ)
Endpoint: _460_ (rising edge-triggered flip-flop clocked by CLK100MHZ)
Path Group: CLK100MHZ
Path Type: min

Fanout     Cap    Slew   Delay    Time   Description
-----------------------------------------------------------------------------
                          0.00    0.00   clock CLK100MHZ (rise edge)
                          0.00    0.00   clock source latency
     1    0.01    0.00    0.00    0.00 ^ CLK100MHZ (in)
                                         CLK100MHZ (net)
                  0.00    0.00    0.00 ^ clkbuf_0_CLK100MHZ/A (sky130_fd_sc_hd__clkbuf_16)
     2    0.02    0.04    0.11    0.11 ^ clkbuf_0_CLK100MHZ/X (sky130_fd_sc_hd__clkbuf_16)
                                         clknet_0_CLK100MHZ (net)
                  0.04    0.00    0.11 ^ clkbuf_1_0__f_CLK100MHZ/A (sky130_fd_sc_hd__clkbuf_16)
    16    0.05    0.07    0.15    0.25 ^ clkbuf_1_0__f_CLK100MHZ/X (sky130_fd_sc_hd__clkbuf_16)
                                         clknet_1_0__leaf_CLK100MHZ (net)
                  0.07    0.00    0.26 ^ _460_/CLK (sky130_fd_sc_hd__dfxtp_1)
     2    0.00    0.05    0.31    0.57 ^ _460_/Q (sky130_fd_sc_hd__dfxtp_1)
                                         rf.regs[5][3] (net)
                  0.05    0.00    0.57 ^ _430_/A0 (sky130_fd_sc_hd__mux2_1)
     1    0.00    0.04    0.12    0.68 ^ _430_/X (sky130_fd_sc_hd__mux2_1)
                                         _058_ (net)
                  0.04    0.00    0.68 ^ _431_/A (sky130_fd_sc_hd__buf_1)
     1    0.01    0.07    0.10    0.78 ^ _431_/X (sky130_fd_sc_hd__buf_1)
                                         _026_ (net)
                  0.07    0.00    0.78 ^ _460_/D (sky130_fd_sc_hd__dfxtp_1)
                                  0.78   data arrival time

                          0.00    0.00   clock CLK100MHZ (rise edge)
                          0.00    0.00   clock source latency
     1    0.01    0.00    0.00    0.00 ^ CLK100MHZ (in)
                                         CLK100MHZ (net)
                  0.00    0.00    0.00 ^ clkbuf_0_CLK100MHZ/A (sky130_fd_sc_hd__clkbuf_16)
     2    0.02    0.04    0.11    0.11 ^ clkbuf_0_CLK100MHZ/X (sky130_fd_sc_hd__clkbuf_16)
                                         clknet_0_CLK100MHZ (net)
                  0.04    0.00    0.11 ^ clkbuf_1_0__f_CLK100MHZ/A (sky130_fd_sc_hd__clkbuf_16)
    16    0.05    0.07    0.15    0.25 ^ clkbuf_1_0__f_CLK100MHZ/X (sky130_fd_sc_hd__clkbuf_16)
                                         clknet_1_0__leaf_CLK100MHZ (net)
                  0.07    0.00    0.26 ^ _460_/CLK (sky130_fd_sc_hd__dfxtp_1)
                          0.20    0.46   clock uncertainty
                          0.00    0.46   clock reconvergence pessimism
                         -0.03    0.42   library hold time
                                  0.42   data required time
-----------------------------------------------------------------------------
                                  0.42   data required time
                                 -0.78   data arrival time
-----------------------------------------------------------------------------
                                  0.36   slack (MET)


Startpoint: _448_ (rising edge-triggered flip-flop clocked by CLK100MHZ)
Endpoint: _448_ (rising edge-triggered flip-flop clocked by CLK100MHZ)
Path Group: CLK100MHZ
Path Type: min

Fanout     Cap    Slew   Delay    Time   Description
-----------------------------------------------------------------------------
                          0.00    0.00   clock CLK100MHZ (rise edge)
                          0.00    0.00   clock source latency
     1    0.01    0.00    0.00    0.00 ^ CLK100MHZ (in)
                                         CLK100MHZ (net)
                  0.00    0.00    0.00 ^ clkbuf_0_CLK100MHZ/A (sky130_fd_sc_hd__clkbuf_16)
     2    0.02    0.04    0.11    0.11 ^ clkbuf_0_CLK100MHZ/X (sky130_fd_sc_hd__clkbuf_16)
                                         clknet_0_CLK100MHZ (net)
                  0.04    0.00    0.11 ^ clkbuf_1_0__f_CLK100MHZ/A (sky130_fd_sc_hd__clkbuf_16)
    16    0.05    0.07    0.15    0.25 ^ clkbuf_1_0__f_CLK100MHZ/X (sky130_fd_sc_hd__clkbuf_16)
                                         clknet_1_0__leaf_CLK100MHZ (net)
                  0.07    0.00    0.26 ^ _448_/CLK (sky130_fd_sc_hd__dfxtp_1)
     2    0.00    0.06    0.32    0.58 ^ _448_/Q (sky130_fd_sc_hd__dfxtp_1)
                                         rf.regs[10][1] (net)
                  0.06    0.00    0.58 ^ _402_/A1 (sky130_fd_sc_hd__mux2_1)
     1    0.01    0.07    0.14    0.72 ^ _402_/X (sky130_fd_sc_hd__mux2_1)
                                         _042_ (net)
                  0.07    0.00    0.72 ^ _403_/A (sky130_fd_sc_hd__clkbuf_1)
     1    0.00    0.03    0.08    0.80 ^ _403_/X (sky130_fd_sc_hd__clkbuf_1)
                                         _014_ (net)
                  0.03    0.00    0.80 ^ _448_/D (sky130_fd_sc_hd__dfxtp_1)
                                  0.80   data arrival time

                          0.00    0.00   clock CLK100MHZ (rise edge)
                          0.00    0.00   clock source latency
     1    0.01    0.00    0.00    0.00 ^ CLK100MHZ (in)
                                         CLK100MHZ (net)
                  0.00    0.00    0.00 ^ clkbuf_0_CLK100MHZ/A (sky130_fd_sc_hd__clkbuf_16)
     2    0.02    0.04    0.11    0.11 ^ clkbuf_0_CLK100MHZ/X (sky130_fd_sc_hd__clkbuf_16)
                                         clknet_0_CLK100MHZ (net)
                  0.04    0.00    0.11 ^ clkbuf_1_0__f_CLK100MHZ/A (sky130_fd_sc_hd__clkbuf_16)
    16    0.05    0.07    0.15    0.25 ^ clkbuf_1_0__f_CLK100MHZ/X (sky130_fd_sc_hd__clkbuf_16)
                                         clknet_1_0__leaf_CLK100MHZ (net)
                  0.07    0.00    0.26 ^ _448_/CLK (sky130_fd_sc_hd__dfxtp_1)
                          0.20    0.46   clock uncertainty
                          0.00    0.46   clock reconvergence pessimism
                         -0.03    0.43   library hold time
                                  0.43   data required time
-----------------------------------------------------------------------------
                                  0.43   data required time
                                 -0.80   data arrival time
-----------------------------------------------------------------------------
                                  0.37   slack (MET)


Startpoint: _458_ (rising edge-triggered flip-flop clocked by CLK100MHZ)
Endpoint: _458_ (rising edge-triggered flip-flop clocked by CLK100MHZ)
Path Group: CLK100MHZ
Path Type: min

Fanout     Cap    Slew   Delay    Time   Description
-----------------------------------------------------------------------------
                          0.00    0.00   clock CLK100MHZ (rise edge)
                          0.00    0.00   clock source latency
     1    0.01    0.00    0.00    0.00 ^ CLK100MHZ (in)
                                         CLK100MHZ (net)
                  0.00    0.00    0.00 ^ clkbuf_0_CLK100MHZ/A (sky130_fd_sc_hd__clkbuf_16)
     2    0.02    0.04    0.11    0.11 ^ clkbuf_0_CLK100MHZ/X (sky130_fd_sc_hd__clkbuf_16)
                                         clknet_0_CLK100MHZ (net)
                  0.04    0.00    0.11 ^ clkbuf_1_1__f_CLK100MHZ/A (sky130_fd_sc_hd__clkbuf_16)
    13    0.03    0.05    0.13    0.24 ^ clkbuf_1_1__f_CLK100MHZ/X (sky130_fd_sc_hd__clkbuf_16)
                                         clknet_1_1__leaf_CLK100MHZ (net)
                  0.05    0.00    0.24 ^ _458_/CLK (sky130_fd_sc_hd__dfxtp_1)
     2    0.01    0.06    0.32    0.56 ^ _458_/Q (sky130_fd_sc_hd__dfxtp_1)
                                         rf.regs[5][1] (net)
                  0.06    0.00    0.56 ^ _426_/A0 (sky130_fd_sc_hd__mux2_1)
     1    0.01    0.07    0.14    0.70 ^ _426_/X (sky130_fd_sc_hd__mux2_1)
                                         _056_ (net)
                  0.07    0.00    0.70 ^ _427_/A (sky130_fd_sc_hd__clkbuf_1)
     1    0.00    0.03    0.08    0.78 ^ _427_/X (sky130_fd_sc_hd__clkbuf_1)
                                         _024_ (net)
                  0.03    0.00    0.78 ^ _458_/D (sky130_fd_sc_hd__dfxtp_1)
                                  0.78   data arrival time

                          0.00    0.00   clock CLK100MHZ (rise edge)
                          0.00    0.00   clock source latency
     1    0.01    0.00    0.00    0.00 ^ CLK100MHZ (in)
                                         CLK100MHZ (net)
                  0.00    0.00    0.00 ^ clkbuf_0_CLK100MHZ/A (sky130_fd_sc_hd__clkbuf_16)
     2    0.02    0.04    0.11    0.11 ^ clkbuf_0_CLK100MHZ/X (sky130_fd_sc_hd__clkbuf_16)
                                         clknet_0_CLK100MHZ (net)
                  0.04    0.00    0.11 ^ clkbuf_1_1__f_CLK100MHZ/A (sky130_fd_sc_hd__clkbuf_16)
    13    0.03    0.05    0.13    0.24 ^ clkbuf_1_1__f_CLK100MHZ/X (sky130_fd_sc_hd__clkbuf_16)
                                         clknet_1_1__leaf_CLK100MHZ (net)
                  0.05    0.00    0.24 ^ _458_/CLK (sky130_fd_sc_hd__dfxtp_1)
                          0.20    0.44   clock uncertainty
                          0.00    0.44   clock reconvergence pessimism
                         -0.03    0.41   library hold time
                                  0.41   data required time
-----------------------------------------------------------------------------
                                  0.41   data required time
                                 -0.78   data arrival time
-----------------------------------------------------------------------------
                                  0.37   slack (MET)


Startpoint: _450_ (rising edge-triggered flip-flop clocked by CLK100MHZ)
Endpoint: _450_ (rising edge-triggered flip-flop clocked by CLK100MHZ)
Path Group: CLK100MHZ
Path Type: min

Fanout     Cap    Slew   Delay    Time   Description
-----------------------------------------------------------------------------
                          0.00    0.00   clock CLK100MHZ (rise edge)
                          0.00    0.00   clock source latency
     1    0.01    0.00    0.00    0.00 ^ CLK100MHZ (in)
                                         CLK100MHZ (net)
                  0.00    0.00    0.00 ^ clkbuf_0_CLK100MHZ/A (sky130_fd_sc_hd__clkbuf_16)
     2    0.02    0.04    0.11    0.11 ^ clkbuf_0_CLK100MHZ/X (sky130_fd_sc_hd__clkbuf_16)
                                         clknet_0_CLK100MHZ (net)
                  0.04    0.00    0.11 ^ clkbuf_1_0__f_CLK100MHZ/A (sky130_fd_sc_hd__clkbuf_16)
    16    0.05    0.07    0.15    0.25 ^ clkbuf_1_0__f_CLK100MHZ/X (sky130_fd_sc_hd__clkbuf_16)
                                         clknet_1_0__leaf_CLK100MHZ (net)
                  0.07    0.00    0.26 ^ _450_/CLK (sky130_fd_sc_hd__dfxtp_1)
     2    0.00    0.05    0.32    0.57 ^ _450_/Q (sky130_fd_sc_hd__dfxtp_1)
                                         rf.regs[10][3] (net)
                  0.05    0.00    0.57 ^ _406_/A1 (sky130_fd_sc_hd__mux2_1)
     1    0.00    0.05    0.12    0.70 ^ _406_/X (sky130_fd_sc_hd__mux2_1)
                                         _044_ (net)
                  0.05    0.00    0.70 ^ _407_/A (sky130_fd_sc_hd__clkbuf_1)
     1    0.01    0.08    0.10    0.80 ^ _407_/X (sky130_fd_sc_hd__clkbuf_1)
                                         _016_ (net)
                  0.08    0.00    0.80 ^ _450_/D (sky130_fd_sc_hd__dfxtp_1)
                                  0.80   data arrival time

                          0.00    0.00   clock CLK100MHZ (rise edge)
                          0.00    0.00   clock source latency
     1    0.01    0.00    0.00    0.00 ^ CLK100MHZ (in)
                                         CLK100MHZ (net)
                  0.00    0.00    0.00 ^ clkbuf_0_CLK100MHZ/A (sky130_fd_sc_hd__clkbuf_16)
     2    0.02    0.04    0.11    0.11 ^ clkbuf_0_CLK100MHZ/X (sky130_fd_sc_hd__clkbuf_16)
                                         clknet_0_CLK100MHZ (net)
                  0.04    0.00    0.11 ^ clkbuf_1_0__f_CLK100MHZ/A (sky130_fd_sc_hd__clkbuf_16)
    16    0.05    0.07    0.15    0.25 ^ clkbuf_1_0__f_CLK100MHZ/X (sky130_fd_sc_hd__clkbuf_16)
                                         clknet_1_0__leaf_CLK100MHZ (net)
                  0.07    0.00    0.26 ^ _450_/CLK (sky130_fd_sc_hd__dfxtp_1)
                          0.20    0.46   clock uncertainty
                          0.00    0.46   clock reconvergence pessimism
                         -0.03    0.42   library hold time
                                  0.42   data required time
-----------------------------------------------------------------------------
                                  0.42   data required time
                                 -0.80   data arrival time
-----------------------------------------------------------------------------
                                  0.38   slack (MET)


Startpoint: _459_ (rising edge-triggered flip-flop clocked by CLK100MHZ)
Endpoint: _459_ (rising edge-triggered flip-flop clocked by CLK100MHZ)
Path Group: CLK100MHZ
Path Type: min

Fanout     Cap    Slew   Delay    Time   Description
-----------------------------------------------------------------------------
                          0.00    0.00   clock CLK100MHZ (rise edge)
                          0.00    0.00   clock source latency
     1    0.01    0.00    0.00    0.00 ^ CLK100MHZ (in)
                                         CLK100MHZ (net)
                  0.00    0.00    0.00 ^ clkbuf_0_CLK100MHZ/A (sky130_fd_sc_hd__clkbuf_16)
     2    0.02    0.04    0.11    0.11 ^ clkbuf_0_CLK100MHZ/X (sky130_fd_sc_hd__clkbuf_16)
                                         clknet_0_CLK100MHZ (net)
                  0.04    0.00    0.11 ^ clkbuf_1_0__f_CLK100MHZ/A (sky130_fd_sc_hd__clkbuf_16)
    16    0.05    0.07    0.15    0.25 ^ clkbuf_1_0__f_CLK100MHZ/X (sky130_fd_sc_hd__clkbuf_16)
                                         clknet_1_0__leaf_CLK100MHZ (net)
                  0.07    0.00    0.26 ^ _459_/CLK (sky130_fd_sc_hd__dfxtp_1)
     2    0.01    0.10    0.36    0.61 ^ _459_/Q (sky130_fd_sc_hd__dfxtp_1)
                                         rf.regs[5][2] (net)
                  0.10    0.00    0.61 ^ _428_/A0 (sky130_fd_sc_hd__mux2_1)
     1    0.00    0.04    0.13    0.74 ^ _428_/X (sky130_fd_sc_hd__mux2_1)
                                         _057_ (net)
                  0.04    0.00    0.74 ^ _429_/A (sky130_fd_sc_hd__buf_1)
     1    0.00    0.03    0.07    0.81 ^ _429_/X (sky130_fd_sc_hd__buf_1)
                                         _025_ (net)
                  0.03    0.00    0.81 ^ _459_/D (sky130_fd_sc_hd__dfxtp_1)
                                  0.81   data arrival time

                          0.00    0.00   clock CLK100MHZ (rise edge)
                          0.00    0.00   clock source latency
     1    0.01    0.00    0.00    0.00 ^ CLK100MHZ (in)
                                         CLK100MHZ (net)
                  0.00    0.00    0.00 ^ clkbuf_0_CLK100MHZ/A (sky130_fd_sc_hd__clkbuf_16)
     2    0.02    0.04    0.11    0.11 ^ clkbuf_0_CLK100MHZ/X (sky130_fd_sc_hd__clkbuf_16)
                                         clknet_0_CLK100MHZ (net)
                  0.04    0.00    0.11 ^ clkbuf_1_0__f_CLK100MHZ/A (sky130_fd_sc_hd__clkbuf_16)
    16    0.05    0.07    0.15    0.25 ^ clkbuf_1_0__f_CLK100MHZ/X (sky130_fd_sc_hd__clkbuf_16)
                                         clknet_1_0__leaf_CLK100MHZ (net)
                  0.07    0.00    0.26 ^ _459_/CLK (sky130_fd_sc_hd__dfxtp_1)
                          0.20    0.46   clock uncertainty
                          0.00    0.46   clock reconvergence pessimism
                         -0.03    0.43   library hold time
                                  0.43   data required time
-----------------------------------------------------------------------------
                                  0.43   data required time
                                 -0.81   data arrival time
-----------------------------------------------------------------------------
                                  0.38   slack (MET)


Startpoint: _451_ (rising edge-triggered flip-flop clocked by CLK100MHZ)
Endpoint: _451_ (rising edge-triggered flip-flop clocked by CLK100MHZ)
Path Group: CLK100MHZ
Path Type: min

Fanout     Cap    Slew   Delay    Time   Description
-----------------------------------------------------------------------------
                          0.00    0.00   clock CLK100MHZ (rise edge)
                          0.00    0.00   clock source latency
     1    0.01    0.00    0.00    0.00 ^ CLK100MHZ (in)
                                         CLK100MHZ (net)
                  0.00    0.00    0.00 ^ clkbuf_0_CLK100MHZ/A (sky130_fd_sc_hd__clkbuf_16)
     2    0.02    0.04    0.11    0.11 ^ clkbuf_0_CLK100MHZ/X (sky130_fd_sc_hd__clkbuf_16)
                                         clknet_0_CLK100MHZ (net)
                  0.04    0.00    0.11 ^ clkbuf_1_0__f_CLK100MHZ/A (sky130_fd_sc_hd__clkbuf_16)
    16    0.05    0.07    0.15    0.25 ^ clkbuf_1_0__f_CLK100MHZ/X (sky130_fd_sc_hd__clkbuf_16)
                                         clknet_1_0__leaf_CLK100MHZ (net)
                  0.07    0.00    0.26 ^ _451_/CLK (sky130_fd_sc_hd__dfxtp_1)
     2    0.01    0.08    0.34    0.59 ^ _451_/Q (sky130_fd_sc_hd__dfxtp_1)
                                         rf.regs[10][4] (net)
                  0.08    0.00    0.59 ^ _408_/A1 (sky130_fd_sc_hd__mux2_1)
     1    0.00    0.06    0.14    0.73 ^ _408_/X (sky130_fd_sc_hd__mux2_1)
                                         _045_ (net)
                  0.06    0.00    0.73 ^ _409_/A (sky130_fd_sc_hd__clkbuf_1)
     1    0.00    0.03    0.07    0.81 ^ _409_/X (sky130_fd_sc_hd__clkbuf_1)
                                         _017_ (net)
                  0.03    0.00    0.81 ^ _451_/D (sky130_fd_sc_hd__dfxtp_1)
                                  0.81   data arrival time

                          0.00    0.00   clock CLK100MHZ (rise edge)
                          0.00    0.00   clock source latency
     1    0.01    0.00    0.00    0.00 ^ CLK100MHZ (in)
                                         CLK100MHZ (net)
                  0.00    0.00    0.00 ^ clkbuf_0_CLK100MHZ/A (sky130_fd_sc_hd__clkbuf_16)
     2    0.02    0.04    0.11    0.11 ^ clkbuf_0_CLK100MHZ/X (sky130_fd_sc_hd__clkbuf_16)
                                         clknet_0_CLK100MHZ (net)
                  0.04    0.00    0.11 ^ clkbuf_1_0__f_CLK100MHZ/A (sky130_fd_sc_hd__clkbuf_16)
    16    0.05    0.07    0.15    0.25 ^ clkbuf_1_0__f_CLK100MHZ/X (sky130_fd_sc_hd__clkbuf_16)
                                         clknet_1_0__leaf_CLK100MHZ (net)
                  0.07    0.00    0.26 ^ _451_/CLK (sky130_fd_sc_hd__dfxtp_1)
                          0.20    0.46   clock uncertainty
                          0.00    0.46   clock reconvergence pessimism
                         -0.03    0.43   library hold time
                                  0.43   data required time
-----------------------------------------------------------------------------
                                  0.43   data required time
                                 -0.81   data arrival time
-----------------------------------------------------------------------------
                                  0.38   slack (MET)


Startpoint: _442_ (rising edge-triggered flip-flop clocked by CLK100MHZ)
Endpoint: _442_ (rising edge-triggered flip-flop clocked by CLK100MHZ)
Path Group: CLK100MHZ
Path Type: min

Fanout     Cap    Slew   Delay    Time   Description
-----------------------------------------------------------------------------
                          0.00    0.00   clock CLK100MHZ (rise edge)
                          0.00    0.00   clock source latency
     1    0.01    0.00    0.00    0.00 ^ CLK100MHZ (in)
                                         CLK100MHZ (net)
                  0.00    0.00    0.00 ^ clkbuf_0_CLK100MHZ/A (sky130_fd_sc_hd__clkbuf_16)
     2    0.02    0.04    0.11    0.11 ^ clkbuf_0_CLK100MHZ/X (sky130_fd_sc_hd__clkbuf_16)
                                         clknet_0_CLK100MHZ (net)
                  0.04    0.00    0.11 ^ clkbuf_1_1__f_CLK100MHZ/A (sky130_fd_sc_hd__clkbuf_16)
    13    0.03    0.05    0.13    0.24 ^ clkbuf_1_1__f_CLK100MHZ/X (sky130_fd_sc_hd__clkbuf_16)
                                         clknet_1_1__leaf_CLK100MHZ (net)
                  0.05    0.00    0.24 ^ _442_/CLK (sky130_fd_sc_hd__dfxtp_1)
     2    0.01    0.08    0.33    0.57 ^ _442_/Q (sky130_fd_sc_hd__dfxtp_1)
                                         rf.regs[15][0] (net)
                  0.08    0.00    0.57 ^ _387_/A0 (sky130_fd_sc_hd__mux2_1)
     1    0.00    0.04    0.12    0.69 ^ _387_/X (sky130_fd_sc_hd__mux2_1)
                                         _033_ (net)
                  0.04    0.00    0.69 ^ _388_/A (sky130_fd_sc_hd__clkbuf_1)
     1    0.00    0.06    0.09    0.78 ^ _388_/X (sky130_fd_sc_hd__clkbuf_1)
                                         _008_ (net)
                  0.06    0.00    0.78 ^ _442_/D (sky130_fd_sc_hd__dfxtp_1)
                                  0.78   data arrival time

                          0.00    0.00   clock CLK100MHZ (rise edge)
                          0.00    0.00   clock source latency
     1    0.01    0.00    0.00    0.00 ^ CLK100MHZ (in)
                                         CLK100MHZ (net)
                  0.00    0.00    0.00 ^ clkbuf_0_CLK100MHZ/A (sky130_fd_sc_hd__clkbuf_16)
     2    0.02    0.04    0.11    0.11 ^ clkbuf_0_CLK100MHZ/X (sky130_fd_sc_hd__clkbuf_16)
                                         clknet_0_CLK100MHZ (net)
                  0.04    0.00    0.11 ^ clkbuf_1_1__f_CLK100MHZ/A (sky130_fd_sc_hd__clkbuf_16)
    13    0.03    0.05    0.13    0.24 ^ clkbuf_1_1__f_CLK100MHZ/X (sky130_fd_sc_hd__clkbuf_16)
                                         clknet_1_1__leaf_CLK100MHZ (net)
                  0.05    0.00    0.24 ^ _442_/CLK (sky130_fd_sc_hd__dfxtp_1)
                          0.20    0.44   clock uncertainty
                          0.00    0.44   clock reconvergence pessimism
                         -0.03    0.40   library hold time
                                  0.40   data required time
-----------------------------------------------------------------------------
                                  0.40   data required time
                                 -0.78   data arrival time
-----------------------------------------------------------------------------
                                  0.38   slack (MET)


Startpoint: _454_ (rising edge-triggered flip-flop clocked by CLK100MHZ)
Endpoint: _454_ (rising edge-triggered flip-flop clocked by CLK100MHZ)
Path Group: CLK100MHZ
Path Type: min

Fanout     Cap    Slew   Delay    Time   Description
-----------------------------------------------------------------------------
                          0.00    0.00   clock CLK100MHZ (rise edge)
                          0.00    0.00   clock source latency
     1    0.01    0.00    0.00    0.00 ^ CLK100MHZ (in)
                                         CLK100MHZ (net)
                  0.00    0.00    0.00 ^ clkbuf_0_CLK100MHZ/A (sky130_fd_sc_hd__clkbuf_16)
     2    0.02    0.04    0.11    0.11 ^ clkbuf_0_CLK100MHZ/X (sky130_fd_sc_hd__clkbuf_16)
                                         clknet_0_CLK100MHZ (net)
                  0.04    0.00    0.11 ^ clkbuf_1_0__f_CLK100MHZ/A (sky130_fd_sc_hd__clkbuf_16)
    16    0.05    0.07    0.15    0.25 ^ clkbuf_1_0__f_CLK100MHZ/X (sky130_fd_sc_hd__clkbuf_16)
                                         clknet_1_0__leaf_CLK100MHZ (net)
                  0.07    0.00    0.26 ^ _454_/CLK (sky130_fd_sc_hd__dfxtp_1)
     3    0.01    0.04    0.31    0.57 v _454_/Q (sky130_fd_sc_hd__dfxtp_1)
                                         rf.regs[0][2] (net)
                  0.04    0.00    0.57 v _416_/A (sky130_fd_sc_hd__and2_1)
     1    0.01    0.05    0.15    0.72 v _416_/X (sky130_fd_sc_hd__and2_1)
                                         _050_ (net)
                  0.05    0.00    0.72 v _417_/A (sky130_fd_sc_hd__buf_1)
     1    0.00    0.02    0.08    0.80 v _417_/X (sky130_fd_sc_hd__buf_1)
                                         _020_ (net)
                  0.02    0.00    0.80 v _454_/D (sky130_fd_sc_hd__dfxtp_1)
                                  0.80   data arrival time

                          0.00    0.00   clock CLK100MHZ (rise edge)
                          0.00    0.00   clock source latency
     1    0.01    0.00    0.00    0.00 ^ CLK100MHZ (in)
                                         CLK100MHZ (net)
                  0.00    0.00    0.00 ^ clkbuf_0_CLK100MHZ/A (sky130_fd_sc_hd__clkbuf_16)
     2    0.02    0.04    0.11    0.11 ^ clkbuf_0_CLK100MHZ/X (sky130_fd_sc_hd__clkbuf_16)
                                         clknet_0_CLK100MHZ (net)
                  0.04    0.00    0.11 ^ clkbuf_1_0__f_CLK100MHZ/A (sky130_fd_sc_hd__clkbuf_16)
    16    0.05    0.07    0.15    0.25 ^ clkbuf_1_0__f_CLK100MHZ/X (sky130_fd_sc_hd__clkbuf_16)
                                         clknet_1_0__leaf_CLK100MHZ (net)
                  0.07    0.00    0.26 ^ _454_/CLK (sky130_fd_sc_hd__dfxtp_1)
                          0.20    0.46   clock uncertainty
                          0.00    0.46   clock reconvergence pessimism
                         -0.04    0.42   library hold time
                                  0.42   data required time
-----------------------------------------------------------------------------
                                  0.42   data required time
                                 -0.80   data arrival time
-----------------------------------------------------------------------------
                                  0.38   slack (MET)


Startpoint: _444_ (rising edge-triggered flip-flop clocked by CLK100MHZ)
Endpoint: _444_ (rising edge-triggered flip-flop clocked by CLK100MHZ)
Path Group: CLK100MHZ
Path Type: min

Fanout     Cap    Slew   Delay    Time   Description
-----------------------------------------------------------------------------
                          0.00    0.00   clock CLK100MHZ (rise edge)
                          0.00    0.00   clock source latency
     1    0.01    0.00    0.00    0.00 ^ CLK100MHZ (in)
                                         CLK100MHZ (net)
                  0.00    0.00    0.00 ^ clkbuf_0_CLK100MHZ/A (sky130_fd_sc_hd__clkbuf_16)
     2    0.02    0.04    0.11    0.11 ^ clkbuf_0_CLK100MHZ/X (sky130_fd_sc_hd__clkbuf_16)
                                         clknet_0_CLK100MHZ (net)
                  0.04    0.00    0.11 ^ clkbuf_1_1__f_CLK100MHZ/A (sky130_fd_sc_hd__clkbuf_16)
    13    0.03    0.05    0.13    0.24 ^ clkbuf_1_1__f_CLK100MHZ/X (sky130_fd_sc_hd__clkbuf_16)
                                         clknet_1_1__leaf_CLK100MHZ (net)
                  0.05    0.00    0.24 ^ _444_/CLK (sky130_fd_sc_hd__dfxtp_1)
     2    0.01    0.11    0.35    0.59 ^ _444_/Q (sky130_fd_sc_hd__dfxtp_1)
                                         rf.regs[15][2] (net)
                  0.11    0.00    0.59 ^ _391_/A0 (sky130_fd_sc_hd__mux2_1)
     1    0.00    0.04    0.13    0.73 ^ _391_/X (sky130_fd_sc_hd__mux2_1)
                                         _035_ (net)
                  0.04    0.00    0.73 ^ _392_/A (sky130_fd_sc_hd__clkbuf_1)
     1    0.00    0.03    0.07    0.79 ^ _392_/X (sky130_fd_sc_hd__clkbuf_1)
                                         _010_ (net)
                  0.03    0.00    0.79 ^ _444_/D (sky130_fd_sc_hd__dfxtp_1)
                                  0.79   data arrival time

                          0.00    0.00   clock CLK100MHZ (rise edge)
                          0.00    0.00   clock source latency
     1    0.01    0.00    0.00    0.00 ^ CLK100MHZ (in)
                                         CLK100MHZ (net)
                  0.00    0.00    0.00 ^ clkbuf_0_CLK100MHZ/A (sky130_fd_sc_hd__clkbuf_16)
     2    0.02    0.04    0.11    0.11 ^ clkbuf_0_CLK100MHZ/X (sky130_fd_sc_hd__clkbuf_16)
                                         clknet_0_CLK100MHZ (net)
                  0.04    0.00    0.11 ^ clkbuf_1_1__f_CLK100MHZ/A (sky130_fd_sc_hd__clkbuf_16)
    13    0.03    0.05    0.13    0.24 ^ clkbuf_1_1__f_CLK100MHZ/X (sky130_fd_sc_hd__clkbuf_16)
                                         clknet_1_1__leaf_CLK100MHZ (net)
                  0.05    0.00    0.24 ^ _444_/CLK (sky130_fd_sc_hd__dfxtp_1)
                          0.20    0.44   clock uncertainty
                          0.00    0.44   clock reconvergence pessimism
                         -0.03    0.41   library hold time
                                  0.41   data required time
-----------------------------------------------------------------------------
                                  0.41   data required time
                                 -0.79   data arrival time
-----------------------------------------------------------------------------
                                  0.38   slack (MET)


Startpoint: _452_ (rising edge-triggered flip-flop clocked by CLK100MHZ)
Endpoint: _452_ (rising edge-triggered flip-flop clocked by CLK100MHZ)
Path Group: CLK100MHZ
Path Type: min

Fanout     Cap    Slew   Delay    Time   Description
-----------------------------------------------------------------------------
                          0.00    0.00   clock CLK100MHZ (rise edge)
                          0.00    0.00   clock source latency
     1    0.01    0.00    0.00    0.00 ^ CLK100MHZ (in)
                                         CLK100MHZ (net)
                  0.00    0.00    0.00 ^ clkbuf_0_CLK100MHZ/A (sky130_fd_sc_hd__clkbuf_16)
     2    0.02    0.04    0.11    0.11 ^ clkbuf_0_CLK100MHZ/X (sky130_fd_sc_hd__clkbuf_16)
                                         clknet_0_CLK100MHZ (net)
                  0.04    0.00    0.11 ^ clkbuf_1_1__f_CLK100MHZ/A (sky130_fd_sc_hd__clkbuf_16)
    13    0.03    0.05    0.13    0.24 ^ clkbuf_1_1__f_CLK100MHZ/X (sky130_fd_sc_hd__clkbuf_16)
                                         clknet_1_1__leaf_CLK100MHZ (net)
                  0.05    0.00    0.24 ^ _452_/CLK (sky130_fd_sc_hd__dfxtp_1)
     3    0.01    0.05    0.32    0.55 v _452_/Q (sky130_fd_sc_hd__dfxtp_1)
                                         rf.regs[0][0] (net)
                  0.05    0.00    0.55 v _412_/A (sky130_fd_sc_hd__and2_1)
     1    0.00    0.04    0.14    0.69 v _412_/X (sky130_fd_sc_hd__and2_1)
                                         _048_ (net)
                  0.04    0.00    0.69 v _413_/A (sky130_fd_sc_hd__clkbuf_1)
     1    0.00    0.03    0.09    0.78 v _413_/X (sky130_fd_sc_hd__clkbuf_1)
                                         _018_ (net)
                  0.03    0.00    0.78 v _452_/D (sky130_fd_sc_hd__dfxtp_1)
                                  0.78   data arrival time

                          0.00    0.00   clock CLK100MHZ (rise edge)
                          0.00    0.00   clock source latency
     1    0.01    0.00    0.00    0.00 ^ CLK100MHZ (in)
                                         CLK100MHZ (net)
                  0.00    0.00    0.00 ^ clkbuf_0_CLK100MHZ/A (sky130_fd_sc_hd__clkbuf_16)
     2    0.02    0.04    0.11    0.11 ^ clkbuf_0_CLK100MHZ/X (sky130_fd_sc_hd__clkbuf_16)
                                         clknet_0_CLK100MHZ (net)
                  0.04    0.00    0.11 ^ clkbuf_1_1__f_CLK100MHZ/A (sky130_fd_sc_hd__clkbuf_16)
    13    0.03    0.05    0.13    0.24 ^ clkbuf_1_1__f_CLK100MHZ/X (sky130_fd_sc_hd__clkbuf_16)
                                         clknet_1_1__leaf_CLK100MHZ (net)
                  0.05    0.00    0.24 ^ _452_/CLK (sky130_fd_sc_hd__dfxtp_1)
                          0.20    0.44   clock uncertainty
                          0.00    0.44   clock reconvergence pessimism
                         -0.05    0.39   library hold time
                                  0.39   data required time
-----------------------------------------------------------------------------
                                  0.39   data required time
                                 -0.78   data arrival time
-----------------------------------------------------------------------------
                                  0.39   slack (MET)


Startpoint: _453_ (rising edge-triggered flip-flop clocked by CLK100MHZ)
Endpoint: _453_ (rising edge-triggered flip-flop clocked by CLK100MHZ)
Path Group: CLK100MHZ
Path Type: min

Fanout     Cap    Slew   Delay    Time   Description
-----------------------------------------------------------------------------
                          0.00    0.00   clock CLK100MHZ (rise edge)
                          0.00    0.00   clock source latency
     1    0.01    0.00    0.00    0.00 ^ CLK100MHZ (in)
                                         CLK100MHZ (net)
                  0.00    0.00    0.00 ^ clkbuf_0_CLK100MHZ/A (sky130_fd_sc_hd__clkbuf_16)
     2    0.02    0.04    0.11    0.11 ^ clkbuf_0_CLK100MHZ/X (sky130_fd_sc_hd__clkbuf_16)
                                         clknet_0_CLK100MHZ (net)
                  0.04    0.00    0.11 ^ clkbuf_1_0__f_CLK100MHZ/A (sky130_fd_sc_hd__clkbuf_16)
    16    0.05    0.07    0.15    0.25 ^ clkbuf_1_0__f_CLK100MHZ/X (sky130_fd_sc_hd__clkbuf_16)
                                         clknet_1_0__leaf_CLK100MHZ (net)
                  0.07    0.00    0.26 ^ _453_/CLK (sky130_fd_sc_hd__dfxtp_1)
     3    0.01    0.04    0.31    0.57 v _453_/Q (sky130_fd_sc_hd__dfxtp_1)
                                         rf.regs[0][1] (net)
                  0.04    0.00    0.57 v _414_/A (sky130_fd_sc_hd__and2_1)
     1    0.00    0.04    0.14    0.71 v _414_/X (sky130_fd_sc_hd__and2_1)
                                         _049_ (net)
                  0.04    0.00    0.71 v _415_/A (sky130_fd_sc_hd__clkbuf_1)
     1    0.00    0.04    0.09    0.80 v _415_/X (sky130_fd_sc_hd__clkbuf_1)
                                         _019_ (net)
                  0.04    0.00    0.80 v _453_/D (sky130_fd_sc_hd__dfxtp_1)
                                  0.80   data arrival time

                          0.00    0.00   clock CLK100MHZ (rise edge)
                          0.00    0.00   clock source latency
     1    0.01    0.00    0.00    0.00 ^ CLK100MHZ (in)
                                         CLK100MHZ (net)
                  0.00    0.00    0.00 ^ clkbuf_0_CLK100MHZ/A (sky130_fd_sc_hd__clkbuf_16)
     2    0.02    0.04    0.11    0.11 ^ clkbuf_0_CLK100MHZ/X (sky130_fd_sc_hd__clkbuf_16)
                                         clknet_0_CLK100MHZ (net)
                  0.04    0.00    0.11 ^ clkbuf_1_0__f_CLK100MHZ/A (sky130_fd_sc_hd__clkbuf_16)
    16    0.05    0.07    0.15    0.25 ^ clkbuf_1_0__f_CLK100MHZ/X (sky130_fd_sc_hd__clkbuf_16)
                                         clknet_1_0__leaf_CLK100MHZ (net)
                  0.07    0.00    0.26 ^ _453_/CLK (sky130_fd_sc_hd__dfxtp_1)
                          0.20    0.46   clock uncertainty
                          0.00    0.46   clock reconvergence pessimism
                         -0.04    0.41   library hold time
                                  0.41   data required time
-----------------------------------------------------------------------------
                                  0.41   data required time
                                 -0.80   data arrival time
-----------------------------------------------------------------------------
                                  0.39   slack (MET)


Startpoint: _447_ (rising edge-triggered flip-flop clocked by CLK100MHZ)
Endpoint: _447_ (rising edge-triggered flip-flop clocked by CLK100MHZ)
Path Group: CLK100MHZ
Path Type: min

Fanout     Cap    Slew   Delay    Time   Description
-----------------------------------------------------------------------------
                          0.00    0.00   clock CLK100MHZ (rise edge)
                          0.00    0.00   clock source latency
     1    0.01    0.00    0.00    0.00 ^ CLK100MHZ (in)
                                         CLK100MHZ (net)
                  0.00    0.00    0.00 ^ clkbuf_0_CLK100MHZ/A (sky130_fd_sc_hd__clkbuf_16)
     2    0.02    0.04    0.11    0.11 ^ clkbuf_0_CLK100MHZ/X (sky130_fd_sc_hd__clkbuf_16)
                                         clknet_0_CLK100MHZ (net)
                  0.04    0.00    0.11 ^ clkbuf_1_1__f_CLK100MHZ/A (sky130_fd_sc_hd__clkbuf_16)
    13    0.03    0.05    0.13    0.24 ^ clkbuf_1_1__f_CLK100MHZ/X (sky130_fd_sc_hd__clkbuf_16)
                                         clknet_1_1__leaf_CLK100MHZ (net)
                  0.05    0.00    0.24 ^ _447_/CLK (sky130_fd_sc_hd__dfxtp_1)
     2    0.00    0.06    0.31    0.55 ^ _447_/Q (sky130_fd_sc_hd__dfxtp_1)
                                         rf.regs[10][0] (net)
                  0.06    0.00    0.55 ^ _400_/A1 (sky130_fd_sc_hd__mux2_1)
     1    0.01    0.10    0.17    0.72 ^ _400_/X (sky130_fd_sc_hd__mux2_1)
                                         _041_ (net)
                  0.10    0.00    0.72 ^ _401_/A (sky130_fd_sc_hd__buf_1)
     1    0.00    0.03    0.09    0.81 ^ _401_/X (sky130_fd_sc_hd__buf_1)
                                         _013_ (net)
                  0.03    0.00    0.81 ^ _447_/D (sky130_fd_sc_hd__dfxtp_1)
                                  0.81   data arrival time

                          0.00    0.00   clock CLK100MHZ (rise edge)
                          0.00    0.00   clock source latency
     1    0.01    0.00    0.00    0.00 ^ CLK100MHZ (in)
                                         CLK100MHZ (net)
                  0.00    0.00    0.00 ^ clkbuf_0_CLK100MHZ/A (sky130_fd_sc_hd__clkbuf_16)
     2    0.02    0.04    0.11    0.11 ^ clkbuf_0_CLK100MHZ/X (sky130_fd_sc_hd__clkbuf_16)
                                         clknet_0_CLK100MHZ (net)
                  0.04    0.00    0.11 ^ clkbuf_1_1__f_CLK100MHZ/A (sky130_fd_sc_hd__clkbuf_16)
    13    0.03    0.05    0.13    0.24 ^ clkbuf_1_1__f_CLK100MHZ/X (sky130_fd_sc_hd__clkbuf_16)
                                         clknet_1_1__leaf_CLK100MHZ (net)
                  0.05    0.00    0.24 ^ _447_/CLK (sky130_fd_sc_hd__dfxtp_1)
                          0.20    0.44   clock uncertainty
                          0.00    0.44   clock reconvergence pessimism
                         -0.03    0.41   library hold time
                                  0.41   data required time
-----------------------------------------------------------------------------
                                  0.41   data required time
                                 -0.81   data arrival time
-----------------------------------------------------------------------------
                                  0.40   slack (MET)


Startpoint: _457_ (rising edge-triggered flip-flop clocked by CLK100MHZ)
Endpoint: _457_ (rising edge-triggered flip-flop clocked by CLK100MHZ)
Path Group: CLK100MHZ
Path Type: min

Fanout     Cap    Slew   Delay    Time   Description
-----------------------------------------------------------------------------
                          0.00    0.00   clock CLK100MHZ (rise edge)
                          0.00    0.00   clock source latency
     1    0.01    0.00    0.00    0.00 ^ CLK100MHZ (in)
                                         CLK100MHZ (net)
                  0.00    0.00    0.00 ^ clkbuf_0_CLK100MHZ/A (sky130_fd_sc_hd__clkbuf_16)
     2    0.02    0.04    0.11    0.11 ^ clkbuf_0_CLK100MHZ/X (sky130_fd_sc_hd__clkbuf_16)
                                         clknet_0_CLK100MHZ (net)
                  0.04    0.00    0.11 ^ clkbuf_1_1__f_CLK100MHZ/A (sky130_fd_sc_hd__clkbuf_16)
    13    0.03    0.05    0.13    0.24 ^ clkbuf_1_1__f_CLK100MHZ/X (sky130_fd_sc_hd__clkbuf_16)
                                         clknet_1_1__leaf_CLK100MHZ (net)
                  0.05    0.00    0.24 ^ _457_/CLK (sky130_fd_sc_hd__dfxtp_1)
     2    0.00    0.05    0.30    0.54 ^ _457_/Q (sky130_fd_sc_hd__dfxtp_1)
                                         rf.regs[5][0] (net)
                  0.05    0.00    0.54 ^ _424_/A0 (sky130_fd_sc_hd__mux2_1)
     1    0.01    0.07    0.14    0.69 ^ _424_/X (sky130_fd_sc_hd__mux2_1)
                                         _055_ (net)
                  0.07    0.00    0.69 ^ _425_/A (sky130_fd_sc_hd__clkbuf_1)
     1    0.01    0.08    0.12    0.80 ^ _425_/X (sky130_fd_sc_hd__clkbuf_1)
                                         _023_ (net)
                  0.08    0.00    0.80 ^ _457_/D (sky130_fd_sc_hd__dfxtp_1)
                                  0.80   data arrival time

                          0.00    0.00   clock CLK100MHZ (rise edge)
                          0.00    0.00   clock source latency
     1    0.01    0.00    0.00    0.00 ^ CLK100MHZ (in)
                                         CLK100MHZ (net)
                  0.00    0.00    0.00 ^ clkbuf_0_CLK100MHZ/A (sky130_fd_sc_hd__clkbuf_16)
     2    0.02    0.04    0.11    0.11 ^ clkbuf_0_CLK100MHZ/X (sky130_fd_sc_hd__clkbuf_16)
                                         clknet_0_CLK100MHZ (net)
                  0.04    0.00    0.11 ^ clkbuf_1_1__f_CLK100MHZ/A (sky130_fd_sc_hd__clkbuf_16)
    13    0.03    0.05    0.13    0.24 ^ clkbuf_1_1__f_CLK100MHZ/X (sky130_fd_sc_hd__clkbuf_16)
                                         clknet_1_1__leaf_CLK100MHZ (net)
                  0.05    0.00    0.24 ^ _457_/CLK (sky130_fd_sc_hd__dfxtp_1)
                          0.20    0.44   clock uncertainty
                          0.00    0.44   clock reconvergence pessimism
                         -0.04    0.40   library hold time
                                  0.40   data required time
-----------------------------------------------------------------------------
                                  0.40   data required time
                                 -0.80   data arrival time
-----------------------------------------------------------------------------
                                  0.40   slack (MET)


Startpoint: _438_ (rising edge-triggered flip-flop clocked by CLK100MHZ)
Endpoint: _438_ (rising edge-triggered flip-flop clocked by CLK100MHZ)
Path Group: CLK100MHZ
Path Type: min

Fanout     Cap    Slew   Delay    Time   Description
-----------------------------------------------------------------------------
                          0.00    0.00   clock CLK100MHZ (rise edge)
                          0.00    0.00   clock source latency
     1    0.01    0.00    0.00    0.00 ^ CLK100MHZ (in)
                                         CLK100MHZ (net)
                  0.00    0.00    0.00 ^ clkbuf_0_CLK100MHZ/A (sky130_fd_sc_hd__clkbuf_16)
     2    0.02    0.04    0.11    0.11 ^ clkbuf_0_CLK100MHZ/X (sky130_fd_sc_hd__clkbuf_16)
                                         clknet_0_CLK100MHZ (net)
                  0.04    0.00    0.11 ^ clkbuf_1_1__f_CLK100MHZ/A (sky130_fd_sc_hd__clkbuf_16)
    13    0.03    0.05    0.13    0.24 ^ clkbuf_1_1__f_CLK100MHZ/X (sky130_fd_sc_hd__clkbuf_16)
                                         clknet_1_1__leaf_CLK100MHZ (net)
                  0.05    0.00    0.24 ^ _438_/CLK (sky130_fd_sc_hd__dfxtp_1)
     3    0.01    0.08    0.34    0.57 ^ _438_/Q (sky130_fd_sc_hd__dfxtp_1)
                                         rf.regs[25][1] (net)
                  0.08    0.00    0.57 ^ _367_/A0 (sky130_fd_sc_hd__mux2_1)
     1    0.01    0.08    0.16    0.73 ^ _367_/X (sky130_fd_sc_hd__mux2_1)
                                         _201_ (net)
                  0.08    0.00    0.73 ^ _368_/A (sky130_fd_sc_hd__clkbuf_1)
     1    0.00    0.03    0.08    0.81 ^ _368_/X (sky130_fd_sc_hd__clkbuf_1)
                                         _004_ (net)
                  0.03    0.00    0.81 ^ _438_/D (sky130_fd_sc_hd__dfxtp_1)
                                  0.81   data arrival time

                          0.00    0.00   clock CLK100MHZ (rise edge)
                          0.00    0.00   clock source latency
     1    0.01    0.00    0.00    0.00 ^ CLK100MHZ (in)
                                         CLK100MHZ (net)
                  0.00    0.00    0.00 ^ clkbuf_0_CLK100MHZ/A (sky130_fd_sc_hd__clkbuf_16)
     2    0.02    0.04    0.11    0.11 ^ clkbuf_0_CLK100MHZ/X (sky130_fd_sc_hd__clkbuf_16)
                                         clknet_0_CLK100MHZ (net)
                  0.04    0.00    0.11 ^ clkbuf_1_1__f_CLK100MHZ/A (sky130_fd_sc_hd__clkbuf_16)
    13    0.03    0.05    0.13    0.24 ^ clkbuf_1_1__f_CLK100MHZ/X (sky130_fd_sc_hd__clkbuf_16)
                                         clknet_1_1__leaf_CLK100MHZ (net)
                  0.05    0.00    0.24 ^ _438_/CLK (sky130_fd_sc_hd__dfxtp_1)
                          0.20    0.44   clock uncertainty
                          0.00    0.44   clock reconvergence pessimism
                         -0.03    0.41   library hold time
                                  0.41   data required time
-----------------------------------------------------------------------------
                                  0.41   data required time
                                 -0.81   data arrival time
-----------------------------------------------------------------------------
                                  0.40   slack (MET)


Startpoint: _456_ (rising edge-triggered flip-flop clocked by CLK100MHZ)
Endpoint: _456_ (rising edge-triggered flip-flop clocked by CLK100MHZ)
Path Group: CLK100MHZ
Path Type: min

Fanout     Cap    Slew   Delay    Time   Description
-----------------------------------------------------------------------------
                          0.00    0.00   clock CLK100MHZ (rise edge)
                          0.00    0.00   clock source latency
     1    0.01    0.00    0.00    0.00 ^ CLK100MHZ (in)
                                         CLK100MHZ (net)
                  0.00    0.00    0.00 ^ clkbuf_0_CLK100MHZ/A (sky130_fd_sc_hd__clkbuf_16)
     2    0.02    0.04    0.11    0.11 ^ clkbuf_0_CLK100MHZ/X (sky130_fd_sc_hd__clkbuf_16)
                                         clknet_0_CLK100MHZ (net)
                  0.04    0.00    0.11 ^ clkbuf_1_1__f_CLK100MHZ/A (sky130_fd_sc_hd__clkbuf_16)
    13    0.03    0.05    0.13    0.24 ^ clkbuf_1_1__f_CLK100MHZ/X (sky130_fd_sc_hd__clkbuf_16)
                                         clknet_1_1__leaf_CLK100MHZ (net)
                  0.05    0.00    0.24 ^ _456_/CLK (sky130_fd_sc_hd__dfxtp_1)
     3    0.01    0.05    0.32    0.56 v _456_/Q (sky130_fd_sc_hd__dfxtp_1)
                                         rf.regs[0][4] (net)
                  0.05    0.00    0.56 v _420_/A (sky130_fd_sc_hd__and2_1)
     1    0.00    0.03    0.13    0.69 v _420_/X (sky130_fd_sc_hd__and2_1)
                                         _052_ (net)
                  0.03    0.00    0.69 v _421_/A (sky130_fd_sc_hd__clkbuf_1)
     1    0.01    0.05    0.10    0.79 v _421_/X (sky130_fd_sc_hd__clkbuf_1)
                                         _022_ (net)
                  0.05    0.00    0.79 v _456_/D (sky130_fd_sc_hd__dfxtp_1)
                                  0.79   data arrival time

                          0.00    0.00   clock CLK100MHZ (rise edge)
                          0.00    0.00   clock source latency
     1    0.01    0.00    0.00    0.00 ^ CLK100MHZ (in)
                                         CLK100MHZ (net)
                  0.00    0.00    0.00 ^ clkbuf_0_CLK100MHZ/A (sky130_fd_sc_hd__clkbuf_16)
     2    0.02    0.04    0.11    0.11 ^ clkbuf_0_CLK100MHZ/X (sky130_fd_sc_hd__clkbuf_16)
                                         clknet_0_CLK100MHZ (net)
                  0.04    0.00    0.11 ^ clkbuf_1_1__f_CLK100MHZ/A (sky130_fd_sc_hd__clkbuf_16)
    13    0.03    0.05    0.13    0.24 ^ clkbuf_1_1__f_CLK100MHZ/X (sky130_fd_sc_hd__clkbuf_16)
                                         clknet_1_1__leaf_CLK100MHZ (net)
                  0.05    0.00    0.24 ^ _456_/CLK (sky130_fd_sc_hd__dfxtp_1)
                          0.20    0.44   clock uncertainty
                          0.00    0.44   clock reconvergence pessimism
                         -0.05    0.38   library hold time
                                  0.38   data required time
-----------------------------------------------------------------------------
                                  0.38   data required time
                                 -0.79   data arrival time
-----------------------------------------------------------------------------
                                  0.41   slack (MET)


Startpoint: _440_ (rising edge-triggered flip-flop clocked by CLK100MHZ)
Endpoint: _440_ (rising edge-triggered flip-flop clocked by CLK100MHZ)
Path Group: CLK100MHZ
Path Type: min

Fanout     Cap    Slew   Delay    Time   Description
-----------------------------------------------------------------------------
                          0.00    0.00   clock CLK100MHZ (rise edge)
                          0.00    0.00   clock source latency
     1    0.01    0.00    0.00    0.00 ^ CLK100MHZ (in)
                                         CLK100MHZ (net)
                  0.00    0.00    0.00 ^ clkbuf_0_CLK100MHZ/A (sky130_fd_sc_hd__clkbuf_16)
     2    0.02    0.04    0.11    0.11 ^ clkbuf_0_CLK100MHZ/X (sky130_fd_sc_hd__clkbuf_16)
                                         clknet_0_CLK100MHZ (net)
                  0.04    0.00    0.11 ^ clkbuf_1_0__f_CLK100MHZ/A (sky130_fd_sc_hd__clkbuf_16)
    16    0.05    0.07    0.15    0.25 ^ clkbuf_1_0__f_CLK100MHZ/X (sky130_fd_sc_hd__clkbuf_16)
                                         clknet_1_0__leaf_CLK100MHZ (net)
                  0.07    0.00    0.25 ^ _440_/CLK (sky130_fd_sc_hd__dfxtp_1)
     2    0.01    0.10    0.36    0.61 ^ _440_/Q (sky130_fd_sc_hd__dfxtp_1)
                                         rf.regs[25][3] (net)
                  0.10    0.00    0.61 ^ _371_/A0 (sky130_fd_sc_hd__mux2_1)
     1    0.01    0.06    0.15    0.76 ^ _371_/X (sky130_fd_sc_hd__mux2_1)
                                         _203_ (net)
                  0.06    0.00    0.76 ^ _372_/A (sky130_fd_sc_hd__buf_1)
     1    0.00    0.03    0.08    0.84 ^ _372_/X (sky130_fd_sc_hd__buf_1)
                                         _006_ (net)
                  0.03    0.00    0.84 ^ _440_/D (sky130_fd_sc_hd__dfxtp_1)
                                  0.84   data arrival time

                          0.00    0.00   clock CLK100MHZ (rise edge)
                          0.00    0.00   clock source latency
     1    0.01    0.00    0.00    0.00 ^ CLK100MHZ (in)
                                         CLK100MHZ (net)
                  0.00    0.00    0.00 ^ clkbuf_0_CLK100MHZ/A (sky130_fd_sc_hd__clkbuf_16)
     2    0.02    0.04    0.11    0.11 ^ clkbuf_0_CLK100MHZ/X (sky130_fd_sc_hd__clkbuf_16)
                                         clknet_0_CLK100MHZ (net)
                  0.04    0.00    0.11 ^ clkbuf_1_0__f_CLK100MHZ/A (sky130_fd_sc_hd__clkbuf_16)
    16    0.05    0.07    0.15    0.25 ^ clkbuf_1_0__f_CLK100MHZ/X (sky130_fd_sc_hd__clkbuf_16)
                                         clknet_1_0__leaf_CLK100MHZ (net)
                  0.07    0.00    0.25 ^ _440_/CLK (sky130_fd_sc_hd__dfxtp_1)
                          0.20    0.45   clock uncertainty
                          0.00    0.45   clock reconvergence pessimism
                         -0.03    0.43   library hold time
                                  0.43   data required time
-----------------------------------------------------------------------------
                                  0.43   data required time
                                 -0.84   data arrival time
-----------------------------------------------------------------------------
                                  0.41   slack (MET)


Startpoint: _439_ (rising edge-triggered flip-flop clocked by CLK100MHZ)
Endpoint: _439_ (rising edge-triggered flip-flop clocked by CLK100MHZ)
Path Group: CLK100MHZ
Path Type: min

Fanout     Cap    Slew   Delay    Time   Description
-----------------------------------------------------------------------------
                          0.00    0.00   clock CLK100MHZ (rise edge)
                          0.00    0.00   clock source latency
     1    0.01    0.00    0.00    0.00 ^ CLK100MHZ (in)
                                         CLK100MHZ (net)
                  0.00    0.00    0.00 ^ clkbuf_0_CLK100MHZ/A (sky130_fd_sc_hd__clkbuf_16)
     2    0.02    0.04    0.11    0.11 ^ clkbuf_0_CLK100MHZ/X (sky130_fd_sc_hd__clkbuf_16)
                                         clknet_0_CLK100MHZ (net)
                  0.04    0.00    0.11 ^ clkbuf_1_1__f_CLK100MHZ/A (sky130_fd_sc_hd__clkbuf_16)
    13    0.03    0.05    0.13    0.24 ^ clkbuf_1_1__f_CLK100MHZ/X (sky130_fd_sc_hd__clkbuf_16)
                                         clknet_1_1__leaf_CLK100MHZ (net)
                  0.05    0.00    0.24 ^ _439_/CLK (sky130_fd_sc_hd__dfxtp_1)
     2    0.01    0.09    0.34    0.58 ^ _439_/Q (sky130_fd_sc_hd__dfxtp_1)
                                         rf.regs[25][2] (net)
                  0.09    0.00    0.58 ^ _369_/A0 (sky130_fd_sc_hd__mux2_1)
     1    0.00    0.04    0.12    0.70 ^ _369_/X (sky130_fd_sc_hd__mux2_1)
                                         _202_ (net)
                  0.04    0.00    0.70 ^ _370_/A (sky130_fd_sc_hd__clkbuf_1)
     1    0.01    0.09    0.11    0.81 ^ _370_/X (sky130_fd_sc_hd__clkbuf_1)
                                         _005_ (net)
                  0.09    0.00    0.81 ^ _439_/D (sky130_fd_sc_hd__dfxtp_1)
                                  0.81   data arrival time

                          0.00    0.00   clock CLK100MHZ (rise edge)
                          0.00    0.00   clock source latency
     1    0.01    0.00    0.00    0.00 ^ CLK100MHZ (in)
                                         CLK100MHZ (net)
                  0.00    0.00    0.00 ^ clkbuf_0_CLK100MHZ/A (sky130_fd_sc_hd__clkbuf_16)
     2    0.02    0.04    0.11    0.11 ^ clkbuf_0_CLK100MHZ/X (sky130_fd_sc_hd__clkbuf_16)
                                         clknet_0_CLK100MHZ (net)
                  0.04    0.00    0.11 ^ clkbuf_1_1__f_CLK100MHZ/A (sky130_fd_sc_hd__clkbuf_16)
    13    0.03    0.05    0.13    0.24 ^ clkbuf_1_1__f_CLK100MHZ/X (sky130_fd_sc_hd__clkbuf_16)
                                         clknet_1_1__leaf_CLK100MHZ (net)
                  0.05    0.00    0.24 ^ _439_/CLK (sky130_fd_sc_hd__dfxtp_1)
                          0.20    0.44   clock uncertainty
                          0.00    0.44   clock reconvergence pessimism
                         -0.04    0.40   library hold time
                                  0.40   data required time
-----------------------------------------------------------------------------
                                  0.40   data required time
                                 -0.81   data arrival time
-----------------------------------------------------------------------------
                                  0.42   slack (MET)


Startpoint: _437_ (rising edge-triggered flip-flop clocked by CLK100MHZ)
Endpoint: _437_ (rising edge-triggered flip-flop clocked by CLK100MHZ)
Path Group: CLK100MHZ
Path Type: min

Fanout     Cap    Slew   Delay    Time   Description
-----------------------------------------------------------------------------
                          0.00    0.00   clock CLK100MHZ (rise edge)
                          0.00    0.00   clock source latency
     1    0.01    0.00    0.00    0.00 ^ CLK100MHZ (in)
                                         CLK100MHZ (net)
                  0.00    0.00    0.00 ^ clkbuf_0_CLK100MHZ/A (sky130_fd_sc_hd__clkbuf_16)
     2    0.02    0.04    0.11    0.11 ^ clkbuf_0_CLK100MHZ/X (sky130_fd_sc_hd__clkbuf_16)
                                         clknet_0_CLK100MHZ (net)
                  0.04    0.00    0.11 ^ clkbuf_1_0__f_CLK100MHZ/A (sky130_fd_sc_hd__clkbuf_16)
    16    0.05    0.07    0.15    0.25 ^ clkbuf_1_0__f_CLK100MHZ/X (sky130_fd_sc_hd__clkbuf_16)
                                         clknet_1_0__leaf_CLK100MHZ (net)
                  0.07    0.00    0.26 ^ _437_/CLK (sky130_fd_sc_hd__dfxtp_1)
     2    0.01    0.08    0.34    0.59 ^ _437_/Q (sky130_fd_sc_hd__dfxtp_1)
                                         rf.regs[25][0] (net)
                  0.08    0.00    0.59 ^ _365_/A0 (sky130_fd_sc_hd__mux2_1)
     1    0.01    0.06    0.15    0.74 ^ _365_/X (sky130_fd_sc_hd__mux2_1)
                                         _200_ (net)
                  0.06    0.00    0.74 ^ _366_/A (sky130_fd_sc_hd__clkbuf_1)
     1    0.01    0.07    0.11    0.85 ^ _366_/X (sky130_fd_sc_hd__clkbuf_1)
                                         _003_ (net)
                  0.07    0.00    0.85 ^ _437_/D (sky130_fd_sc_hd__dfxtp_1)
                                  0.85   data arrival time

                          0.00    0.00   clock CLK100MHZ (rise edge)
                          0.00    0.00   clock source latency
     1    0.01    0.00    0.00    0.00 ^ CLK100MHZ (in)
                                         CLK100MHZ (net)
                  0.00    0.00    0.00 ^ clkbuf_0_CLK100MHZ/A (sky130_fd_sc_hd__clkbuf_16)
     2    0.02    0.04    0.11    0.11 ^ clkbuf_0_CLK100MHZ/X (sky130_fd_sc_hd__clkbuf_16)
                                         clknet_0_CLK100MHZ (net)
                  0.04    0.00    0.11 ^ clkbuf_1_0__f_CLK100MHZ/A (sky130_fd_sc_hd__clkbuf_16)
    16    0.05    0.07    0.15    0.25 ^ clkbuf_1_0__f_CLK100MHZ/X (sky130_fd_sc_hd__clkbuf_16)
                                         clknet_1_0__leaf_CLK100MHZ (net)
                  0.07    0.00    0.26 ^ _437_/CLK (sky130_fd_sc_hd__dfxtp_1)
                          0.20    0.46   clock uncertainty
                          0.00    0.46   clock reconvergence pessimism
                         -0.03    0.42   library hold time
                                  0.42   data required time
-----------------------------------------------------------------------------
                                  0.42   data required time
                                 -0.85   data arrival time
-----------------------------------------------------------------------------
                                  0.42   slack (MET)


Startpoint: _455_ (rising edge-triggered flip-flop clocked by CLK100MHZ)
Endpoint: _455_ (rising edge-triggered flip-flop clocked by CLK100MHZ)
Path Group: CLK100MHZ
Path Type: min

Fanout     Cap    Slew   Delay    Time   Description
-----------------------------------------------------------------------------
                          0.00    0.00   clock CLK100MHZ (rise edge)
                          0.00    0.00   clock source latency
     1    0.01    0.00    0.00    0.00 ^ CLK100MHZ (in)
                                         CLK100MHZ (net)
                  0.00    0.00    0.00 ^ clkbuf_0_CLK100MHZ/A (sky130_fd_sc_hd__clkbuf_16)
     2    0.02    0.04    0.11    0.11 ^ clkbuf_0_CLK100MHZ/X (sky130_fd_sc_hd__clkbuf_16)
                                         clknet_0_CLK100MHZ (net)
                  0.04    0.00    0.11 ^ clkbuf_1_0__f_CLK100MHZ/A (sky130_fd_sc_hd__clkbuf_16)
    16    0.05    0.07    0.15    0.25 ^ clkbuf_1_0__f_CLK100MHZ/X (sky130_fd_sc_hd__clkbuf_16)
                                         clknet_1_0__leaf_CLK100MHZ (net)
                  0.07    0.00    0.26 ^ _455_/CLK (sky130_fd_sc_hd__dfxtp_1)
     3    0.02    0.08    0.35    0.61 v _455_/Q (sky130_fd_sc_hd__dfxtp_1)
                                         rf.regs[0][3] (net)
                  0.08    0.00    0.61 v _418_/A (sky130_fd_sc_hd__and2_1)
     1    0.00    0.04    0.15    0.76 v _418_/X (sky130_fd_sc_hd__and2_1)
                                         _051_ (net)
                  0.04    0.00    0.76 v _419_/A (sky130_fd_sc_hd__clkbuf_1)
     1    0.00    0.03    0.09    0.85 v _419_/X (sky130_fd_sc_hd__clkbuf_1)
                                         _021_ (net)
                  0.03    0.00    0.85 v _455_/D (sky130_fd_sc_hd__dfxtp_1)
                                  0.85   data arrival time

                          0.00    0.00   clock CLK100MHZ (rise edge)
                          0.00    0.00   clock source latency
     1    0.01    0.00    0.00    0.00 ^ CLK100MHZ (in)
                                         CLK100MHZ (net)
                  0.00    0.00    0.00 ^ clkbuf_0_CLK100MHZ/A (sky130_fd_sc_hd__clkbuf_16)
     2    0.02    0.04    0.11    0.11 ^ clkbuf_0_CLK100MHZ/X (sky130_fd_sc_hd__clkbuf_16)
                                         clknet_0_CLK100MHZ (net)
                  0.04    0.00    0.11 ^ clkbuf_1_0__f_CLK100MHZ/A (sky130_fd_sc_hd__clkbuf_16)
    16    0.05    0.07    0.15    0.25 ^ clkbuf_1_0__f_CLK100MHZ/X (sky130_fd_sc_hd__clkbuf_16)
                                         clknet_1_0__leaf_CLK100MHZ (net)
                  0.07    0.00    0.26 ^ _455_/CLK (sky130_fd_sc_hd__dfxtp_1)
                          0.20    0.46   clock uncertainty
                          0.00    0.46   clock reconvergence pessimism
                         -0.04    0.41   library hold time
                                  0.41   data required time
-----------------------------------------------------------------------------
                                  0.41   data required time
                                 -0.85   data arrival time
-----------------------------------------------------------------------------
                                  0.43   slack (MET)


Startpoint: _445_ (rising edge-triggered flip-flop clocked by CLK100MHZ)
Endpoint: _445_ (rising edge-triggered flip-flop clocked by CLK100MHZ)
Path Group: CLK100MHZ
Path Type: min

Fanout     Cap    Slew   Delay    Time   Description
-----------------------------------------------------------------------------
                          0.00    0.00   clock CLK100MHZ (rise edge)
                          0.00    0.00   clock source latency
     1    0.01    0.00    0.00    0.00 ^ CLK100MHZ (in)
                                         CLK100MHZ (net)
                  0.00    0.00    0.00 ^ clkbuf_0_CLK100MHZ/A (sky130_fd_sc_hd__clkbuf_16)
     2    0.02    0.04    0.11    0.11 ^ clkbuf_0_CLK100MHZ/X (sky130_fd_sc_hd__clkbuf_16)
                                         clknet_0_CLK100MHZ (net)
                  0.04    0.00    0.11 ^ clkbuf_1_1__f_CLK100MHZ/A (sky130_fd_sc_hd__clkbuf_16)
    13    0.03    0.05    0.13    0.24 ^ clkbuf_1_1__f_CLK100MHZ/X (sky130_fd_sc_hd__clkbuf_16)
                                         clknet_1_1__leaf_CLK100MHZ (net)
                  0.05    0.00    0.24 ^ _445_/CLK (sky130_fd_sc_hd__dfxtp_1)
     2    0.01    0.10    0.35    0.59 ^ _445_/Q (sky130_fd_sc_hd__dfxtp_1)
                                         rf.regs[15][3] (net)
                  0.10    0.00    0.59 ^ _393_/A0 (sky130_fd_sc_hd__mux2_1)
     1    0.00    0.04    0.14    0.73 ^ _393_/X (sky130_fd_sc_hd__mux2_1)
                                         _036_ (net)
                  0.04    0.00    0.73 ^ _394_/A (sky130_fd_sc_hd__buf_1)
     1    0.01    0.08    0.11    0.84 ^ _394_/X (sky130_fd_sc_hd__buf_1)
                                         _011_ (net)
                  0.08    0.00    0.84 ^ _445_/D (sky130_fd_sc_hd__dfxtp_1)
                                  0.84   data arrival time

                          0.00    0.00   clock CLK100MHZ (rise edge)
                          0.00    0.00   clock source latency
     1    0.01    0.00    0.00    0.00 ^ CLK100MHZ (in)
                                         CLK100MHZ (net)
                  0.00    0.00    0.00 ^ clkbuf_0_CLK100MHZ/A (sky130_fd_sc_hd__clkbuf_16)
     2    0.02    0.04    0.11    0.11 ^ clkbuf_0_CLK100MHZ/X (sky130_fd_sc_hd__clkbuf_16)
                                         clknet_0_CLK100MHZ (net)
                  0.04    0.00    0.11 ^ clkbuf_1_1__f_CLK100MHZ/A (sky130_fd_sc_hd__clkbuf_16)
    13    0.03    0.05    0.13    0.24 ^ clkbuf_1_1__f_CLK100MHZ/X (sky130_fd_sc_hd__clkbuf_16)
                                         clknet_1_1__leaf_CLK100MHZ (net)
                  0.05    0.00    0.24 ^ _445_/CLK (sky130_fd_sc_hd__dfxtp_1)
                          0.20    0.44   clock uncertainty
                          0.00    0.44   clock reconvergence pessimism
                         -0.04    0.40   library hold time
                                  0.40   data required time
-----------------------------------------------------------------------------
                                  0.40   data required time
                                 -0.84   data arrival time
-----------------------------------------------------------------------------
                                  0.44   slack (MET)


Startpoint: _446_ (rising edge-triggered flip-flop clocked by CLK100MHZ)
Endpoint: _446_ (rising edge-triggered flip-flop clocked by CLK100MHZ)
Path Group: CLK100MHZ
Path Type: min

Fanout     Cap    Slew   Delay    Time   Description
-----------------------------------------------------------------------------
                          0.00    0.00   clock CLK100MHZ (rise edge)
                          0.00    0.00   clock source latency
     1    0.01    0.00    0.00    0.00 ^ CLK100MHZ (in)
                                         CLK100MHZ (net)
                  0.00    0.00    0.00 ^ clkbuf_0_CLK100MHZ/A (sky130_fd_sc_hd__clkbuf_16)
     2    0.02    0.04    0.11    0.11 ^ clkbuf_0_CLK100MHZ/X (sky130_fd_sc_hd__clkbuf_16)
                                         clknet_0_CLK100MHZ (net)
                  0.04    0.00    0.11 ^ clkbuf_1_1__f_CLK100MHZ/A (sky130_fd_sc_hd__clkbuf_16)
    13    0.03    0.05    0.13    0.24 ^ clkbuf_1_1__f_CLK100MHZ/X (sky130_fd_sc_hd__clkbuf_16)
                                         clknet_1_1__leaf_CLK100MHZ (net)
                  0.05    0.00    0.24 ^ _446_/CLK (sky130_fd_sc_hd__dfxtp_1)
     2    0.01    0.10    0.35    0.59 ^ _446_/Q (sky130_fd_sc_hd__dfxtp_1)
                                         rf.regs[15][4] (net)
                  0.10    0.00    0.59 ^ _395_/A0 (sky130_fd_sc_hd__mux2_1)
     1    0.01    0.07    0.16    0.75 ^ _395_/X (sky130_fd_sc_hd__mux2_1)
                                         _037_ (net)
                  0.07    0.00    0.75 ^ _396_/A (sky130_fd_sc_hd__clkbuf_1)
     1    0.01    0.07    0.11    0.86 ^ _396_/X (sky130_fd_sc_hd__clkbuf_1)
                                         _012_ (net)
                  0.07    0.00    0.86 ^ _446_/D (sky130_fd_sc_hd__dfxtp_1)
                                  0.86   data arrival time

                          0.00    0.00   clock CLK100MHZ (rise edge)
                          0.00    0.00   clock source latency
     1    0.01    0.00    0.00    0.00 ^ CLK100MHZ (in)
                                         CLK100MHZ (net)
                  0.00    0.00    0.00 ^ clkbuf_0_CLK100MHZ/A (sky130_fd_sc_hd__clkbuf_16)
     2    0.02    0.04    0.11    0.11 ^ clkbuf_0_CLK100MHZ/X (sky130_fd_sc_hd__clkbuf_16)
                                         clknet_0_CLK100MHZ (net)
                  0.04    0.00    0.11 ^ clkbuf_1_1__f_CLK100MHZ/A (sky130_fd_sc_hd__clkbuf_16)
    13    0.03    0.05    0.13    0.24 ^ clkbuf_1_1__f_CLK100MHZ/X (sky130_fd_sc_hd__clkbuf_16)
                                         clknet_1_1__leaf_CLK100MHZ (net)
                  0.05    0.00    0.24 ^ _446_/CLK (sky130_fd_sc_hd__dfxtp_1)
                          0.20    0.44   clock uncertainty
                          0.00    0.44   clock reconvergence pessimism
                         -0.04    0.40   library hold time
                                  0.40   data required time
-----------------------------------------------------------------------------
                                  0.40   data required time
                                 -0.86   data arrival time
-----------------------------------------------------------------------------
                                  0.46   slack (MET)


Startpoint: _449_ (rising edge-triggered flip-flop clocked by CLK100MHZ)
Endpoint: _449_ (rising edge-triggered flip-flop clocked by CLK100MHZ)
Path Group: CLK100MHZ
Path Type: min

Fanout     Cap    Slew   Delay    Time   Description
-----------------------------------------------------------------------------
                          0.00    0.00   clock CLK100MHZ (rise edge)
                          0.00    0.00   clock source latency
     1    0.01    0.00    0.00    0.00 ^ CLK100MHZ (in)
                                         CLK100MHZ (net)
                  0.00    0.00    0.00 ^ clkbuf_0_CLK100MHZ/A (sky130_fd_sc_hd__clkbuf_16)
     2    0.02    0.04    0.11    0.11 ^ clkbuf_0_CLK100MHZ/X (sky130_fd_sc_hd__clkbuf_16)
                                         clknet_0_CLK100MHZ (net)
                  0.04    0.00    0.11 ^ clkbuf_1_0__f_CLK100MHZ/A (sky130_fd_sc_hd__clkbuf_16)
    16    0.05    0.07    0.15    0.25 ^ clkbuf_1_0__f_CLK100MHZ/X (sky130_fd_sc_hd__clkbuf_16)
                                         clknet_1_0__leaf_CLK100MHZ (net)
                  0.07    0.00    0.26 ^ _449_/CLK (sky130_fd_sc_hd__dfxtp_1)
     2    0.01    0.12    0.37    0.62 ^ _449_/Q (sky130_fd_sc_hd__dfxtp_1)
                                         rf.regs[10][2] (net)
                  0.12    0.00    0.62 ^ _404_/A1 (sky130_fd_sc_hd__mux2_1)
     1    0.01    0.09    0.18    0.80 ^ _404_/X (sky130_fd_sc_hd__mux2_1)
                                         _043_ (net)
                  0.09    0.00    0.80 ^ _405_/A (sky130_fd_sc_hd__buf_1)
     1    0.00    0.05    0.09    0.90 ^ _405_/X (sky130_fd_sc_hd__buf_1)
                                         _015_ (net)
                  0.05    0.00    0.90 ^ _449_/D (sky130_fd_sc_hd__dfxtp_1)
                                  0.90   data arrival time

                          0.00    0.00   clock CLK100MHZ (rise edge)
                          0.00    0.00   clock source latency
     1    0.01    0.00    0.00    0.00 ^ CLK100MHZ (in)
                                         CLK100MHZ (net)
                  0.00    0.00    0.00 ^ clkbuf_0_CLK100MHZ/A (sky130_fd_sc_hd__clkbuf_16)
     2    0.02    0.04    0.11    0.11 ^ clkbuf_0_CLK100MHZ/X (sky130_fd_sc_hd__clkbuf_16)
                                         clknet_0_CLK100MHZ (net)
                  0.04    0.00    0.11 ^ clkbuf_1_0__f_CLK100MHZ/A (sky130_fd_sc_hd__clkbuf_16)
    16    0.05    0.07    0.15    0.25 ^ clkbuf_1_0__f_CLK100MHZ/X (sky130_fd_sc_hd__clkbuf_16)
                                         clknet_1_0__leaf_CLK100MHZ (net)
                  0.07    0.00    0.26 ^ _449_/CLK (sky130_fd_sc_hd__dfxtp_1)
                          0.20    0.46   clock uncertainty
                          0.00    0.46   clock reconvergence pessimism
                         -0.03    0.43   library hold time
                                  0.43   data required time
-----------------------------------------------------------------------------
                                  0.43   data required time
                                 -0.90   data arrival time
-----------------------------------------------------------------------------
                                  0.47   slack (MET)


Startpoint: _461_ (rising edge-triggered flip-flop clocked by CLK100MHZ)
Endpoint: _461_ (rising edge-triggered flip-flop clocked by CLK100MHZ)
Path Group: CLK100MHZ
Path Type: min

Fanout     Cap    Slew   Delay    Time   Description
-----------------------------------------------------------------------------
                          0.00    0.00   clock CLK100MHZ (rise edge)
                          0.00    0.00   clock source latency
     1    0.01    0.00    0.00    0.00 ^ CLK100MHZ (in)
                                         CLK100MHZ (net)
                  0.00    0.00    0.00 ^ clkbuf_0_CLK100MHZ/A (sky130_fd_sc_hd__clkbuf_16)
     2    0.02    0.04    0.11    0.11 ^ clkbuf_0_CLK100MHZ/X (sky130_fd_sc_hd__clkbuf_16)
                                         clknet_0_CLK100MHZ (net)
                  0.04    0.00    0.11 ^ clkbuf_1_0__f_CLK100MHZ/A (sky130_fd_sc_hd__clkbuf_16)
    16    0.05    0.07    0.15    0.25 ^ clkbuf_1_0__f_CLK100MHZ/X (sky130_fd_sc_hd__clkbuf_16)
                                         clknet_1_0__leaf_CLK100MHZ (net)
                  0.07    0.00    0.26 ^ _461_/CLK (sky130_fd_sc_hd__dfxtp_1)
     3    0.02    0.15    0.39    0.65 ^ _461_/Q (sky130_fd_sc_hd__dfxtp_1)
                                         rf.regs[5][4] (net)
                  0.15    0.00    0.65 ^ _432_/A0 (sky130_fd_sc_hd__mux2_1)
     1    0.01    0.07    0.18    0.83 ^ _432_/X (sky130_fd_sc_hd__mux2_1)
                                         _059_ (net)
                  0.07    0.00    0.83 ^ _433_/A (sky130_fd_sc_hd__buf_1)
     1    0.00    0.03    0.08    0.91 ^ _433_/X (sky130_fd_sc_hd__buf_1)
                                         _027_ (net)
                  0.03    0.00    0.91 ^ _461_/D (sky130_fd_sc_hd__dfxtp_1)
                                  0.91   data arrival time

                          0.00    0.00   clock CLK100MHZ (rise edge)
                          0.00    0.00   clock source latency
     1    0.01    0.00    0.00    0.00 ^ CLK100MHZ (in)
                                         CLK100MHZ (net)
                  0.00    0.00    0.00 ^ clkbuf_0_CLK100MHZ/A (sky130_fd_sc_hd__clkbuf_16)
     2    0.02    0.04    0.11    0.11 ^ clkbuf_0_CLK100MHZ/X (sky130_fd_sc_hd__clkbuf_16)
                                         clknet_0_CLK100MHZ (net)
                  0.04    0.00    0.11 ^ clkbuf_1_0__f_CLK100MHZ/A (sky130_fd_sc_hd__clkbuf_16)
    16    0.05    0.07    0.15    0.25 ^ clkbuf_1_0__f_CLK100MHZ/X (sky130_fd_sc_hd__clkbuf_16)
                                         clknet_1_0__leaf_CLK100MHZ (net)
                  0.07    0.00    0.26 ^ _461_/CLK (sky130_fd_sc_hd__dfxtp_1)
                          0.20    0.46   clock uncertainty
                          0.00    0.46   clock reconvergence pessimism
                         -0.03    0.43   library hold time
                                  0.43   data required time
-----------------------------------------------------------------------------
                                  0.43   data required time
                                 -0.91   data arrival time
-----------------------------------------------------------------------------
                                  0.48   slack (MET)


Startpoint: _441_ (rising edge-triggered flip-flop clocked by CLK100MHZ)
Endpoint: _441_ (rising edge-triggered flip-flop clocked by CLK100MHZ)
Path Group: CLK100MHZ
Path Type: min

Fanout     Cap    Slew   Delay    Time   Description
-----------------------------------------------------------------------------
                          0.00    0.00   clock CLK100MHZ (rise edge)
                          0.00    0.00   clock source latency
     1    0.01    0.00    0.00    0.00 ^ CLK100MHZ (in)
                                         CLK100MHZ (net)
                  0.00    0.00    0.00 ^ clkbuf_0_CLK100MHZ/A (sky130_fd_sc_hd__clkbuf_16)
     2    0.02    0.04    0.11    0.11 ^ clkbuf_0_CLK100MHZ/X (sky130_fd_sc_hd__clkbuf_16)
                                         clknet_0_CLK100MHZ (net)
                  0.04    0.00    0.11 ^ clkbuf_1_0__f_CLK100MHZ/A (sky130_fd_sc_hd__clkbuf_16)
    16    0.05    0.07    0.15    0.25 ^ clkbuf_1_0__f_CLK100MHZ/X (sky130_fd_sc_hd__clkbuf_16)
                                         clknet_1_0__leaf_CLK100MHZ (net)
                  0.07    0.00    0.26 ^ _441_/CLK (sky130_fd_sc_hd__dfxtp_1)
     2    0.01    0.14    0.38    0.64 ^ _441_/Q (sky130_fd_sc_hd__dfxtp_1)
                                         rf.regs[25][4] (net)
                  0.14    0.00    0.64 ^ _383_/A0 (sky130_fd_sc_hd__mux2_1)
     1    0.00    0.05    0.16    0.79 ^ _383_/X (sky130_fd_sc_hd__mux2_1)
                                         _214_ (net)
                  0.05    0.00    0.79 ^ _384_/A (sky130_fd_sc_hd__buf_1)
     1    0.01    0.09    0.12    0.91 ^ _384_/X (sky130_fd_sc_hd__buf_1)
                                         _007_ (net)
                  0.09    0.00    0.91 ^ _441_/D (sky130_fd_sc_hd__dfxtp_1)
                                  0.91   data arrival time

                          0.00    0.00   clock CLK100MHZ (rise edge)
                          0.00    0.00   clock source latency
     1    0.01    0.00    0.00    0.00 ^ CLK100MHZ (in)
                                         CLK100MHZ (net)
                  0.00    0.00    0.00 ^ clkbuf_0_CLK100MHZ/A (sky130_fd_sc_hd__clkbuf_16)
     2    0.02    0.04    0.11    0.11 ^ clkbuf_0_CLK100MHZ/X (sky130_fd_sc_hd__clkbuf_16)
                                         clknet_0_CLK100MHZ (net)
                  0.04    0.00    0.11 ^ clkbuf_1_0__f_CLK100MHZ/A (sky130_fd_sc_hd__clkbuf_16)
    16    0.05    0.07    0.15    0.25 ^ clkbuf_1_0__f_CLK100MHZ/X (sky130_fd_sc_hd__clkbuf_16)
                                         clknet_1_0__leaf_CLK100MHZ (net)
                  0.07    0.00    0.26 ^ _441_/CLK (sky130_fd_sc_hd__dfxtp_1)
                          0.20    0.46   clock uncertainty
                          0.00    0.46   clock reconvergence pessimism
                         -0.04    0.42   library hold time
                                  0.42   data required time
-----------------------------------------------------------------------------
                                  0.42   data required time
                                 -0.91   data arrival time
-----------------------------------------------------------------------------
                                  0.49   slack (MET)


Startpoint: _463_ (rising edge-triggered flip-flop clocked by CLK100MHZ)
Endpoint: _463_ (rising edge-triggered flip-flop clocked by CLK100MHZ)
Path Group: CLK100MHZ
Path Type: min

Fanout     Cap    Slew   Delay    Time   Description
-----------------------------------------------------------------------------
                          0.00    0.00   clock CLK100MHZ (rise edge)
                          0.00    0.00   clock source latency
     1    0.01    0.00    0.00    0.00 ^ CLK100MHZ (in)
                                         CLK100MHZ (net)
                  0.00    0.00    0.00 ^ clkbuf_0_CLK100MHZ/A (sky130_fd_sc_hd__clkbuf_16)
     2    0.02    0.04    0.11    0.11 ^ clkbuf_0_CLK100MHZ/X (sky130_fd_sc_hd__clkbuf_16)
                                         clknet_0_CLK100MHZ (net)
                  0.04    0.00    0.11 ^ clkbuf_1_0__f_CLK100MHZ/A (sky130_fd_sc_hd__clkbuf_16)
    16    0.05    0.07    0.15    0.25 ^ clkbuf_1_0__f_CLK100MHZ/X (sky130_fd_sc_hd__clkbuf_16)
                                         clknet_1_0__leaf_CLK100MHZ (net)
                  0.07    0.00    0.26 ^ _463_/CLK (sky130_fd_sc_hd__dfrtp_4)
    10    0.03    0.11    0.46    0.72 ^ _463_/Q (sky130_fd_sc_hd__dfrtp_4)
                                         imem.address[1] (net)
                  0.11    0.00    0.72 ^ _220_/A (sky130_fd_sc_hd__clkbuf_4)
    10    0.02    0.08    0.19    0.90 ^ _220_/X (sky130_fd_sc_hd__clkbuf_4)
                                         _065_ (net)
                  0.08    0.00    0.90 ^ _225_/B1 (sky130_fd_sc_hd__a21oi_1)
     1    0.00    0.04    0.05    0.96 v _225_/Y (sky130_fd_sc_hd__a21oi_1)
                                         _069_ (net)
                  0.04    0.00    0.96 v _226_/B (sky130_fd_sc_hd__nor2_1)
     1    0.00    0.06    0.07    1.03 ^ _226_/Y (sky130_fd_sc_hd__nor2_1)
                                         _029_ (net)
                  0.06    0.00    1.03 ^ _463_/D (sky130_fd_sc_hd__dfrtp_4)
                                  1.03   data arrival time

                          0.00    0.00   clock CLK100MHZ (rise edge)
                          0.00    0.00   clock source latency
     1    0.01    0.00    0.00    0.00 ^ CLK100MHZ (in)
                                         CLK100MHZ (net)
                  0.00    0.00    0.00 ^ clkbuf_0_CLK100MHZ/A (sky130_fd_sc_hd__clkbuf_16)
     2    0.02    0.04    0.11    0.11 ^ clkbuf_0_CLK100MHZ/X (sky130_fd_sc_hd__clkbuf_16)
                                         clknet_0_CLK100MHZ (net)
                  0.04    0.00    0.11 ^ clkbuf_1_0__f_CLK100MHZ/A (sky130_fd_sc_hd__clkbuf_16)
    16    0.05    0.07    0.15    0.25 ^ clkbuf_1_0__f_CLK100MHZ/X (sky130_fd_sc_hd__clkbuf_16)
                                         clknet_1_0__leaf_CLK100MHZ (net)
                  0.07    0.00    0.26 ^ _463_/CLK (sky130_fd_sc_hd__dfrtp_4)
                          0.20    0.46   clock uncertainty
                          0.00    0.46   clock reconvergence pessimism
                         -0.04    0.42   library hold time
                                  0.42   data required time
-----------------------------------------------------------------------------
                                  0.42   data required time
                                 -1.03   data arrival time
-----------------------------------------------------------------------------
                                  0.61   slack (MET)


Startpoint: _462_ (rising edge-triggered flip-flop clocked by CLK100MHZ)
Endpoint: _462_ (rising edge-triggered flip-flop clocked by CLK100MHZ)
Path Group: CLK100MHZ
Path Type: min

Fanout     Cap    Slew   Delay    Time   Description
-----------------------------------------------------------------------------
                          0.00    0.00   clock CLK100MHZ (rise edge)
                          0.00    0.00   clock source latency
     1    0.01    0.00    0.00    0.00 ^ CLK100MHZ (in)
                                         CLK100MHZ (net)
                  0.00    0.00    0.00 ^ clkbuf_0_CLK100MHZ/A (sky130_fd_sc_hd__clkbuf_16)
     2    0.02    0.04    0.11    0.11 ^ clkbuf_0_CLK100MHZ/X (sky130_fd_sc_hd__clkbuf_16)
                                         clknet_0_CLK100MHZ (net)
                  0.04    0.00    0.11 ^ clkbuf_1_1__f_CLK100MHZ/A (sky130_fd_sc_hd__clkbuf_16)
    13    0.03    0.05    0.13    0.24 ^ clkbuf_1_1__f_CLK100MHZ/X (sky130_fd_sc_hd__clkbuf_16)
                                         clknet_1_1__leaf_CLK100MHZ (net)
                  0.05    0.00    0.24 ^ _462_/CLK (sky130_fd_sc_hd__dfrtp_2)
     4    0.02    0.10    0.40    0.64 ^ _462_/Q (sky130_fd_sc_hd__dfrtp_2)
                                         imem.address[0] (net)
                  0.10    0.00    0.64 ^ _221_/A (sky130_fd_sc_hd__clkbuf_4)
    10    0.03    0.09    0.19    0.83 ^ _221_/X (sky130_fd_sc_hd__clkbuf_4)
                                         _066_ (net)
                  0.09    0.00    0.83 ^ _222_/A (sky130_fd_sc_hd__clkbuf_4)
     9    0.02    0.08    0.18    1.00 ^ _222_/X (sky130_fd_sc_hd__clkbuf_4)
                                         _067_ (net)
                  0.08    0.00    1.00 ^ _227_/B (sky130_fd_sc_hd__xor2_1)
     1    0.01    0.06    0.10    1.10 v _227_/X (sky130_fd_sc_hd__xor2_1)
                                         _028_ (net)
                  0.06    0.00    1.10 v _462_/D (sky130_fd_sc_hd__dfrtp_2)
                                  1.10   data arrival time

                          0.00    0.00   clock CLK100MHZ (rise edge)
                          0.00    0.00   clock source latency
     1    0.01    0.00    0.00    0.00 ^ CLK100MHZ (in)
                                         CLK100MHZ (net)
                  0.00    0.00    0.00 ^ clkbuf_0_CLK100MHZ/A (sky130_fd_sc_hd__clkbuf_16)
     2    0.02    0.04    0.11    0.11 ^ clkbuf_0_CLK100MHZ/X (sky130_fd_sc_hd__clkbuf_16)
                                         clknet_0_CLK100MHZ (net)
                  0.04    0.00    0.11 ^ clkbuf_1_1__f_CLK100MHZ/A (sky130_fd_sc_hd__clkbuf_16)
    13    0.03    0.05    0.13    0.24 ^ clkbuf_1_1__f_CLK100MHZ/X (sky130_fd_sc_hd__clkbuf_16)
                                         clknet_1_1__leaf_CLK100MHZ (net)
                  0.05    0.00    0.24 ^ _462_/CLK (sky130_fd_sc_hd__dfrtp_2)
                          0.20    0.44   clock uncertainty
                          0.00    0.44   clock reconvergence pessimism
                         -0.05    0.39   library hold time
                                  0.39   data required time
-----------------------------------------------------------------------------
                                  0.39   data required time
                                 -1.10   data arrival time
-----------------------------------------------------------------------------
                                  0.71   slack (MET)


Startpoint: _463_ (rising edge-triggered flip-flop clocked by CLK100MHZ)
Endpoint: _464_ (rising edge-triggered flip-flop clocked by CLK100MHZ)
Path Group: CLK100MHZ
Path Type: min

Fanout     Cap    Slew   Delay    Time   Description
-----------------------------------------------------------------------------
                          0.00    0.00   clock CLK100MHZ (rise edge)
                          0.00    0.00   clock source latency
     1    0.01    0.00    0.00    0.00 ^ CLK100MHZ (in)
                                         CLK100MHZ (net)
                  0.00    0.00    0.00 ^ clkbuf_0_CLK100MHZ/A (sky130_fd_sc_hd__clkbuf_16)
     2    0.02    0.04    0.11    0.11 ^ clkbuf_0_CLK100MHZ/X (sky130_fd_sc_hd__clkbuf_16)
                                         clknet_0_CLK100MHZ (net)
                  0.04    0.00    0.11 ^ clkbuf_1_0__f_CLK100MHZ/A (sky130_fd_sc_hd__clkbuf_16)
    16    0.05    0.07    0.15    0.25 ^ clkbuf_1_0__f_CLK100MHZ/X (sky130_fd_sc_hd__clkbuf_16)
                                         clknet_1_0__leaf_CLK100MHZ (net)
                  0.07    0.00    0.26 ^ _463_/CLK (sky130_fd_sc_hd__dfrtp_4)
    10    0.03    0.11    0.46    0.72 ^ _463_/Q (sky130_fd_sc_hd__dfrtp_4)
                                         imem.address[1] (net)
                  0.11    0.00    0.72 ^ _220_/A (sky130_fd_sc_hd__clkbuf_4)
    10    0.02    0.08    0.19    0.90 ^ _220_/X (sky130_fd_sc_hd__clkbuf_4)
                                         _065_ (net)
                  0.08    0.00    0.90 ^ _223_/B (sky130_fd_sc_hd__and3_1)
     2    0.01    0.15    0.23    1.14 ^ _223_/X (sky130_fd_sc_hd__and3_1)
                                         _068_ (net)
                  0.15    0.00    1.14 ^ _224_/B (sky130_fd_sc_hd__xor2_1)
     1    0.00    0.04    0.08    1.22 v _224_/X (sky130_fd_sc_hd__xor2_1)
                                         _030_ (net)
                  0.04    0.00    1.22 v _464_/D (sky130_fd_sc_hd__dfrtp_1)
                                  1.22   data arrival time

                          0.00    0.00   clock CLK100MHZ (rise edge)
                          0.00    0.00   clock source latency
     1    0.01    0.00    0.00    0.00 ^ CLK100MHZ (in)
                                         CLK100MHZ (net)
                  0.00    0.00    0.00 ^ clkbuf_0_CLK100MHZ/A (sky130_fd_sc_hd__clkbuf_16)
     2    0.02    0.04    0.11    0.11 ^ clkbuf_0_CLK100MHZ/X (sky130_fd_sc_hd__clkbuf_16)
                                         clknet_0_CLK100MHZ (net)
                  0.04    0.00    0.11 ^ clkbuf_1_0__f_CLK100MHZ/A (sky130_fd_sc_hd__clkbuf_16)
    16    0.05    0.07    0.15    0.25 ^ clkbuf_1_0__f_CLK100MHZ/X (sky130_fd_sc_hd__clkbuf_16)
                                         clknet_1_0__leaf_CLK100MHZ (net)
                  0.07    0.00    0.26 ^ _464_/CLK (sky130_fd_sc_hd__dfrtp_1)
                          0.20    0.46   clock uncertainty
                          0.00    0.46   clock reconvergence pessimism
                         -0.04    0.42   library hold time
                                  0.42   data required time
-----------------------------------------------------------------------------
                                  0.42   data required time
                                 -1.22   data arrival time
-----------------------------------------------------------------------------
                                  0.80   slack (MET)



worst slack corner Typical: 0.3514
min_report_end
max_report

===========================================================================
report_checks -path_delay max (Setup)
============================================================================
======================= Typical Corner ===================================

Startpoint: _462_ (rising edge-triggered flip-flop clocked by CLK100MHZ)
Endpoint: _445_ (rising edge-triggered flip-flop clocked by CLK100MHZ)
Path Group: CLK100MHZ
Path Type: max

Fanout     Cap    Slew   Delay    Time   Description
-----------------------------------------------------------------------------
                          0.00    0.00   clock CLK100MHZ (rise edge)
                          0.00    0.00   clock source latency
     1    0.01    0.00    0.00    0.00 ^ CLK100MHZ (in)
                                         CLK100MHZ (net)
                  0.00    0.00    0.00 ^ clkbuf_0_CLK100MHZ/A (sky130_fd_sc_hd__clkbuf_16)
     2    0.02    0.04    0.11    0.11 ^ clkbuf_0_CLK100MHZ/X (sky130_fd_sc_hd__clkbuf_16)
                                         clknet_0_CLK100MHZ (net)
                  0.04    0.00    0.11 ^ clkbuf_1_1__f_CLK100MHZ/A (sky130_fd_sc_hd__clkbuf_16)
    13    0.03    0.05    0.13    0.24 ^ clkbuf_1_1__f_CLK100MHZ/X (sky130_fd_sc_hd__clkbuf_16)
                                         clknet_1_1__leaf_CLK100MHZ (net)
                  0.05    0.00    0.24 ^ _462_/CLK (sky130_fd_sc_hd__dfrtp_2)
     4    0.02    0.07    0.43    0.67 v _462_/Q (sky130_fd_sc_hd__dfrtp_2)
                                         imem.address[0] (net)
                  0.07    0.00    0.67 v _221_/A (sky130_fd_sc_hd__clkbuf_4)
    10    0.02    0.06    0.18    0.85 v _221_/X (sky130_fd_sc_hd__clkbuf_4)
                                         _066_ (net)
                  0.06    0.00    0.85 v _222_/A (sky130_fd_sc_hd__clkbuf_4)
     9    0.02    0.05    0.17    1.02 v _222_/X (sky130_fd_sc_hd__clkbuf_4)
                                         _067_ (net)
                  0.05    0.00    1.02 v _246_/C (sky130_fd_sc_hd__and3b_1)
     1    0.00    0.03    0.17    1.19 v _246_/X (sky130_fd_sc_hd__and3b_1)
                                         _088_ (net)
                  0.03    0.00    1.19 v _247_/A (sky130_fd_sc_hd__buf_2)
     7    0.02    0.05    0.14    1.33 v _247_/X (sky130_fd_sc_hd__buf_2)
                                         _089_ (net)
                  0.05    0.00    1.33 v _248_/B (sky130_fd_sc_hd__or2_1)
     1    0.01    0.06    0.22    1.55 v _248_/X (sky130_fd_sc_hd__or2_1)
                                         _090_ (net)
                  0.06    0.00    1.55 v _249_/A (sky130_fd_sc_hd__clkbuf_2)
     5    0.01    0.05    0.13    1.68 v _249_/X (sky130_fd_sc_hd__clkbuf_2)
                                         _091_ (net)
                  0.05    0.00    1.68 v _266_/A2 (sky130_fd_sc_hd__a21o_1)
     2    0.01    0.06    0.20    1.88 v _266_/X (sky130_fd_sc_hd__a21o_1)
                                         _108_ (net)
                  0.06    0.00    1.88 v _268_/B (sky130_fd_sc_hd__or3_2)
     2    0.01    0.09    0.47    2.35 v _268_/X (sky130_fd_sc_hd__or3_2)
                                         _110_ (net)
                  0.09    0.00    2.35 v _312_/A2 (sky130_fd_sc_hd__a21oi_2)
     3    0.01    0.14    0.19    2.53 ^ _312_/Y (sky130_fd_sc_hd__a21oi_2)
                                         _154_ (net)
                  0.14    0.00    2.53 ^ _319_/A2 (sky130_fd_sc_hd__o21ai_2)
     3    0.01    0.06    0.09    2.62 v _319_/Y (sky130_fd_sc_hd__o21ai_2)
                                         _161_ (net)
                  0.06    0.00    2.62 v _327_/A (sky130_fd_sc_hd__or2_1)
     1    0.01    0.08    0.27    2.89 v _327_/X (sky130_fd_sc_hd__or2_1)
                                         _169_ (net)
                  0.08    0.00    2.89 v _332_/A2 (sky130_fd_sc_hd__a32o_4)
     8    0.04    0.09    0.37    3.26 v _332_/X (sky130_fd_sc_hd__a32o_4)
                                         _174_ (net)
                  0.09    0.00    3.26 v _393_/A1 (sky130_fd_sc_hd__mux2_1)
     1    0.00    0.06    0.30    3.56 v _393_/X (sky130_fd_sc_hd__mux2_1)
                                         _036_ (net)
                  0.06    0.00    3.56 v _394_/A (sky130_fd_sc_hd__buf_1)
     1    0.01    0.04    0.11    3.67 v _394_/X (sky130_fd_sc_hd__buf_1)
                                         _011_ (net)
                  0.04    0.00    3.67 v _445_/D (sky130_fd_sc_hd__dfxtp_1)
                                  3.67   data arrival time

                         10.00   10.00   clock CLK100MHZ (rise edge)
                          0.00   10.00   clock source latency
     1    0.01    0.00    0.00   10.00 ^ CLK100MHZ (in)
                                         CLK100MHZ (net)
                  0.00    0.00   10.00 ^ clkbuf_0_CLK100MHZ/A (sky130_fd_sc_hd__clkbuf_16)
     2    0.02    0.04    0.11   10.11 ^ clkbuf_0_CLK100MHZ/X (sky130_fd_sc_hd__clkbuf_16)
                                         clknet_0_CLK100MHZ (net)
                  0.04    0.00   10.11 ^ clkbuf_1_1__f_CLK100MHZ/A (sky130_fd_sc_hd__clkbuf_16)
    13    0.03    0.05    0.13   10.24 ^ clkbuf_1_1__f_CLK100MHZ/X (sky130_fd_sc_hd__clkbuf_16)
                                         clknet_1_1__leaf_CLK100MHZ (net)
                  0.05    0.00   10.24 ^ _445_/CLK (sky130_fd_sc_hd__dfxtp_1)
                         -0.20   10.04   clock uncertainty
                          0.00   10.04   clock reconvergence pessimism
                         -0.11    9.93   library setup time
                                  9.93   data required time
-----------------------------------------------------------------------------
                                  9.93   data required time
                                 -3.67   data arrival time
-----------------------------------------------------------------------------
                                  6.26   slack (MET)


Startpoint: _462_ (rising edge-triggered flip-flop clocked by CLK100MHZ)
Endpoint: _440_ (rising edge-triggered flip-flop clocked by CLK100MHZ)
Path Group: CLK100MHZ
Path Type: max

Fanout     Cap    Slew   Delay    Time   Description
-----------------------------------------------------------------------------
                          0.00    0.00   clock CLK100MHZ (rise edge)
                          0.00    0.00   clock source latency
     1    0.01    0.00    0.00    0.00 ^ CLK100MHZ (in)
                                         CLK100MHZ (net)
                  0.00    0.00    0.00 ^ clkbuf_0_CLK100MHZ/A (sky130_fd_sc_hd__clkbuf_16)
     2    0.02    0.04    0.11    0.11 ^ clkbuf_0_CLK100MHZ/X (sky130_fd_sc_hd__clkbuf_16)
                                         clknet_0_CLK100MHZ (net)
                  0.04    0.00    0.11 ^ clkbuf_1_1__f_CLK100MHZ/A (sky130_fd_sc_hd__clkbuf_16)
    13    0.03    0.05    0.13    0.24 ^ clkbuf_1_1__f_CLK100MHZ/X (sky130_fd_sc_hd__clkbuf_16)
                                         clknet_1_1__leaf_CLK100MHZ (net)
                  0.05    0.00    0.24 ^ _462_/CLK (sky130_fd_sc_hd__dfrtp_2)
     4    0.02    0.07    0.43    0.67 v _462_/Q (sky130_fd_sc_hd__dfrtp_2)
                                         imem.address[0] (net)
                  0.07    0.00    0.67 v _221_/A (sky130_fd_sc_hd__clkbuf_4)
    10    0.02    0.06    0.18    0.85 v _221_/X (sky130_fd_sc_hd__clkbuf_4)
                                         _066_ (net)
                  0.06    0.00    0.85 v _222_/A (sky130_fd_sc_hd__clkbuf_4)
     9    0.02    0.05    0.17    1.02 v _222_/X (sky130_fd_sc_hd__clkbuf_4)
                                         _067_ (net)
                  0.05    0.00    1.02 v _246_/C (sky130_fd_sc_hd__and3b_1)
     1    0.00    0.03    0.17    1.19 v _246_/X (sky130_fd_sc_hd__and3b_1)
                                         _088_ (net)
                  0.03    0.00    1.19 v _247_/A (sky130_fd_sc_hd__buf_2)
     7    0.02    0.05    0.14    1.33 v _247_/X (sky130_fd_sc_hd__buf_2)
                                         _089_ (net)
                  0.05    0.00    1.33 v _248_/B (sky130_fd_sc_hd__or2_1)
     1    0.01    0.06    0.22    1.55 v _248_/X (sky130_fd_sc_hd__or2_1)
                                         _090_ (net)
                  0.06    0.00    1.55 v _249_/A (sky130_fd_sc_hd__clkbuf_2)
     5    0.01    0.05    0.13    1.68 v _249_/X (sky130_fd_sc_hd__clkbuf_2)
                                         _091_ (net)
                  0.05    0.00    1.68 v _266_/A2 (sky130_fd_sc_hd__a21o_1)
     2    0.01    0.06    0.20    1.88 v _266_/X (sky130_fd_sc_hd__a21o_1)
                                         _108_ (net)
                  0.06    0.00    1.88 v _268_/B (sky130_fd_sc_hd__or3_2)
     2    0.01    0.09    0.47    2.35 v _268_/X (sky130_fd_sc_hd__or3_2)
                                         _110_ (net)
                  0.09    0.00    2.35 v _312_/A2 (sky130_fd_sc_hd__a21oi_2)
     3    0.01    0.14    0.19    2.53 ^ _312_/Y (sky130_fd_sc_hd__a21oi_2)
                                         _154_ (net)
                  0.14    0.00    2.53 ^ _319_/A2 (sky130_fd_sc_hd__o21ai_2)
     3    0.01    0.06    0.09    2.62 v _319_/Y (sky130_fd_sc_hd__o21ai_2)
                                         _161_ (net)
                  0.06    0.00    2.62 v _327_/A (sky130_fd_sc_hd__or2_1)
     1    0.01    0.08    0.27    2.89 v _327_/X (sky130_fd_sc_hd__or2_1)
                                         _169_ (net)
                  0.08    0.00    2.89 v _332_/A2 (sky130_fd_sc_hd__a32o_4)
     8    0.04    0.09    0.37    3.26 v _332_/X (sky130_fd_sc_hd__a32o_4)
                                         _174_ (net)
                  0.09    0.00    3.26 v _371_/A1 (sky130_fd_sc_hd__mux2_1)
     1    0.01    0.07    0.32    3.58 v _371_/X (sky130_fd_sc_hd__mux2_1)
                                         _203_ (net)
                  0.07    0.00    3.58 v _372_/A (sky130_fd_sc_hd__buf_1)
     1    0.00    0.02    0.09    3.67 v _372_/X (sky130_fd_sc_hd__buf_1)
                                         _006_ (net)
                  0.02    0.00    3.67 v _440_/D (sky130_fd_sc_hd__dfxtp_1)
                                  3.67   data arrival time

                         10.00   10.00   clock CLK100MHZ (rise edge)
                          0.00   10.00   clock source latency
     1    0.01    0.00    0.00   10.00 ^ CLK100MHZ (in)
                                         CLK100MHZ (net)
                  0.00    0.00   10.00 ^ clkbuf_0_CLK100MHZ/A (sky130_fd_sc_hd__clkbuf_16)
     2    0.02    0.04    0.11   10.11 ^ clkbuf_0_CLK100MHZ/X (sky130_fd_sc_hd__clkbuf_16)
                                         clknet_0_CLK100MHZ (net)
                  0.04    0.00   10.11 ^ clkbuf_1_0__f_CLK100MHZ/A (sky130_fd_sc_hd__clkbuf_16)
    16    0.05    0.07    0.15   10.25 ^ clkbuf_1_0__f_CLK100MHZ/X (sky130_fd_sc_hd__clkbuf_16)
                                         clknet_1_0__leaf_CLK100MHZ (net)
                  0.07    0.00   10.25 ^ _440_/CLK (sky130_fd_sc_hd__dfxtp_1)
                         -0.20   10.05   clock uncertainty
                          0.00   10.05   clock reconvergence pessimism
                         -0.09    9.96   library setup time
                                  9.96   data required time
-----------------------------------------------------------------------------
                                  9.96   data required time
                                 -3.67   data arrival time
-----------------------------------------------------------------------------
                                  6.29   slack (MET)


Startpoint: _462_ (rising edge-triggered flip-flop clocked by CLK100MHZ)
Endpoint: _460_ (rising edge-triggered flip-flop clocked by CLK100MHZ)
Path Group: CLK100MHZ
Path Type: max

Fanout     Cap    Slew   Delay    Time   Description
-----------------------------------------------------------------------------
                          0.00    0.00   clock CLK100MHZ (rise edge)
                          0.00    0.00   clock source latency
     1    0.01    0.00    0.00    0.00 ^ CLK100MHZ (in)
                                         CLK100MHZ (net)
                  0.00    0.00    0.00 ^ clkbuf_0_CLK100MHZ/A (sky130_fd_sc_hd__clkbuf_16)
     2    0.02    0.04    0.11    0.11 ^ clkbuf_0_CLK100MHZ/X (sky130_fd_sc_hd__clkbuf_16)
                                         clknet_0_CLK100MHZ (net)
                  0.04    0.00    0.11 ^ clkbuf_1_1__f_CLK100MHZ/A (sky130_fd_sc_hd__clkbuf_16)
    13    0.03    0.05    0.13    0.24 ^ clkbuf_1_1__f_CLK100MHZ/X (sky130_fd_sc_hd__clkbuf_16)
                                         clknet_1_1__leaf_CLK100MHZ (net)
                  0.05    0.00    0.24 ^ _462_/CLK (sky130_fd_sc_hd__dfrtp_2)
     4    0.02    0.07    0.43    0.67 v _462_/Q (sky130_fd_sc_hd__dfrtp_2)
                                         imem.address[0] (net)
                  0.07    0.00    0.67 v _221_/A (sky130_fd_sc_hd__clkbuf_4)
    10    0.02    0.06    0.18    0.85 v _221_/X (sky130_fd_sc_hd__clkbuf_4)
                                         _066_ (net)
                  0.06    0.00    0.85 v _222_/A (sky130_fd_sc_hd__clkbuf_4)
     9    0.02    0.05    0.17    1.02 v _222_/X (sky130_fd_sc_hd__clkbuf_4)
                                         _067_ (net)
                  0.05    0.00    1.02 v _246_/C (sky130_fd_sc_hd__and3b_1)
     1    0.00    0.03    0.17    1.19 v _246_/X (sky130_fd_sc_hd__and3b_1)
                                         _088_ (net)
                  0.03    0.00    1.19 v _247_/A (sky130_fd_sc_hd__buf_2)
     7    0.02    0.05    0.14    1.33 v _247_/X (sky130_fd_sc_hd__buf_2)
                                         _089_ (net)
                  0.05    0.00    1.33 v _248_/B (sky130_fd_sc_hd__or2_1)
     1    0.01    0.06    0.22    1.55 v _248_/X (sky130_fd_sc_hd__or2_1)
                                         _090_ (net)
                  0.06    0.00    1.55 v _249_/A (sky130_fd_sc_hd__clkbuf_2)
     5    0.01    0.05    0.13    1.68 v _249_/X (sky130_fd_sc_hd__clkbuf_2)
                                         _091_ (net)
                  0.05    0.00    1.68 v _266_/A2 (sky130_fd_sc_hd__a21o_1)
     2    0.01    0.06    0.20    1.88 v _266_/X (sky130_fd_sc_hd__a21o_1)
                                         _108_ (net)
                  0.06    0.00    1.88 v _268_/B (sky130_fd_sc_hd__or3_2)
     2    0.01    0.09    0.47    2.35 v _268_/X (sky130_fd_sc_hd__or3_2)
                                         _110_ (net)
                  0.09    0.00    2.35 v _312_/A2 (sky130_fd_sc_hd__a21oi_2)
     3    0.01    0.14    0.19    2.53 ^ _312_/Y (sky130_fd_sc_hd__a21oi_2)
                                         _154_ (net)
                  0.14    0.00    2.53 ^ _319_/A2 (sky130_fd_sc_hd__o21ai_2)
     3    0.01    0.06    0.09    2.62 v _319_/Y (sky130_fd_sc_hd__o21ai_2)
                                         _161_ (net)
                  0.06    0.00    2.62 v _327_/A (sky130_fd_sc_hd__or2_1)
     1    0.01    0.08    0.27    2.89 v _327_/X (sky130_fd_sc_hd__or2_1)
                                         _169_ (net)
                  0.08    0.00    2.89 v _332_/A2 (sky130_fd_sc_hd__a32o_4)
     8    0.04    0.09    0.37    3.26 v _332_/X (sky130_fd_sc_hd__a32o_4)
                                         _174_ (net)
                  0.09    0.00    3.26 v _430_/A1 (sky130_fd_sc_hd__mux2_1)
     1    0.00    0.06    0.30    3.56 v _430_/X (sky130_fd_sc_hd__mux2_1)
                                         _058_ (net)
                  0.06    0.00    3.56 v _431_/A (sky130_fd_sc_hd__buf_1)
     1    0.01    0.04    0.10    3.66 v _431_/X (sky130_fd_sc_hd__buf_1)
                                         _026_ (net)
                  0.04    0.00    3.66 v _460_/D (sky130_fd_sc_hd__dfxtp_1)
                                  3.66   data arrival time

                         10.00   10.00   clock CLK100MHZ (rise edge)
                          0.00   10.00   clock source latency
     1    0.01    0.00    0.00   10.00 ^ CLK100MHZ (in)
                                         CLK100MHZ (net)
                  0.00    0.00   10.00 ^ clkbuf_0_CLK100MHZ/A (sky130_fd_sc_hd__clkbuf_16)
     2    0.02    0.04    0.11   10.11 ^ clkbuf_0_CLK100MHZ/X (sky130_fd_sc_hd__clkbuf_16)
                                         clknet_0_CLK100MHZ (net)
                  0.04    0.00   10.11 ^ clkbuf_1_0__f_CLK100MHZ/A (sky130_fd_sc_hd__clkbuf_16)
    16    0.05    0.07    0.15   10.25 ^ clkbuf_1_0__f_CLK100MHZ/X (sky130_fd_sc_hd__clkbuf_16)
                                         clknet_1_0__leaf_CLK100MHZ (net)
                  0.07    0.00   10.26 ^ _460_/CLK (sky130_fd_sc_hd__dfxtp_1)
                         -0.20   10.06   clock uncertainty
                          0.00   10.06   clock reconvergence pessimism
                         -0.10    9.95   library setup time
                                  9.95   data required time
-----------------------------------------------------------------------------
                                  9.95   data required time
                                 -3.66   data arrival time
-----------------------------------------------------------------------------
                                  6.29   slack (MET)


Startpoint: _462_ (rising edge-triggered flip-flop clocked by CLK100MHZ)
Endpoint: _450_ (rising edge-triggered flip-flop clocked by CLK100MHZ)
Path Group: CLK100MHZ
Path Type: max

Fanout     Cap    Slew   Delay    Time   Description
-----------------------------------------------------------------------------
                          0.00    0.00   clock CLK100MHZ (rise edge)
                          0.00    0.00   clock source latency
     1    0.01    0.00    0.00    0.00 ^ CLK100MHZ (in)
                                         CLK100MHZ (net)
                  0.00    0.00    0.00 ^ clkbuf_0_CLK100MHZ/A (sky130_fd_sc_hd__clkbuf_16)
     2    0.02    0.04    0.11    0.11 ^ clkbuf_0_CLK100MHZ/X (sky130_fd_sc_hd__clkbuf_16)
                                         clknet_0_CLK100MHZ (net)
                  0.04    0.00    0.11 ^ clkbuf_1_1__f_CLK100MHZ/A (sky130_fd_sc_hd__clkbuf_16)
    13    0.03    0.05    0.13    0.24 ^ clkbuf_1_1__f_CLK100MHZ/X (sky130_fd_sc_hd__clkbuf_16)
                                         clknet_1_1__leaf_CLK100MHZ (net)
                  0.05    0.00    0.24 ^ _462_/CLK (sky130_fd_sc_hd__dfrtp_2)
     4    0.02    0.07    0.43    0.67 v _462_/Q (sky130_fd_sc_hd__dfrtp_2)
                                         imem.address[0] (net)
                  0.07    0.00    0.67 v _221_/A (sky130_fd_sc_hd__clkbuf_4)
    10    0.02    0.06    0.18    0.85 v _221_/X (sky130_fd_sc_hd__clkbuf_4)
                                         _066_ (net)
                  0.06    0.00    0.85 v _222_/A (sky130_fd_sc_hd__clkbuf_4)
     9    0.02    0.05    0.17    1.02 v _222_/X (sky130_fd_sc_hd__clkbuf_4)
                                         _067_ (net)
                  0.05    0.00    1.02 v _246_/C (sky130_fd_sc_hd__and3b_1)
     1    0.00    0.03    0.17    1.19 v _246_/X (sky130_fd_sc_hd__and3b_1)
                                         _088_ (net)
                  0.03    0.00    1.19 v _247_/A (sky130_fd_sc_hd__buf_2)
     7    0.02    0.05    0.14    1.33 v _247_/X (sky130_fd_sc_hd__buf_2)
                                         _089_ (net)
                  0.05    0.00    1.33 v _248_/B (sky130_fd_sc_hd__or2_1)
     1    0.01    0.06    0.22    1.55 v _248_/X (sky130_fd_sc_hd__or2_1)
                                         _090_ (net)
                  0.06    0.00    1.55 v _249_/A (sky130_fd_sc_hd__clkbuf_2)
     5    0.01    0.05    0.13    1.68 v _249_/X (sky130_fd_sc_hd__clkbuf_2)
                                         _091_ (net)
                  0.05    0.00    1.68 v _266_/A2 (sky130_fd_sc_hd__a21o_1)
     2    0.01    0.06    0.20    1.88 v _266_/X (sky130_fd_sc_hd__a21o_1)
                                         _108_ (net)
                  0.06    0.00    1.88 v _268_/B (sky130_fd_sc_hd__or3_2)
     2    0.01    0.09    0.47    2.35 v _268_/X (sky130_fd_sc_hd__or3_2)
                                         _110_ (net)
                  0.09    0.00    2.35 v _312_/A2 (sky130_fd_sc_hd__a21oi_2)
     3    0.01    0.14    0.19    2.53 ^ _312_/Y (sky130_fd_sc_hd__a21oi_2)
                                         _154_ (net)
                  0.14    0.00    2.53 ^ _319_/A2 (sky130_fd_sc_hd__o21ai_2)
     3    0.01    0.06    0.09    2.62 v _319_/Y (sky130_fd_sc_hd__o21ai_2)
                                         _161_ (net)
                  0.06    0.00    2.62 v _327_/A (sky130_fd_sc_hd__or2_1)
     1    0.01    0.08    0.27    2.89 v _327_/X (sky130_fd_sc_hd__or2_1)
                                         _169_ (net)
                  0.08    0.00    2.89 v _332_/A2 (sky130_fd_sc_hd__a32o_4)
     8    0.04    0.09    0.37    3.26 v _332_/X (sky130_fd_sc_hd__a32o_4)
                                         _174_ (net)
                  0.09    0.00    3.26 v _406_/A0 (sky130_fd_sc_hd__mux2_1)
     1    0.00    0.06    0.29    3.55 v _406_/X (sky130_fd_sc_hd__mux2_1)
                                         _044_ (net)
                  0.06    0.00    3.55 v _407_/A (sky130_fd_sc_hd__clkbuf_1)
     1    0.01    0.04    0.11    3.66 v _407_/X (sky130_fd_sc_hd__clkbuf_1)
                                         _016_ (net)
                  0.04    0.00    3.66 v _450_/D (sky130_fd_sc_hd__dfxtp_1)
                                  3.66   data arrival time

                         10.00   10.00   clock CLK100MHZ (rise edge)
                          0.00   10.00   clock source latency
     1    0.01    0.00    0.00   10.00 ^ CLK100MHZ (in)
                                         CLK100MHZ (net)
                  0.00    0.00   10.00 ^ clkbuf_0_CLK100MHZ/A (sky130_fd_sc_hd__clkbuf_16)
     2    0.02    0.04    0.11   10.11 ^ clkbuf_0_CLK100MHZ/X (sky130_fd_sc_hd__clkbuf_16)
                                         clknet_0_CLK100MHZ (net)
                  0.04    0.00   10.11 ^ clkbuf_1_0__f_CLK100MHZ/A (sky130_fd_sc_hd__clkbuf_16)
    16    0.05    0.07    0.15   10.25 ^ clkbuf_1_0__f_CLK100MHZ/X (sky130_fd_sc_hd__clkbuf_16)
                                         clknet_1_0__leaf_CLK100MHZ (net)
                  0.07    0.00   10.26 ^ _450_/CLK (sky130_fd_sc_hd__dfxtp_1)
                         -0.20   10.06   clock uncertainty
                          0.00   10.06   clock reconvergence pessimism
                         -0.10    9.95   library setup time
                                  9.95   data required time
-----------------------------------------------------------------------------
                                  9.95   data required time
                                 -3.66   data arrival time
-----------------------------------------------------------------------------
                                  6.29   slack (MET)


Startpoint: _462_ (rising edge-triggered flip-flop clocked by CLK100MHZ)
Endpoint: _446_ (rising edge-triggered flip-flop clocked by CLK100MHZ)
Path Group: CLK100MHZ
Path Type: max

Fanout     Cap    Slew   Delay    Time   Description
-----------------------------------------------------------------------------
                          0.00    0.00   clock CLK100MHZ (rise edge)
                          0.00    0.00   clock source latency
     1    0.01    0.00    0.00    0.00 ^ CLK100MHZ (in)
                                         CLK100MHZ (net)
                  0.00    0.00    0.00 ^ clkbuf_0_CLK100MHZ/A (sky130_fd_sc_hd__clkbuf_16)
     2    0.02    0.04    0.11    0.11 ^ clkbuf_0_CLK100MHZ/X (sky130_fd_sc_hd__clkbuf_16)
                                         clknet_0_CLK100MHZ (net)
                  0.04    0.00    0.11 ^ clkbuf_1_1__f_CLK100MHZ/A (sky130_fd_sc_hd__clkbuf_16)
    13    0.03    0.05    0.13    0.24 ^ clkbuf_1_1__f_CLK100MHZ/X (sky130_fd_sc_hd__clkbuf_16)
                                         clknet_1_1__leaf_CLK100MHZ (net)
                  0.05    0.00    0.24 ^ _462_/CLK (sky130_fd_sc_hd__dfrtp_2)
     4    0.02    0.07    0.43    0.67 v _462_/Q (sky130_fd_sc_hd__dfrtp_2)
                                         imem.address[0] (net)
                  0.07    0.00    0.67 v _221_/A (sky130_fd_sc_hd__clkbuf_4)
    10    0.02    0.06    0.18    0.85 v _221_/X (sky130_fd_sc_hd__clkbuf_4)
                                         _066_ (net)
                  0.06    0.00    0.85 v _222_/A (sky130_fd_sc_hd__clkbuf_4)
     9    0.02    0.05    0.17    1.02 v _222_/X (sky130_fd_sc_hd__clkbuf_4)
                                         _067_ (net)
                  0.05    0.00    1.02 v _246_/C (sky130_fd_sc_hd__and3b_1)
     1    0.00    0.03    0.17    1.19 v _246_/X (sky130_fd_sc_hd__and3b_1)
                                         _088_ (net)
                  0.03    0.00    1.19 v _247_/A (sky130_fd_sc_hd__buf_2)
     7    0.02    0.05    0.14    1.33 v _247_/X (sky130_fd_sc_hd__buf_2)
                                         _089_ (net)
                  0.05    0.00    1.33 v _248_/B (sky130_fd_sc_hd__or2_1)
     1    0.01    0.06    0.22    1.55 v _248_/X (sky130_fd_sc_hd__or2_1)
                                         _090_ (net)
                  0.06    0.00    1.55 v _249_/A (sky130_fd_sc_hd__clkbuf_2)
     5    0.01    0.05    0.13    1.68 v _249_/X (sky130_fd_sc_hd__clkbuf_2)
                                         _091_ (net)
                  0.05    0.00    1.68 v _266_/A2 (sky130_fd_sc_hd__a21o_1)
     2    0.01    0.06    0.20    1.88 v _266_/X (sky130_fd_sc_hd__a21o_1)
                                         _108_ (net)
                  0.06    0.00    1.88 v _268_/B (sky130_fd_sc_hd__or3_2)
     2    0.01    0.09    0.47    2.35 v _268_/X (sky130_fd_sc_hd__or3_2)
                                         _110_ (net)
                  0.09    0.00    2.35 v _312_/A2 (sky130_fd_sc_hd__a21oi_2)
     3    0.01    0.14    0.19    2.53 ^ _312_/Y (sky130_fd_sc_hd__a21oi_2)
                                         _154_ (net)
                  0.14    0.00    2.53 ^ _319_/A2 (sky130_fd_sc_hd__o21ai_2)
     3    0.01    0.06    0.09    2.62 v _319_/Y (sky130_fd_sc_hd__o21ai_2)
                                         _161_ (net)
                  0.06    0.00    2.62 v _373_/A1 (sky130_fd_sc_hd__a21oi_2)
     2    0.00    0.09    0.12    2.74 ^ _373_/Y (sky130_fd_sc_hd__a21oi_2)
                                         _204_ (net)
                  0.09    0.00    2.74 ^ _380_/A_N (sky130_fd_sc_hd__and2b_1)
     1    0.01    0.05    0.20    2.94 v _380_/X (sky130_fd_sc_hd__and2b_1)
                                         _211_ (net)
                  0.05    0.00    2.94 v _382_/A (sky130_fd_sc_hd__nor2_1)
     4    0.02    0.34    0.30    3.24 ^ _382_/Y (sky130_fd_sc_hd__nor2_1)
                                         _213_ (net)
                  0.34    0.00    3.24 ^ _395_/A1 (sky130_fd_sc_hd__mux2_1)
     1    0.01    0.08    0.22    3.46 ^ _395_/X (sky130_fd_sc_hd__mux2_1)
                                         _037_ (net)
                  0.08    0.00    3.46 ^ _396_/A (sky130_fd_sc_hd__clkbuf_1)
     1    0.01    0.07    0.11    3.56 ^ _396_/X (sky130_fd_sc_hd__clkbuf_1)
                                         _012_ (net)
                  0.07    0.00    3.57 ^ _446_/D (sky130_fd_sc_hd__dfxtp_1)
                                  3.57   data arrival time

                         10.00   10.00   clock CLK100MHZ (rise edge)
                          0.00   10.00   clock source latency
     1    0.01    0.00    0.00   10.00 ^ CLK100MHZ (in)
                                         CLK100MHZ (net)
                  0.00    0.00   10.00 ^ clkbuf_0_CLK100MHZ/A (sky130_fd_sc_hd__clkbuf_16)
     2    0.02    0.04    0.11   10.11 ^ clkbuf_0_CLK100MHZ/X (sky130_fd_sc_hd__clkbuf_16)
                                         clknet_0_CLK100MHZ (net)
                  0.04    0.00   10.11 ^ clkbuf_1_1__f_CLK100MHZ/A (sky130_fd_sc_hd__clkbuf_16)
    13    0.03    0.05    0.13   10.24 ^ clkbuf_1_1__f_CLK100MHZ/X (sky130_fd_sc_hd__clkbuf_16)
                                         clknet_1_1__leaf_CLK100MHZ (net)
                  0.05    0.00   10.24 ^ _446_/CLK (sky130_fd_sc_hd__dfxtp_1)
                         -0.20   10.04   clock uncertainty
                          0.00   10.04   clock reconvergence pessimism
                         -0.06    9.98   library setup time
                                  9.98   data required time
-----------------------------------------------------------------------------
                                  9.98   data required time
                                 -3.57   data arrival time
-----------------------------------------------------------------------------
                                  6.41   slack (MET)


Startpoint: _462_ (rising edge-triggered flip-flop clocked by CLK100MHZ)
Endpoint: _441_ (rising edge-triggered flip-flop clocked by CLK100MHZ)
Path Group: CLK100MHZ
Path Type: max

Fanout     Cap    Slew   Delay    Time   Description
-----------------------------------------------------------------------------
                          0.00    0.00   clock CLK100MHZ (rise edge)
                          0.00    0.00   clock source latency
     1    0.01    0.00    0.00    0.00 ^ CLK100MHZ (in)
                                         CLK100MHZ (net)
                  0.00    0.00    0.00 ^ clkbuf_0_CLK100MHZ/A (sky130_fd_sc_hd__clkbuf_16)
     2    0.02    0.04    0.11    0.11 ^ clkbuf_0_CLK100MHZ/X (sky130_fd_sc_hd__clkbuf_16)
                                         clknet_0_CLK100MHZ (net)
                  0.04    0.00    0.11 ^ clkbuf_1_1__f_CLK100MHZ/A (sky130_fd_sc_hd__clkbuf_16)
    13    0.03    0.05    0.13    0.24 ^ clkbuf_1_1__f_CLK100MHZ/X (sky130_fd_sc_hd__clkbuf_16)
                                         clknet_1_1__leaf_CLK100MHZ (net)
                  0.05    0.00    0.24 ^ _462_/CLK (sky130_fd_sc_hd__dfrtp_2)
     4    0.02    0.07    0.43    0.67 v _462_/Q (sky130_fd_sc_hd__dfrtp_2)
                                         imem.address[0] (net)
                  0.07    0.00    0.67 v _221_/A (sky130_fd_sc_hd__clkbuf_4)
    10    0.02    0.06    0.18    0.85 v _221_/X (sky130_fd_sc_hd__clkbuf_4)
                                         _066_ (net)
                  0.06    0.00    0.85 v _222_/A (sky130_fd_sc_hd__clkbuf_4)
     9    0.02    0.05    0.17    1.02 v _222_/X (sky130_fd_sc_hd__clkbuf_4)
                                         _067_ (net)
                  0.05    0.00    1.02 v _246_/C (sky130_fd_sc_hd__and3b_1)
     1    0.00    0.03    0.17    1.19 v _246_/X (sky130_fd_sc_hd__and3b_1)
                                         _088_ (net)
                  0.03    0.00    1.19 v _247_/A (sky130_fd_sc_hd__buf_2)
     7    0.02    0.05    0.14    1.33 v _247_/X (sky130_fd_sc_hd__buf_2)
                                         _089_ (net)
                  0.05    0.00    1.33 v _248_/B (sky130_fd_sc_hd__or2_1)
     1    0.01    0.06    0.22    1.55 v _248_/X (sky130_fd_sc_hd__or2_1)
                                         _090_ (net)
                  0.06    0.00    1.55 v _249_/A (sky130_fd_sc_hd__clkbuf_2)
     5    0.01    0.05    0.13    1.68 v _249_/X (sky130_fd_sc_hd__clkbuf_2)
                                         _091_ (net)
                  0.05    0.00    1.68 v _266_/A2 (sky130_fd_sc_hd__a21o_1)
     2    0.01    0.06    0.20    1.88 v _266_/X (sky130_fd_sc_hd__a21o_1)
                                         _108_ (net)
                  0.06    0.00    1.88 v _268_/B (sky130_fd_sc_hd__or3_2)
     2    0.01    0.09    0.47    2.35 v _268_/X (sky130_fd_sc_hd__or3_2)
                                         _110_ (net)
                  0.09    0.00    2.35 v _312_/A2 (sky130_fd_sc_hd__a21oi_2)
     3    0.01    0.14    0.19    2.53 ^ _312_/Y (sky130_fd_sc_hd__a21oi_2)
                                         _154_ (net)
                  0.14    0.00    2.53 ^ _319_/A2 (sky130_fd_sc_hd__o21ai_2)
     3    0.01    0.06    0.09    2.62 v _319_/Y (sky130_fd_sc_hd__o21ai_2)
                                         _161_ (net)
                  0.06    0.00    2.62 v _373_/A1 (sky130_fd_sc_hd__a21oi_2)
     2    0.00    0.09    0.12    2.74 ^ _373_/Y (sky130_fd_sc_hd__a21oi_2)
                                         _204_ (net)
                  0.09    0.00    2.74 ^ _380_/A_N (sky130_fd_sc_hd__and2b_1)
     1    0.01    0.05    0.20    2.94 v _380_/X (sky130_fd_sc_hd__and2b_1)
                                         _211_ (net)
                  0.05    0.00    2.94 v _382_/A (sky130_fd_sc_hd__nor2_1)
     4    0.02    0.34    0.30    3.24 ^ _382_/Y (sky130_fd_sc_hd__nor2_1)
                                         _213_ (net)
                  0.34    0.00    3.24 ^ _383_/A1 (sky130_fd_sc_hd__mux2_1)
     1    0.00    0.06    0.20    3.44 ^ _383_/X (sky130_fd_sc_hd__mux2_1)
                                         _214_ (net)
                  0.06    0.00    3.44 ^ _384_/A (sky130_fd_sc_hd__buf_1)
     1    0.01    0.09    0.12    3.56 ^ _384_/X (sky130_fd_sc_hd__buf_1)
                                         _007_ (net)
                  0.09    0.00    3.56 ^ _441_/D (sky130_fd_sc_hd__dfxtp_1)
                                  3.56   data arrival time

                         10.00   10.00   clock CLK100MHZ (rise edge)
                          0.00   10.00   clock source latency
     1    0.01    0.00    0.00   10.00 ^ CLK100MHZ (in)
                                         CLK100MHZ (net)
                  0.00    0.00   10.00 ^ clkbuf_0_CLK100MHZ/A (sky130_fd_sc_hd__clkbuf_16)
     2    0.02    0.04    0.11   10.11 ^ clkbuf_0_CLK100MHZ/X (sky130_fd_sc_hd__clkbuf_16)
                                         clknet_0_CLK100MHZ (net)
                  0.04    0.00   10.11 ^ clkbuf_1_0__f_CLK100MHZ/A (sky130_fd_sc_hd__clkbuf_16)
    16    0.05    0.07    0.15   10.25 ^ clkbuf_1_0__f_CLK100MHZ/X (sky130_fd_sc_hd__clkbuf_16)
                                         clknet_1_0__leaf_CLK100MHZ (net)
                  0.07    0.00   10.26 ^ _441_/CLK (sky130_fd_sc_hd__dfxtp_1)
                         -0.20   10.06   clock uncertainty
                          0.00   10.06   clock reconvergence pessimism
                         -0.06    9.99   library setup time
                                  9.99   data required time
-----------------------------------------------------------------------------
                                  9.99   data required time
                                 -3.56   data arrival time
-----------------------------------------------------------------------------
                                  6.44   slack (MET)


Startpoint: _462_ (rising edge-triggered flip-flop clocked by CLK100MHZ)
Endpoint: _461_ (rising edge-triggered flip-flop clocked by CLK100MHZ)
Path Group: CLK100MHZ
Path Type: max

Fanout     Cap    Slew   Delay    Time   Description
-----------------------------------------------------------------------------
                          0.00    0.00   clock CLK100MHZ (rise edge)
                          0.00    0.00   clock source latency
     1    0.01    0.00    0.00    0.00 ^ CLK100MHZ (in)
                                         CLK100MHZ (net)
                  0.00    0.00    0.00 ^ clkbuf_0_CLK100MHZ/A (sky130_fd_sc_hd__clkbuf_16)
     2    0.02    0.04    0.11    0.11 ^ clkbuf_0_CLK100MHZ/X (sky130_fd_sc_hd__clkbuf_16)
                                         clknet_0_CLK100MHZ (net)
                  0.04    0.00    0.11 ^ clkbuf_1_1__f_CLK100MHZ/A (sky130_fd_sc_hd__clkbuf_16)
    13    0.03    0.05    0.13    0.24 ^ clkbuf_1_1__f_CLK100MHZ/X (sky130_fd_sc_hd__clkbuf_16)
                                         clknet_1_1__leaf_CLK100MHZ (net)
                  0.05    0.00    0.24 ^ _462_/CLK (sky130_fd_sc_hd__dfrtp_2)
     4    0.02    0.07    0.43    0.67 v _462_/Q (sky130_fd_sc_hd__dfrtp_2)
                                         imem.address[0] (net)
                  0.07    0.00    0.67 v _221_/A (sky130_fd_sc_hd__clkbuf_4)
    10    0.02    0.06    0.18    0.85 v _221_/X (sky130_fd_sc_hd__clkbuf_4)
                                         _066_ (net)
                  0.06    0.00    0.85 v _222_/A (sky130_fd_sc_hd__clkbuf_4)
     9    0.02    0.05    0.17    1.02 v _222_/X (sky130_fd_sc_hd__clkbuf_4)
                                         _067_ (net)
                  0.05    0.00    1.02 v _246_/C (sky130_fd_sc_hd__and3b_1)
     1    0.00    0.03    0.17    1.19 v _246_/X (sky130_fd_sc_hd__and3b_1)
                                         _088_ (net)
                  0.03    0.00    1.19 v _247_/A (sky130_fd_sc_hd__buf_2)
     7    0.02    0.05    0.14    1.33 v _247_/X (sky130_fd_sc_hd__buf_2)
                                         _089_ (net)
                  0.05    0.00    1.33 v _248_/B (sky130_fd_sc_hd__or2_1)
     1    0.01    0.06    0.22    1.55 v _248_/X (sky130_fd_sc_hd__or2_1)
                                         _090_ (net)
                  0.06    0.00    1.55 v _249_/A (sky130_fd_sc_hd__clkbuf_2)
     5    0.01    0.05    0.13    1.68 v _249_/X (sky130_fd_sc_hd__clkbuf_2)
                                         _091_ (net)
                  0.05    0.00    1.68 v _266_/A2 (sky130_fd_sc_hd__a21o_1)
     2    0.01    0.06    0.20    1.88 v _266_/X (sky130_fd_sc_hd__a21o_1)
                                         _108_ (net)
                  0.06    0.00    1.88 v _268_/B (sky130_fd_sc_hd__or3_2)
     2    0.01    0.09    0.47    2.35 v _268_/X (sky130_fd_sc_hd__or3_2)
                                         _110_ (net)
                  0.09    0.00    2.35 v _312_/A2 (sky130_fd_sc_hd__a21oi_2)
     3    0.01    0.14    0.19    2.53 ^ _312_/Y (sky130_fd_sc_hd__a21oi_2)
                                         _154_ (net)
                  0.14    0.00    2.53 ^ _319_/A2 (sky130_fd_sc_hd__o21ai_2)
     3    0.01    0.06    0.09    2.62 v _319_/Y (sky130_fd_sc_hd__o21ai_2)
                                         _161_ (net)
                  0.06    0.00    2.62 v _373_/A1 (sky130_fd_sc_hd__a21oi_2)
     2    0.00    0.09    0.12    2.74 ^ _373_/Y (sky130_fd_sc_hd__a21oi_2)
                                         _204_ (net)
                  0.09    0.00    2.74 ^ _380_/A_N (sky130_fd_sc_hd__and2b_1)
     1    0.01    0.05    0.20    2.94 v _380_/X (sky130_fd_sc_hd__and2b_1)
                                         _211_ (net)
                  0.05    0.00    2.94 v _382_/A (sky130_fd_sc_hd__nor2_1)
     4    0.02    0.34    0.30    3.24 ^ _382_/Y (sky130_fd_sc_hd__nor2_1)
                                         _213_ (net)
                  0.34    0.00    3.24 ^ _432_/A1 (sky130_fd_sc_hd__mux2_1)
     1    0.01    0.08    0.22    3.46 ^ _432_/X (sky130_fd_sc_hd__mux2_1)
                                         _059_ (net)
                  0.08    0.00    3.46 ^ _433_/A (sky130_fd_sc_hd__buf_1)
     1    0.00    0.03    0.08    3.54 ^ _433_/X (sky130_fd_sc_hd__buf_1)
                                         _027_ (net)
                  0.03    0.00    3.54 ^ _461_/D (sky130_fd_sc_hd__dfxtp_1)
                                  3.54   data arrival time

                         10.00   10.00   clock CLK100MHZ (rise edge)
                          0.00   10.00   clock source latency
     1    0.01    0.00    0.00   10.00 ^ CLK100MHZ (in)
                                         CLK100MHZ (net)
                  0.00    0.00   10.00 ^ clkbuf_0_CLK100MHZ/A (sky130_fd_sc_hd__clkbuf_16)
     2    0.02    0.04    0.11   10.11 ^ clkbuf_0_CLK100MHZ/X (sky130_fd_sc_hd__clkbuf_16)
                                         clknet_0_CLK100MHZ (net)
                  0.04    0.00   10.11 ^ clkbuf_1_0__f_CLK100MHZ/A (sky130_fd_sc_hd__clkbuf_16)
    16    0.05    0.07    0.15   10.25 ^ clkbuf_1_0__f_CLK100MHZ/X (sky130_fd_sc_hd__clkbuf_16)
                                         clknet_1_0__leaf_CLK100MHZ (net)
                  0.07    0.00   10.26 ^ _461_/CLK (sky130_fd_sc_hd__dfxtp_1)
                         -0.20   10.06   clock uncertainty
                          0.00   10.06   clock reconvergence pessimism
                         -0.05   10.01   library setup time
                                 10.01   data required time
-----------------------------------------------------------------------------
                                 10.01   data required time
                                 -3.54   data arrival time
-----------------------------------------------------------------------------
                                  6.47   slack (MET)


Startpoint: _462_ (rising edge-triggered flip-flop clocked by CLK100MHZ)
Endpoint: _451_ (rising edge-triggered flip-flop clocked by CLK100MHZ)
Path Group: CLK100MHZ
Path Type: max

Fanout     Cap    Slew   Delay    Time   Description
-----------------------------------------------------------------------------
                          0.00    0.00   clock CLK100MHZ (rise edge)
                          0.00    0.00   clock source latency
     1    0.01    0.00    0.00    0.00 ^ CLK100MHZ (in)
                                         CLK100MHZ (net)
                  0.00    0.00    0.00 ^ clkbuf_0_CLK100MHZ/A (sky130_fd_sc_hd__clkbuf_16)
     2    0.02    0.04    0.11    0.11 ^ clkbuf_0_CLK100MHZ/X (sky130_fd_sc_hd__clkbuf_16)
                                         clknet_0_CLK100MHZ (net)
                  0.04    0.00    0.11 ^ clkbuf_1_1__f_CLK100MHZ/A (sky130_fd_sc_hd__clkbuf_16)
    13    0.03    0.05    0.13    0.24 ^ clkbuf_1_1__f_CLK100MHZ/X (sky130_fd_sc_hd__clkbuf_16)
                                         clknet_1_1__leaf_CLK100MHZ (net)
                  0.05    0.00    0.24 ^ _462_/CLK (sky130_fd_sc_hd__dfrtp_2)
     4    0.02    0.07    0.43    0.67 v _462_/Q (sky130_fd_sc_hd__dfrtp_2)
                                         imem.address[0] (net)
                  0.07    0.00    0.67 v _221_/A (sky130_fd_sc_hd__clkbuf_4)
    10    0.02    0.06    0.18    0.85 v _221_/X (sky130_fd_sc_hd__clkbuf_4)
                                         _066_ (net)
                  0.06    0.00    0.85 v _222_/A (sky130_fd_sc_hd__clkbuf_4)
     9    0.02    0.05    0.17    1.02 v _222_/X (sky130_fd_sc_hd__clkbuf_4)
                                         _067_ (net)
                  0.05    0.00    1.02 v _246_/C (sky130_fd_sc_hd__and3b_1)
     1    0.00    0.03    0.17    1.19 v _246_/X (sky130_fd_sc_hd__and3b_1)
                                         _088_ (net)
                  0.03    0.00    1.19 v _247_/A (sky130_fd_sc_hd__buf_2)
     7    0.02    0.05    0.14    1.33 v _247_/X (sky130_fd_sc_hd__buf_2)
                                         _089_ (net)
                  0.05    0.00    1.33 v _248_/B (sky130_fd_sc_hd__or2_1)
     1    0.01    0.06    0.22    1.55 v _248_/X (sky130_fd_sc_hd__or2_1)
                                         _090_ (net)
                  0.06    0.00    1.55 v _249_/A (sky130_fd_sc_hd__clkbuf_2)
     5    0.01    0.05    0.13    1.68 v _249_/X (sky130_fd_sc_hd__clkbuf_2)
                                         _091_ (net)
                  0.05    0.00    1.68 v _266_/A2 (sky130_fd_sc_hd__a21o_1)
     2    0.01    0.06    0.20    1.88 v _266_/X (sky130_fd_sc_hd__a21o_1)
                                         _108_ (net)
                  0.06    0.00    1.88 v _268_/B (sky130_fd_sc_hd__or3_2)
     2    0.01    0.09    0.47    2.35 v _268_/X (sky130_fd_sc_hd__or3_2)
                                         _110_ (net)
                  0.09    0.00    2.35 v _312_/A2 (sky130_fd_sc_hd__a21oi_2)
     3    0.01    0.14    0.19    2.53 ^ _312_/Y (sky130_fd_sc_hd__a21oi_2)
                                         _154_ (net)
                  0.14    0.00    2.53 ^ _319_/A2 (sky130_fd_sc_hd__o21ai_2)
     3    0.01    0.06    0.09    2.62 v _319_/Y (sky130_fd_sc_hd__o21ai_2)
                                         _161_ (net)
                  0.06    0.00    2.62 v _373_/A1 (sky130_fd_sc_hd__a21oi_2)
     2    0.00    0.09    0.12    2.74 ^ _373_/Y (sky130_fd_sc_hd__a21oi_2)
                                         _204_ (net)
                  0.09    0.00    2.74 ^ _380_/A_N (sky130_fd_sc_hd__and2b_1)
     1    0.01    0.05    0.20    2.94 v _380_/X (sky130_fd_sc_hd__and2b_1)
                                         _211_ (net)
                  0.05    0.00    2.94 v _382_/A (sky130_fd_sc_hd__nor2_1)
     4    0.02    0.34    0.30    3.24 ^ _382_/Y (sky130_fd_sc_hd__nor2_1)
                                         _213_ (net)
                  0.34    0.00    3.24 ^ _408_/A0 (sky130_fd_sc_hd__mux2_1)
     1    0.00    0.06    0.20    3.44 ^ _408_/X (sky130_fd_sc_hd__mux2_1)
                                         _045_ (net)
                  0.06    0.00    3.44 ^ _409_/A (sky130_fd_sc_hd__clkbuf_1)
     1    0.00    0.03    0.08    3.52 ^ _409_/X (sky130_fd_sc_hd__clkbuf_1)
                                         _017_ (net)
                  0.03    0.00    3.52 ^ _451_/D (sky130_fd_sc_hd__dfxtp_1)
                                  3.52   data arrival time

                         10.00   10.00   clock CLK100MHZ (rise edge)
                          0.00   10.00   clock source latency
     1    0.01    0.00    0.00   10.00 ^ CLK100MHZ (in)
                                         CLK100MHZ (net)
                  0.00    0.00   10.00 ^ clkbuf_0_CLK100MHZ/A (sky130_fd_sc_hd__clkbuf_16)
     2    0.02    0.04    0.11   10.11 ^ clkbuf_0_CLK100MHZ/X (sky130_fd_sc_hd__clkbuf_16)
                                         clknet_0_CLK100MHZ (net)
                  0.04    0.00   10.11 ^ clkbuf_1_0__f_CLK100MHZ/A (sky130_fd_sc_hd__clkbuf_16)
    16    0.05    0.07    0.15   10.25 ^ clkbuf_1_0__f_CLK100MHZ/X (sky130_fd_sc_hd__clkbuf_16)
                                         clknet_1_0__leaf_CLK100MHZ (net)
                  0.07    0.00   10.26 ^ _451_/CLK (sky130_fd_sc_hd__dfxtp_1)
                         -0.20   10.06   clock uncertainty
                          0.00   10.06   clock reconvergence pessimism
                         -0.05   10.01   library setup time
                                 10.01   data required time
-----------------------------------------------------------------------------
                                 10.01   data required time
                                 -3.52   data arrival time
-----------------------------------------------------------------------------
                                  6.49   slack (MET)


Startpoint: _462_ (rising edge-triggered flip-flop clocked by CLK100MHZ)
Endpoint: _438_ (rising edge-triggered flip-flop clocked by CLK100MHZ)
Path Group: CLK100MHZ
Path Type: max

Fanout     Cap    Slew   Delay    Time   Description
-----------------------------------------------------------------------------
                          0.00    0.00   clock CLK100MHZ (rise edge)
                          0.00    0.00   clock source latency
     1    0.01    0.00    0.00    0.00 ^ CLK100MHZ (in)
                                         CLK100MHZ (net)
                  0.00    0.00    0.00 ^ clkbuf_0_CLK100MHZ/A (sky130_fd_sc_hd__clkbuf_16)
     2    0.02    0.04    0.11    0.11 ^ clkbuf_0_CLK100MHZ/X (sky130_fd_sc_hd__clkbuf_16)
                                         clknet_0_CLK100MHZ (net)
                  0.04    0.00    0.11 ^ clkbuf_1_1__f_CLK100MHZ/A (sky130_fd_sc_hd__clkbuf_16)
    13    0.03    0.05    0.13    0.24 ^ clkbuf_1_1__f_CLK100MHZ/X (sky130_fd_sc_hd__clkbuf_16)
                                         clknet_1_1__leaf_CLK100MHZ (net)
                  0.05    0.00    0.24 ^ _462_/CLK (sky130_fd_sc_hd__dfrtp_2)
     4    0.02    0.07    0.43    0.67 v _462_/Q (sky130_fd_sc_hd__dfrtp_2)
                                         imem.address[0] (net)
                  0.07    0.00    0.67 v _221_/A (sky130_fd_sc_hd__clkbuf_4)
    10    0.02    0.06    0.18    0.85 v _221_/X (sky130_fd_sc_hd__clkbuf_4)
                                         _066_ (net)
                  0.06    0.00    0.85 v _222_/A (sky130_fd_sc_hd__clkbuf_4)
     9    0.02    0.05    0.17    1.02 v _222_/X (sky130_fd_sc_hd__clkbuf_4)
                                         _067_ (net)
                  0.05    0.00    1.02 v _246_/C (sky130_fd_sc_hd__and3b_1)
     1    0.00    0.03    0.17    1.19 v _246_/X (sky130_fd_sc_hd__and3b_1)
                                         _088_ (net)
                  0.03    0.00    1.19 v _247_/A (sky130_fd_sc_hd__buf_2)
     7    0.02    0.05    0.14    1.33 v _247_/X (sky130_fd_sc_hd__buf_2)
                                         _089_ (net)
                  0.05    0.00    1.33 v _248_/B (sky130_fd_sc_hd__or2_1)
     1    0.01    0.06    0.22    1.55 v _248_/X (sky130_fd_sc_hd__or2_1)
                                         _090_ (net)
                  0.06    0.00    1.55 v _249_/A (sky130_fd_sc_hd__clkbuf_2)
     5    0.01    0.05    0.13    1.68 v _249_/X (sky130_fd_sc_hd__clkbuf_2)
                                         _091_ (net)
                  0.05    0.00    1.68 v _266_/A2 (sky130_fd_sc_hd__a21o_1)
     2    0.01    0.06    0.20    1.88 v _266_/X (sky130_fd_sc_hd__a21o_1)
                                         _108_ (net)
                  0.06    0.00    1.88 v _268_/B (sky130_fd_sc_hd__or3_2)
     2    0.01    0.09    0.47    2.35 v _268_/X (sky130_fd_sc_hd__or3_2)
                                         _110_ (net)
                  0.09    0.00    2.35 v _269_/B_N (sky130_fd_sc_hd__or2b_1)
     2    0.02    0.14    0.24    2.59 ^ _269_/X (sky130_fd_sc_hd__or2b_1)
                                         _111_ (net)
                  0.14    0.00    2.59 ^ _272_/A2 (sky130_fd_sc_hd__a21oi_2)
     1    0.00    0.05    0.08    2.67 v _272_/Y (sky130_fd_sc_hd__a21oi_2)
                                         _114_ (net)
                  0.05    0.00    2.67 v _296_/A2 (sky130_fd_sc_hd__a22o_4)
     9    0.04    0.08    0.31    2.97 v _296_/X (sky130_fd_sc_hd__a22o_4)
                                         _138_ (net)
                  0.08    0.00    2.98 v _367_/A1 (sky130_fd_sc_hd__mux2_1)
     1    0.01    0.08    0.33    3.31 v _367_/X (sky130_fd_sc_hd__mux2_1)
                                         _201_ (net)
                  0.08    0.00    3.31 v _368_/A (sky130_fd_sc_hd__clkbuf_1)
     1    0.00    0.02    0.10    3.40 v _368_/X (sky130_fd_sc_hd__clkbuf_1)
                                         _004_ (net)
                  0.02    0.00    3.40 v _438_/D (sky130_fd_sc_hd__dfxtp_1)
                                  3.40   data arrival time

                         10.00   10.00   clock CLK100MHZ (rise edge)
                          0.00   10.00   clock source latency
     1    0.01    0.00    0.00   10.00 ^ CLK100MHZ (in)
                                         CLK100MHZ (net)
                  0.00    0.00   10.00 ^ clkbuf_0_CLK100MHZ/A (sky130_fd_sc_hd__clkbuf_16)
     2    0.02    0.04    0.11   10.11 ^ clkbuf_0_CLK100MHZ/X (sky130_fd_sc_hd__clkbuf_16)
                                         clknet_0_CLK100MHZ (net)
                  0.04    0.00   10.11 ^ clkbuf_1_1__f_CLK100MHZ/A (sky130_fd_sc_hd__clkbuf_16)
    13    0.03    0.05    0.13   10.24 ^ clkbuf_1_1__f_CLK100MHZ/X (sky130_fd_sc_hd__clkbuf_16)
                                         clknet_1_1__leaf_CLK100MHZ (net)
                  0.05    0.00   10.24 ^ _438_/CLK (sky130_fd_sc_hd__dfxtp_1)
                         -0.20   10.04   clock uncertainty
                          0.00   10.04   clock reconvergence pessimism
                         -0.10    9.94   library setup time
                                  9.94   data required time
-----------------------------------------------------------------------------
                                  9.94   data required time
                                 -3.40   data arrival time
-----------------------------------------------------------------------------
                                  6.53   slack (MET)


Startpoint: _462_ (rising edge-triggered flip-flop clocked by CLK100MHZ)
Endpoint: _458_ (rising edge-triggered flip-flop clocked by CLK100MHZ)
Path Group: CLK100MHZ
Path Type: max

Fanout     Cap    Slew   Delay    Time   Description
-----------------------------------------------------------------------------
                          0.00    0.00   clock CLK100MHZ (rise edge)
                          0.00    0.00   clock source latency
     1    0.01    0.00    0.00    0.00 ^ CLK100MHZ (in)
                                         CLK100MHZ (net)
                  0.00    0.00    0.00 ^ clkbuf_0_CLK100MHZ/A (sky130_fd_sc_hd__clkbuf_16)
     2    0.02    0.04    0.11    0.11 ^ clkbuf_0_CLK100MHZ/X (sky130_fd_sc_hd__clkbuf_16)
                                         clknet_0_CLK100MHZ (net)
                  0.04    0.00    0.11 ^ clkbuf_1_1__f_CLK100MHZ/A (sky130_fd_sc_hd__clkbuf_16)
    13    0.03    0.05    0.13    0.24 ^ clkbuf_1_1__f_CLK100MHZ/X (sky130_fd_sc_hd__clkbuf_16)
                                         clknet_1_1__leaf_CLK100MHZ (net)
                  0.05    0.00    0.24 ^ _462_/CLK (sky130_fd_sc_hd__dfrtp_2)
     4    0.02    0.07    0.43    0.67 v _462_/Q (sky130_fd_sc_hd__dfrtp_2)
                                         imem.address[0] (net)
                  0.07    0.00    0.67 v _221_/A (sky130_fd_sc_hd__clkbuf_4)
    10    0.02    0.06    0.18    0.85 v _221_/X (sky130_fd_sc_hd__clkbuf_4)
                                         _066_ (net)
                  0.06    0.00    0.85 v _222_/A (sky130_fd_sc_hd__clkbuf_4)
     9    0.02    0.05    0.17    1.02 v _222_/X (sky130_fd_sc_hd__clkbuf_4)
                                         _067_ (net)
                  0.05    0.00    1.02 v _246_/C (sky130_fd_sc_hd__and3b_1)
     1    0.00    0.03    0.17    1.19 v _246_/X (sky130_fd_sc_hd__and3b_1)
                                         _088_ (net)
                  0.03    0.00    1.19 v _247_/A (sky130_fd_sc_hd__buf_2)
     7    0.02    0.05    0.14    1.33 v _247_/X (sky130_fd_sc_hd__buf_2)
                                         _089_ (net)
                  0.05    0.00    1.33 v _248_/B (sky130_fd_sc_hd__or2_1)
     1    0.01    0.06    0.22    1.55 v _248_/X (sky130_fd_sc_hd__or2_1)
                                         _090_ (net)
                  0.06    0.00    1.55 v _249_/A (sky130_fd_sc_hd__clkbuf_2)
     5    0.01    0.05    0.13    1.68 v _249_/X (sky130_fd_sc_hd__clkbuf_2)
                                         _091_ (net)
                  0.05    0.00    1.68 v _266_/A2 (sky130_fd_sc_hd__a21o_1)
     2    0.01    0.06    0.20    1.88 v _266_/X (sky130_fd_sc_hd__a21o_1)
                                         _108_ (net)
                  0.06    0.00    1.88 v _268_/B (sky130_fd_sc_hd__or3_2)
     2    0.01    0.09    0.47    2.35 v _268_/X (sky130_fd_sc_hd__or3_2)
                                         _110_ (net)
                  0.09    0.00    2.35 v _269_/B_N (sky130_fd_sc_hd__or2b_1)
     2    0.02    0.14    0.24    2.59 ^ _269_/X (sky130_fd_sc_hd__or2b_1)
                                         _111_ (net)
                  0.14    0.00    2.59 ^ _272_/A2 (sky130_fd_sc_hd__a21oi_2)
     1    0.00    0.05    0.08    2.67 v _272_/Y (sky130_fd_sc_hd__a21oi_2)
                                         _114_ (net)
                  0.05    0.00    2.67 v _296_/A2 (sky130_fd_sc_hd__a22o_4)
     9    0.04    0.08    0.31    2.97 v _296_/X (sky130_fd_sc_hd__a22o_4)
                                         _138_ (net)
                  0.08    0.00    2.98 v _426_/A1 (sky130_fd_sc_hd__mux2_1)
     1    0.01    0.07    0.32    3.30 v _426_/X (sky130_fd_sc_hd__mux2_1)
                                         _056_ (net)
                  0.07    0.00    3.30 v _427_/A (sky130_fd_sc_hd__clkbuf_1)
     1    0.00    0.02    0.09    3.39 v _427_/X (sky130_fd_sc_hd__clkbuf_1)
                                         _024_ (net)
                  0.02    0.00    3.39 v _458_/D (sky130_fd_sc_hd__dfxtp_1)
                                  3.39   data arrival time

                         10.00   10.00   clock CLK100MHZ (rise edge)
                          0.00   10.00   clock source latency
     1    0.01    0.00    0.00   10.00 ^ CLK100MHZ (in)
                                         CLK100MHZ (net)
                  0.00    0.00   10.00 ^ clkbuf_0_CLK100MHZ/A (sky130_fd_sc_hd__clkbuf_16)
     2    0.02    0.04    0.11   10.11 ^ clkbuf_0_CLK100MHZ/X (sky130_fd_sc_hd__clkbuf_16)
                                         clknet_0_CLK100MHZ (net)
                  0.04    0.00   10.11 ^ clkbuf_1_1__f_CLK100MHZ/A (sky130_fd_sc_hd__clkbuf_16)
    13    0.03    0.05    0.13   10.24 ^ clkbuf_1_1__f_CLK100MHZ/X (sky130_fd_sc_hd__clkbuf_16)
                                         clknet_1_1__leaf_CLK100MHZ (net)
                  0.05    0.00   10.24 ^ _458_/CLK (sky130_fd_sc_hd__dfxtp_1)
                         -0.20   10.04   clock uncertainty
                          0.00   10.04   clock reconvergence pessimism
                         -0.10    9.94   library setup time
                                  9.94   data required time
-----------------------------------------------------------------------------
                                  9.94   data required time
                                 -3.39   data arrival time
-----------------------------------------------------------------------------
                                  6.55   slack (MET)


Startpoint: _462_ (rising edge-triggered flip-flop clocked by CLK100MHZ)
Endpoint: _443_ (rising edge-triggered flip-flop clocked by CLK100MHZ)
Path Group: CLK100MHZ
Path Type: max

Fanout     Cap    Slew   Delay    Time   Description
-----------------------------------------------------------------------------
                          0.00    0.00   clock CLK100MHZ (rise edge)
                          0.00    0.00   clock source latency
     1    0.01    0.00    0.00    0.00 ^ CLK100MHZ (in)
                                         CLK100MHZ (net)
                  0.00    0.00    0.00 ^ clkbuf_0_CLK100MHZ/A (sky130_fd_sc_hd__clkbuf_16)
     2    0.02    0.04    0.11    0.11 ^ clkbuf_0_CLK100MHZ/X (sky130_fd_sc_hd__clkbuf_16)
                                         clknet_0_CLK100MHZ (net)
                  0.04    0.00    0.11 ^ clkbuf_1_1__f_CLK100MHZ/A (sky130_fd_sc_hd__clkbuf_16)
    13    0.03    0.05    0.13    0.24 ^ clkbuf_1_1__f_CLK100MHZ/X (sky130_fd_sc_hd__clkbuf_16)
                                         clknet_1_1__leaf_CLK100MHZ (net)
                  0.05    0.00    0.24 ^ _462_/CLK (sky130_fd_sc_hd__dfrtp_2)
     4    0.02    0.07    0.43    0.67 v _462_/Q (sky130_fd_sc_hd__dfrtp_2)
                                         imem.address[0] (net)
                  0.07    0.00    0.67 v _221_/A (sky130_fd_sc_hd__clkbuf_4)
    10    0.02    0.06    0.18    0.85 v _221_/X (sky130_fd_sc_hd__clkbuf_4)
                                         _066_ (net)
                  0.06    0.00    0.85 v _222_/A (sky130_fd_sc_hd__clkbuf_4)
     9    0.02    0.05    0.17    1.02 v _222_/X (sky130_fd_sc_hd__clkbuf_4)
                                         _067_ (net)
                  0.05    0.00    1.02 v _246_/C (sky130_fd_sc_hd__and3b_1)
     1    0.00    0.03    0.17    1.19 v _246_/X (sky130_fd_sc_hd__and3b_1)
                                         _088_ (net)
                  0.03    0.00    1.19 v _247_/A (sky130_fd_sc_hd__buf_2)
     7    0.02    0.05    0.14    1.33 v _247_/X (sky130_fd_sc_hd__buf_2)
                                         _089_ (net)
                  0.05    0.00    1.33 v _248_/B (sky130_fd_sc_hd__or2_1)
     1    0.01    0.06    0.22    1.55 v _248_/X (sky130_fd_sc_hd__or2_1)
                                         _090_ (net)
                  0.06    0.00    1.55 v _249_/A (sky130_fd_sc_hd__clkbuf_2)
     5    0.01    0.05    0.13    1.68 v _249_/X (sky130_fd_sc_hd__clkbuf_2)
                                         _091_ (net)
                  0.05    0.00    1.68 v _266_/A2 (sky130_fd_sc_hd__a21o_1)
     2    0.01    0.06    0.20    1.88 v _266_/X (sky130_fd_sc_hd__a21o_1)
                                         _108_ (net)
                  0.06    0.00    1.88 v _268_/B (sky130_fd_sc_hd__or3_2)
     2    0.01    0.09    0.47    2.35 v _268_/X (sky130_fd_sc_hd__or3_2)
                                         _110_ (net)
                  0.09    0.00    2.35 v _269_/B_N (sky130_fd_sc_hd__or2b_1)
     2    0.02    0.14    0.24    2.59 ^ _269_/X (sky130_fd_sc_hd__or2b_1)
                                         _111_ (net)
                  0.14    0.00    2.59 ^ _272_/A2 (sky130_fd_sc_hd__a21oi_2)
     1    0.00    0.05    0.08    2.67 v _272_/Y (sky130_fd_sc_hd__a21oi_2)
                                         _114_ (net)
                  0.05    0.00    2.67 v _296_/A2 (sky130_fd_sc_hd__a22o_4)
     9    0.04    0.08    0.31    2.97 v _296_/X (sky130_fd_sc_hd__a22o_4)
                                         _138_ (net)
                  0.08    0.00    2.98 v _389_/A1 (sky130_fd_sc_hd__mux2_1)
     1    0.01    0.07    0.32    3.30 v _389_/X (sky130_fd_sc_hd__mux2_1)
                                         _034_ (net)
                  0.07    0.00    3.30 v _390_/A (sky130_fd_sc_hd__buf_1)
     1    0.00    0.02    0.09    3.39 v _390_/X (sky130_fd_sc_hd__buf_1)
                                         _009_ (net)
                  0.02    0.00    3.39 v _443_/D (sky130_fd_sc_hd__dfxtp_1)
                                  3.39   data arrival time

                         10.00   10.00   clock CLK100MHZ (rise edge)
                          0.00   10.00   clock source latency
     1    0.01    0.00    0.00   10.00 ^ CLK100MHZ (in)
                                         CLK100MHZ (net)
                  0.00    0.00   10.00 ^ clkbuf_0_CLK100MHZ/A (sky130_fd_sc_hd__clkbuf_16)
     2    0.02    0.04    0.11   10.11 ^ clkbuf_0_CLK100MHZ/X (sky130_fd_sc_hd__clkbuf_16)
                                         clknet_0_CLK100MHZ (net)
                  0.04    0.00   10.11 ^ clkbuf_1_0__f_CLK100MHZ/A (sky130_fd_sc_hd__clkbuf_16)
    16    0.05    0.07    0.15   10.25 ^ clkbuf_1_0__f_CLK100MHZ/X (sky130_fd_sc_hd__clkbuf_16)
                                         clknet_1_0__leaf_CLK100MHZ (net)
                  0.07    0.00   10.26 ^ _443_/CLK (sky130_fd_sc_hd__dfxtp_1)
                         -0.20   10.06   clock uncertainty
                          0.00   10.06   clock reconvergence pessimism
                         -0.09    9.96   library setup time
                                  9.96   data required time
-----------------------------------------------------------------------------
                                  9.96   data required time
                                 -3.39   data arrival time
-----------------------------------------------------------------------------
                                  6.57   slack (MET)


Startpoint: _462_ (rising edge-triggered flip-flop clocked by CLK100MHZ)
Endpoint: _448_ (rising edge-triggered flip-flop clocked by CLK100MHZ)
Path Group: CLK100MHZ
Path Type: max

Fanout     Cap    Slew   Delay    Time   Description
-----------------------------------------------------------------------------
                          0.00    0.00   clock CLK100MHZ (rise edge)
                          0.00    0.00   clock source latency
     1    0.01    0.00    0.00    0.00 ^ CLK100MHZ (in)
                                         CLK100MHZ (net)
                  0.00    0.00    0.00 ^ clkbuf_0_CLK100MHZ/A (sky130_fd_sc_hd__clkbuf_16)
     2    0.02    0.04    0.11    0.11 ^ clkbuf_0_CLK100MHZ/X (sky130_fd_sc_hd__clkbuf_16)
                                         clknet_0_CLK100MHZ (net)
                  0.04    0.00    0.11 ^ clkbuf_1_1__f_CLK100MHZ/A (sky130_fd_sc_hd__clkbuf_16)
    13    0.03    0.05    0.13    0.24 ^ clkbuf_1_1__f_CLK100MHZ/X (sky130_fd_sc_hd__clkbuf_16)
                                         clknet_1_1__leaf_CLK100MHZ (net)
                  0.05    0.00    0.24 ^ _462_/CLK (sky130_fd_sc_hd__dfrtp_2)
     4    0.02    0.07    0.43    0.67 v _462_/Q (sky130_fd_sc_hd__dfrtp_2)
                                         imem.address[0] (net)
                  0.07    0.00    0.67 v _221_/A (sky130_fd_sc_hd__clkbuf_4)
    10    0.02    0.06    0.18    0.85 v _221_/X (sky130_fd_sc_hd__clkbuf_4)
                                         _066_ (net)
                  0.06    0.00    0.85 v _222_/A (sky130_fd_sc_hd__clkbuf_4)
     9    0.02    0.05    0.17    1.02 v _222_/X (sky130_fd_sc_hd__clkbuf_4)
                                         _067_ (net)
                  0.05    0.00    1.02 v _246_/C (sky130_fd_sc_hd__and3b_1)
     1    0.00    0.03    0.17    1.19 v _246_/X (sky130_fd_sc_hd__and3b_1)
                                         _088_ (net)
                  0.03    0.00    1.19 v _247_/A (sky130_fd_sc_hd__buf_2)
     7    0.02    0.05    0.14    1.33 v _247_/X (sky130_fd_sc_hd__buf_2)
                                         _089_ (net)
                  0.05    0.00    1.33 v _248_/B (sky130_fd_sc_hd__or2_1)
     1    0.01    0.06    0.22    1.55 v _248_/X (sky130_fd_sc_hd__or2_1)
                                         _090_ (net)
                  0.06    0.00    1.55 v _249_/A (sky130_fd_sc_hd__clkbuf_2)
     5    0.01    0.05    0.13    1.68 v _249_/X (sky130_fd_sc_hd__clkbuf_2)
                                         _091_ (net)
                  0.05    0.00    1.68 v _266_/A2 (sky130_fd_sc_hd__a21o_1)
     2    0.01    0.06    0.20    1.88 v _266_/X (sky130_fd_sc_hd__a21o_1)
                                         _108_ (net)
                  0.06    0.00    1.88 v _268_/B (sky130_fd_sc_hd__or3_2)
     2    0.01    0.09    0.47    2.35 v _268_/X (sky130_fd_sc_hd__or3_2)
                                         _110_ (net)
                  0.09    0.00    2.35 v _269_/B_N (sky130_fd_sc_hd__or2b_1)
     2    0.02    0.14    0.24    2.59 ^ _269_/X (sky130_fd_sc_hd__or2b_1)
                                         _111_ (net)
                  0.14    0.00    2.59 ^ _272_/A2 (sky130_fd_sc_hd__a21oi_2)
     1    0.00    0.05    0.08    2.67 v _272_/Y (sky130_fd_sc_hd__a21oi_2)
                                         _114_ (net)
                  0.05    0.00    2.67 v _296_/A2 (sky130_fd_sc_hd__a22o_4)
     9    0.04    0.08    0.31    2.97 v _296_/X (sky130_fd_sc_hd__a22o_4)
                                         _138_ (net)
                  0.08    0.00    2.97 v _402_/A0 (sky130_fd_sc_hd__mux2_1)
     1    0.01    0.07    0.31    3.29 v _402_/X (sky130_fd_sc_hd__mux2_1)
                                         _042_ (net)
                  0.07    0.00    3.29 v _403_/A (sky130_fd_sc_hd__clkbuf_1)
     1    0.00    0.02    0.09    3.38 v _403_/X (sky130_fd_sc_hd__clkbuf_1)
                                         _014_ (net)
                  0.02    0.00    3.38 v _448_/D (sky130_fd_sc_hd__dfxtp_1)
                                  3.38   data arrival time

                         10.00   10.00   clock CLK100MHZ (rise edge)
                          0.00   10.00   clock source latency
     1    0.01    0.00    0.00   10.00 ^ CLK100MHZ (in)
                                         CLK100MHZ (net)
                  0.00    0.00   10.00 ^ clkbuf_0_CLK100MHZ/A (sky130_fd_sc_hd__clkbuf_16)
     2    0.02    0.04    0.11   10.11 ^ clkbuf_0_CLK100MHZ/X (sky130_fd_sc_hd__clkbuf_16)
                                         clknet_0_CLK100MHZ (net)
                  0.04    0.00   10.11 ^ clkbuf_1_0__f_CLK100MHZ/A (sky130_fd_sc_hd__clkbuf_16)
    16    0.05    0.07    0.15   10.25 ^ clkbuf_1_0__f_CLK100MHZ/X (sky130_fd_sc_hd__clkbuf_16)
                                         clknet_1_0__leaf_CLK100MHZ (net)
                  0.07    0.00   10.26 ^ _448_/CLK (sky130_fd_sc_hd__dfxtp_1)
                         -0.20   10.06   clock uncertainty
                          0.00   10.06   clock reconvergence pessimism
                         -0.09    9.96   library setup time
                                  9.96   data required time
-----------------------------------------------------------------------------
                                  9.96   data required time
                                 -3.38   data arrival time
-----------------------------------------------------------------------------
                                  6.58   slack (MET)


Startpoint: _463_ (rising edge-triggered flip-flop clocked by CLK100MHZ)
Endpoint: _439_ (rising edge-triggered flip-flop clocked by CLK100MHZ)
Path Group: CLK100MHZ
Path Type: max

Fanout     Cap    Slew   Delay    Time   Description
-----------------------------------------------------------------------------
                          0.00    0.00   clock CLK100MHZ (rise edge)
                          0.00    0.00   clock source latency
     1    0.01    0.00    0.00    0.00 ^ CLK100MHZ (in)
                                         CLK100MHZ (net)
                  0.00    0.00    0.00 ^ clkbuf_0_CLK100MHZ/A (sky130_fd_sc_hd__clkbuf_16)
     2    0.02    0.04    0.11    0.11 ^ clkbuf_0_CLK100MHZ/X (sky130_fd_sc_hd__clkbuf_16)
                                         clknet_0_CLK100MHZ (net)
                  0.04    0.00    0.11 ^ clkbuf_1_0__f_CLK100MHZ/A (sky130_fd_sc_hd__clkbuf_16)
    16    0.05    0.07    0.15    0.25 ^ clkbuf_1_0__f_CLK100MHZ/X (sky130_fd_sc_hd__clkbuf_16)
                                         clknet_1_0__leaf_CLK100MHZ (net)
                  0.07    0.00    0.26 ^ _463_/CLK (sky130_fd_sc_hd__dfrtp_4)
    10    0.03    0.11    0.46    0.72 ^ _463_/Q (sky130_fd_sc_hd__dfrtp_4)
                                         imem.address[1] (net)
                  0.11    0.00    0.72 ^ _230_/C_N (sky130_fd_sc_hd__nor3b_2)
     3    0.02    0.31    0.31    1.03 ^ _230_/Y (sky130_fd_sc_hd__nor3b_2)
                                         _072_ (net)
                  0.31    0.00    1.03 ^ _231_/A (sky130_fd_sc_hd__clkbuf_2)
     4    0.02    0.12    0.23    1.26 ^ _231_/X (sky130_fd_sc_hd__clkbuf_2)
                                         _073_ (net)
                  0.12    0.00    1.27 ^ _233_/B1 (sky130_fd_sc_hd__a211o_1)
     1    0.00    0.05    0.12    1.39 ^ _233_/X (sky130_fd_sc_hd__a211o_1)
                                         _075_ (net)
                  0.05    0.00    1.39 ^ _239_/A1 (sky130_fd_sc_hd__a31o_2)
     5    0.03    0.16    0.23    1.62 ^ _239_/X (sky130_fd_sc_hd__a31o_2)
                                         _081_ (net)
                  0.16    0.00    1.62 ^ _240_/A (sky130_fd_sc_hd__buf_1)
     3    0.00    0.07    0.12    1.75 ^ _240_/X (sky130_fd_sc_hd__buf_1)
                                         _082_ (net)
                  0.07    0.00    1.75 ^ _241_/A (sky130_fd_sc_hd__dlymetal6s2s_1)
     3    0.02    0.20    0.21    1.95 ^ _241_/X (sky130_fd_sc_hd__dlymetal6s2s_1)
                                         _083_ (net)
                  0.20    0.00    1.95 ^ _242_/A (sky130_fd_sc_hd__buf_1)
     2    0.02    0.19    0.22    2.17 ^ _242_/X (sky130_fd_sc_hd__buf_1)
                                         _084_ (net)
                  0.19    0.00    2.17 ^ _303_/S (sky130_fd_sc_hd__mux2_1)
     1    0.00    0.06    0.35    2.52 v _303_/X (sky130_fd_sc_hd__mux2_1)
                                         _145_ (net)
                  0.06    0.00    2.52 v _306_/A0 (sky130_fd_sc_hd__mux2_1)
     1    0.01    0.08    0.31    2.83 v _306_/X (sky130_fd_sc_hd__mux2_1)
                                         _148_ (net)
                  0.08    0.00    2.83 v _315_/A2_N (sky130_fd_sc_hd__a2bb2o_4)
     9    0.04    0.14    0.28    3.11 ^ _315_/X (sky130_fd_sc_hd__a2bb2o_4)
                                         _157_ (net)
                  0.14    0.00    3.12 ^ _369_/A1 (sky130_fd_sc_hd__mux2_1)
     1    0.00    0.04    0.14    3.26 ^ _369_/X (sky130_fd_sc_hd__mux2_1)
                                         _202_ (net)
                  0.04    0.00    3.26 ^ _370_/A (sky130_fd_sc_hd__clkbuf_1)
     1    0.01    0.09    0.11    3.37 ^ _370_/X (sky130_fd_sc_hd__clkbuf_1)
                                         _005_ (net)
                  0.09    0.00    3.37 ^ _439_/D (sky130_fd_sc_hd__dfxtp_1)
                                  3.37   data arrival time

                         10.00   10.00   clock CLK100MHZ (rise edge)
                          0.00   10.00   clock source latency
     1    0.01    0.00    0.00   10.00 ^ CLK100MHZ (in)
                                         CLK100MHZ (net)
                  0.00    0.00   10.00 ^ clkbuf_0_CLK100MHZ/A (sky130_fd_sc_hd__clkbuf_16)
     2    0.02    0.04    0.11   10.11 ^ clkbuf_0_CLK100MHZ/X (sky130_fd_sc_hd__clkbuf_16)
                                         clknet_0_CLK100MHZ (net)
                  0.04    0.00   10.11 ^ clkbuf_1_1__f_CLK100MHZ/A (sky130_fd_sc_hd__clkbuf_16)
    13    0.03    0.05    0.13   10.24 ^ clkbuf_1_1__f_CLK100MHZ/X (sky130_fd_sc_hd__clkbuf_16)
                                         clknet_1_1__leaf_CLK100MHZ (net)
                  0.05    0.00   10.24 ^ _439_/CLK (sky130_fd_sc_hd__dfxtp_1)
                         -0.20   10.04   clock uncertainty
                          0.00   10.04   clock reconvergence pessimism
                         -0.06    9.97   library setup time
                                  9.97   data required time
-----------------------------------------------------------------------------
                                  9.97   data required time
                                 -3.37   data arrival time
-----------------------------------------------------------------------------
                                  6.60   slack (MET)


Startpoint: _463_ (rising edge-triggered flip-flop clocked by CLK100MHZ)
Endpoint: _449_ (rising edge-triggered flip-flop clocked by CLK100MHZ)
Path Group: CLK100MHZ
Path Type: max

Fanout     Cap    Slew   Delay    Time   Description
-----------------------------------------------------------------------------
                          0.00    0.00   clock CLK100MHZ (rise edge)
                          0.00    0.00   clock source latency
     1    0.01    0.00    0.00    0.00 ^ CLK100MHZ (in)
                                         CLK100MHZ (net)
                  0.00    0.00    0.00 ^ clkbuf_0_CLK100MHZ/A (sky130_fd_sc_hd__clkbuf_16)
     2    0.02    0.04    0.11    0.11 ^ clkbuf_0_CLK100MHZ/X (sky130_fd_sc_hd__clkbuf_16)
                                         clknet_0_CLK100MHZ (net)
                  0.04    0.00    0.11 ^ clkbuf_1_0__f_CLK100MHZ/A (sky130_fd_sc_hd__clkbuf_16)
    16    0.05    0.07    0.15    0.25 ^ clkbuf_1_0__f_CLK100MHZ/X (sky130_fd_sc_hd__clkbuf_16)
                                         clknet_1_0__leaf_CLK100MHZ (net)
                  0.07    0.00    0.26 ^ _463_/CLK (sky130_fd_sc_hd__dfrtp_4)
    10    0.03    0.11    0.46    0.72 ^ _463_/Q (sky130_fd_sc_hd__dfrtp_4)
                                         imem.address[1] (net)
                  0.11    0.00    0.72 ^ _230_/C_N (sky130_fd_sc_hd__nor3b_2)
     3    0.02    0.31    0.31    1.03 ^ _230_/Y (sky130_fd_sc_hd__nor3b_2)
                                         _072_ (net)
                  0.31    0.00    1.03 ^ _231_/A (sky130_fd_sc_hd__clkbuf_2)
     4    0.02    0.12    0.23    1.26 ^ _231_/X (sky130_fd_sc_hd__clkbuf_2)
                                         _073_ (net)
                  0.12    0.00    1.27 ^ _233_/B1 (sky130_fd_sc_hd__a211o_1)
     1    0.00    0.05    0.12    1.39 ^ _233_/X (sky130_fd_sc_hd__a211o_1)
                                         _075_ (net)
                  0.05    0.00    1.39 ^ _239_/A1 (sky130_fd_sc_hd__a31o_2)
     5    0.03    0.16    0.23    1.62 ^ _239_/X (sky130_fd_sc_hd__a31o_2)
                                         _081_ (net)
                  0.16    0.00    1.62 ^ _240_/A (sky130_fd_sc_hd__buf_1)
     3    0.00    0.07    0.12    1.75 ^ _240_/X (sky130_fd_sc_hd__buf_1)
                                         _082_ (net)
                  0.07    0.00    1.75 ^ _241_/A (sky130_fd_sc_hd__dlymetal6s2s_1)
     3    0.02    0.20    0.21    1.95 ^ _241_/X (sky130_fd_sc_hd__dlymetal6s2s_1)
                                         _083_ (net)
                  0.20    0.00    1.95 ^ _242_/A (sky130_fd_sc_hd__buf_1)
     2    0.02    0.19    0.22    2.17 ^ _242_/X (sky130_fd_sc_hd__buf_1)
                                         _084_ (net)
                  0.19    0.00    2.17 ^ _303_/S (sky130_fd_sc_hd__mux2_1)
     1    0.00    0.06    0.35    2.52 v _303_/X (sky130_fd_sc_hd__mux2_1)
                                         _145_ (net)
                  0.06    0.00    2.52 v _306_/A0 (sky130_fd_sc_hd__mux2_1)
     1    0.01    0.08    0.31    2.83 v _306_/X (sky130_fd_sc_hd__mux2_1)
                                         _148_ (net)
                  0.08    0.00    2.83 v _315_/A2_N (sky130_fd_sc_hd__a2bb2o_4)
     9    0.04    0.14    0.28    3.11 ^ _315_/X (sky130_fd_sc_hd__a2bb2o_4)
                                         _157_ (net)
                  0.14    0.00    3.12 ^ _404_/A0 (sky130_fd_sc_hd__mux2_1)
     1    0.01    0.09    0.19    3.30 ^ _404_/X (sky130_fd_sc_hd__mux2_1)
                                         _043_ (net)
                  0.09    0.00    3.30 ^ _405_/A (sky130_fd_sc_hd__buf_1)
     1    0.00    0.05    0.09    3.40 ^ _405_/X (sky130_fd_sc_hd__buf_1)
                                         _015_ (net)
                  0.05    0.00    3.40 ^ _449_/D (sky130_fd_sc_hd__dfxtp_1)
                                  3.40   data arrival time

                         10.00   10.00   clock CLK100MHZ (rise edge)
                          0.00   10.00   clock source latency
     1    0.01    0.00    0.00   10.00 ^ CLK100MHZ (in)
                                         CLK100MHZ (net)
                  0.00    0.00   10.00 ^ clkbuf_0_CLK100MHZ/A (sky130_fd_sc_hd__clkbuf_16)
     2    0.02    0.04    0.11   10.11 ^ clkbuf_0_CLK100MHZ/X (sky130_fd_sc_hd__clkbuf_16)
                                         clknet_0_CLK100MHZ (net)
                  0.04    0.00   10.11 ^ clkbuf_1_0__f_CLK100MHZ/A (sky130_fd_sc_hd__clkbuf_16)
    16    0.05    0.07    0.15   10.25 ^ clkbuf_1_0__f_CLK100MHZ/X (sky130_fd_sc_hd__clkbuf_16)
                                         clknet_1_0__leaf_CLK100MHZ (net)
                  0.07    0.00   10.26 ^ _449_/CLK (sky130_fd_sc_hd__dfxtp_1)
                         -0.20   10.06   clock uncertainty
                          0.00   10.06   clock reconvergence pessimism
                         -0.05   10.00   library setup time
                                 10.00   data required time
-----------------------------------------------------------------------------
                                 10.00   data required time
                                 -3.40   data arrival time
-----------------------------------------------------------------------------
                                  6.61   slack (MET)


Startpoint: _463_ (rising edge-triggered flip-flop clocked by CLK100MHZ)
Endpoint: _444_ (rising edge-triggered flip-flop clocked by CLK100MHZ)
Path Group: CLK100MHZ
Path Type: max

Fanout     Cap    Slew   Delay    Time   Description
-----------------------------------------------------------------------------
                          0.00    0.00   clock CLK100MHZ (rise edge)
                          0.00    0.00   clock source latency
     1    0.01    0.00    0.00    0.00 ^ CLK100MHZ (in)
                                         CLK100MHZ (net)
                  0.00    0.00    0.00 ^ clkbuf_0_CLK100MHZ/A (sky130_fd_sc_hd__clkbuf_16)
     2    0.02    0.04    0.11    0.11 ^ clkbuf_0_CLK100MHZ/X (sky130_fd_sc_hd__clkbuf_16)
                                         clknet_0_CLK100MHZ (net)
                  0.04    0.00    0.11 ^ clkbuf_1_0__f_CLK100MHZ/A (sky130_fd_sc_hd__clkbuf_16)
    16    0.05    0.07    0.15    0.25 ^ clkbuf_1_0__f_CLK100MHZ/X (sky130_fd_sc_hd__clkbuf_16)
                                         clknet_1_0__leaf_CLK100MHZ (net)
                  0.07    0.00    0.26 ^ _463_/CLK (sky130_fd_sc_hd__dfrtp_4)
    10    0.03    0.11    0.46    0.72 ^ _463_/Q (sky130_fd_sc_hd__dfrtp_4)
                                         imem.address[1] (net)
                  0.11    0.00    0.72 ^ _230_/C_N (sky130_fd_sc_hd__nor3b_2)
     3    0.02    0.31    0.31    1.03 ^ _230_/Y (sky130_fd_sc_hd__nor3b_2)
                                         _072_ (net)
                  0.31    0.00    1.03 ^ _231_/A (sky130_fd_sc_hd__clkbuf_2)
     4    0.02    0.12    0.23    1.26 ^ _231_/X (sky130_fd_sc_hd__clkbuf_2)
                                         _073_ (net)
                  0.12    0.00    1.27 ^ _233_/B1 (sky130_fd_sc_hd__a211o_1)
     1    0.00    0.05    0.12    1.39 ^ _233_/X (sky130_fd_sc_hd__a211o_1)
                                         _075_ (net)
                  0.05    0.00    1.39 ^ _239_/A1 (sky130_fd_sc_hd__a31o_2)
     5    0.03    0.16    0.23    1.62 ^ _239_/X (sky130_fd_sc_hd__a31o_2)
                                         _081_ (net)
                  0.16    0.00    1.62 ^ _240_/A (sky130_fd_sc_hd__buf_1)
     3    0.00    0.07    0.12    1.75 ^ _240_/X (sky130_fd_sc_hd__buf_1)
                                         _082_ (net)
                  0.07    0.00    1.75 ^ _241_/A (sky130_fd_sc_hd__dlymetal6s2s_1)
     3    0.02    0.20    0.21    1.95 ^ _241_/X (sky130_fd_sc_hd__dlymetal6s2s_1)
                                         _083_ (net)
                  0.20    0.00    1.95 ^ _242_/A (sky130_fd_sc_hd__buf_1)
     2    0.02    0.19    0.22    2.17 ^ _242_/X (sky130_fd_sc_hd__buf_1)
                                         _084_ (net)
                  0.19    0.00    2.17 ^ _303_/S (sky130_fd_sc_hd__mux2_1)
     1    0.00    0.06    0.35    2.52 v _303_/X (sky130_fd_sc_hd__mux2_1)
                                         _145_ (net)
                  0.06    0.00    2.52 v _306_/A0 (sky130_fd_sc_hd__mux2_1)
     1    0.01    0.08    0.31    2.83 v _306_/X (sky130_fd_sc_hd__mux2_1)
                                         _148_ (net)
                  0.08    0.00    2.83 v _315_/A2_N (sky130_fd_sc_hd__a2bb2o_4)
     9    0.04    0.14    0.28    3.11 ^ _315_/X (sky130_fd_sc_hd__a2bb2o_4)
                                         _157_ (net)
                  0.14    0.00    3.12 ^ _391_/A1 (sky130_fd_sc_hd__mux2_1)
     1    0.00    0.04    0.14    3.26 ^ _391_/X (sky130_fd_sc_hd__mux2_1)
                                         _035_ (net)
                  0.04    0.00    3.26 ^ _392_/A (sky130_fd_sc_hd__clkbuf_1)
     1    0.00    0.03    0.07    3.33 ^ _392_/X (sky130_fd_sc_hd__clkbuf_1)
                                         _010_ (net)
                  0.03    0.00    3.33 ^ _444_/D (sky130_fd_sc_hd__dfxtp_1)
                                  3.33   data arrival time

                         10.00   10.00   clock CLK100MHZ (rise edge)
                          0.00   10.00   clock source latency
     1    0.01    0.00    0.00   10.00 ^ CLK100MHZ (in)
                                         CLK100MHZ (net)
                  0.00    0.00   10.00 ^ clkbuf_0_CLK100MHZ/A (sky130_fd_sc_hd__clkbuf_16)
     2    0.02    0.04    0.11   10.11 ^ clkbuf_0_CLK100MHZ/X (sky130_fd_sc_hd__clkbuf_16)
                                         clknet_0_CLK100MHZ (net)
                  0.04    0.00   10.11 ^ clkbuf_1_1__f_CLK100MHZ/A (sky130_fd_sc_hd__clkbuf_16)
    13    0.03    0.05    0.13   10.24 ^ clkbuf_1_1__f_CLK100MHZ/X (sky130_fd_sc_hd__clkbuf_16)
                                         clknet_1_1__leaf_CLK100MHZ (net)
                  0.05    0.00   10.24 ^ _444_/CLK (sky130_fd_sc_hd__dfxtp_1)
                         -0.20   10.04   clock uncertainty
                          0.00   10.04   clock reconvergence pessimism
                         -0.05    9.99   library setup time
                                  9.99   data required time
-----------------------------------------------------------------------------
                                  9.99   data required time
                                 -3.33   data arrival time
-----------------------------------------------------------------------------
                                  6.66   slack (MET)


Startpoint: _463_ (rising edge-triggered flip-flop clocked by CLK100MHZ)
Endpoint: _459_ (rising edge-triggered flip-flop clocked by CLK100MHZ)
Path Group: CLK100MHZ
Path Type: max

Fanout     Cap    Slew   Delay    Time   Description
-----------------------------------------------------------------------------
                          0.00    0.00   clock CLK100MHZ (rise edge)
                          0.00    0.00   clock source latency
     1    0.01    0.00    0.00    0.00 ^ CLK100MHZ (in)
                                         CLK100MHZ (net)
                  0.00    0.00    0.00 ^ clkbuf_0_CLK100MHZ/A (sky130_fd_sc_hd__clkbuf_16)
     2    0.02    0.04    0.11    0.11 ^ clkbuf_0_CLK100MHZ/X (sky130_fd_sc_hd__clkbuf_16)
                                         clknet_0_CLK100MHZ (net)
                  0.04    0.00    0.11 ^ clkbuf_1_0__f_CLK100MHZ/A (sky130_fd_sc_hd__clkbuf_16)
    16    0.05    0.07    0.15    0.25 ^ clkbuf_1_0__f_CLK100MHZ/X (sky130_fd_sc_hd__clkbuf_16)
                                         clknet_1_0__leaf_CLK100MHZ (net)
                  0.07    0.00    0.26 ^ _463_/CLK (sky130_fd_sc_hd__dfrtp_4)
    10    0.03    0.11    0.46    0.72 ^ _463_/Q (sky130_fd_sc_hd__dfrtp_4)
                                         imem.address[1] (net)
                  0.11    0.00    0.72 ^ _230_/C_N (sky130_fd_sc_hd__nor3b_2)
     3    0.02    0.31    0.31    1.03 ^ _230_/Y (sky130_fd_sc_hd__nor3b_2)
                                         _072_ (net)
                  0.31    0.00    1.03 ^ _231_/A (sky130_fd_sc_hd__clkbuf_2)
     4    0.02    0.12    0.23    1.26 ^ _231_/X (sky130_fd_sc_hd__clkbuf_2)
                                         _073_ (net)
                  0.12    0.00    1.27 ^ _233_/B1 (sky130_fd_sc_hd__a211o_1)
     1    0.00    0.05    0.12    1.39 ^ _233_/X (sky130_fd_sc_hd__a211o_1)
                                         _075_ (net)
                  0.05    0.00    1.39 ^ _239_/A1 (sky130_fd_sc_hd__a31o_2)
     5    0.03    0.16    0.23    1.62 ^ _239_/X (sky130_fd_sc_hd__a31o_2)
                                         _081_ (net)
                  0.16    0.00    1.62 ^ _240_/A (sky130_fd_sc_hd__buf_1)
     3    0.00    0.07    0.12    1.75 ^ _240_/X (sky130_fd_sc_hd__buf_1)
                                         _082_ (net)
                  0.07    0.00    1.75 ^ _241_/A (sky130_fd_sc_hd__dlymetal6s2s_1)
     3    0.02    0.20    0.21    1.95 ^ _241_/X (sky130_fd_sc_hd__dlymetal6s2s_1)
                                         _083_ (net)
                  0.20    0.00    1.95 ^ _242_/A (sky130_fd_sc_hd__buf_1)
     2    0.02    0.19    0.22    2.17 ^ _242_/X (sky130_fd_sc_hd__buf_1)
                                         _084_ (net)
                  0.19    0.00    2.17 ^ _303_/S (sky130_fd_sc_hd__mux2_1)
     1    0.00    0.06    0.35    2.52 v _303_/X (sky130_fd_sc_hd__mux2_1)
                                         _145_ (net)
                  0.06    0.00    2.52 v _306_/A0 (sky130_fd_sc_hd__mux2_1)
     1    0.01    0.08    0.31    2.83 v _306_/X (sky130_fd_sc_hd__mux2_1)
                                         _148_ (net)
                  0.08    0.00    2.83 v _315_/A2_N (sky130_fd_sc_hd__a2bb2o_4)
     9    0.04    0.14    0.28    3.11 ^ _315_/X (sky130_fd_sc_hd__a2bb2o_4)
                                         _157_ (net)
                  0.14    0.00    3.12 ^ _428_/A1 (sky130_fd_sc_hd__mux2_1)
     1    0.00    0.04    0.14    3.26 ^ _428_/X (sky130_fd_sc_hd__mux2_1)
                                         _057_ (net)
                  0.04    0.00    3.26 ^ _429_/A (sky130_fd_sc_hd__buf_1)
     1    0.00    0.03    0.07    3.33 ^ _429_/X (sky130_fd_sc_hd__buf_1)
                                         _025_ (net)
                  0.03    0.00    3.33 ^ _459_/D (sky130_fd_sc_hd__dfxtp_1)
                                  3.33   data arrival time

                         10.00   10.00   clock CLK100MHZ (rise edge)
                          0.00   10.00   clock source latency
     1    0.01    0.00    0.00   10.00 ^ CLK100MHZ (in)
                                         CLK100MHZ (net)
                  0.00    0.00   10.00 ^ clkbuf_0_CLK100MHZ/A (sky130_fd_sc_hd__clkbuf_16)
     2    0.02    0.04    0.11   10.11 ^ clkbuf_0_CLK100MHZ/X (sky130_fd_sc_hd__clkbuf_16)
                                         clknet_0_CLK100MHZ (net)
                  0.04    0.00   10.11 ^ clkbuf_1_0__f_CLK100MHZ/A (sky130_fd_sc_hd__clkbuf_16)
    16    0.05    0.07    0.15   10.25 ^ clkbuf_1_0__f_CLK100MHZ/X (sky130_fd_sc_hd__clkbuf_16)
                                         clknet_1_0__leaf_CLK100MHZ (net)
                  0.07    0.00   10.26 ^ _459_/CLK (sky130_fd_sc_hd__dfxtp_1)
                         -0.20   10.06   clock uncertainty
                          0.00   10.06   clock reconvergence pessimism
                         -0.05   10.01   library setup time
                                 10.01   data required time
-----------------------------------------------------------------------------
                                 10.01   data required time
                                 -3.33   data arrival time
-----------------------------------------------------------------------------
                                  6.68   slack (MET)


Startpoint: _463_ (rising edge-triggered flip-flop clocked by CLK100MHZ)
Endpoint: _457_ (rising edge-triggered flip-flop clocked by CLK100MHZ)
Path Group: CLK100MHZ
Path Type: max

Fanout     Cap    Slew   Delay    Time   Description
-----------------------------------------------------------------------------
                          0.00    0.00   clock CLK100MHZ (rise edge)
                          0.00    0.00   clock source latency
     1    0.01    0.00    0.00    0.00 ^ CLK100MHZ (in)
                                         CLK100MHZ (net)
                  0.00    0.00    0.00 ^ clkbuf_0_CLK100MHZ/A (sky130_fd_sc_hd__clkbuf_16)
     2    0.02    0.04    0.11    0.11 ^ clkbuf_0_CLK100MHZ/X (sky130_fd_sc_hd__clkbuf_16)
                                         clknet_0_CLK100MHZ (net)
                  0.04    0.00    0.11 ^ clkbuf_1_0__f_CLK100MHZ/A (sky130_fd_sc_hd__clkbuf_16)
    16    0.05    0.07    0.15    0.25 ^ clkbuf_1_0__f_CLK100MHZ/X (sky130_fd_sc_hd__clkbuf_16)
                                         clknet_1_0__leaf_CLK100MHZ (net)
                  0.07    0.00    0.26 ^ _463_/CLK (sky130_fd_sc_hd__dfrtp_4)
    10    0.03    0.09    0.52    0.77 v _463_/Q (sky130_fd_sc_hd__dfrtp_4)
                                         imem.address[1] (net)
                  0.09    0.00    0.77 v _230_/C_N (sky130_fd_sc_hd__nor3b_2)
     3    0.02    0.06    0.20    0.97 v _230_/Y (sky130_fd_sc_hd__nor3b_2)
                                         _072_ (net)
                  0.06    0.00    0.98 v _231_/A (sky130_fd_sc_hd__clkbuf_2)
     4    0.02    0.08    0.16    1.14 v _231_/X (sky130_fd_sc_hd__clkbuf_2)
                                         _073_ (net)
                  0.08    0.00    1.14 v _233_/B1 (sky130_fd_sc_hd__a211o_1)
     1    0.00    0.05    0.28    1.42 v _233_/X (sky130_fd_sc_hd__a211o_1)
                                         _075_ (net)
                  0.05    0.00    1.42 v _239_/A1 (sky130_fd_sc_hd__a31o_2)
     5    0.03    0.09    0.26    1.68 v _239_/X (sky130_fd_sc_hd__a31o_2)
                                         _081_ (net)
                  0.09    0.00    1.68 v _240_/A (sky130_fd_sc_hd__buf_1)
     3    0.00    0.04    0.12    1.79 v _240_/X (sky130_fd_sc_hd__buf_1)
                                         _082_ (net)
                  0.04    0.00    1.79 v _241_/A (sky130_fd_sc_hd__dlymetal6s2s_1)
     3    0.02    0.10    0.19    1.98 v _241_/X (sky130_fd_sc_hd__dlymetal6s2s_1)
                                         _083_ (net)
                  0.10    0.00    1.98 v _275_/A (sky130_fd_sc_hd__buf_1)
     2    0.00    0.04    0.12    2.10 v _275_/X (sky130_fd_sc_hd__buf_1)
                                         _117_ (net)
                  0.04    0.00    2.10 v _304_/A (sky130_fd_sc_hd__nand2_1)
     2    0.00    0.06    0.06    2.16 ^ _304_/Y (sky130_fd_sc_hd__nand2_1)
                                         _146_ (net)
                  0.06    0.00    2.16 ^ _341_/A2 (sky130_fd_sc_hd__a21oi_1)
     1    0.00    0.05    0.06    2.22 v _341_/Y (sky130_fd_sc_hd__a21oi_1)
                                         _183_ (net)
                  0.05    0.00    2.22 v _342_/B1 (sky130_fd_sc_hd__a31o_2)
     9    0.03    0.10    0.28    2.51 v _342_/X (sky130_fd_sc_hd__a31o_2)
                                         _184_ (net)
                  0.10    0.00    2.51 v _424_/A1 (sky130_fd_sc_hd__mux2_1)
     1    0.01    0.08    0.33    2.84 v _424_/X (sky130_fd_sc_hd__mux2_1)
                                         _055_ (net)
                  0.08    0.00    2.84 v _425_/A (sky130_fd_sc_hd__clkbuf_1)
     1    0.01    0.05    0.12    2.96 v _425_/X (sky130_fd_sc_hd__clkbuf_1)
                                         _023_ (net)
                  0.05    0.00    2.96 v _457_/D (sky130_fd_sc_hd__dfxtp_1)
                                  2.96   data arrival time

                         10.00   10.00   clock CLK100MHZ (rise edge)
                          0.00   10.00   clock source latency
     1    0.01    0.00    0.00   10.00 ^ CLK100MHZ (in)
                                         CLK100MHZ (net)
                  0.00    0.00   10.00 ^ clkbuf_0_CLK100MHZ/A (sky130_fd_sc_hd__clkbuf_16)
     2    0.02    0.04    0.11   10.11 ^ clkbuf_0_CLK100MHZ/X (sky130_fd_sc_hd__clkbuf_16)
                                         clknet_0_CLK100MHZ (net)
                  0.04    0.00   10.11 ^ clkbuf_1_1__f_CLK100MHZ/A (sky130_fd_sc_hd__clkbuf_16)
    13    0.03    0.05    0.13   10.24 ^ clkbuf_1_1__f_CLK100MHZ/X (sky130_fd_sc_hd__clkbuf_16)
                                         clknet_1_1__leaf_CLK100MHZ (net)
                  0.05    0.00   10.24 ^ _457_/CLK (sky130_fd_sc_hd__dfxtp_1)
                         -0.20   10.04   clock uncertainty
                          0.00   10.04   clock reconvergence pessimism
                         -0.11    9.93   library setup time
                                  9.93   data required time
-----------------------------------------------------------------------------
                                  9.93   data required time
                                 -2.96   data arrival time
-----------------------------------------------------------------------------
                                  6.97   slack (MET)


Startpoint: _463_ (rising edge-triggered flip-flop clocked by CLK100MHZ)
Endpoint: _447_ (rising edge-triggered flip-flop clocked by CLK100MHZ)
Path Group: CLK100MHZ
Path Type: max

Fanout     Cap    Slew   Delay    Time   Description
-----------------------------------------------------------------------------
                          0.00    0.00   clock CLK100MHZ (rise edge)
                          0.00    0.00   clock source latency
     1    0.01    0.00    0.00    0.00 ^ CLK100MHZ (in)
                                         CLK100MHZ (net)
                  0.00    0.00    0.00 ^ clkbuf_0_CLK100MHZ/A (sky130_fd_sc_hd__clkbuf_16)
     2    0.02    0.04    0.11    0.11 ^ clkbuf_0_CLK100MHZ/X (sky130_fd_sc_hd__clkbuf_16)
                                         clknet_0_CLK100MHZ (net)
                  0.04    0.00    0.11 ^ clkbuf_1_0__f_CLK100MHZ/A (sky130_fd_sc_hd__clkbuf_16)
    16    0.05    0.07    0.15    0.25 ^ clkbuf_1_0__f_CLK100MHZ/X (sky130_fd_sc_hd__clkbuf_16)
                                         clknet_1_0__leaf_CLK100MHZ (net)
                  0.07    0.00    0.26 ^ _463_/CLK (sky130_fd_sc_hd__dfrtp_4)
    10    0.03    0.09    0.52    0.77 v _463_/Q (sky130_fd_sc_hd__dfrtp_4)
                                         imem.address[1] (net)
                  0.09    0.00    0.77 v _230_/C_N (sky130_fd_sc_hd__nor3b_2)
     3    0.02    0.06    0.20    0.97 v _230_/Y (sky130_fd_sc_hd__nor3b_2)
                                         _072_ (net)
                  0.06    0.00    0.98 v _231_/A (sky130_fd_sc_hd__clkbuf_2)
     4    0.02    0.08    0.16    1.14 v _231_/X (sky130_fd_sc_hd__clkbuf_2)
                                         _073_ (net)
                  0.08    0.00    1.14 v _233_/B1 (sky130_fd_sc_hd__a211o_1)
     1    0.00    0.05    0.28    1.42 v _233_/X (sky130_fd_sc_hd__a211o_1)
                                         _075_ (net)
                  0.05    0.00    1.42 v _239_/A1 (sky130_fd_sc_hd__a31o_2)
     5    0.03    0.09    0.26    1.68 v _239_/X (sky130_fd_sc_hd__a31o_2)
                                         _081_ (net)
                  0.09    0.00    1.68 v _240_/A (sky130_fd_sc_hd__buf_1)
     3    0.00    0.04    0.12    1.79 v _240_/X (sky130_fd_sc_hd__buf_1)
                                         _082_ (net)
                  0.04    0.00    1.79 v _241_/A (sky130_fd_sc_hd__dlymetal6s2s_1)
     3    0.02    0.10    0.19    1.98 v _241_/X (sky130_fd_sc_hd__dlymetal6s2s_1)
                                         _083_ (net)
                  0.10    0.00    1.98 v _275_/A (sky130_fd_sc_hd__buf_1)
     2    0.00    0.04    0.12    2.10 v _275_/X (sky130_fd_sc_hd__buf_1)
                                         _117_ (net)
                  0.04    0.00    2.10 v _304_/A (sky130_fd_sc_hd__nand2_1)
     2    0.00    0.06    0.06    2.16 ^ _304_/Y (sky130_fd_sc_hd__nand2_1)
                                         _146_ (net)
                  0.06    0.00    2.16 ^ _341_/A2 (sky130_fd_sc_hd__a21oi_1)
     1    0.00    0.05    0.06    2.22 v _341_/Y (sky130_fd_sc_hd__a21oi_1)
                                         _183_ (net)
                  0.05    0.00    2.22 v _342_/B1 (sky130_fd_sc_hd__a31o_2)
     9    0.03    0.10    0.28    2.51 v _342_/X (sky130_fd_sc_hd__a31o_2)
                                         _184_ (net)
                  0.10    0.00    2.51 v _400_/A0 (sky130_fd_sc_hd__mux2_1)
     1    0.01    0.09    0.34    2.85 v _400_/X (sky130_fd_sc_hd__mux2_1)
                                         _041_ (net)
                  0.09    0.00    2.85 v _401_/A (sky130_fd_sc_hd__buf_1)
     1    0.00    0.02    0.10    2.95 v _401_/X (sky130_fd_sc_hd__buf_1)
                                         _013_ (net)
                  0.02    0.00    2.95 v _447_/D (sky130_fd_sc_hd__dfxtp_1)
                                  2.95   data arrival time

                         10.00   10.00   clock CLK100MHZ (rise edge)
                          0.00   10.00   clock source latency
     1    0.01    0.00    0.00   10.00 ^ CLK100MHZ (in)
                                         CLK100MHZ (net)
                  0.00    0.00   10.00 ^ clkbuf_0_CLK100MHZ/A (sky130_fd_sc_hd__clkbuf_16)
     2    0.02    0.04    0.11   10.11 ^ clkbuf_0_CLK100MHZ/X (sky130_fd_sc_hd__clkbuf_16)
                                         clknet_0_CLK100MHZ (net)
                  0.04    0.00   10.11 ^ clkbuf_1_1__f_CLK100MHZ/A (sky130_fd_sc_hd__clkbuf_16)
    13    0.03    0.05    0.13   10.24 ^ clkbuf_1_1__f_CLK100MHZ/X (sky130_fd_sc_hd__clkbuf_16)
                                         clknet_1_1__leaf_CLK100MHZ (net)
                  0.05    0.00   10.24 ^ _447_/CLK (sky130_fd_sc_hd__dfxtp_1)
                         -0.20   10.04   clock uncertainty
                          0.00   10.04   clock reconvergence pessimism
                         -0.10    9.94   library setup time
                                  9.94   data required time
-----------------------------------------------------------------------------
                                  9.94   data required time
                                 -2.95   data arrival time
-----------------------------------------------------------------------------
                                  6.99   slack (MET)


Startpoint: _463_ (rising edge-triggered flip-flop clocked by CLK100MHZ)
Endpoint: _437_ (rising edge-triggered flip-flop clocked by CLK100MHZ)
Path Group: CLK100MHZ
Path Type: max

Fanout     Cap    Slew   Delay    Time   Description
-----------------------------------------------------------------------------
                          0.00    0.00   clock CLK100MHZ (rise edge)
                          0.00    0.00   clock source latency
     1    0.01    0.00    0.00    0.00 ^ CLK100MHZ (in)
                                         CLK100MHZ (net)
                  0.00    0.00    0.00 ^ clkbuf_0_CLK100MHZ/A (sky130_fd_sc_hd__clkbuf_16)
     2    0.02    0.04    0.11    0.11 ^ clkbuf_0_CLK100MHZ/X (sky130_fd_sc_hd__clkbuf_16)
                                         clknet_0_CLK100MHZ (net)
                  0.04    0.00    0.11 ^ clkbuf_1_0__f_CLK100MHZ/A (sky130_fd_sc_hd__clkbuf_16)
    16    0.05    0.07    0.15    0.25 ^ clkbuf_1_0__f_CLK100MHZ/X (sky130_fd_sc_hd__clkbuf_16)
                                         clknet_1_0__leaf_CLK100MHZ (net)
                  0.07    0.00    0.26 ^ _463_/CLK (sky130_fd_sc_hd__dfrtp_4)
    10    0.03    0.09    0.52    0.77 v _463_/Q (sky130_fd_sc_hd__dfrtp_4)
                                         imem.address[1] (net)
                  0.09    0.00    0.77 v _230_/C_N (sky130_fd_sc_hd__nor3b_2)
     3    0.02    0.06    0.20    0.97 v _230_/Y (sky130_fd_sc_hd__nor3b_2)
                                         _072_ (net)
                  0.06    0.00    0.98 v _231_/A (sky130_fd_sc_hd__clkbuf_2)
     4    0.02    0.08    0.16    1.14 v _231_/X (sky130_fd_sc_hd__clkbuf_2)
                                         _073_ (net)
                  0.08    0.00    1.14 v _233_/B1 (sky130_fd_sc_hd__a211o_1)
     1    0.00    0.05    0.28    1.42 v _233_/X (sky130_fd_sc_hd__a211o_1)
                                         _075_ (net)
                  0.05    0.00    1.42 v _239_/A1 (sky130_fd_sc_hd__a31o_2)
     5    0.03    0.09    0.26    1.68 v _239_/X (sky130_fd_sc_hd__a31o_2)
                                         _081_ (net)
                  0.09    0.00    1.68 v _240_/A (sky130_fd_sc_hd__buf_1)
     3    0.00    0.04    0.12    1.79 v _240_/X (sky130_fd_sc_hd__buf_1)
                                         _082_ (net)
                  0.04    0.00    1.79 v _241_/A (sky130_fd_sc_hd__dlymetal6s2s_1)
     3    0.02    0.10    0.19    1.98 v _241_/X (sky130_fd_sc_hd__dlymetal6s2s_1)
                                         _083_ (net)
                  0.10    0.00    1.98 v _275_/A (sky130_fd_sc_hd__buf_1)
     2    0.00    0.04    0.12    2.10 v _275_/X (sky130_fd_sc_hd__buf_1)
                                         _117_ (net)
                  0.04    0.00    2.10 v _304_/A (sky130_fd_sc_hd__nand2_1)
     2    0.00    0.06    0.06    2.16 ^ _304_/Y (sky130_fd_sc_hd__nand2_1)
                                         _146_ (net)
                  0.06    0.00    2.16 ^ _341_/A2 (sky130_fd_sc_hd__a21oi_1)
     1    0.00    0.05    0.06    2.22 v _341_/Y (sky130_fd_sc_hd__a21oi_1)
                                         _183_ (net)
                  0.05    0.00    2.22 v _342_/B1 (sky130_fd_sc_hd__a31o_2)
     9    0.03    0.10    0.28    2.51 v _342_/X (sky130_fd_sc_hd__a31o_2)
                                         _184_ (net)
                  0.10    0.00    2.51 v _365_/A1 (sky130_fd_sc_hd__mux2_1)
     1    0.01    0.07    0.32    2.83 v _365_/X (sky130_fd_sc_hd__mux2_1)
                                         _200_ (net)
                  0.07    0.00    2.83 v _366_/A (sky130_fd_sc_hd__clkbuf_1)
     1    0.01    0.04    0.11    2.94 v _366_/X (sky130_fd_sc_hd__clkbuf_1)
                                         _003_ (net)
                  0.04    0.00    2.94 v _437_/D (sky130_fd_sc_hd__dfxtp_1)
                                  2.94   data arrival time

                         10.00   10.00   clock CLK100MHZ (rise edge)
                          0.00   10.00   clock source latency
     1    0.01    0.00    0.00   10.00 ^ CLK100MHZ (in)
                                         CLK100MHZ (net)
                  0.00    0.00   10.00 ^ clkbuf_0_CLK100MHZ/A (sky130_fd_sc_hd__clkbuf_16)
     2    0.02    0.04    0.11   10.11 ^ clkbuf_0_CLK100MHZ/X (sky130_fd_sc_hd__clkbuf_16)
                                         clknet_0_CLK100MHZ (net)
                  0.04    0.00   10.11 ^ clkbuf_1_0__f_CLK100MHZ/A (sky130_fd_sc_hd__clkbuf_16)
    16    0.05    0.07    0.15   10.25 ^ clkbuf_1_0__f_CLK100MHZ/X (sky130_fd_sc_hd__clkbuf_16)
                                         clknet_1_0__leaf_CLK100MHZ (net)
                  0.07    0.00   10.26 ^ _437_/CLK (sky130_fd_sc_hd__dfxtp_1)
                         -0.20   10.06   clock uncertainty
                          0.00   10.06   clock reconvergence pessimism
                         -0.10    9.95   library setup time
                                  9.95   data required time
-----------------------------------------------------------------------------
                                  9.95   data required time
                                 -2.94   data arrival time
-----------------------------------------------------------------------------
                                  7.01   slack (MET)


Startpoint: _463_ (rising edge-triggered flip-flop clocked by CLK100MHZ)
Endpoint: _442_ (rising edge-triggered flip-flop clocked by CLK100MHZ)
Path Group: CLK100MHZ
Path Type: max

Fanout     Cap    Slew   Delay    Time   Description
-----------------------------------------------------------------------------
                          0.00    0.00   clock CLK100MHZ (rise edge)
                          0.00    0.00   clock source latency
     1    0.01    0.00    0.00    0.00 ^ CLK100MHZ (in)
                                         CLK100MHZ (net)
                  0.00    0.00    0.00 ^ clkbuf_0_CLK100MHZ/A (sky130_fd_sc_hd__clkbuf_16)
     2    0.02    0.04    0.11    0.11 ^ clkbuf_0_CLK100MHZ/X (sky130_fd_sc_hd__clkbuf_16)
                                         clknet_0_CLK100MHZ (net)
                  0.04    0.00    0.11 ^ clkbuf_1_0__f_CLK100MHZ/A (sky130_fd_sc_hd__clkbuf_16)
    16    0.05    0.07    0.15    0.25 ^ clkbuf_1_0__f_CLK100MHZ/X (sky130_fd_sc_hd__clkbuf_16)
                                         clknet_1_0__leaf_CLK100MHZ (net)
                  0.07    0.00    0.26 ^ _463_/CLK (sky130_fd_sc_hd__dfrtp_4)
    10    0.03    0.09    0.52    0.77 v _463_/Q (sky130_fd_sc_hd__dfrtp_4)
                                         imem.address[1] (net)
                  0.09    0.00    0.77 v _230_/C_N (sky130_fd_sc_hd__nor3b_2)
     3    0.02    0.06    0.20    0.97 v _230_/Y (sky130_fd_sc_hd__nor3b_2)
                                         _072_ (net)
                  0.06    0.00    0.98 v _231_/A (sky130_fd_sc_hd__clkbuf_2)
     4    0.02    0.08    0.16    1.14 v _231_/X (sky130_fd_sc_hd__clkbuf_2)
                                         _073_ (net)
                  0.08    0.00    1.14 v _233_/B1 (sky130_fd_sc_hd__a211o_1)
     1    0.00    0.05    0.28    1.42 v _233_/X (sky130_fd_sc_hd__a211o_1)
                                         _075_ (net)
                  0.05    0.00    1.42 v _239_/A1 (sky130_fd_sc_hd__a31o_2)
     5    0.03    0.09    0.26    1.68 v _239_/X (sky130_fd_sc_hd__a31o_2)
                                         _081_ (net)
                  0.09    0.00    1.68 v _240_/A (sky130_fd_sc_hd__buf_1)
     3    0.00    0.04    0.12    1.79 v _240_/X (sky130_fd_sc_hd__buf_1)
                                         _082_ (net)
                  0.04    0.00    1.79 v _241_/A (sky130_fd_sc_hd__dlymetal6s2s_1)
     3    0.02    0.10    0.19    1.98 v _241_/X (sky130_fd_sc_hd__dlymetal6s2s_1)
                                         _083_ (net)
                  0.10    0.00    1.98 v _275_/A (sky130_fd_sc_hd__buf_1)
     2    0.00    0.04    0.12    2.10 v _275_/X (sky130_fd_sc_hd__buf_1)
                                         _117_ (net)
                  0.04    0.00    2.10 v _304_/A (sky130_fd_sc_hd__nand2_1)
     2    0.00    0.06    0.06    2.16 ^ _304_/Y (sky130_fd_sc_hd__nand2_1)
                                         _146_ (net)
                  0.06    0.00    2.16 ^ _341_/A2 (sky130_fd_sc_hd__a21oi_1)
     1    0.00    0.05    0.06    2.22 v _341_/Y (sky130_fd_sc_hd__a21oi_1)
                                         _183_ (net)
                  0.05    0.00    2.22 v _342_/B1 (sky130_fd_sc_hd__a31o_2)
     9    0.03    0.10    0.28    2.51 v _342_/X (sky130_fd_sc_hd__a31o_2)
                                         _184_ (net)
                  0.10    0.00    2.51 v _387_/A1 (sky130_fd_sc_hd__mux2_1)
     1    0.00    0.05    0.30    2.81 v _387_/X (sky130_fd_sc_hd__mux2_1)
                                         _033_ (net)
                  0.05    0.00    2.81 v _388_/A (sky130_fd_sc_hd__clkbuf_1)
     1    0.00    0.03    0.10    2.90 v _388_/X (sky130_fd_sc_hd__clkbuf_1)
                                         _008_ (net)
                  0.03    0.00    2.90 v _442_/D (sky130_fd_sc_hd__dfxtp_1)
                                  2.90   data arrival time

                         10.00   10.00   clock CLK100MHZ (rise edge)
                          0.00   10.00   clock source latency
     1    0.01    0.00    0.00   10.00 ^ CLK100MHZ (in)
                                         CLK100MHZ (net)
                  0.00    0.00   10.00 ^ clkbuf_0_CLK100MHZ/A (sky130_fd_sc_hd__clkbuf_16)
     2    0.02    0.04    0.11   10.11 ^ clkbuf_0_CLK100MHZ/X (sky130_fd_sc_hd__clkbuf_16)
                                         clknet_0_CLK100MHZ (net)
                  0.04    0.00   10.11 ^ clkbuf_1_1__f_CLK100MHZ/A (sky130_fd_sc_hd__clkbuf_16)
    13    0.03    0.05    0.13   10.24 ^ clkbuf_1_1__f_CLK100MHZ/X (sky130_fd_sc_hd__clkbuf_16)
                                         clknet_1_1__leaf_CLK100MHZ (net)
                  0.05    0.00   10.24 ^ _442_/CLK (sky130_fd_sc_hd__dfxtp_1)
                         -0.20   10.04   clock uncertainty
                          0.00   10.04   clock reconvergence pessimism
                         -0.10    9.93   library setup time
                                  9.93   data required time
-----------------------------------------------------------------------------
                                  9.93   data required time
                                 -2.90   data arrival time
-----------------------------------------------------------------------------
                                  7.03   slack (MET)


Startpoint: _464_ (rising edge-triggered flip-flop clocked by CLK100MHZ)
Endpoint: _456_ (rising edge-triggered flip-flop clocked by CLK100MHZ)
Path Group: CLK100MHZ
Path Type: max

Fanout     Cap    Slew   Delay    Time   Description
-----------------------------------------------------------------------------
                          0.00    0.00   clock CLK100MHZ (rise edge)
                          0.00    0.00   clock source latency
     1    0.01    0.00    0.00    0.00 ^ CLK100MHZ (in)
                                         CLK100MHZ (net)
                  0.00    0.00    0.00 ^ clkbuf_0_CLK100MHZ/A (sky130_fd_sc_hd__clkbuf_16)
     2    0.02    0.04    0.11    0.11 ^ clkbuf_0_CLK100MHZ/X (sky130_fd_sc_hd__clkbuf_16)
                                         clknet_0_CLK100MHZ (net)
                  0.04    0.00    0.11 ^ clkbuf_1_0__f_CLK100MHZ/A (sky130_fd_sc_hd__clkbuf_16)
    16    0.05    0.07    0.15    0.25 ^ clkbuf_1_0__f_CLK100MHZ/X (sky130_fd_sc_hd__clkbuf_16)
                                         clknet_1_0__leaf_CLK100MHZ (net)
                  0.07    0.00    0.26 ^ _464_/CLK (sky130_fd_sc_hd__dfrtp_1)
     3    0.02    0.15    0.41    0.66 ^ _464_/Q (sky130_fd_sc_hd__dfrtp_1)
                                         imem.address[2] (net)
                  0.15    0.00    0.66 ^ _215_/A (sky130_fd_sc_hd__clkbuf_4)
    10    0.03    0.10    0.21    0.87 ^ _215_/X (sky130_fd_sc_hd__clkbuf_4)
                                         _060_ (net)
                  0.10    0.00    0.87 ^ _216_/A (sky130_fd_sc_hd__clkbuf_2)
     5    0.01    0.06    0.14    1.01 ^ _216_/X (sky130_fd_sc_hd__clkbuf_2)
                                         _061_ (net)
                  0.06    0.00    1.01 ^ _217_/A (sky130_fd_sc_hd__clkbuf_1)
     1    0.00    0.04    0.08    1.09 ^ _217_/X (sky130_fd_sc_hd__clkbuf_1)
                                         _062_ (net)
                  0.04    0.00    1.09 ^ _218_/A (sky130_fd_sc_hd__buf_1)
     1    0.00    0.03    0.07    1.16 ^ _218_/X (sky130_fd_sc_hd__buf_1)
                                         _063_ (net)
                  0.03    0.00    1.16 ^ _219_/A (sky130_fd_sc_hd__buf_2)
     6    0.01    0.08    0.13    1.29 ^ _219_/X (sky130_fd_sc_hd__buf_2)
                                         _064_ (net)
                  0.08    0.00    1.29 ^ _410_/A (sky130_fd_sc_hd__nand3_1)
     1    0.01    0.11    0.11    1.40 v _410_/Y (sky130_fd_sc_hd__nand3_1)
                                         _046_ (net)
                  0.11    0.00    1.40 v _411_/A (sky130_fd_sc_hd__clkbuf_2)
     5    0.01    0.04    0.14    1.54 v _411_/X (sky130_fd_sc_hd__clkbuf_2)
                                         _047_ (net)
                  0.04    0.00    1.54 v _420_/B (sky130_fd_sc_hd__and2_1)
     1    0.00    0.03    0.14    1.68 v _420_/X (sky130_fd_sc_hd__and2_1)
                                         _052_ (net)
                  0.03    0.00    1.68 v _421_/A (sky130_fd_sc_hd__clkbuf_1)
     1    0.01    0.05    0.10    1.78 v _421_/X (sky130_fd_sc_hd__clkbuf_1)
                                         _022_ (net)
                  0.05    0.00    1.78 v _456_/D (sky130_fd_sc_hd__dfxtp_1)
                                  1.78   data arrival time

                         10.00   10.00   clock CLK100MHZ (rise edge)
                          0.00   10.00   clock source latency
     1    0.01    0.00    0.00   10.00 ^ CLK100MHZ (in)
                                         CLK100MHZ (net)
                  0.00    0.00   10.00 ^ clkbuf_0_CLK100MHZ/A (sky130_fd_sc_hd__clkbuf_16)
     2    0.02    0.04    0.11   10.11 ^ clkbuf_0_CLK100MHZ/X (sky130_fd_sc_hd__clkbuf_16)
                                         clknet_0_CLK100MHZ (net)
                  0.04    0.00   10.11 ^ clkbuf_1_1__f_CLK100MHZ/A (sky130_fd_sc_hd__clkbuf_16)
    13    0.03    0.05    0.13   10.24 ^ clkbuf_1_1__f_CLK100MHZ/X (sky130_fd_sc_hd__clkbuf_16)
                                         clknet_1_1__leaf_CLK100MHZ (net)
                  0.05    0.00   10.24 ^ _456_/CLK (sky130_fd_sc_hd__dfxtp_1)
                         -0.20   10.04   clock uncertainty
                          0.00   10.04   clock reconvergence pessimism
                         -0.11    9.93   library setup time
                                  9.93   data required time
-----------------------------------------------------------------------------
                                  9.93   data required time
                                 -1.78   data arrival time
-----------------------------------------------------------------------------
                                  8.14   slack (MET)


Startpoint: _464_ (rising edge-triggered flip-flop clocked by CLK100MHZ)
Endpoint: _452_ (rising edge-triggered flip-flop clocked by CLK100MHZ)
Path Group: CLK100MHZ
Path Type: max

Fanout     Cap    Slew   Delay    Time   Description
-----------------------------------------------------------------------------
                          0.00    0.00   clock CLK100MHZ (rise edge)
                          0.00    0.00   clock source latency
     1    0.01    0.00    0.00    0.00 ^ CLK100MHZ (in)
                                         CLK100MHZ (net)
                  0.00    0.00    0.00 ^ clkbuf_0_CLK100MHZ/A (sky130_fd_sc_hd__clkbuf_16)
     2    0.02    0.04    0.11    0.11 ^ clkbuf_0_CLK100MHZ/X (sky130_fd_sc_hd__clkbuf_16)
                                         clknet_0_CLK100MHZ (net)
                  0.04    0.00    0.11 ^ clkbuf_1_0__f_CLK100MHZ/A (sky130_fd_sc_hd__clkbuf_16)
    16    0.05    0.07    0.15    0.25 ^ clkbuf_1_0__f_CLK100MHZ/X (sky130_fd_sc_hd__clkbuf_16)
                                         clknet_1_0__leaf_CLK100MHZ (net)
                  0.07    0.00    0.26 ^ _464_/CLK (sky130_fd_sc_hd__dfrtp_1)
     3    0.02    0.15    0.41    0.66 ^ _464_/Q (sky130_fd_sc_hd__dfrtp_1)
                                         imem.address[2] (net)
                  0.15    0.00    0.66 ^ _215_/A (sky130_fd_sc_hd__clkbuf_4)
    10    0.03    0.10    0.21    0.87 ^ _215_/X (sky130_fd_sc_hd__clkbuf_4)
                                         _060_ (net)
                  0.10    0.00    0.87 ^ _216_/A (sky130_fd_sc_hd__clkbuf_2)
     5    0.01    0.06    0.14    1.01 ^ _216_/X (sky130_fd_sc_hd__clkbuf_2)
                                         _061_ (net)
                  0.06    0.00    1.01 ^ _217_/A (sky130_fd_sc_hd__clkbuf_1)
     1    0.00    0.04    0.08    1.09 ^ _217_/X (sky130_fd_sc_hd__clkbuf_1)
                                         _062_ (net)
                  0.04    0.00    1.09 ^ _218_/A (sky130_fd_sc_hd__buf_1)
     1    0.00    0.03    0.07    1.16 ^ _218_/X (sky130_fd_sc_hd__buf_1)
                                         _063_ (net)
                  0.03    0.00    1.16 ^ _219_/A (sky130_fd_sc_hd__buf_2)
     6    0.01    0.08    0.13    1.29 ^ _219_/X (sky130_fd_sc_hd__buf_2)
                                         _064_ (net)
                  0.08    0.00    1.29 ^ _410_/A (sky130_fd_sc_hd__nand3_1)
     1    0.01    0.11    0.11    1.40 v _410_/Y (sky130_fd_sc_hd__nand3_1)
                                         _046_ (net)
                  0.11    0.00    1.40 v _411_/A (sky130_fd_sc_hd__clkbuf_2)
     5    0.01    0.04    0.14    1.54 v _411_/X (sky130_fd_sc_hd__clkbuf_2)
                                         _047_ (net)
                  0.04    0.00    1.54 v _412_/B (sky130_fd_sc_hd__and2_1)
     1    0.00    0.04    0.15    1.69 v _412_/X (sky130_fd_sc_hd__and2_1)
                                         _048_ (net)
                  0.04    0.00    1.69 v _413_/A (sky130_fd_sc_hd__clkbuf_1)
     1    0.00    0.03    0.09    1.78 v _413_/X (sky130_fd_sc_hd__clkbuf_1)
                                         _018_ (net)
                  0.03    0.00    1.78 v _452_/D (sky130_fd_sc_hd__dfxtp_1)
                                  1.78   data arrival time

                         10.00   10.00   clock CLK100MHZ (rise edge)
                          0.00   10.00   clock source latency
     1    0.01    0.00    0.00   10.00 ^ CLK100MHZ (in)
                                         CLK100MHZ (net)
                  0.00    0.00   10.00 ^ clkbuf_0_CLK100MHZ/A (sky130_fd_sc_hd__clkbuf_16)
     2    0.02    0.04    0.11   10.11 ^ clkbuf_0_CLK100MHZ/X (sky130_fd_sc_hd__clkbuf_16)
                                         clknet_0_CLK100MHZ (net)
                  0.04    0.00   10.11 ^ clkbuf_1_1__f_CLK100MHZ/A (sky130_fd_sc_hd__clkbuf_16)
    13    0.03    0.05    0.13   10.24 ^ clkbuf_1_1__f_CLK100MHZ/X (sky130_fd_sc_hd__clkbuf_16)
                                         clknet_1_1__leaf_CLK100MHZ (net)
                  0.05    0.00   10.24 ^ _452_/CLK (sky130_fd_sc_hd__dfxtp_1)
                         -0.20   10.04   clock uncertainty
                          0.00   10.04   clock reconvergence pessimism
                         -0.10    9.93   library setup time
                                  9.93   data required time
-----------------------------------------------------------------------------
                                  9.93   data required time
                                 -1.78   data arrival time
-----------------------------------------------------------------------------
                                  8.15   slack (MET)


Startpoint: _464_ (rising edge-triggered flip-flop clocked by CLK100MHZ)
Endpoint: _453_ (rising edge-triggered flip-flop clocked by CLK100MHZ)
Path Group: CLK100MHZ
Path Type: max

Fanout     Cap    Slew   Delay    Time   Description
-----------------------------------------------------------------------------
                          0.00    0.00   clock CLK100MHZ (rise edge)
                          0.00    0.00   clock source latency
     1    0.01    0.00    0.00    0.00 ^ CLK100MHZ (in)
                                         CLK100MHZ (net)
                  0.00    0.00    0.00 ^ clkbuf_0_CLK100MHZ/A (sky130_fd_sc_hd__clkbuf_16)
     2    0.02    0.04    0.11    0.11 ^ clkbuf_0_CLK100MHZ/X (sky130_fd_sc_hd__clkbuf_16)
                                         clknet_0_CLK100MHZ (net)
                  0.04    0.00    0.11 ^ clkbuf_1_0__f_CLK100MHZ/A (sky130_fd_sc_hd__clkbuf_16)
    16    0.05    0.07    0.15    0.25 ^ clkbuf_1_0__f_CLK100MHZ/X (sky130_fd_sc_hd__clkbuf_16)
                                         clknet_1_0__leaf_CLK100MHZ (net)
                  0.07    0.00    0.26 ^ _464_/CLK (sky130_fd_sc_hd__dfrtp_1)
     3    0.02    0.15    0.41    0.66 ^ _464_/Q (sky130_fd_sc_hd__dfrtp_1)
                                         imem.address[2] (net)
                  0.15    0.00    0.66 ^ _215_/A (sky130_fd_sc_hd__clkbuf_4)
    10    0.03    0.10    0.21    0.87 ^ _215_/X (sky130_fd_sc_hd__clkbuf_4)
                                         _060_ (net)
                  0.10    0.00    0.87 ^ _216_/A (sky130_fd_sc_hd__clkbuf_2)
     5    0.01    0.06    0.14    1.01 ^ _216_/X (sky130_fd_sc_hd__clkbuf_2)
                                         _061_ (net)
                  0.06    0.00    1.01 ^ _217_/A (sky130_fd_sc_hd__clkbuf_1)
     1    0.00    0.04    0.08    1.09 ^ _217_/X (sky130_fd_sc_hd__clkbuf_1)
                                         _062_ (net)
                  0.04    0.00    1.09 ^ _218_/A (sky130_fd_sc_hd__buf_1)
     1    0.00    0.03    0.07    1.16 ^ _218_/X (sky130_fd_sc_hd__buf_1)
                                         _063_ (net)
                  0.03    0.00    1.16 ^ _219_/A (sky130_fd_sc_hd__buf_2)
     6    0.01    0.08    0.13    1.29 ^ _219_/X (sky130_fd_sc_hd__buf_2)
                                         _064_ (net)
                  0.08    0.00    1.29 ^ _410_/A (sky130_fd_sc_hd__nand3_1)
     1    0.01    0.11    0.11    1.40 v _410_/Y (sky130_fd_sc_hd__nand3_1)
                                         _046_ (net)
                  0.11    0.00    1.40 v _411_/A (sky130_fd_sc_hd__clkbuf_2)
     5    0.01    0.04    0.14    1.54 v _411_/X (sky130_fd_sc_hd__clkbuf_2)
                                         _047_ (net)
                  0.04    0.00    1.54 v _414_/B (sky130_fd_sc_hd__and2_1)
     1    0.00    0.04    0.15    1.69 v _414_/X (sky130_fd_sc_hd__and2_1)
                                         _049_ (net)
                  0.04    0.00    1.69 v _415_/A (sky130_fd_sc_hd__clkbuf_1)
     1    0.00    0.04    0.10    1.79 v _415_/X (sky130_fd_sc_hd__clkbuf_1)
                                         _019_ (net)
                  0.04    0.00    1.79 v _453_/D (sky130_fd_sc_hd__dfxtp_1)
                                  1.79   data arrival time

                         10.00   10.00   clock CLK100MHZ (rise edge)
                          0.00   10.00   clock source latency
     1    0.01    0.00    0.00   10.00 ^ CLK100MHZ (in)
                                         CLK100MHZ (net)
                  0.00    0.00   10.00 ^ clkbuf_0_CLK100MHZ/A (sky130_fd_sc_hd__clkbuf_16)
     2    0.02    0.04    0.11   10.11 ^ clkbuf_0_CLK100MHZ/X (sky130_fd_sc_hd__clkbuf_16)
                                         clknet_0_CLK100MHZ (net)
                  0.04    0.00   10.11 ^ clkbuf_1_0__f_CLK100MHZ/A (sky130_fd_sc_hd__clkbuf_16)
    16    0.05    0.07    0.15   10.25 ^ clkbuf_1_0__f_CLK100MHZ/X (sky130_fd_sc_hd__clkbuf_16)
                                         clknet_1_0__leaf_CLK100MHZ (net)
                  0.07    0.00   10.26 ^ _453_/CLK (sky130_fd_sc_hd__dfxtp_1)
                         -0.20   10.06   clock uncertainty
                          0.00   10.06   clock reconvergence pessimism
                         -0.10    9.95   library setup time
                                  9.95   data required time
-----------------------------------------------------------------------------
                                  9.95   data required time
                                 -1.79   data arrival time
-----------------------------------------------------------------------------
                                  8.17   slack (MET)


Startpoint: _464_ (rising edge-triggered flip-flop clocked by CLK100MHZ)
Endpoint: _454_ (rising edge-triggered flip-flop clocked by CLK100MHZ)
Path Group: CLK100MHZ
Path Type: max

Fanout     Cap    Slew   Delay    Time   Description
-----------------------------------------------------------------------------
                          0.00    0.00   clock CLK100MHZ (rise edge)
                          0.00    0.00   clock source latency
     1    0.01    0.00    0.00    0.00 ^ CLK100MHZ (in)
                                         CLK100MHZ (net)
                  0.00    0.00    0.00 ^ clkbuf_0_CLK100MHZ/A (sky130_fd_sc_hd__clkbuf_16)
     2    0.02    0.04    0.11    0.11 ^ clkbuf_0_CLK100MHZ/X (sky130_fd_sc_hd__clkbuf_16)
                                         clknet_0_CLK100MHZ (net)
                  0.04    0.00    0.11 ^ clkbuf_1_0__f_CLK100MHZ/A (sky130_fd_sc_hd__clkbuf_16)
    16    0.05    0.07    0.15    0.25 ^ clkbuf_1_0__f_CLK100MHZ/X (sky130_fd_sc_hd__clkbuf_16)
                                         clknet_1_0__leaf_CLK100MHZ (net)
                  0.07    0.00    0.26 ^ _464_/CLK (sky130_fd_sc_hd__dfrtp_1)
     3    0.02    0.15    0.41    0.66 ^ _464_/Q (sky130_fd_sc_hd__dfrtp_1)
                                         imem.address[2] (net)
                  0.15    0.00    0.66 ^ _215_/A (sky130_fd_sc_hd__clkbuf_4)
    10    0.03    0.10    0.21    0.87 ^ _215_/X (sky130_fd_sc_hd__clkbuf_4)
                                         _060_ (net)
                  0.10    0.00    0.87 ^ _216_/A (sky130_fd_sc_hd__clkbuf_2)
     5    0.01    0.06    0.14    1.01 ^ _216_/X (sky130_fd_sc_hd__clkbuf_2)
                                         _061_ (net)
                  0.06    0.00    1.01 ^ _217_/A (sky130_fd_sc_hd__clkbuf_1)
     1    0.00    0.04    0.08    1.09 ^ _217_/X (sky130_fd_sc_hd__clkbuf_1)
                                         _062_ (net)
                  0.04    0.00    1.09 ^ _218_/A (sky130_fd_sc_hd__buf_1)
     1    0.00    0.03    0.07    1.16 ^ _218_/X (sky130_fd_sc_hd__buf_1)
                                         _063_ (net)
                  0.03    0.00    1.16 ^ _219_/A (sky130_fd_sc_hd__buf_2)
     6    0.01    0.08    0.13    1.29 ^ _219_/X (sky130_fd_sc_hd__buf_2)
                                         _064_ (net)
                  0.08    0.00    1.29 ^ _410_/A (sky130_fd_sc_hd__nand3_1)
     1    0.01    0.11    0.11    1.40 v _410_/Y (sky130_fd_sc_hd__nand3_1)
                                         _046_ (net)
                  0.11    0.00    1.40 v _411_/A (sky130_fd_sc_hd__clkbuf_2)
     5    0.01    0.04    0.14    1.54 v _411_/X (sky130_fd_sc_hd__clkbuf_2)
                                         _047_ (net)
                  0.04    0.00    1.54 v _416_/B (sky130_fd_sc_hd__and2_1)
     1    0.01    0.05    0.16    1.70 v _416_/X (sky130_fd_sc_hd__and2_1)
                                         _050_ (net)
                  0.05    0.00    1.70 v _417_/A (sky130_fd_sc_hd__buf_1)
     1    0.00    0.02    0.08    1.78 v _417_/X (sky130_fd_sc_hd__buf_1)
                                         _020_ (net)
                  0.02    0.00    1.78 v _454_/D (sky130_fd_sc_hd__dfxtp_1)
                                  1.78   data arrival time

                         10.00   10.00   clock CLK100MHZ (rise edge)
                          0.00   10.00   clock source latency
     1    0.01    0.00    0.00   10.00 ^ CLK100MHZ (in)
                                         CLK100MHZ (net)
                  0.00    0.00   10.00 ^ clkbuf_0_CLK100MHZ/A (sky130_fd_sc_hd__clkbuf_16)
     2    0.02    0.04    0.11   10.11 ^ clkbuf_0_CLK100MHZ/X (sky130_fd_sc_hd__clkbuf_16)
                                         clknet_0_CLK100MHZ (net)
                  0.04    0.00   10.11 ^ clkbuf_1_0__f_CLK100MHZ/A (sky130_fd_sc_hd__clkbuf_16)
    16    0.05    0.07    0.15   10.25 ^ clkbuf_1_0__f_CLK100MHZ/X (sky130_fd_sc_hd__clkbuf_16)
                                         clknet_1_0__leaf_CLK100MHZ (net)
                  0.07    0.00   10.26 ^ _454_/CLK (sky130_fd_sc_hd__dfxtp_1)
                         -0.20   10.06   clock uncertainty
                          0.00   10.06   clock reconvergence pessimism
                         -0.09    9.96   library setup time
                                  9.96   data required time
-----------------------------------------------------------------------------
                                  9.96   data required time
                                 -1.78   data arrival time
-----------------------------------------------------------------------------
                                  8.18   slack (MET)


Startpoint: _464_ (rising edge-triggered flip-flop clocked by CLK100MHZ)
Endpoint: _455_ (rising edge-triggered flip-flop clocked by CLK100MHZ)
Path Group: CLK100MHZ
Path Type: max

Fanout     Cap    Slew   Delay    Time   Description
-----------------------------------------------------------------------------
                          0.00    0.00   clock CLK100MHZ (rise edge)
                          0.00    0.00   clock source latency
     1    0.01    0.00    0.00    0.00 ^ CLK100MHZ (in)
                                         CLK100MHZ (net)
                  0.00    0.00    0.00 ^ clkbuf_0_CLK100MHZ/A (sky130_fd_sc_hd__clkbuf_16)
     2    0.02    0.04    0.11    0.11 ^ clkbuf_0_CLK100MHZ/X (sky130_fd_sc_hd__clkbuf_16)
                                         clknet_0_CLK100MHZ (net)
                  0.04    0.00    0.11 ^ clkbuf_1_0__f_CLK100MHZ/A (sky130_fd_sc_hd__clkbuf_16)
    16    0.05    0.07    0.15    0.25 ^ clkbuf_1_0__f_CLK100MHZ/X (sky130_fd_sc_hd__clkbuf_16)
                                         clknet_1_0__leaf_CLK100MHZ (net)
                  0.07    0.00    0.26 ^ _464_/CLK (sky130_fd_sc_hd__dfrtp_1)
     3    0.02    0.15    0.41    0.66 ^ _464_/Q (sky130_fd_sc_hd__dfrtp_1)
                                         imem.address[2] (net)
                  0.15    0.00    0.66 ^ _215_/A (sky130_fd_sc_hd__clkbuf_4)
    10    0.03    0.10    0.21    0.87 ^ _215_/X (sky130_fd_sc_hd__clkbuf_4)
                                         _060_ (net)
                  0.10    0.00    0.87 ^ _216_/A (sky130_fd_sc_hd__clkbuf_2)
     5    0.01    0.06    0.14    1.01 ^ _216_/X (sky130_fd_sc_hd__clkbuf_2)
                                         _061_ (net)
                  0.06    0.00    1.01 ^ _217_/A (sky130_fd_sc_hd__clkbuf_1)
     1    0.00    0.04    0.08    1.09 ^ _217_/X (sky130_fd_sc_hd__clkbuf_1)
                                         _062_ (net)
                  0.04    0.00    1.09 ^ _218_/A (sky130_fd_sc_hd__buf_1)
     1    0.00    0.03    0.07    1.16 ^ _218_/X (sky130_fd_sc_hd__buf_1)
                                         _063_ (net)
                  0.03    0.00    1.16 ^ _219_/A (sky130_fd_sc_hd__buf_2)
     6    0.01    0.08    0.13    1.29 ^ _219_/X (sky130_fd_sc_hd__buf_2)
                                         _064_ (net)
                  0.08    0.00    1.29 ^ _410_/A (sky130_fd_sc_hd__nand3_1)
     1    0.01    0.11    0.11    1.40 v _410_/Y (sky130_fd_sc_hd__nand3_1)
                                         _046_ (net)
                  0.11    0.00    1.40 v _411_/A (sky130_fd_sc_hd__clkbuf_2)
     5    0.01    0.04    0.14    1.54 v _411_/X (sky130_fd_sc_hd__clkbuf_2)
                                         _047_ (net)
                  0.04    0.00    1.54 v _418_/B (sky130_fd_sc_hd__and2_1)
     1    0.00    0.04    0.15    1.69 v _418_/X (sky130_fd_sc_hd__and2_1)
                                         _051_ (net)
                  0.04    0.00    1.69 v _419_/A (sky130_fd_sc_hd__clkbuf_1)
     1    0.00    0.03    0.09    1.78 v _419_/X (sky130_fd_sc_hd__clkbuf_1)
                                         _021_ (net)
                  0.03    0.00    1.78 v _455_/D (sky130_fd_sc_hd__dfxtp_1)
                                  1.78   data arrival time

                         10.00   10.00   clock CLK100MHZ (rise edge)
                          0.00   10.00   clock source latency
     1    0.01    0.00    0.00   10.00 ^ CLK100MHZ (in)
                                         CLK100MHZ (net)
                  0.00    0.00   10.00 ^ clkbuf_0_CLK100MHZ/A (sky130_fd_sc_hd__clkbuf_16)
     2    0.02    0.04    0.11   10.11 ^ clkbuf_0_CLK100MHZ/X (sky130_fd_sc_hd__clkbuf_16)
                                         clknet_0_CLK100MHZ (net)
                  0.04    0.00   10.11 ^ clkbuf_1_0__f_CLK100MHZ/A (sky130_fd_sc_hd__clkbuf_16)
    16    0.05    0.07    0.15   10.25 ^ clkbuf_1_0__f_CLK100MHZ/X (sky130_fd_sc_hd__clkbuf_16)
                                         clknet_1_0__leaf_CLK100MHZ (net)
                  0.07    0.00   10.26 ^ _455_/CLK (sky130_fd_sc_hd__dfxtp_1)
                         -0.20   10.06   clock uncertainty
                          0.00   10.06   clock reconvergence pessimism
                         -0.10    9.96   library setup time
                                  9.96   data required time
-----------------------------------------------------------------------------
                                  9.96   data required time
                                 -1.78   data arrival time
-----------------------------------------------------------------------------
                                  8.18   slack (MET)


Startpoint: _464_ (rising edge-triggered flip-flop clocked by CLK100MHZ)
Endpoint: _464_ (rising edge-triggered flip-flop clocked by CLK100MHZ)
Path Group: CLK100MHZ
Path Type: max

Fanout     Cap    Slew   Delay    Time   Description
-----------------------------------------------------------------------------
                          0.00    0.00   clock CLK100MHZ (rise edge)
                          0.00    0.00   clock source latency
     1    0.01    0.00    0.00    0.00 ^ CLK100MHZ (in)
                                         CLK100MHZ (net)
                  0.00    0.00    0.00 ^ clkbuf_0_CLK100MHZ/A (sky130_fd_sc_hd__clkbuf_16)
     2    0.02    0.04    0.11    0.11 ^ clkbuf_0_CLK100MHZ/X (sky130_fd_sc_hd__clkbuf_16)
                                         clknet_0_CLK100MHZ (net)
                  0.04    0.00    0.11 ^ clkbuf_1_0__f_CLK100MHZ/A (sky130_fd_sc_hd__clkbuf_16)
    16    0.05    0.07    0.15    0.25 ^ clkbuf_1_0__f_CLK100MHZ/X (sky130_fd_sc_hd__clkbuf_16)
                                         clknet_1_0__leaf_CLK100MHZ (net)
                  0.07    0.00    0.26 ^ _464_/CLK (sky130_fd_sc_hd__dfrtp_1)
     3    0.01    0.09    0.42    0.68 v _464_/Q (sky130_fd_sc_hd__dfrtp_1)
                                         imem.address[2] (net)
                  0.09    0.00    0.68 v _215_/A (sky130_fd_sc_hd__clkbuf_4)
    10    0.03    0.07    0.19    0.87 v _215_/X (sky130_fd_sc_hd__clkbuf_4)
                                         _060_ (net)
                  0.07    0.00    0.87 v _216_/A (sky130_fd_sc_hd__clkbuf_2)
     5    0.01    0.04    0.13    0.99 v _216_/X (sky130_fd_sc_hd__clkbuf_2)
                                         _061_ (net)
                  0.04    0.00    0.99 v _217_/A (sky130_fd_sc_hd__clkbuf_1)
     1    0.00    0.02    0.08    1.08 v _217_/X (sky130_fd_sc_hd__clkbuf_1)
                                         _062_ (net)
                  0.02    0.00    1.08 v _218_/A (sky130_fd_sc_hd__buf_1)
     1    0.00    0.02    0.07    1.15 v _218_/X (sky130_fd_sc_hd__buf_1)
                                         _063_ (net)
                  0.02    0.00    1.15 v _219_/A (sky130_fd_sc_hd__buf_2)
     6    0.01    0.05    0.13    1.28 v _219_/X (sky130_fd_sc_hd__buf_2)
                                         _064_ (net)
                  0.05    0.00    1.28 v _224_/A (sky130_fd_sc_hd__xor2_1)
     1    0.00    0.06    0.15    1.43 v _224_/X (sky130_fd_sc_hd__xor2_1)
                                         _030_ (net)
                  0.06    0.00    1.43 v _464_/D (sky130_fd_sc_hd__dfrtp_1)
                                  1.43   data arrival time

                         10.00   10.00   clock CLK100MHZ (rise edge)
                          0.00   10.00   clock source latency
     1    0.01    0.00    0.00   10.00 ^ CLK100MHZ (in)
                                         CLK100MHZ (net)
                  0.00    0.00   10.00 ^ clkbuf_0_CLK100MHZ/A (sky130_fd_sc_hd__clkbuf_16)
     2    0.02    0.04    0.11   10.11 ^ clkbuf_0_CLK100MHZ/X (sky130_fd_sc_hd__clkbuf_16)
                                         clknet_0_CLK100MHZ (net)
                  0.04    0.00   10.11 ^ clkbuf_1_0__f_CLK100MHZ/A (sky130_fd_sc_hd__clkbuf_16)
    16    0.05    0.07    0.15   10.25 ^ clkbuf_1_0__f_CLK100MHZ/X (sky130_fd_sc_hd__clkbuf_16)
                                         clknet_1_0__leaf_CLK100MHZ (net)
                  0.07    0.00   10.26 ^ _464_/CLK (sky130_fd_sc_hd__dfrtp_1)
                         -0.20   10.06   clock uncertainty
                          0.00   10.06   clock reconvergence pessimism
                         -0.11    9.94   library setup time
                                  9.94   data required time
-----------------------------------------------------------------------------
                                  9.94   data required time
                                 -1.43   data arrival time
-----------------------------------------------------------------------------
                                  8.51   slack (MET)


Startpoint: _462_ (rising edge-triggered flip-flop clocked by CLK100MHZ)
Endpoint: _463_ (rising edge-triggered flip-flop clocked by CLK100MHZ)
Path Group: CLK100MHZ
Path Type: max

Fanout     Cap    Slew   Delay    Time   Description
-----------------------------------------------------------------------------
                          0.00    0.00   clock CLK100MHZ (rise edge)
                          0.00    0.00   clock source latency
     1    0.01    0.00    0.00    0.00 ^ CLK100MHZ (in)
                                         CLK100MHZ (net)
                  0.00    0.00    0.00 ^ clkbuf_0_CLK100MHZ/A (sky130_fd_sc_hd__clkbuf_16)
     2    0.02    0.04    0.11    0.11 ^ clkbuf_0_CLK100MHZ/X (sky130_fd_sc_hd__clkbuf_16)
                                         clknet_0_CLK100MHZ (net)
                  0.04    0.00    0.11 ^ clkbuf_1_1__f_CLK100MHZ/A (sky130_fd_sc_hd__clkbuf_16)
    13    0.03    0.05    0.13    0.24 ^ clkbuf_1_1__f_CLK100MHZ/X (sky130_fd_sc_hd__clkbuf_16)
                                         clknet_1_1__leaf_CLK100MHZ (net)
                  0.05    0.00    0.24 ^ _462_/CLK (sky130_fd_sc_hd__dfrtp_2)
     4    0.02    0.07    0.43    0.67 v _462_/Q (sky130_fd_sc_hd__dfrtp_2)
                                         imem.address[0] (net)
                  0.07    0.00    0.67 v _221_/A (sky130_fd_sc_hd__clkbuf_4)
    10    0.02    0.06    0.18    0.85 v _221_/X (sky130_fd_sc_hd__clkbuf_4)
                                         _066_ (net)
                  0.06    0.00    0.85 v _222_/A (sky130_fd_sc_hd__clkbuf_4)
     9    0.02    0.05    0.17    1.02 v _222_/X (sky130_fd_sc_hd__clkbuf_4)
                                         _067_ (net)
                  0.05    0.00    1.02 v _223_/C (sky130_fd_sc_hd__and3_1)
     2    0.01    0.08    0.23    1.25 v _223_/X (sky130_fd_sc_hd__and3_1)
                                         _068_ (net)
                  0.08    0.00    1.25 v _226_/A (sky130_fd_sc_hd__nor2_1)
     1    0.00    0.07    0.10    1.35 ^ _226_/Y (sky130_fd_sc_hd__nor2_1)
                                         _029_ (net)
                  0.07    0.00    1.35 ^ _463_/D (sky130_fd_sc_hd__dfrtp_4)
                                  1.35   data arrival time

                         10.00   10.00   clock CLK100MHZ (rise edge)
                          0.00   10.00   clock source latency
     1    0.01    0.00    0.00   10.00 ^ CLK100MHZ (in)
                                         CLK100MHZ (net)
                  0.00    0.00   10.00 ^ clkbuf_0_CLK100MHZ/A (sky130_fd_sc_hd__clkbuf_16)
     2    0.02    0.04    0.11   10.11 ^ clkbuf_0_CLK100MHZ/X (sky130_fd_sc_hd__clkbuf_16)
                                         clknet_0_CLK100MHZ (net)
                  0.04    0.00   10.11 ^ clkbuf_1_0__f_CLK100MHZ/A (sky130_fd_sc_hd__clkbuf_16)
    16    0.05    0.07    0.15   10.25 ^ clkbuf_1_0__f_CLK100MHZ/X (sky130_fd_sc_hd__clkbuf_16)
                                         clknet_1_0__leaf_CLK100MHZ (net)
                  0.07    0.00   10.26 ^ _463_/CLK (sky130_fd_sc_hd__dfrtp_4)
                         -0.20   10.06   clock uncertainty
                          0.00   10.06   clock reconvergence pessimism
                         -0.06    9.99   library setup time
                                  9.99   data required time
-----------------------------------------------------------------------------
                                  9.99   data required time
                                 -1.35   data arrival time
-----------------------------------------------------------------------------
                                  8.64   slack (MET)


Startpoint: _462_ (rising edge-triggered flip-flop clocked by CLK100MHZ)
Endpoint: _462_ (rising edge-triggered flip-flop clocked by CLK100MHZ)
Path Group: CLK100MHZ
Path Type: max

Fanout     Cap    Slew   Delay    Time   Description
-----------------------------------------------------------------------------
                          0.00    0.00   clock CLK100MHZ (rise edge)
                          0.00    0.00   clock source latency
     1    0.01    0.00    0.00    0.00 ^ CLK100MHZ (in)
                                         CLK100MHZ (net)
                  0.00    0.00    0.00 ^ clkbuf_0_CLK100MHZ/A (sky130_fd_sc_hd__clkbuf_16)
     2    0.02    0.04    0.11    0.11 ^ clkbuf_0_CLK100MHZ/X (sky130_fd_sc_hd__clkbuf_16)
                                         clknet_0_CLK100MHZ (net)
                  0.04    0.00    0.11 ^ clkbuf_1_1__f_CLK100MHZ/A (sky130_fd_sc_hd__clkbuf_16)
    13    0.03    0.05    0.13    0.24 ^ clkbuf_1_1__f_CLK100MHZ/X (sky130_fd_sc_hd__clkbuf_16)
                                         clknet_1_1__leaf_CLK100MHZ (net)
                  0.05    0.00    0.24 ^ _462_/CLK (sky130_fd_sc_hd__dfrtp_2)
     4    0.02    0.07    0.43    0.67 v _462_/Q (sky130_fd_sc_hd__dfrtp_2)
                                         imem.address[0] (net)
                  0.07    0.00    0.67 v _221_/A (sky130_fd_sc_hd__clkbuf_4)
    10    0.02    0.06    0.18    0.85 v _221_/X (sky130_fd_sc_hd__clkbuf_4)
                                         _066_ (net)
                  0.06    0.00    0.85 v _222_/A (sky130_fd_sc_hd__clkbuf_4)
     9    0.02    0.05    0.17    1.02 v _222_/X (sky130_fd_sc_hd__clkbuf_4)
                                         _067_ (net)
                  0.05    0.00    1.02 v _227_/B (sky130_fd_sc_hd__xor2_1)
     1    0.01    0.23    0.22    1.24 ^ _227_/X (sky130_fd_sc_hd__xor2_1)
                                         _028_ (net)
                  0.23    0.00    1.24 ^ _462_/D (sky130_fd_sc_hd__dfrtp_2)
                                  1.24   data arrival time

                         10.00   10.00   clock CLK100MHZ (rise edge)
                          0.00   10.00   clock source latency
     1    0.01    0.00    0.00   10.00 ^ CLK100MHZ (in)
                                         CLK100MHZ (net)
                  0.00    0.00   10.00 ^ clkbuf_0_CLK100MHZ/A (sky130_fd_sc_hd__clkbuf_16)
     2    0.02    0.04    0.11   10.11 ^ clkbuf_0_CLK100MHZ/X (sky130_fd_sc_hd__clkbuf_16)
                                         clknet_0_CLK100MHZ (net)
                  0.04    0.00   10.11 ^ clkbuf_1_1__f_CLK100MHZ/A (sky130_fd_sc_hd__clkbuf_16)
    13    0.03    0.05    0.13   10.24 ^ clkbuf_1_1__f_CLK100MHZ/X (sky130_fd_sc_hd__clkbuf_16)
                                         clknet_1_1__leaf_CLK100MHZ (net)
                  0.05    0.00   10.24 ^ _462_/CLK (sky130_fd_sc_hd__dfrtp_2)
                         -0.20   10.04   clock uncertainty
                          0.00   10.04   clock reconvergence pessimism
                         -0.11    9.93   library setup time
                                  9.93   data required time
-----------------------------------------------------------------------------
                                  9.93   data required time
                                 -1.24   data arrival time
-----------------------------------------------------------------------------
                                  8.69   slack (MET)



worst slack corner Typical: 6.2566
max_report_end
checks_report

===========================================================================
report_checks -unconstrained
===========================================================================
======================= Typical Corner ===================================

Startpoint: _462_ (rising edge-triggered flip-flop clocked by CLK100MHZ)
Endpoint: _445_ (rising edge-triggered flip-flop clocked by CLK100MHZ)
Path Group: CLK100MHZ
Path Type: max

Fanout     Cap    Slew   Delay    Time   Description
-----------------------------------------------------------------------------
                          0.00    0.00   clock CLK100MHZ (rise edge)
                          0.00    0.00   clock source latency
     1    0.01    0.00    0.00    0.00 ^ CLK100MHZ (in)
                                         CLK100MHZ (net)
                  0.00    0.00    0.00 ^ clkbuf_0_CLK100MHZ/A (sky130_fd_sc_hd__clkbuf_16)
     2    0.02    0.04    0.11    0.11 ^ clkbuf_0_CLK100MHZ/X (sky130_fd_sc_hd__clkbuf_16)
                                         clknet_0_CLK100MHZ (net)
                  0.04    0.00    0.11 ^ clkbuf_1_1__f_CLK100MHZ/A (sky130_fd_sc_hd__clkbuf_16)
    13    0.03    0.05    0.13    0.24 ^ clkbuf_1_1__f_CLK100MHZ/X (sky130_fd_sc_hd__clkbuf_16)
                                         clknet_1_1__leaf_CLK100MHZ (net)
                  0.05    0.00    0.24 ^ _462_/CLK (sky130_fd_sc_hd__dfrtp_2)
     4    0.02    0.07    0.43    0.67 v _462_/Q (sky130_fd_sc_hd__dfrtp_2)
                                         imem.address[0] (net)
                  0.07    0.00    0.67 v _221_/A (sky130_fd_sc_hd__clkbuf_4)
    10    0.02    0.06    0.18    0.85 v _221_/X (sky130_fd_sc_hd__clkbuf_4)
                                         _066_ (net)
                  0.06    0.00    0.85 v _222_/A (sky130_fd_sc_hd__clkbuf_4)
     9    0.02    0.05    0.17    1.02 v _222_/X (sky130_fd_sc_hd__clkbuf_4)
                                         _067_ (net)
                  0.05    0.00    1.02 v _246_/C (sky130_fd_sc_hd__and3b_1)
     1    0.00    0.03    0.17    1.19 v _246_/X (sky130_fd_sc_hd__and3b_1)
                                         _088_ (net)
                  0.03    0.00    1.19 v _247_/A (sky130_fd_sc_hd__buf_2)
     7    0.02    0.05    0.14    1.33 v _247_/X (sky130_fd_sc_hd__buf_2)
                                         _089_ (net)
                  0.05    0.00    1.33 v _248_/B (sky130_fd_sc_hd__or2_1)
     1    0.01    0.06    0.22    1.55 v _248_/X (sky130_fd_sc_hd__or2_1)
                                         _090_ (net)
                  0.06    0.00    1.55 v _249_/A (sky130_fd_sc_hd__clkbuf_2)
     5    0.01    0.05    0.13    1.68 v _249_/X (sky130_fd_sc_hd__clkbuf_2)
                                         _091_ (net)
                  0.05    0.00    1.68 v _266_/A2 (sky130_fd_sc_hd__a21o_1)
     2    0.01    0.06    0.20    1.88 v _266_/X (sky130_fd_sc_hd__a21o_1)
                                         _108_ (net)
                  0.06    0.00    1.88 v _268_/B (sky130_fd_sc_hd__or3_2)
     2    0.01    0.09    0.47    2.35 v _268_/X (sky130_fd_sc_hd__or3_2)
                                         _110_ (net)
                  0.09    0.00    2.35 v _312_/A2 (sky130_fd_sc_hd__a21oi_2)
     3    0.01    0.14    0.19    2.53 ^ _312_/Y (sky130_fd_sc_hd__a21oi_2)
                                         _154_ (net)
                  0.14    0.00    2.53 ^ _319_/A2 (sky130_fd_sc_hd__o21ai_2)
     3    0.01    0.06    0.09    2.62 v _319_/Y (sky130_fd_sc_hd__o21ai_2)
                                         _161_ (net)
                  0.06    0.00    2.62 v _327_/A (sky130_fd_sc_hd__or2_1)
     1    0.01    0.08    0.27    2.89 v _327_/X (sky130_fd_sc_hd__or2_1)
                                         _169_ (net)
                  0.08    0.00    2.89 v _332_/A2 (sky130_fd_sc_hd__a32o_4)
     8    0.04    0.09    0.37    3.26 v _332_/X (sky130_fd_sc_hd__a32o_4)
                                         _174_ (net)
                  0.09    0.00    3.26 v _393_/A1 (sky130_fd_sc_hd__mux2_1)
     1    0.00    0.06    0.30    3.56 v _393_/X (sky130_fd_sc_hd__mux2_1)
                                         _036_ (net)
                  0.06    0.00    3.56 v _394_/A (sky130_fd_sc_hd__buf_1)
     1    0.01    0.04    0.11    3.67 v _394_/X (sky130_fd_sc_hd__buf_1)
                                         _011_ (net)
                  0.04    0.00    3.67 v _445_/D (sky130_fd_sc_hd__dfxtp_1)
                                  3.67   data arrival time

                         10.00   10.00   clock CLK100MHZ (rise edge)
                          0.00   10.00   clock source latency
     1    0.01    0.00    0.00   10.00 ^ CLK100MHZ (in)
                                         CLK100MHZ (net)
                  0.00    0.00   10.00 ^ clkbuf_0_CLK100MHZ/A (sky130_fd_sc_hd__clkbuf_16)
     2    0.02    0.04    0.11   10.11 ^ clkbuf_0_CLK100MHZ/X (sky130_fd_sc_hd__clkbuf_16)
                                         clknet_0_CLK100MHZ (net)
                  0.04    0.00   10.11 ^ clkbuf_1_1__f_CLK100MHZ/A (sky130_fd_sc_hd__clkbuf_16)
    13    0.03    0.05    0.13   10.24 ^ clkbuf_1_1__f_CLK100MHZ/X (sky130_fd_sc_hd__clkbuf_16)
                                         clknet_1_1__leaf_CLK100MHZ (net)
                  0.05    0.00   10.24 ^ _445_/CLK (sky130_fd_sc_hd__dfxtp_1)
                         -0.20   10.04   clock uncertainty
                          0.00   10.04   clock reconvergence pessimism
                         -0.11    9.93   library setup time
                                  9.93   data required time
-----------------------------------------------------------------------------
                                  9.93   data required time
                                 -3.67   data arrival time
-----------------------------------------------------------------------------
                                  6.26   slack (MET)




===========================================================================
report_checks --slack_max -0.01
============================================================================
======================= Typical Corner ===================================

No paths found.


===========================================================================
 report_check_types -max_slew -max_cap -max_fanout -violators
============================================================================
======================= Typical Corner ===================================


max slew violations count Typical: 0
max fanout violations count Typical: 0
max cap violations count Typical: 0

===========================================================================
report_parasitic_annotation -report_unannotated
============================================================================
Found 5 unannotated drivers.
 clkload0/Y
 top_module_10/HI
 top_module_11/LO
 top_module_12/LO
 top_module_13/LO
Found 165 partially unannotated drivers.
 CLK100MHZ
 _215_/X
 _216_/X
 _217_/X
 _218_/X
 _219_/X
 _220_/X
 _221_/X
 _222_/X
 _223_/X
 _226_/Y
 _229_/Y
 _231_/X
 _232_/X
 _234_/X
 _235_/X
 _236_/X
 _237_/Y
 _240_/X
 _243_/X
 _245_/X
 _246_/X
 _247_/X
 _249_/X
 _250_/Y
 _251_/Y
 _253_/X
 _254_/Y
 _256_/X
 _257_/Y
 _258_/X
 _260_/X
 _261_/Y
 _262_/Y
 _263_/X
 _264_/Y
 _265_/X
 _266_/X
 _267_/X
 _268_/X
 _270_/X
 _272_/Y
 _274_/X
 _275_/X
 _277_/X
 _278_/X
 _280_/Y
 _281_/X
 _282_/X
 _286_/Y
 _287_/X
 _288_/X
 _289_/X
 _291_/Y
 _294_/Y
 _295_/X
 _299_/Y
 _301_/Y
 _302_/X
 _304_/Y
 _305_/X
 _307_/X
 _308_/X
 _309_/Y
 _310_/Y
 _312_/Y
 _314_/Y
 _316_/Y
 _318_/X
 _319_/Y
 _320_/X
 _322_/X
 _323_/Y
 _324_/X
 _326_/Y
 _328_/Y
 _329_/Y
 _330_/X
 _331_/X
 _335_/X
 _337_/X
 _338_/X
 _341_/Y
 _342_/X
 _343_/Y
 _344_/Y
 _346_/Y
 _347_/Y
 _348_/Y
 _349_/Y
 _350_/Y
 _354_/Y
 _355_/X
 _356_/X
 _357_/X
 _358_/Y
 _359_/X
 _360_/Y
 _363_/X
 _364_/X
 _368_/X
 _369_/X
 _371_/X
 _372_/X
 _373_/Y
 _374_/Y
 _376_/X
 _378_/Y
 _379_/X
 _383_/X
 _384_/X
 _385_/X
 _386_/X
 _387_/X
 _390_/X
 _392_/X
 _393_/X
 _394_/X
 _399_/X
 _401_/X
 _403_/X
 _405_/X
 _409_/X
 _411_/X
 _412_/X
 _416_/X
 _417_/X
 _420_/X
 _422_/X
 _425_/X
 _427_/X
 _428_/X
 _429_/X
 _431_/X
 _432_/X
 _433_/X
 _435_/Y
 _437_/Q
 _438_/Q
 _440_/Q
 _441_/Q
 _442_/Q
 _443_/Q
 _447_/Q
 _448_/Q
 _449_/Q
 _450_/Q
 _451_/Q
 _452_/Q
 _453_/Q
 _454_/Q
 _456_/Q
 _457_/Q
 _458_/Q
 _459_/Q
 _460_/Q
 _461_/Q
 _462_/Q
 _463_/Q
 _464_/Q
 clkbuf_0_CLK100MHZ/X
 clkbuf_1_1__f_CLK100MHZ/X
 input1/X
 input2/X
 output5/X

===========================================================================
max slew violation count 0
max fanout violation count 0
max cap violation count 0
============================================================================

===========================================================================
check_setup -verbose -unconstrained_endpoints -multiple_clock -no_clock -no_input_delay -loops -generated_clocks
===========================================================================
Warning: There are 2 input ports missing set_input_delay.
  BTNR
  BTNU
Warning: There are 11 unconstrained endpoints.
  an[0]
  an[1]
  an[2]
  an[3]
  seg[0]
  seg[1]
  seg[2]
  seg[3]
  seg[4]
  seg[5]
  seg[6]
checks_report_end
power_report

===========================================================================
 report_power
============================================================================
======================= Typical Corner ===================================

Group                  Internal  Switching    Leakage      Total
                          Power      Power      Power      Power (Watts)
----------------------------------------------------------------
Sequential             1.63e-04   3.28e-05   2.41e-10   1.96e-04  14.6%
Combinational          4.93e-04   5.42e-04   8.05e-10   1.03e-03  77.1%
Clock                  7.94e-05   3.16e-05   2.33e-10   1.11e-04   8.3%
Macro                  0.00e+00   0.00e+00   0.00e+00   0.00e+00   0.0%
Pad                    0.00e+00   0.00e+00   0.00e+00   0.00e+00   0.0%
----------------------------------------------------------------
Total                  7.35e-04   6.06e-04   1.28e-09   1.34e-03 100.0%
                          54.8%      45.2%       0.0%

power_report_end
skew_report

===========================================================================
report_clock_skew
============================================================================
Clock CLK100MHZ
   0.26 source latency _459_/CLK ^
  -0.24 target latency _438_/CLK ^
   0.20 clock uncertainty
   0.00 CRPR
--------------
   0.22 setup skew

skew_report_end
summary_report

===========================================================================
report_tns
============================================================================
tns 0.00

===========================================================================
report_wns
============================================================================
wns 0.00

===========================================================================
report_worst_slack -max (Setup)
============================================================================
worst slack 6.26

===========================================================================
report_worst_slack -min (Hold)
============================================================================
worst slack 0.35
summary_report_end
area_report

===========================================================================
report_design_area
============================================================================
Design area 2494 u^2 37% utilization.
area_report_end
check_nonpropagated_clocks
check_nonpropagated_clocks_end
[WARNING] Did not save OpenROAD database!
Writing SDF to '/openlane/designs/lab5_v1/runs/RUN_2025.05.25_12.28.52/results/signoff/top_module.sdf'…
Writing timing model to '/openlane/designs/lab5_v1/runs/RUN_2025.05.25_12.28.52/results/signoff/top_module.lib'…
