OpenROAD b16bda7e82721d10566ff7e2b68f1ff0be9f9e38 
Features included (+) or not (-): +Charts +GPU +GUI +Python
This program is licensed under the BSD-3 license. See the LICENSE file for details.
Components of this program may be licensed under more restrictive licenses which must be honored.
define_corners Typical
read_liberty -corner Typical /home/pikachu/.volare/sky130A/libs.ref/sky130_fd_sc_hd/lib/sky130_fd_sc_hd__tt_025C_1v80.lib
Using 1e-12 for capacitance...
Using 1e+03 for resistance...
Using 1e-09 for time...
Using 1e+00 for voltage...
Using 1e-03 for current...
Using 1e-09 for power...
Using 1e-06 for distance...
[INFO]: Reading ODB at '/openlane/designs/lab5_v1/runs/RUN_2025.05.25_12.28.52/tmp/routing/18-global.odb'…
Reading design constraints file at '/openlane/designs/lab5_v1/constraints/top_pnr.sdc'…
[INFO]: No (un)set_propagated_clock found in /openlane/designs/lab5_v1/constraints/top_pnr.sdc
[INFO]: Propagating all clocks
min_report

===========================================================================
report_checks -path_delay min (Hold)
============================================================================
======================= Typical Corner ===================================

Startpoint: _457_ (rising edge-triggered flip-flop clocked by CLK100MHZ)
Endpoint: _457_ (rising edge-triggered flip-flop clocked by CLK100MHZ)
Path Group: CLK100MHZ
Path Type: min

Fanout     Cap    Slew   Delay    Time   Description
-----------------------------------------------------------------------------
                          0.00    0.00   clock CLK100MHZ (rise edge)
                          0.00    0.00   clock source latency
     1    0.01    0.00    0.00    0.00 ^ CLK100MHZ (in)
                                         CLK100MHZ (net)
                  0.00    0.00    0.00 ^ clkbuf_0_CLK100MHZ/A (sky130_fd_sc_hd__clkbuf_16)
     2    0.02    0.04    0.11    0.11 ^ clkbuf_0_CLK100MHZ/X (sky130_fd_sc_hd__clkbuf_16)
                                         clknet_0_CLK100MHZ (net)
                  0.04    0.00    0.11 ^ clkbuf_1_1__f_CLK100MHZ/A (sky130_fd_sc_hd__clkbuf_16)
    13    0.03    0.05    0.13    0.24 ^ clkbuf_1_1__f_CLK100MHZ/X (sky130_fd_sc_hd__clkbuf_16)
                                         clknet_1_1__leaf_CLK100MHZ (net)
                  0.05    0.00    0.24 ^ _457_/CLK (sky130_fd_sc_hd__dfxtp_1)
     2    0.00    0.05    0.30    0.54 ^ _457_/Q (sky130_fd_sc_hd__dfxtp_1)
                                         rf.regs[5][0] (net)
                  0.05    0.00    0.54 ^ _424_/A0 (sky130_fd_sc_hd__mux2_1)
     1    0.00    0.04    0.11    0.65 ^ _424_/X (sky130_fd_sc_hd__mux2_1)
                                         _055_ (net)
                  0.04    0.00    0.65 ^ _425_/A (sky130_fd_sc_hd__clkbuf_1)
     1    0.00    0.03    0.07    0.72 ^ _425_/X (sky130_fd_sc_hd__clkbuf_1)
                                         _023_ (net)
                  0.03    0.00    0.72 ^ _457_/D (sky130_fd_sc_hd__dfxtp_1)
                                  0.72   data arrival time

                          0.00    0.00   clock CLK100MHZ (rise edge)
                          0.00    0.00   clock source latency
     1    0.01    0.00    0.00    0.00 ^ CLK100MHZ (in)
                                         CLK100MHZ (net)
                  0.00    0.00    0.00 ^ clkbuf_0_CLK100MHZ/A (sky130_fd_sc_hd__clkbuf_16)
     2    0.02    0.04    0.11    0.11 ^ clkbuf_0_CLK100MHZ/X (sky130_fd_sc_hd__clkbuf_16)
                                         clknet_0_CLK100MHZ (net)
                  0.04    0.00    0.11 ^ clkbuf_1_1__f_CLK100MHZ/A (sky130_fd_sc_hd__clkbuf_16)
    13    0.03    0.05    0.13    0.24 ^ clkbuf_1_1__f_CLK100MHZ/X (sky130_fd_sc_hd__clkbuf_16)
                                         clknet_1_1__leaf_CLK100MHZ (net)
                  0.05    0.00    0.24 ^ _457_/CLK (sky130_fd_sc_hd__dfxtp_1)
                          0.20    0.44   clock uncertainty
                          0.00    0.44   clock reconvergence pessimism
                         -0.03    0.41   library hold time
                                  0.41   data required time
-----------------------------------------------------------------------------
                                  0.41   data required time
                                 -0.72   data arrival time
-----------------------------------------------------------------------------
                                  0.31   slack (MET)


Startpoint: _458_ (rising edge-triggered flip-flop clocked by CLK100MHZ)
Endpoint: _458_ (rising edge-triggered flip-flop clocked by CLK100MHZ)
Path Group: CLK100MHZ
Path Type: min

Fanout     Cap    Slew   Delay    Time   Description
-----------------------------------------------------------------------------
                          0.00    0.00   clock CLK100MHZ (rise edge)
                          0.00    0.00   clock source latency
     1    0.01    0.00    0.00    0.00 ^ CLK100MHZ (in)
                                         CLK100MHZ (net)
                  0.00    0.00    0.00 ^ clkbuf_0_CLK100MHZ/A (sky130_fd_sc_hd__clkbuf_16)
     2    0.02    0.04    0.11    0.11 ^ clkbuf_0_CLK100MHZ/X (sky130_fd_sc_hd__clkbuf_16)
                                         clknet_0_CLK100MHZ (net)
                  0.04    0.00    0.11 ^ clkbuf_1_1__f_CLK100MHZ/A (sky130_fd_sc_hd__clkbuf_16)
    13    0.03    0.05    0.13    0.24 ^ clkbuf_1_1__f_CLK100MHZ/X (sky130_fd_sc_hd__clkbuf_16)
                                         clknet_1_1__leaf_CLK100MHZ (net)
                  0.05    0.00    0.24 ^ _458_/CLK (sky130_fd_sc_hd__dfxtp_1)
     2    0.00    0.05    0.30    0.54 ^ _458_/Q (sky130_fd_sc_hd__dfxtp_1)
                                         rf.regs[5][1] (net)
                  0.05    0.00    0.54 ^ _426_/A0 (sky130_fd_sc_hd__mux2_1)
     1    0.00    0.04    0.11    0.65 ^ _426_/X (sky130_fd_sc_hd__mux2_1)
                                         _056_ (net)
                  0.04    0.00    0.65 ^ _427_/A (sky130_fd_sc_hd__clkbuf_1)
     1    0.00    0.03    0.07    0.72 ^ _427_/X (sky130_fd_sc_hd__clkbuf_1)
                                         _024_ (net)
                  0.03    0.00    0.72 ^ _458_/D (sky130_fd_sc_hd__dfxtp_1)
                                  0.72   data arrival time

                          0.00    0.00   clock CLK100MHZ (rise edge)
                          0.00    0.00   clock source latency
     1    0.01    0.00    0.00    0.00 ^ CLK100MHZ (in)
                                         CLK100MHZ (net)
                  0.00    0.00    0.00 ^ clkbuf_0_CLK100MHZ/A (sky130_fd_sc_hd__clkbuf_16)
     2    0.02    0.04    0.11    0.11 ^ clkbuf_0_CLK100MHZ/X (sky130_fd_sc_hd__clkbuf_16)
                                         clknet_0_CLK100MHZ (net)
                  0.04    0.00    0.11 ^ clkbuf_1_1__f_CLK100MHZ/A (sky130_fd_sc_hd__clkbuf_16)
    13    0.03    0.05    0.13    0.24 ^ clkbuf_1_1__f_CLK100MHZ/X (sky130_fd_sc_hd__clkbuf_16)
                                         clknet_1_1__leaf_CLK100MHZ (net)
                  0.05    0.00    0.24 ^ _458_/CLK (sky130_fd_sc_hd__dfxtp_1)
                          0.20    0.44   clock uncertainty
                          0.00    0.44   clock reconvergence pessimism
                         -0.03    0.41   library hold time
                                  0.41   data required time
-----------------------------------------------------------------------------
                                  0.41   data required time
                                 -0.72   data arrival time
-----------------------------------------------------------------------------
                                  0.31   slack (MET)


Startpoint: _443_ (rising edge-triggered flip-flop clocked by CLK100MHZ)
Endpoint: _443_ (rising edge-triggered flip-flop clocked by CLK100MHZ)
Path Group: CLK100MHZ
Path Type: min

Fanout     Cap    Slew   Delay    Time   Description
-----------------------------------------------------------------------------
                          0.00    0.00   clock CLK100MHZ (rise edge)
                          0.00    0.00   clock source latency
     1    0.01    0.00    0.00    0.00 ^ CLK100MHZ (in)
                                         CLK100MHZ (net)
                  0.00    0.00    0.00 ^ clkbuf_0_CLK100MHZ/A (sky130_fd_sc_hd__clkbuf_16)
     2    0.02    0.04    0.11    0.11 ^ clkbuf_0_CLK100MHZ/X (sky130_fd_sc_hd__clkbuf_16)
                                         clknet_0_CLK100MHZ (net)
                  0.04    0.00    0.11 ^ clkbuf_1_0__f_CLK100MHZ/A (sky130_fd_sc_hd__clkbuf_16)
    16    0.03    0.05    0.13    0.24 ^ clkbuf_1_0__f_CLK100MHZ/X (sky130_fd_sc_hd__clkbuf_16)
                                         clknet_1_0__leaf_CLK100MHZ (net)
                  0.05    0.00    0.24 ^ _443_/CLK (sky130_fd_sc_hd__dfxtp_1)
     2    0.00    0.05    0.31    0.54 ^ _443_/Q (sky130_fd_sc_hd__dfxtp_1)
                                         rf.regs[15][1] (net)
                  0.05    0.00    0.54 ^ _389_/A0 (sky130_fd_sc_hd__mux2_1)
     1    0.00    0.04    0.11    0.65 ^ _389_/X (sky130_fd_sc_hd__mux2_1)
                                         _034_ (net)
                  0.04    0.00    0.65 ^ _390_/A (sky130_fd_sc_hd__buf_1)
     1    0.00    0.03    0.07    0.72 ^ _390_/X (sky130_fd_sc_hd__buf_1)
                                         _009_ (net)
                  0.03    0.00    0.72 ^ _443_/D (sky130_fd_sc_hd__dfxtp_1)
                                  0.72   data arrival time

                          0.00    0.00   clock CLK100MHZ (rise edge)
                          0.00    0.00   clock source latency
     1    0.01    0.00    0.00    0.00 ^ CLK100MHZ (in)
                                         CLK100MHZ (net)
                  0.00    0.00    0.00 ^ clkbuf_0_CLK100MHZ/A (sky130_fd_sc_hd__clkbuf_16)
     2    0.02    0.04    0.11    0.11 ^ clkbuf_0_CLK100MHZ/X (sky130_fd_sc_hd__clkbuf_16)
                                         clknet_0_CLK100MHZ (net)
                  0.04    0.00    0.11 ^ clkbuf_1_0__f_CLK100MHZ/A (sky130_fd_sc_hd__clkbuf_16)
    16    0.03    0.05    0.13    0.24 ^ clkbuf_1_0__f_CLK100MHZ/X (sky130_fd_sc_hd__clkbuf_16)
                                         clknet_1_0__leaf_CLK100MHZ (net)
                  0.05    0.00    0.24 ^ _443_/CLK (sky130_fd_sc_hd__dfxtp_1)
                          0.20    0.44   clock uncertainty
                          0.00    0.44   clock reconvergence pessimism
                         -0.03    0.41   library hold time
                                  0.41   data required time
-----------------------------------------------------------------------------
                                  0.41   data required time
                                 -0.72   data arrival time
-----------------------------------------------------------------------------
                                  0.31   slack (MET)


Startpoint: _459_ (rising edge-triggered flip-flop clocked by CLK100MHZ)
Endpoint: _459_ (rising edge-triggered flip-flop clocked by CLK100MHZ)
Path Group: CLK100MHZ
Path Type: min

Fanout     Cap    Slew   Delay    Time   Description
-----------------------------------------------------------------------------
                          0.00    0.00   clock CLK100MHZ (rise edge)
                          0.00    0.00   clock source latency
     1    0.01    0.00    0.00    0.00 ^ CLK100MHZ (in)
                                         CLK100MHZ (net)
                  0.00    0.00    0.00 ^ clkbuf_0_CLK100MHZ/A (sky130_fd_sc_hd__clkbuf_16)
     2    0.02    0.04    0.11    0.11 ^ clkbuf_0_CLK100MHZ/X (sky130_fd_sc_hd__clkbuf_16)
                                         clknet_0_CLK100MHZ (net)
                  0.04    0.00    0.11 ^ clkbuf_1_0__f_CLK100MHZ/A (sky130_fd_sc_hd__clkbuf_16)
    16    0.03    0.05    0.13    0.24 ^ clkbuf_1_0__f_CLK100MHZ/X (sky130_fd_sc_hd__clkbuf_16)
                                         clknet_1_0__leaf_CLK100MHZ (net)
                  0.05    0.00    0.24 ^ _459_/CLK (sky130_fd_sc_hd__dfxtp_1)
     2    0.00    0.05    0.31    0.54 ^ _459_/Q (sky130_fd_sc_hd__dfxtp_1)
                                         rf.regs[5][2] (net)
                  0.05    0.00    0.54 ^ _428_/A0 (sky130_fd_sc_hd__mux2_1)
     1    0.00    0.04    0.11    0.65 ^ _428_/X (sky130_fd_sc_hd__mux2_1)
                                         _057_ (net)
                  0.04    0.00    0.65 ^ _429_/A (sky130_fd_sc_hd__buf_1)
     1    0.00    0.03    0.07    0.72 ^ _429_/X (sky130_fd_sc_hd__buf_1)
                                         _025_ (net)
                  0.03    0.00    0.72 ^ _459_/D (sky130_fd_sc_hd__dfxtp_1)
                                  0.72   data arrival time

                          0.00    0.00   clock CLK100MHZ (rise edge)
                          0.00    0.00   clock source latency
     1    0.01    0.00    0.00    0.00 ^ CLK100MHZ (in)
                                         CLK100MHZ (net)
                  0.00    0.00    0.00 ^ clkbuf_0_CLK100MHZ/A (sky130_fd_sc_hd__clkbuf_16)
     2    0.02    0.04    0.11    0.11 ^ clkbuf_0_CLK100MHZ/X (sky130_fd_sc_hd__clkbuf_16)
                                         clknet_0_CLK100MHZ (net)
                  0.04    0.00    0.11 ^ clkbuf_1_0__f_CLK100MHZ/A (sky130_fd_sc_hd__clkbuf_16)
    16    0.03    0.05    0.13    0.24 ^ clkbuf_1_0__f_CLK100MHZ/X (sky130_fd_sc_hd__clkbuf_16)
                                         clknet_1_0__leaf_CLK100MHZ (net)
                  0.05    0.00    0.24 ^ _459_/CLK (sky130_fd_sc_hd__dfxtp_1)
                          0.20    0.44   clock uncertainty
                          0.00    0.44   clock reconvergence pessimism
                         -0.03    0.41   library hold time
                                  0.41   data required time
-----------------------------------------------------------------------------
                                  0.41   data required time
                                 -0.72   data arrival time
-----------------------------------------------------------------------------
                                  0.31   slack (MET)


Startpoint: _460_ (rising edge-triggered flip-flop clocked by CLK100MHZ)
Endpoint: _460_ (rising edge-triggered flip-flop clocked by CLK100MHZ)
Path Group: CLK100MHZ
Path Type: min

Fanout     Cap    Slew   Delay    Time   Description
-----------------------------------------------------------------------------
                          0.00    0.00   clock CLK100MHZ (rise edge)
                          0.00    0.00   clock source latency
     1    0.01    0.00    0.00    0.00 ^ CLK100MHZ (in)
                                         CLK100MHZ (net)
                  0.00    0.00    0.00 ^ clkbuf_0_CLK100MHZ/A (sky130_fd_sc_hd__clkbuf_16)
     2    0.02    0.04    0.11    0.11 ^ clkbuf_0_CLK100MHZ/X (sky130_fd_sc_hd__clkbuf_16)
                                         clknet_0_CLK100MHZ (net)
                  0.04    0.00    0.11 ^ clkbuf_1_0__f_CLK100MHZ/A (sky130_fd_sc_hd__clkbuf_16)
    16    0.03    0.05    0.13    0.24 ^ clkbuf_1_0__f_CLK100MHZ/X (sky130_fd_sc_hd__clkbuf_16)
                                         clknet_1_0__leaf_CLK100MHZ (net)
                  0.05    0.00    0.24 ^ _460_/CLK (sky130_fd_sc_hd__dfxtp_1)
     2    0.00    0.05    0.31    0.54 ^ _460_/Q (sky130_fd_sc_hd__dfxtp_1)
                                         rf.regs[5][3] (net)
                  0.05    0.00    0.54 ^ _430_/A0 (sky130_fd_sc_hd__mux2_1)
     1    0.00    0.04    0.11    0.65 ^ _430_/X (sky130_fd_sc_hd__mux2_1)
                                         _058_ (net)
                  0.04    0.00    0.65 ^ _431_/A (sky130_fd_sc_hd__buf_1)
     1    0.00    0.03    0.07    0.72 ^ _431_/X (sky130_fd_sc_hd__buf_1)
                                         _026_ (net)
                  0.03    0.00    0.72 ^ _460_/D (sky130_fd_sc_hd__dfxtp_1)
                                  0.72   data arrival time

                          0.00    0.00   clock CLK100MHZ (rise edge)
                          0.00    0.00   clock source latency
     1    0.01    0.00    0.00    0.00 ^ CLK100MHZ (in)
                                         CLK100MHZ (net)
                  0.00    0.00    0.00 ^ clkbuf_0_CLK100MHZ/A (sky130_fd_sc_hd__clkbuf_16)
     2    0.02    0.04    0.11    0.11 ^ clkbuf_0_CLK100MHZ/X (sky130_fd_sc_hd__clkbuf_16)
                                         clknet_0_CLK100MHZ (net)
                  0.04    0.00    0.11 ^ clkbuf_1_0__f_CLK100MHZ/A (sky130_fd_sc_hd__clkbuf_16)
    16    0.03    0.05    0.13    0.24 ^ clkbuf_1_0__f_CLK100MHZ/X (sky130_fd_sc_hd__clkbuf_16)
                                         clknet_1_0__leaf_CLK100MHZ (net)
                  0.05    0.00    0.24 ^ _460_/CLK (sky130_fd_sc_hd__dfxtp_1)
                          0.20    0.44   clock uncertainty
                          0.00    0.44   clock reconvergence pessimism
                         -0.03    0.41   library hold time
                                  0.41   data required time
-----------------------------------------------------------------------------
                                  0.41   data required time
                                 -0.72   data arrival time
-----------------------------------------------------------------------------
                                  0.31   slack (MET)


Startpoint: _440_ (rising edge-triggered flip-flop clocked by CLK100MHZ)
Endpoint: _440_ (rising edge-triggered flip-flop clocked by CLK100MHZ)
Path Group: CLK100MHZ
Path Type: min

Fanout     Cap    Slew   Delay    Time   Description
-----------------------------------------------------------------------------
                          0.00    0.00   clock CLK100MHZ (rise edge)
                          0.00    0.00   clock source latency
     1    0.01    0.00    0.00    0.00 ^ CLK100MHZ (in)
                                         CLK100MHZ (net)
                  0.00    0.00    0.00 ^ clkbuf_0_CLK100MHZ/A (sky130_fd_sc_hd__clkbuf_16)
     2    0.02    0.04    0.11    0.11 ^ clkbuf_0_CLK100MHZ/X (sky130_fd_sc_hd__clkbuf_16)
                                         clknet_0_CLK100MHZ (net)
                  0.04    0.00    0.11 ^ clkbuf_1_0__f_CLK100MHZ/A (sky130_fd_sc_hd__clkbuf_16)
    16    0.03    0.05    0.13    0.24 ^ clkbuf_1_0__f_CLK100MHZ/X (sky130_fd_sc_hd__clkbuf_16)
                                         clknet_1_0__leaf_CLK100MHZ (net)
                  0.05    0.00    0.24 ^ _440_/CLK (sky130_fd_sc_hd__dfxtp_1)
     2    0.00    0.05    0.31    0.54 ^ _440_/Q (sky130_fd_sc_hd__dfxtp_1)
                                         rf.regs[25][3] (net)
                  0.05    0.00    0.54 ^ _371_/A0 (sky130_fd_sc_hd__mux2_1)
     1    0.00    0.04    0.11    0.65 ^ _371_/X (sky130_fd_sc_hd__mux2_1)
                                         _203_ (net)
                  0.04    0.00    0.65 ^ _372_/A (sky130_fd_sc_hd__buf_1)
     1    0.00    0.03    0.07    0.72 ^ _372_/X (sky130_fd_sc_hd__buf_1)
                                         _006_ (net)
                  0.03    0.00    0.72 ^ _440_/D (sky130_fd_sc_hd__dfxtp_1)
                                  0.72   data arrival time

                          0.00    0.00   clock CLK100MHZ (rise edge)
                          0.00    0.00   clock source latency
     1    0.01    0.00    0.00    0.00 ^ CLK100MHZ (in)
                                         CLK100MHZ (net)
                  0.00    0.00    0.00 ^ clkbuf_0_CLK100MHZ/A (sky130_fd_sc_hd__clkbuf_16)
     2    0.02    0.04    0.11    0.11 ^ clkbuf_0_CLK100MHZ/X (sky130_fd_sc_hd__clkbuf_16)
                                         clknet_0_CLK100MHZ (net)
                  0.04    0.00    0.11 ^ clkbuf_1_0__f_CLK100MHZ/A (sky130_fd_sc_hd__clkbuf_16)
    16    0.03    0.05    0.13    0.24 ^ clkbuf_1_0__f_CLK100MHZ/X (sky130_fd_sc_hd__clkbuf_16)
                                         clknet_1_0__leaf_CLK100MHZ (net)
                  0.05    0.00    0.24 ^ _440_/CLK (sky130_fd_sc_hd__dfxtp_1)
                          0.20    0.44   clock uncertainty
                          0.00    0.44   clock reconvergence pessimism
                         -0.03    0.41   library hold time
                                  0.41   data required time
-----------------------------------------------------------------------------
                                  0.41   data required time
                                 -0.72   data arrival time
-----------------------------------------------------------------------------
                                  0.31   slack (MET)


Startpoint: _445_ (rising edge-triggered flip-flop clocked by CLK100MHZ)
Endpoint: _445_ (rising edge-triggered flip-flop clocked by CLK100MHZ)
Path Group: CLK100MHZ
Path Type: min

Fanout     Cap    Slew   Delay    Time   Description
-----------------------------------------------------------------------------
                          0.00    0.00   clock CLK100MHZ (rise edge)
                          0.00    0.00   clock source latency
     1    0.01    0.00    0.00    0.00 ^ CLK100MHZ (in)
                                         CLK100MHZ (net)
                  0.00    0.00    0.00 ^ clkbuf_0_CLK100MHZ/A (sky130_fd_sc_hd__clkbuf_16)
     2    0.02    0.04    0.11    0.11 ^ clkbuf_0_CLK100MHZ/X (sky130_fd_sc_hd__clkbuf_16)
                                         clknet_0_CLK100MHZ (net)
                  0.04    0.00    0.11 ^ clkbuf_1_1__f_CLK100MHZ/A (sky130_fd_sc_hd__clkbuf_16)
    13    0.03    0.05    0.13    0.24 ^ clkbuf_1_1__f_CLK100MHZ/X (sky130_fd_sc_hd__clkbuf_16)
                                         clknet_1_1__leaf_CLK100MHZ (net)
                  0.05    0.00    0.24 ^ _445_/CLK (sky130_fd_sc_hd__dfxtp_1)
     2    0.00    0.05    0.31    0.54 ^ _445_/Q (sky130_fd_sc_hd__dfxtp_1)
                                         rf.regs[15][3] (net)
                  0.05    0.00    0.54 ^ _393_/A0 (sky130_fd_sc_hd__mux2_1)
     1    0.00    0.04    0.11    0.65 ^ _393_/X (sky130_fd_sc_hd__mux2_1)
                                         _036_ (net)
                  0.04    0.00    0.65 ^ _394_/A (sky130_fd_sc_hd__buf_1)
     1    0.00    0.03    0.07    0.72 ^ _394_/X (sky130_fd_sc_hd__buf_1)
                                         _011_ (net)
                  0.03    0.00    0.72 ^ _445_/D (sky130_fd_sc_hd__dfxtp_1)
                                  0.72   data arrival time

                          0.00    0.00   clock CLK100MHZ (rise edge)
                          0.00    0.00   clock source latency
     1    0.01    0.00    0.00    0.00 ^ CLK100MHZ (in)
                                         CLK100MHZ (net)
                  0.00    0.00    0.00 ^ clkbuf_0_CLK100MHZ/A (sky130_fd_sc_hd__clkbuf_16)
     2    0.02    0.04    0.11    0.11 ^ clkbuf_0_CLK100MHZ/X (sky130_fd_sc_hd__clkbuf_16)
                                         clknet_0_CLK100MHZ (net)
                  0.04    0.00    0.11 ^ clkbuf_1_1__f_CLK100MHZ/A (sky130_fd_sc_hd__clkbuf_16)
    13    0.03    0.05    0.13    0.24 ^ clkbuf_1_1__f_CLK100MHZ/X (sky130_fd_sc_hd__clkbuf_16)
                                         clknet_1_1__leaf_CLK100MHZ (net)
                  0.05    0.00    0.24 ^ _445_/CLK (sky130_fd_sc_hd__dfxtp_1)
                          0.20    0.44   clock uncertainty
                          0.00    0.44   clock reconvergence pessimism
                         -0.03    0.41   library hold time
                                  0.41   data required time
-----------------------------------------------------------------------------
                                  0.41   data required time
                                 -0.72   data arrival time
-----------------------------------------------------------------------------
                                  0.31   slack (MET)


Startpoint: _439_ (rising edge-triggered flip-flop clocked by CLK100MHZ)
Endpoint: _439_ (rising edge-triggered flip-flop clocked by CLK100MHZ)
Path Group: CLK100MHZ
Path Type: min

Fanout     Cap    Slew   Delay    Time   Description
-----------------------------------------------------------------------------
                          0.00    0.00   clock CLK100MHZ (rise edge)
                          0.00    0.00   clock source latency
     1    0.01    0.00    0.00    0.00 ^ CLK100MHZ (in)
                                         CLK100MHZ (net)
                  0.00    0.00    0.00 ^ clkbuf_0_CLK100MHZ/A (sky130_fd_sc_hd__clkbuf_16)
     2    0.02    0.04    0.11    0.11 ^ clkbuf_0_CLK100MHZ/X (sky130_fd_sc_hd__clkbuf_16)
                                         clknet_0_CLK100MHZ (net)
                  0.04    0.00    0.11 ^ clkbuf_1_1__f_CLK100MHZ/A (sky130_fd_sc_hd__clkbuf_16)
    13    0.03    0.05    0.13    0.24 ^ clkbuf_1_1__f_CLK100MHZ/X (sky130_fd_sc_hd__clkbuf_16)
                                         clknet_1_1__leaf_CLK100MHZ (net)
                  0.05    0.00    0.24 ^ _439_/CLK (sky130_fd_sc_hd__dfxtp_1)
     2    0.00    0.05    0.31    0.54 ^ _439_/Q (sky130_fd_sc_hd__dfxtp_1)
                                         rf.regs[25][2] (net)
                  0.05    0.00    0.54 ^ _369_/A0 (sky130_fd_sc_hd__mux2_1)
     1    0.00    0.04    0.11    0.65 ^ _369_/X (sky130_fd_sc_hd__mux2_1)
                                         _202_ (net)
                  0.04    0.00    0.65 ^ _370_/A (sky130_fd_sc_hd__clkbuf_1)
     1    0.00    0.03    0.07    0.72 ^ _370_/X (sky130_fd_sc_hd__clkbuf_1)
                                         _005_ (net)
                  0.03    0.00    0.72 ^ _439_/D (sky130_fd_sc_hd__dfxtp_1)
                                  0.72   data arrival time

                          0.00    0.00   clock CLK100MHZ (rise edge)
                          0.00    0.00   clock source latency
     1    0.01    0.00    0.00    0.00 ^ CLK100MHZ (in)
                                         CLK100MHZ (net)
                  0.00    0.00    0.00 ^ clkbuf_0_CLK100MHZ/A (sky130_fd_sc_hd__clkbuf_16)
     2    0.02    0.04    0.11    0.11 ^ clkbuf_0_CLK100MHZ/X (sky130_fd_sc_hd__clkbuf_16)
                                         clknet_0_CLK100MHZ (net)
                  0.04    0.00    0.11 ^ clkbuf_1_1__f_CLK100MHZ/A (sky130_fd_sc_hd__clkbuf_16)
    13    0.03    0.05    0.13    0.24 ^ clkbuf_1_1__f_CLK100MHZ/X (sky130_fd_sc_hd__clkbuf_16)
                                         clknet_1_1__leaf_CLK100MHZ (net)
                  0.05    0.00    0.24 ^ _439_/CLK (sky130_fd_sc_hd__dfxtp_1)
                          0.20    0.44   clock uncertainty
                          0.00    0.44   clock reconvergence pessimism
                         -0.03    0.41   library hold time
                                  0.41   data required time
-----------------------------------------------------------------------------
                                  0.41   data required time
                                 -0.72   data arrival time
-----------------------------------------------------------------------------
                                  0.31   slack (MET)


Startpoint: _442_ (rising edge-triggered flip-flop clocked by CLK100MHZ)
Endpoint: _442_ (rising edge-triggered flip-flop clocked by CLK100MHZ)
Path Group: CLK100MHZ
Path Type: min

Fanout     Cap    Slew   Delay    Time   Description
-----------------------------------------------------------------------------
                          0.00    0.00   clock CLK100MHZ (rise edge)
                          0.00    0.00   clock source latency
     1    0.01    0.00    0.00    0.00 ^ CLK100MHZ (in)
                                         CLK100MHZ (net)
                  0.00    0.00    0.00 ^ clkbuf_0_CLK100MHZ/A (sky130_fd_sc_hd__clkbuf_16)
     2    0.02    0.04    0.11    0.11 ^ clkbuf_0_CLK100MHZ/X (sky130_fd_sc_hd__clkbuf_16)
                                         clknet_0_CLK100MHZ (net)
                  0.04    0.00    0.11 ^ clkbuf_1_1__f_CLK100MHZ/A (sky130_fd_sc_hd__clkbuf_16)
    13    0.03    0.05    0.13    0.24 ^ clkbuf_1_1__f_CLK100MHZ/X (sky130_fd_sc_hd__clkbuf_16)
                                         clknet_1_1__leaf_CLK100MHZ (net)
                  0.05    0.00    0.24 ^ _442_/CLK (sky130_fd_sc_hd__dfxtp_1)
     2    0.00    0.05    0.31    0.55 ^ _442_/Q (sky130_fd_sc_hd__dfxtp_1)
                                         rf.regs[15][0] (net)
                  0.05    0.00    0.55 ^ _387_/A0 (sky130_fd_sc_hd__mux2_1)
     1    0.00    0.04    0.11    0.66 ^ _387_/X (sky130_fd_sc_hd__mux2_1)
                                         _033_ (net)
                  0.04    0.00    0.66 ^ _388_/A (sky130_fd_sc_hd__clkbuf_1)
     1    0.00    0.03    0.07    0.73 ^ _388_/X (sky130_fd_sc_hd__clkbuf_1)
                                         _008_ (net)
                  0.03    0.00    0.73 ^ _442_/D (sky130_fd_sc_hd__dfxtp_1)
                                  0.73   data arrival time

                          0.00    0.00   clock CLK100MHZ (rise edge)
                          0.00    0.00   clock source latency
     1    0.01    0.00    0.00    0.00 ^ CLK100MHZ (in)
                                         CLK100MHZ (net)
                  0.00    0.00    0.00 ^ clkbuf_0_CLK100MHZ/A (sky130_fd_sc_hd__clkbuf_16)
     2    0.02    0.04    0.11    0.11 ^ clkbuf_0_CLK100MHZ/X (sky130_fd_sc_hd__clkbuf_16)
                                         clknet_0_CLK100MHZ (net)
                  0.04    0.00    0.11 ^ clkbuf_1_1__f_CLK100MHZ/A (sky130_fd_sc_hd__clkbuf_16)
    13    0.03    0.05    0.13    0.24 ^ clkbuf_1_1__f_CLK100MHZ/X (sky130_fd_sc_hd__clkbuf_16)
                                         clknet_1_1__leaf_CLK100MHZ (net)
                  0.05    0.00    0.24 ^ _442_/CLK (sky130_fd_sc_hd__dfxtp_1)
                          0.20    0.44   clock uncertainty
                          0.00    0.44   clock reconvergence pessimism
                         -0.03    0.41   library hold time
                                  0.41   data required time
-----------------------------------------------------------------------------
                                  0.41   data required time
                                 -0.73   data arrival time
-----------------------------------------------------------------------------
                                  0.32   slack (MET)


Startpoint: _437_ (rising edge-triggered flip-flop clocked by CLK100MHZ)
Endpoint: _437_ (rising edge-triggered flip-flop clocked by CLK100MHZ)
Path Group: CLK100MHZ
Path Type: min

Fanout     Cap    Slew   Delay    Time   Description
-----------------------------------------------------------------------------
                          0.00    0.00   clock CLK100MHZ (rise edge)
                          0.00    0.00   clock source latency
     1    0.01    0.00    0.00    0.00 ^ CLK100MHZ (in)
                                         CLK100MHZ (net)
                  0.00    0.00    0.00 ^ clkbuf_0_CLK100MHZ/A (sky130_fd_sc_hd__clkbuf_16)
     2    0.02    0.04    0.11    0.11 ^ clkbuf_0_CLK100MHZ/X (sky130_fd_sc_hd__clkbuf_16)
                                         clknet_0_CLK100MHZ (net)
                  0.04    0.00    0.11 ^ clkbuf_1_0__f_CLK100MHZ/A (sky130_fd_sc_hd__clkbuf_16)
    16    0.03    0.05    0.13    0.24 ^ clkbuf_1_0__f_CLK100MHZ/X (sky130_fd_sc_hd__clkbuf_16)
                                         clknet_1_0__leaf_CLK100MHZ (net)
                  0.05    0.00    0.24 ^ _437_/CLK (sky130_fd_sc_hd__dfxtp_1)
     2    0.00    0.05    0.31    0.55 ^ _437_/Q (sky130_fd_sc_hd__dfxtp_1)
                                         rf.regs[25][0] (net)
                  0.05    0.00    0.55 ^ _365_/A0 (sky130_fd_sc_hd__mux2_1)
     1    0.00    0.04    0.11    0.66 ^ _365_/X (sky130_fd_sc_hd__mux2_1)
                                         _200_ (net)
                  0.04    0.00    0.66 ^ _366_/A (sky130_fd_sc_hd__clkbuf_1)
     1    0.00    0.03    0.07    0.73 ^ _366_/X (sky130_fd_sc_hd__clkbuf_1)
                                         _003_ (net)
                  0.03    0.00    0.73 ^ _437_/D (sky130_fd_sc_hd__dfxtp_1)
                                  0.73   data arrival time

                          0.00    0.00   clock CLK100MHZ (rise edge)
                          0.00    0.00   clock source latency
     1    0.01    0.00    0.00    0.00 ^ CLK100MHZ (in)
                                         CLK100MHZ (net)
                  0.00    0.00    0.00 ^ clkbuf_0_CLK100MHZ/A (sky130_fd_sc_hd__clkbuf_16)
     2    0.02    0.04    0.11    0.11 ^ clkbuf_0_CLK100MHZ/X (sky130_fd_sc_hd__clkbuf_16)
                                         clknet_0_CLK100MHZ (net)
                  0.04    0.00    0.11 ^ clkbuf_1_0__f_CLK100MHZ/A (sky130_fd_sc_hd__clkbuf_16)
    16    0.03    0.05    0.13    0.24 ^ clkbuf_1_0__f_CLK100MHZ/X (sky130_fd_sc_hd__clkbuf_16)
                                         clknet_1_0__leaf_CLK100MHZ (net)
                  0.05    0.00    0.24 ^ _437_/CLK (sky130_fd_sc_hd__dfxtp_1)
                          0.20    0.44   clock uncertainty
                          0.00    0.44   clock reconvergence pessimism
                         -0.03    0.41   library hold time
                                  0.41   data required time
-----------------------------------------------------------------------------
                                  0.41   data required time
                                 -0.73   data arrival time
-----------------------------------------------------------------------------
                                  0.32   slack (MET)


Startpoint: _446_ (rising edge-triggered flip-flop clocked by CLK100MHZ)
Endpoint: _446_ (rising edge-triggered flip-flop clocked by CLK100MHZ)
Path Group: CLK100MHZ
Path Type: min

Fanout     Cap    Slew   Delay    Time   Description
-----------------------------------------------------------------------------
                          0.00    0.00   clock CLK100MHZ (rise edge)
                          0.00    0.00   clock source latency
     1    0.01    0.00    0.00    0.00 ^ CLK100MHZ (in)
                                         CLK100MHZ (net)
                  0.00    0.00    0.00 ^ clkbuf_0_CLK100MHZ/A (sky130_fd_sc_hd__clkbuf_16)
     2    0.02    0.04    0.11    0.11 ^ clkbuf_0_CLK100MHZ/X (sky130_fd_sc_hd__clkbuf_16)
                                         clknet_0_CLK100MHZ (net)
                  0.04    0.00    0.11 ^ clkbuf_1_1__f_CLK100MHZ/A (sky130_fd_sc_hd__clkbuf_16)
    13    0.03    0.05    0.13    0.24 ^ clkbuf_1_1__f_CLK100MHZ/X (sky130_fd_sc_hd__clkbuf_16)
                                         clknet_1_1__leaf_CLK100MHZ (net)
                  0.05    0.00    0.24 ^ _446_/CLK (sky130_fd_sc_hd__dfxtp_1)
     2    0.00    0.05    0.31    0.55 ^ _446_/Q (sky130_fd_sc_hd__dfxtp_1)
                                         rf.regs[15][4] (net)
                  0.05    0.00    0.55 ^ _395_/A0 (sky130_fd_sc_hd__mux2_1)
     1    0.00    0.04    0.11    0.66 ^ _395_/X (sky130_fd_sc_hd__mux2_1)
                                         _037_ (net)
                  0.04    0.00    0.66 ^ _396_/A (sky130_fd_sc_hd__clkbuf_1)
     1    0.00    0.03    0.07    0.73 ^ _396_/X (sky130_fd_sc_hd__clkbuf_1)
                                         _012_ (net)
                  0.03    0.00    0.73 ^ _446_/D (sky130_fd_sc_hd__dfxtp_1)
                                  0.73   data arrival time

                          0.00    0.00   clock CLK100MHZ (rise edge)
                          0.00    0.00   clock source latency
     1    0.01    0.00    0.00    0.00 ^ CLK100MHZ (in)
                                         CLK100MHZ (net)
                  0.00    0.00    0.00 ^ clkbuf_0_CLK100MHZ/A (sky130_fd_sc_hd__clkbuf_16)
     2    0.02    0.04    0.11    0.11 ^ clkbuf_0_CLK100MHZ/X (sky130_fd_sc_hd__clkbuf_16)
                                         clknet_0_CLK100MHZ (net)
                  0.04    0.00    0.11 ^ clkbuf_1_1__f_CLK100MHZ/A (sky130_fd_sc_hd__clkbuf_16)
    13    0.03    0.05    0.13    0.24 ^ clkbuf_1_1__f_CLK100MHZ/X (sky130_fd_sc_hd__clkbuf_16)
                                         clknet_1_1__leaf_CLK100MHZ (net)
                  0.05    0.00    0.24 ^ _446_/CLK (sky130_fd_sc_hd__dfxtp_1)
                          0.20    0.44   clock uncertainty
                          0.00    0.44   clock reconvergence pessimism
                         -0.03    0.41   library hold time
                                  0.41   data required time
-----------------------------------------------------------------------------
                                  0.41   data required time
                                 -0.73   data arrival time
-----------------------------------------------------------------------------
                                  0.32   slack (MET)


Startpoint: _444_ (rising edge-triggered flip-flop clocked by CLK100MHZ)
Endpoint: _444_ (rising edge-triggered flip-flop clocked by CLK100MHZ)
Path Group: CLK100MHZ
Path Type: min

Fanout     Cap    Slew   Delay    Time   Description
-----------------------------------------------------------------------------
                          0.00    0.00   clock CLK100MHZ (rise edge)
                          0.00    0.00   clock source latency
     1    0.01    0.00    0.00    0.00 ^ CLK100MHZ (in)
                                         CLK100MHZ (net)
                  0.00    0.00    0.00 ^ clkbuf_0_CLK100MHZ/A (sky130_fd_sc_hd__clkbuf_16)
     2    0.02    0.04    0.11    0.11 ^ clkbuf_0_CLK100MHZ/X (sky130_fd_sc_hd__clkbuf_16)
                                         clknet_0_CLK100MHZ (net)
                  0.04    0.00    0.11 ^ clkbuf_1_1__f_CLK100MHZ/A (sky130_fd_sc_hd__clkbuf_16)
    13    0.03    0.05    0.13    0.24 ^ clkbuf_1_1__f_CLK100MHZ/X (sky130_fd_sc_hd__clkbuf_16)
                                         clknet_1_1__leaf_CLK100MHZ (net)
                  0.05    0.00    0.24 ^ _444_/CLK (sky130_fd_sc_hd__dfxtp_1)
     2    0.00    0.05    0.31    0.55 ^ _444_/Q (sky130_fd_sc_hd__dfxtp_1)
                                         rf.regs[15][2] (net)
                  0.05    0.00    0.55 ^ _391_/A0 (sky130_fd_sc_hd__mux2_1)
     1    0.00    0.04    0.11    0.66 ^ _391_/X (sky130_fd_sc_hd__mux2_1)
                                         _035_ (net)
                  0.04    0.00    0.66 ^ _392_/A (sky130_fd_sc_hd__clkbuf_1)
     1    0.00    0.03    0.07    0.73 ^ _392_/X (sky130_fd_sc_hd__clkbuf_1)
                                         _010_ (net)
                  0.03    0.00    0.73 ^ _444_/D (sky130_fd_sc_hd__dfxtp_1)
                                  0.73   data arrival time

                          0.00    0.00   clock CLK100MHZ (rise edge)
                          0.00    0.00   clock source latency
     1    0.01    0.00    0.00    0.00 ^ CLK100MHZ (in)
                                         CLK100MHZ (net)
                  0.00    0.00    0.00 ^ clkbuf_0_CLK100MHZ/A (sky130_fd_sc_hd__clkbuf_16)
     2    0.02    0.04    0.11    0.11 ^ clkbuf_0_CLK100MHZ/X (sky130_fd_sc_hd__clkbuf_16)
                                         clknet_0_CLK100MHZ (net)
                  0.04    0.00    0.11 ^ clkbuf_1_1__f_CLK100MHZ/A (sky130_fd_sc_hd__clkbuf_16)
    13    0.03    0.05    0.13    0.24 ^ clkbuf_1_1__f_CLK100MHZ/X (sky130_fd_sc_hd__clkbuf_16)
                                         clknet_1_1__leaf_CLK100MHZ (net)
                  0.05    0.00    0.24 ^ _444_/CLK (sky130_fd_sc_hd__dfxtp_1)
                          0.20    0.44   clock uncertainty
                          0.00    0.44   clock reconvergence pessimism
                         -0.03    0.41   library hold time
                                  0.41   data required time
-----------------------------------------------------------------------------
                                  0.41   data required time
                                 -0.73   data arrival time
-----------------------------------------------------------------------------
                                  0.32   slack (MET)


Startpoint: _450_ (rising edge-triggered flip-flop clocked by CLK100MHZ)
Endpoint: _450_ (rising edge-triggered flip-flop clocked by CLK100MHZ)
Path Group: CLK100MHZ
Path Type: min

Fanout     Cap    Slew   Delay    Time   Description
-----------------------------------------------------------------------------
                          0.00    0.00   clock CLK100MHZ (rise edge)
                          0.00    0.00   clock source latency
     1    0.01    0.00    0.00    0.00 ^ CLK100MHZ (in)
                                         CLK100MHZ (net)
                  0.00    0.00    0.00 ^ clkbuf_0_CLK100MHZ/A (sky130_fd_sc_hd__clkbuf_16)
     2    0.02    0.04    0.11    0.11 ^ clkbuf_0_CLK100MHZ/X (sky130_fd_sc_hd__clkbuf_16)
                                         clknet_0_CLK100MHZ (net)
                  0.04    0.00    0.11 ^ clkbuf_1_0__f_CLK100MHZ/A (sky130_fd_sc_hd__clkbuf_16)
    16    0.03    0.05    0.13    0.24 ^ clkbuf_1_0__f_CLK100MHZ/X (sky130_fd_sc_hd__clkbuf_16)
                                         clknet_1_0__leaf_CLK100MHZ (net)
                  0.05    0.00    0.24 ^ _450_/CLK (sky130_fd_sc_hd__dfxtp_1)
     2    0.00    0.05    0.31    0.55 ^ _450_/Q (sky130_fd_sc_hd__dfxtp_1)
                                         rf.regs[10][3] (net)
                  0.05    0.00    0.55 ^ _406_/A1 (sky130_fd_sc_hd__mux2_1)
     1    0.00    0.04    0.11    0.66 ^ _406_/X (sky130_fd_sc_hd__mux2_1)
                                         _044_ (net)
                  0.04    0.00    0.66 ^ _407_/A (sky130_fd_sc_hd__clkbuf_1)
     1    0.00    0.03    0.07    0.73 ^ _407_/X (sky130_fd_sc_hd__clkbuf_1)
                                         _016_ (net)
                  0.03    0.00    0.73 ^ _450_/D (sky130_fd_sc_hd__dfxtp_1)
                                  0.73   data arrival time

                          0.00    0.00   clock CLK100MHZ (rise edge)
                          0.00    0.00   clock source latency
     1    0.01    0.00    0.00    0.00 ^ CLK100MHZ (in)
                                         CLK100MHZ (net)
                  0.00    0.00    0.00 ^ clkbuf_0_CLK100MHZ/A (sky130_fd_sc_hd__clkbuf_16)
     2    0.02    0.04    0.11    0.11 ^ clkbuf_0_CLK100MHZ/X (sky130_fd_sc_hd__clkbuf_16)
                                         clknet_0_CLK100MHZ (net)
                  0.04    0.00    0.11 ^ clkbuf_1_0__f_CLK100MHZ/A (sky130_fd_sc_hd__clkbuf_16)
    16    0.03    0.05    0.13    0.24 ^ clkbuf_1_0__f_CLK100MHZ/X (sky130_fd_sc_hd__clkbuf_16)
                                         clknet_1_0__leaf_CLK100MHZ (net)
                  0.05    0.00    0.24 ^ _450_/CLK (sky130_fd_sc_hd__dfxtp_1)
                          0.20    0.44   clock uncertainty
                          0.00    0.44   clock reconvergence pessimism
                         -0.03    0.41   library hold time
                                  0.41   data required time
-----------------------------------------------------------------------------
                                  0.41   data required time
                                 -0.73   data arrival time
-----------------------------------------------------------------------------
                                  0.32   slack (MET)


Startpoint: _449_ (rising edge-triggered flip-flop clocked by CLK100MHZ)
Endpoint: _449_ (rising edge-triggered flip-flop clocked by CLK100MHZ)
Path Group: CLK100MHZ
Path Type: min

Fanout     Cap    Slew   Delay    Time   Description
-----------------------------------------------------------------------------
                          0.00    0.00   clock CLK100MHZ (rise edge)
                          0.00    0.00   clock source latency
     1    0.01    0.00    0.00    0.00 ^ CLK100MHZ (in)
                                         CLK100MHZ (net)
                  0.00    0.00    0.00 ^ clkbuf_0_CLK100MHZ/A (sky130_fd_sc_hd__clkbuf_16)
     2    0.02    0.04    0.11    0.11 ^ clkbuf_0_CLK100MHZ/X (sky130_fd_sc_hd__clkbuf_16)
                                         clknet_0_CLK100MHZ (net)
                  0.04    0.00    0.11 ^ clkbuf_1_0__f_CLK100MHZ/A (sky130_fd_sc_hd__clkbuf_16)
    16    0.03    0.05    0.13    0.24 ^ clkbuf_1_0__f_CLK100MHZ/X (sky130_fd_sc_hd__clkbuf_16)
                                         clknet_1_0__leaf_CLK100MHZ (net)
                  0.05    0.00    0.24 ^ _449_/CLK (sky130_fd_sc_hd__dfxtp_1)
     2    0.00    0.06    0.31    0.55 ^ _449_/Q (sky130_fd_sc_hd__dfxtp_1)
                                         rf.regs[10][2] (net)
                  0.06    0.00    0.55 ^ _404_/A1 (sky130_fd_sc_hd__mux2_1)
     1    0.00    0.04    0.12    0.67 ^ _404_/X (sky130_fd_sc_hd__mux2_1)
                                         _043_ (net)
                  0.04    0.00    0.67 ^ _405_/A (sky130_fd_sc_hd__buf_1)
     1    0.00    0.03    0.07    0.74 ^ _405_/X (sky130_fd_sc_hd__buf_1)
                                         _015_ (net)
                  0.03    0.00    0.74 ^ _449_/D (sky130_fd_sc_hd__dfxtp_1)
                                  0.74   data arrival time

                          0.00    0.00   clock CLK100MHZ (rise edge)
                          0.00    0.00   clock source latency
     1    0.01    0.00    0.00    0.00 ^ CLK100MHZ (in)
                                         CLK100MHZ (net)
                  0.00    0.00    0.00 ^ clkbuf_0_CLK100MHZ/A (sky130_fd_sc_hd__clkbuf_16)
     2    0.02    0.04    0.11    0.11 ^ clkbuf_0_CLK100MHZ/X (sky130_fd_sc_hd__clkbuf_16)
                                         clknet_0_CLK100MHZ (net)
                  0.04    0.00    0.11 ^ clkbuf_1_0__f_CLK100MHZ/A (sky130_fd_sc_hd__clkbuf_16)
    16    0.03    0.05    0.13    0.24 ^ clkbuf_1_0__f_CLK100MHZ/X (sky130_fd_sc_hd__clkbuf_16)
                                         clknet_1_0__leaf_CLK100MHZ (net)
                  0.05    0.00    0.24 ^ _449_/CLK (sky130_fd_sc_hd__dfxtp_1)
                          0.20    0.44   clock uncertainty
                          0.00    0.44   clock reconvergence pessimism
                         -0.03    0.41   library hold time
                                  0.41   data required time
-----------------------------------------------------------------------------
                                  0.41   data required time
                                 -0.74   data arrival time
-----------------------------------------------------------------------------
                                  0.33   slack (MET)


Startpoint: _451_ (rising edge-triggered flip-flop clocked by CLK100MHZ)
Endpoint: _451_ (rising edge-triggered flip-flop clocked by CLK100MHZ)
Path Group: CLK100MHZ
Path Type: min

Fanout     Cap    Slew   Delay    Time   Description
-----------------------------------------------------------------------------
                          0.00    0.00   clock CLK100MHZ (rise edge)
                          0.00    0.00   clock source latency
     1    0.01    0.00    0.00    0.00 ^ CLK100MHZ (in)
                                         CLK100MHZ (net)
                  0.00    0.00    0.00 ^ clkbuf_0_CLK100MHZ/A (sky130_fd_sc_hd__clkbuf_16)
     2    0.02    0.04    0.11    0.11 ^ clkbuf_0_CLK100MHZ/X (sky130_fd_sc_hd__clkbuf_16)
                                         clknet_0_CLK100MHZ (net)
                  0.04    0.00    0.11 ^ clkbuf_1_0__f_CLK100MHZ/A (sky130_fd_sc_hd__clkbuf_16)
    16    0.03    0.05    0.13    0.24 ^ clkbuf_1_0__f_CLK100MHZ/X (sky130_fd_sc_hd__clkbuf_16)
                                         clknet_1_0__leaf_CLK100MHZ (net)
                  0.05    0.00    0.24 ^ _451_/CLK (sky130_fd_sc_hd__dfxtp_1)
     2    0.00    0.06    0.31    0.55 ^ _451_/Q (sky130_fd_sc_hd__dfxtp_1)
                                         rf.regs[10][4] (net)
                  0.06    0.00    0.55 ^ _408_/A1 (sky130_fd_sc_hd__mux2_1)
     1    0.00    0.04    0.12    0.67 ^ _408_/X (sky130_fd_sc_hd__mux2_1)
                                         _045_ (net)
                  0.04    0.00    0.67 ^ _409_/A (sky130_fd_sc_hd__clkbuf_1)
     1    0.00    0.03    0.07    0.74 ^ _409_/X (sky130_fd_sc_hd__clkbuf_1)
                                         _017_ (net)
                  0.03    0.00    0.74 ^ _451_/D (sky130_fd_sc_hd__dfxtp_1)
                                  0.74   data arrival time

                          0.00    0.00   clock CLK100MHZ (rise edge)
                          0.00    0.00   clock source latency
     1    0.01    0.00    0.00    0.00 ^ CLK100MHZ (in)
                                         CLK100MHZ (net)
                  0.00    0.00    0.00 ^ clkbuf_0_CLK100MHZ/A (sky130_fd_sc_hd__clkbuf_16)
     2    0.02    0.04    0.11    0.11 ^ clkbuf_0_CLK100MHZ/X (sky130_fd_sc_hd__clkbuf_16)
                                         clknet_0_CLK100MHZ (net)
                  0.04    0.00    0.11 ^ clkbuf_1_0__f_CLK100MHZ/A (sky130_fd_sc_hd__clkbuf_16)
    16    0.03    0.05    0.13    0.24 ^ clkbuf_1_0__f_CLK100MHZ/X (sky130_fd_sc_hd__clkbuf_16)
                                         clknet_1_0__leaf_CLK100MHZ (net)
                  0.05    0.00    0.24 ^ _451_/CLK (sky130_fd_sc_hd__dfxtp_1)
                          0.20    0.44   clock uncertainty
                          0.00    0.44   clock reconvergence pessimism
                         -0.03    0.41   library hold time
                                  0.41   data required time
-----------------------------------------------------------------------------
                                  0.41   data required time
                                 -0.74   data arrival time
-----------------------------------------------------------------------------
                                  0.33   slack (MET)


Startpoint: _448_ (rising edge-triggered flip-flop clocked by CLK100MHZ)
Endpoint: _448_ (rising edge-triggered flip-flop clocked by CLK100MHZ)
Path Group: CLK100MHZ
Path Type: min

Fanout     Cap    Slew   Delay    Time   Description
-----------------------------------------------------------------------------
                          0.00    0.00   clock CLK100MHZ (rise edge)
                          0.00    0.00   clock source latency
     1    0.01    0.00    0.00    0.00 ^ CLK100MHZ (in)
                                         CLK100MHZ (net)
                  0.00    0.00    0.00 ^ clkbuf_0_CLK100MHZ/A (sky130_fd_sc_hd__clkbuf_16)
     2    0.02    0.04    0.11    0.11 ^ clkbuf_0_CLK100MHZ/X (sky130_fd_sc_hd__clkbuf_16)
                                         clknet_0_CLK100MHZ (net)
                  0.04    0.00    0.11 ^ clkbuf_1_0__f_CLK100MHZ/A (sky130_fd_sc_hd__clkbuf_16)
    16    0.03    0.05    0.13    0.24 ^ clkbuf_1_0__f_CLK100MHZ/X (sky130_fd_sc_hd__clkbuf_16)
                                         clknet_1_0__leaf_CLK100MHZ (net)
                  0.05    0.00    0.24 ^ _448_/CLK (sky130_fd_sc_hd__dfxtp_1)
     2    0.00    0.06    0.31    0.55 ^ _448_/Q (sky130_fd_sc_hd__dfxtp_1)
                                         rf.regs[10][1] (net)
                  0.06    0.00    0.55 ^ _402_/A1 (sky130_fd_sc_hd__mux2_1)
     1    0.00    0.04    0.12    0.67 ^ _402_/X (sky130_fd_sc_hd__mux2_1)
                                         _042_ (net)
                  0.04    0.00    0.67 ^ _403_/A (sky130_fd_sc_hd__clkbuf_1)
     1    0.00    0.03    0.07    0.74 ^ _403_/X (sky130_fd_sc_hd__clkbuf_1)
                                         _014_ (net)
                  0.03    0.00    0.74 ^ _448_/D (sky130_fd_sc_hd__dfxtp_1)
                                  0.74   data arrival time

                          0.00    0.00   clock CLK100MHZ (rise edge)
                          0.00    0.00   clock source latency
     1    0.01    0.00    0.00    0.00 ^ CLK100MHZ (in)
                                         CLK100MHZ (net)
                  0.00    0.00    0.00 ^ clkbuf_0_CLK100MHZ/A (sky130_fd_sc_hd__clkbuf_16)
     2    0.02    0.04    0.11    0.11 ^ clkbuf_0_CLK100MHZ/X (sky130_fd_sc_hd__clkbuf_16)
                                         clknet_0_CLK100MHZ (net)
                  0.04    0.00    0.11 ^ clkbuf_1_0__f_CLK100MHZ/A (sky130_fd_sc_hd__clkbuf_16)
    16    0.03    0.05    0.13    0.24 ^ clkbuf_1_0__f_CLK100MHZ/X (sky130_fd_sc_hd__clkbuf_16)
                                         clknet_1_0__leaf_CLK100MHZ (net)
                  0.05    0.00    0.24 ^ _448_/CLK (sky130_fd_sc_hd__dfxtp_1)
                          0.20    0.44   clock uncertainty
                          0.00    0.44   clock reconvergence pessimism
                         -0.03    0.41   library hold time
                                  0.41   data required time
-----------------------------------------------------------------------------
                                  0.41   data required time
                                 -0.74   data arrival time
-----------------------------------------------------------------------------
                                  0.33   slack (MET)


Startpoint: _455_ (rising edge-triggered flip-flop clocked by CLK100MHZ)
Endpoint: _455_ (rising edge-triggered flip-flop clocked by CLK100MHZ)
Path Group: CLK100MHZ
Path Type: min

Fanout     Cap    Slew   Delay    Time   Description
-----------------------------------------------------------------------------
                          0.00    0.00   clock CLK100MHZ (rise edge)
                          0.00    0.00   clock source latency
     1    0.01    0.00    0.00    0.00 ^ CLK100MHZ (in)
                                         CLK100MHZ (net)
                  0.00    0.00    0.00 ^ clkbuf_0_CLK100MHZ/A (sky130_fd_sc_hd__clkbuf_16)
     2    0.02    0.04    0.11    0.11 ^ clkbuf_0_CLK100MHZ/X (sky130_fd_sc_hd__clkbuf_16)
                                         clknet_0_CLK100MHZ (net)
                  0.04    0.00    0.11 ^ clkbuf_1_0__f_CLK100MHZ/A (sky130_fd_sc_hd__clkbuf_16)
    16    0.03    0.05    0.13    0.24 ^ clkbuf_1_0__f_CLK100MHZ/X (sky130_fd_sc_hd__clkbuf_16)
                                         clknet_1_0__leaf_CLK100MHZ (net)
                  0.05    0.00    0.24 ^ _455_/CLK (sky130_fd_sc_hd__dfxtp_1)
     3    0.01    0.07    0.32    0.56 ^ _455_/Q (sky130_fd_sc_hd__dfxtp_1)
                                         rf.regs[0][3] (net)
                  0.07    0.00    0.56 ^ _418_/A (sky130_fd_sc_hd__and2_1)
     1    0.00    0.04    0.11    0.67 ^ _418_/X (sky130_fd_sc_hd__and2_1)
                                         _051_ (net)
                  0.04    0.00    0.67 ^ _419_/A (sky130_fd_sc_hd__clkbuf_1)
     1    0.00    0.03    0.07    0.74 ^ _419_/X (sky130_fd_sc_hd__clkbuf_1)
                                         _021_ (net)
                  0.03    0.00    0.74 ^ _455_/D (sky130_fd_sc_hd__dfxtp_1)
                                  0.74   data arrival time

                          0.00    0.00   clock CLK100MHZ (rise edge)
                          0.00    0.00   clock source latency
     1    0.01    0.00    0.00    0.00 ^ CLK100MHZ (in)
                                         CLK100MHZ (net)
                  0.00    0.00    0.00 ^ clkbuf_0_CLK100MHZ/A (sky130_fd_sc_hd__clkbuf_16)
     2    0.02    0.04    0.11    0.11 ^ clkbuf_0_CLK100MHZ/X (sky130_fd_sc_hd__clkbuf_16)
                                         clknet_0_CLK100MHZ (net)
                  0.04    0.00    0.11 ^ clkbuf_1_0__f_CLK100MHZ/A (sky130_fd_sc_hd__clkbuf_16)
    16    0.03    0.05    0.13    0.24 ^ clkbuf_1_0__f_CLK100MHZ/X (sky130_fd_sc_hd__clkbuf_16)
                                         clknet_1_0__leaf_CLK100MHZ (net)
                  0.05    0.00    0.24 ^ _455_/CLK (sky130_fd_sc_hd__dfxtp_1)
                          0.20    0.44   clock uncertainty
                          0.00    0.44   clock reconvergence pessimism
                         -0.03    0.41   library hold time
                                  0.41   data required time
-----------------------------------------------------------------------------
                                  0.41   data required time
                                 -0.74   data arrival time
-----------------------------------------------------------------------------
                                  0.33   slack (MET)


Startpoint: _461_ (rising edge-triggered flip-flop clocked by CLK100MHZ)
Endpoint: _461_ (rising edge-triggered flip-flop clocked by CLK100MHZ)
Path Group: CLK100MHZ
Path Type: min

Fanout     Cap    Slew   Delay    Time   Description
-----------------------------------------------------------------------------
                          0.00    0.00   clock CLK100MHZ (rise edge)
                          0.00    0.00   clock source latency
     1    0.01    0.00    0.00    0.00 ^ CLK100MHZ (in)
                                         CLK100MHZ (net)
                  0.00    0.00    0.00 ^ clkbuf_0_CLK100MHZ/A (sky130_fd_sc_hd__clkbuf_16)
     2    0.02    0.04    0.11    0.11 ^ clkbuf_0_CLK100MHZ/X (sky130_fd_sc_hd__clkbuf_16)
                                         clknet_0_CLK100MHZ (net)
                  0.04    0.00    0.11 ^ clkbuf_1_0__f_CLK100MHZ/A (sky130_fd_sc_hd__clkbuf_16)
    16    0.03    0.05    0.13    0.24 ^ clkbuf_1_0__f_CLK100MHZ/X (sky130_fd_sc_hd__clkbuf_16)
                                         clknet_1_0__leaf_CLK100MHZ (net)
                  0.05    0.00    0.24 ^ _461_/CLK (sky130_fd_sc_hd__dfxtp_1)
     3    0.01    0.07    0.32    0.56 ^ _461_/Q (sky130_fd_sc_hd__dfxtp_1)
                                         rf.regs[5][4] (net)
                  0.07    0.00    0.56 ^ _432_/A0 (sky130_fd_sc_hd__mux2_1)
     1    0.00    0.04    0.12    0.68 ^ _432_/X (sky130_fd_sc_hd__mux2_1)
                                         _059_ (net)
                  0.04    0.00    0.68 ^ _433_/A (sky130_fd_sc_hd__buf_1)
     1    0.00    0.03    0.07    0.75 ^ _433_/X (sky130_fd_sc_hd__buf_1)
                                         _027_ (net)
                  0.03    0.00    0.75 ^ _461_/D (sky130_fd_sc_hd__dfxtp_1)
                                  0.75   data arrival time

                          0.00    0.00   clock CLK100MHZ (rise edge)
                          0.00    0.00   clock source latency
     1    0.01    0.00    0.00    0.00 ^ CLK100MHZ (in)
                                         CLK100MHZ (net)
                  0.00    0.00    0.00 ^ clkbuf_0_CLK100MHZ/A (sky130_fd_sc_hd__clkbuf_16)
     2    0.02    0.04    0.11    0.11 ^ clkbuf_0_CLK100MHZ/X (sky130_fd_sc_hd__clkbuf_16)
                                         clknet_0_CLK100MHZ (net)
                  0.04    0.00    0.11 ^ clkbuf_1_0__f_CLK100MHZ/A (sky130_fd_sc_hd__clkbuf_16)
    16    0.03    0.05    0.13    0.24 ^ clkbuf_1_0__f_CLK100MHZ/X (sky130_fd_sc_hd__clkbuf_16)
                                         clknet_1_0__leaf_CLK100MHZ (net)
                  0.05    0.00    0.24 ^ _461_/CLK (sky130_fd_sc_hd__dfxtp_1)
                          0.20    0.44   clock uncertainty
                          0.00    0.44   clock reconvergence pessimism
                         -0.03    0.41   library hold time
                                  0.41   data required time
-----------------------------------------------------------------------------
                                  0.41   data required time
                                 -0.75   data arrival time
-----------------------------------------------------------------------------
                                  0.34   slack (MET)


Startpoint: _447_ (rising edge-triggered flip-flop clocked by CLK100MHZ)
Endpoint: _447_ (rising edge-triggered flip-flop clocked by CLK100MHZ)
Path Group: CLK100MHZ
Path Type: min

Fanout     Cap    Slew   Delay    Time   Description
-----------------------------------------------------------------------------
                          0.00    0.00   clock CLK100MHZ (rise edge)
                          0.00    0.00   clock source latency
     1    0.01    0.00    0.00    0.00 ^ CLK100MHZ (in)
                                         CLK100MHZ (net)
                  0.00    0.00    0.00 ^ clkbuf_0_CLK100MHZ/A (sky130_fd_sc_hd__clkbuf_16)
     2    0.02    0.04    0.11    0.11 ^ clkbuf_0_CLK100MHZ/X (sky130_fd_sc_hd__clkbuf_16)
                                         clknet_0_CLK100MHZ (net)
                  0.04    0.00    0.11 ^ clkbuf_1_1__f_CLK100MHZ/A (sky130_fd_sc_hd__clkbuf_16)
    13    0.03    0.05    0.13    0.24 ^ clkbuf_1_1__f_CLK100MHZ/X (sky130_fd_sc_hd__clkbuf_16)
                                         clknet_1_1__leaf_CLK100MHZ (net)
                  0.05    0.00    0.24 ^ _447_/CLK (sky130_fd_sc_hd__dfxtp_1)
     3    0.01    0.06    0.32    0.56 ^ _447_/Q (sky130_fd_sc_hd__dfxtp_1)
                                         rf.regs[10][0] (net)
                  0.06    0.00    0.56 ^ _400_/A1 (sky130_fd_sc_hd__mux2_1)
     1    0.00    0.04    0.12    0.68 ^ _400_/X (sky130_fd_sc_hd__mux2_1)
                                         _041_ (net)
                  0.04    0.00    0.68 ^ _401_/A (sky130_fd_sc_hd__buf_1)
     1    0.00    0.03    0.07    0.75 ^ _401_/X (sky130_fd_sc_hd__buf_1)
                                         _013_ (net)
                  0.03    0.00    0.75 ^ _447_/D (sky130_fd_sc_hd__dfxtp_1)
                                  0.75   data arrival time

                          0.00    0.00   clock CLK100MHZ (rise edge)
                          0.00    0.00   clock source latency
     1    0.01    0.00    0.00    0.00 ^ CLK100MHZ (in)
                                         CLK100MHZ (net)
                  0.00    0.00    0.00 ^ clkbuf_0_CLK100MHZ/A (sky130_fd_sc_hd__clkbuf_16)
     2    0.02    0.04    0.11    0.11 ^ clkbuf_0_CLK100MHZ/X (sky130_fd_sc_hd__clkbuf_16)
                                         clknet_0_CLK100MHZ (net)
                  0.04    0.00    0.11 ^ clkbuf_1_1__f_CLK100MHZ/A (sky130_fd_sc_hd__clkbuf_16)
    13    0.03    0.05    0.13    0.24 ^ clkbuf_1_1__f_CLK100MHZ/X (sky130_fd_sc_hd__clkbuf_16)
                                         clknet_1_1__leaf_CLK100MHZ (net)
                  0.05    0.00    0.24 ^ _447_/CLK (sky130_fd_sc_hd__dfxtp_1)
                          0.20    0.44   clock uncertainty
                          0.00    0.44   clock reconvergence pessimism
                         -0.03    0.41   library hold time
                                  0.41   data required time
-----------------------------------------------------------------------------
                                  0.41   data required time
                                 -0.75   data arrival time
-----------------------------------------------------------------------------
                                  0.34   slack (MET)


Startpoint: _453_ (rising edge-triggered flip-flop clocked by CLK100MHZ)
Endpoint: _453_ (rising edge-triggered flip-flop clocked by CLK100MHZ)
Path Group: CLK100MHZ
Path Type: min

Fanout     Cap    Slew   Delay    Time   Description
-----------------------------------------------------------------------------
                          0.00    0.00   clock CLK100MHZ (rise edge)
                          0.00    0.00   clock source latency
     1    0.01    0.00    0.00    0.00 ^ CLK100MHZ (in)
                                         CLK100MHZ (net)
                  0.00    0.00    0.00 ^ clkbuf_0_CLK100MHZ/A (sky130_fd_sc_hd__clkbuf_16)
     2    0.02    0.04    0.11    0.11 ^ clkbuf_0_CLK100MHZ/X (sky130_fd_sc_hd__clkbuf_16)
                                         clknet_0_CLK100MHZ (net)
                  0.04    0.00    0.11 ^ clkbuf_1_0__f_CLK100MHZ/A (sky130_fd_sc_hd__clkbuf_16)
    16    0.03    0.05    0.13    0.24 ^ clkbuf_1_0__f_CLK100MHZ/X (sky130_fd_sc_hd__clkbuf_16)
                                         clknet_1_0__leaf_CLK100MHZ (net)
                  0.05    0.00    0.24 ^ _453_/CLK (sky130_fd_sc_hd__dfxtp_1)
     3    0.01    0.07    0.33    0.56 ^ _453_/Q (sky130_fd_sc_hd__dfxtp_1)
                                         rf.regs[0][1] (net)
                  0.07    0.00    0.56 ^ _414_/A (sky130_fd_sc_hd__and2_1)
     1    0.00    0.04    0.12    0.68 ^ _414_/X (sky130_fd_sc_hd__and2_1)
                                         _049_ (net)
                  0.04    0.00    0.68 ^ _415_/A (sky130_fd_sc_hd__clkbuf_1)
     1    0.00    0.03    0.07    0.75 ^ _415_/X (sky130_fd_sc_hd__clkbuf_1)
                                         _019_ (net)
                  0.03    0.00    0.75 ^ _453_/D (sky130_fd_sc_hd__dfxtp_1)
                                  0.75   data arrival time

                          0.00    0.00   clock CLK100MHZ (rise edge)
                          0.00    0.00   clock source latency
     1    0.01    0.00    0.00    0.00 ^ CLK100MHZ (in)
                                         CLK100MHZ (net)
                  0.00    0.00    0.00 ^ clkbuf_0_CLK100MHZ/A (sky130_fd_sc_hd__clkbuf_16)
     2    0.02    0.04    0.11    0.11 ^ clkbuf_0_CLK100MHZ/X (sky130_fd_sc_hd__clkbuf_16)
                                         clknet_0_CLK100MHZ (net)
                  0.04    0.00    0.11 ^ clkbuf_1_0__f_CLK100MHZ/A (sky130_fd_sc_hd__clkbuf_16)
    16    0.03    0.05    0.13    0.24 ^ clkbuf_1_0__f_CLK100MHZ/X (sky130_fd_sc_hd__clkbuf_16)
                                         clknet_1_0__leaf_CLK100MHZ (net)
                  0.05    0.00    0.24 ^ _453_/CLK (sky130_fd_sc_hd__dfxtp_1)
                          0.20    0.44   clock uncertainty
                          0.00    0.44   clock reconvergence pessimism
                         -0.03    0.41   library hold time
                                  0.41   data required time
-----------------------------------------------------------------------------
                                  0.41   data required time
                                 -0.75   data arrival time
-----------------------------------------------------------------------------
                                  0.34   slack (MET)


Startpoint: _454_ (rising edge-triggered flip-flop clocked by CLK100MHZ)
Endpoint: _454_ (rising edge-triggered flip-flop clocked by CLK100MHZ)
Path Group: CLK100MHZ
Path Type: min

Fanout     Cap    Slew   Delay    Time   Description
-----------------------------------------------------------------------------
                          0.00    0.00   clock CLK100MHZ (rise edge)
                          0.00    0.00   clock source latency
     1    0.01    0.00    0.00    0.00 ^ CLK100MHZ (in)
                                         CLK100MHZ (net)
                  0.00    0.00    0.00 ^ clkbuf_0_CLK100MHZ/A (sky130_fd_sc_hd__clkbuf_16)
     2    0.02    0.04    0.11    0.11 ^ clkbuf_0_CLK100MHZ/X (sky130_fd_sc_hd__clkbuf_16)
                                         clknet_0_CLK100MHZ (net)
                  0.04    0.00    0.11 ^ clkbuf_1_0__f_CLK100MHZ/A (sky130_fd_sc_hd__clkbuf_16)
    16    0.03    0.05    0.13    0.24 ^ clkbuf_1_0__f_CLK100MHZ/X (sky130_fd_sc_hd__clkbuf_16)
                                         clknet_1_0__leaf_CLK100MHZ (net)
                  0.05    0.00    0.24 ^ _454_/CLK (sky130_fd_sc_hd__dfxtp_1)
     3    0.01    0.07    0.33    0.57 ^ _454_/Q (sky130_fd_sc_hd__dfxtp_1)
                                         rf.regs[0][2] (net)
                  0.07    0.00    0.57 ^ _416_/A (sky130_fd_sc_hd__and2_1)
     1    0.00    0.04    0.12    0.68 ^ _416_/X (sky130_fd_sc_hd__and2_1)
                                         _050_ (net)
                  0.04    0.00    0.68 ^ _417_/A (sky130_fd_sc_hd__buf_1)
     1    0.00    0.03    0.07    0.75 ^ _417_/X (sky130_fd_sc_hd__buf_1)
                                         _020_ (net)
                  0.03    0.00    0.75 ^ _454_/D (sky130_fd_sc_hd__dfxtp_1)
                                  0.75   data arrival time

                          0.00    0.00   clock CLK100MHZ (rise edge)
                          0.00    0.00   clock source latency
     1    0.01    0.00    0.00    0.00 ^ CLK100MHZ (in)
                                         CLK100MHZ (net)
                  0.00    0.00    0.00 ^ clkbuf_0_CLK100MHZ/A (sky130_fd_sc_hd__clkbuf_16)
     2    0.02    0.04    0.11    0.11 ^ clkbuf_0_CLK100MHZ/X (sky130_fd_sc_hd__clkbuf_16)
                                         clknet_0_CLK100MHZ (net)
                  0.04    0.00    0.11 ^ clkbuf_1_0__f_CLK100MHZ/A (sky130_fd_sc_hd__clkbuf_16)
    16    0.03    0.05    0.13    0.24 ^ clkbuf_1_0__f_CLK100MHZ/X (sky130_fd_sc_hd__clkbuf_16)
                                         clknet_1_0__leaf_CLK100MHZ (net)
                  0.05    0.00    0.24 ^ _454_/CLK (sky130_fd_sc_hd__dfxtp_1)
                          0.20    0.44   clock uncertainty
                          0.00    0.44   clock reconvergence pessimism
                         -0.03    0.41   library hold time
                                  0.41   data required time
-----------------------------------------------------------------------------
                                  0.41   data required time
                                 -0.75   data arrival time
-----------------------------------------------------------------------------
                                  0.34   slack (MET)


Startpoint: _456_ (rising edge-triggered flip-flop clocked by CLK100MHZ)
Endpoint: _456_ (rising edge-triggered flip-flop clocked by CLK100MHZ)
Path Group: CLK100MHZ
Path Type: min

Fanout     Cap    Slew   Delay    Time   Description
-----------------------------------------------------------------------------
                          0.00    0.00   clock CLK100MHZ (rise edge)
                          0.00    0.00   clock source latency
     1    0.01    0.00    0.00    0.00 ^ CLK100MHZ (in)
                                         CLK100MHZ (net)
                  0.00    0.00    0.00 ^ clkbuf_0_CLK100MHZ/A (sky130_fd_sc_hd__clkbuf_16)
     2    0.02    0.04    0.11    0.11 ^ clkbuf_0_CLK100MHZ/X (sky130_fd_sc_hd__clkbuf_16)
                                         clknet_0_CLK100MHZ (net)
                  0.04    0.00    0.11 ^ clkbuf_1_1__f_CLK100MHZ/A (sky130_fd_sc_hd__clkbuf_16)
    13    0.03    0.05    0.13    0.24 ^ clkbuf_1_1__f_CLK100MHZ/X (sky130_fd_sc_hd__clkbuf_16)
                                         clknet_1_1__leaf_CLK100MHZ (net)
                  0.05    0.00    0.24 ^ _456_/CLK (sky130_fd_sc_hd__dfxtp_1)
     3    0.01    0.07    0.33    0.56 ^ _456_/Q (sky130_fd_sc_hd__dfxtp_1)
                                         rf.regs[0][4] (net)
                  0.07    0.00    0.56 ^ _420_/A (sky130_fd_sc_hd__and2_1)
     1    0.00    0.04    0.12    0.68 ^ _420_/X (sky130_fd_sc_hd__and2_1)
                                         _052_ (net)
                  0.04    0.00    0.68 ^ _421_/A (sky130_fd_sc_hd__clkbuf_1)
     1    0.00    0.03    0.07    0.75 ^ _421_/X (sky130_fd_sc_hd__clkbuf_1)
                                         _022_ (net)
                  0.03    0.00    0.75 ^ _456_/D (sky130_fd_sc_hd__dfxtp_1)
                                  0.75   data arrival time

                          0.00    0.00   clock CLK100MHZ (rise edge)
                          0.00    0.00   clock source latency
     1    0.01    0.00    0.00    0.00 ^ CLK100MHZ (in)
                                         CLK100MHZ (net)
                  0.00    0.00    0.00 ^ clkbuf_0_CLK100MHZ/A (sky130_fd_sc_hd__clkbuf_16)
     2    0.02    0.04    0.11    0.11 ^ clkbuf_0_CLK100MHZ/X (sky130_fd_sc_hd__clkbuf_16)
                                         clknet_0_CLK100MHZ (net)
                  0.04    0.00    0.11 ^ clkbuf_1_1__f_CLK100MHZ/A (sky130_fd_sc_hd__clkbuf_16)
    13    0.03    0.05    0.13    0.24 ^ clkbuf_1_1__f_CLK100MHZ/X (sky130_fd_sc_hd__clkbuf_16)
                                         clknet_1_1__leaf_CLK100MHZ (net)
                  0.05    0.00    0.24 ^ _456_/CLK (sky130_fd_sc_hd__dfxtp_1)
                          0.20    0.44   clock uncertainty
                          0.00    0.44   clock reconvergence pessimism
                         -0.03    0.41   library hold time
                                  0.41   data required time
-----------------------------------------------------------------------------
                                  0.41   data required time
                                 -0.75   data arrival time
-----------------------------------------------------------------------------
                                  0.34   slack (MET)


Startpoint: _438_ (rising edge-triggered flip-flop clocked by CLK100MHZ)
Endpoint: _438_ (rising edge-triggered flip-flop clocked by CLK100MHZ)
Path Group: CLK100MHZ
Path Type: min

Fanout     Cap    Slew   Delay    Time   Description
-----------------------------------------------------------------------------
                          0.00    0.00   clock CLK100MHZ (rise edge)
                          0.00    0.00   clock source latency
     1    0.01    0.00    0.00    0.00 ^ CLK100MHZ (in)
                                         CLK100MHZ (net)
                  0.00    0.00    0.00 ^ clkbuf_0_CLK100MHZ/A (sky130_fd_sc_hd__clkbuf_16)
     2    0.02    0.04    0.11    0.11 ^ clkbuf_0_CLK100MHZ/X (sky130_fd_sc_hd__clkbuf_16)
                                         clknet_0_CLK100MHZ (net)
                  0.04    0.00    0.11 ^ clkbuf_1_1__f_CLK100MHZ/A (sky130_fd_sc_hd__clkbuf_16)
    13    0.03    0.05    0.13    0.24 ^ clkbuf_1_1__f_CLK100MHZ/X (sky130_fd_sc_hd__clkbuf_16)
                                         clknet_1_1__leaf_CLK100MHZ (net)
                  0.05    0.00    0.24 ^ _438_/CLK (sky130_fd_sc_hd__dfxtp_1)
     3    0.01    0.07    0.33    0.57 ^ _438_/Q (sky130_fd_sc_hd__dfxtp_1)
                                         rf.regs[25][1] (net)
                  0.07    0.00    0.57 ^ _367_/A0 (sky130_fd_sc_hd__mux2_1)
     1    0.00    0.04    0.12    0.68 ^ _367_/X (sky130_fd_sc_hd__mux2_1)
                                         _201_ (net)
                  0.04    0.00    0.68 ^ _368_/A (sky130_fd_sc_hd__clkbuf_1)
     1    0.00    0.03    0.07    0.75 ^ _368_/X (sky130_fd_sc_hd__clkbuf_1)
                                         _004_ (net)
                  0.03    0.00    0.75 ^ _438_/D (sky130_fd_sc_hd__dfxtp_1)
                                  0.75   data arrival time

                          0.00    0.00   clock CLK100MHZ (rise edge)
                          0.00    0.00   clock source latency
     1    0.01    0.00    0.00    0.00 ^ CLK100MHZ (in)
                                         CLK100MHZ (net)
                  0.00    0.00    0.00 ^ clkbuf_0_CLK100MHZ/A (sky130_fd_sc_hd__clkbuf_16)
     2    0.02    0.04    0.11    0.11 ^ clkbuf_0_CLK100MHZ/X (sky130_fd_sc_hd__clkbuf_16)
                                         clknet_0_CLK100MHZ (net)
                  0.04    0.00    0.11 ^ clkbuf_1_1__f_CLK100MHZ/A (sky130_fd_sc_hd__clkbuf_16)
    13    0.03    0.05    0.13    0.24 ^ clkbuf_1_1__f_CLK100MHZ/X (sky130_fd_sc_hd__clkbuf_16)
                                         clknet_1_1__leaf_CLK100MHZ (net)
                  0.05    0.00    0.24 ^ _438_/CLK (sky130_fd_sc_hd__dfxtp_1)
                          0.20    0.44   clock uncertainty
                          0.00    0.44   clock reconvergence pessimism
                         -0.03    0.41   library hold time
                                  0.41   data required time
-----------------------------------------------------------------------------
                                  0.41   data required time
                                 -0.75   data arrival time
-----------------------------------------------------------------------------
                                  0.34   slack (MET)


Startpoint: _441_ (rising edge-triggered flip-flop clocked by CLK100MHZ)
Endpoint: _441_ (rising edge-triggered flip-flop clocked by CLK100MHZ)
Path Group: CLK100MHZ
Path Type: min

Fanout     Cap    Slew   Delay    Time   Description
-----------------------------------------------------------------------------
                          0.00    0.00   clock CLK100MHZ (rise edge)
                          0.00    0.00   clock source latency
     1    0.01    0.00    0.00    0.00 ^ CLK100MHZ (in)
                                         CLK100MHZ (net)
                  0.00    0.00    0.00 ^ clkbuf_0_CLK100MHZ/A (sky130_fd_sc_hd__clkbuf_16)
     2    0.02    0.04    0.11    0.11 ^ clkbuf_0_CLK100MHZ/X (sky130_fd_sc_hd__clkbuf_16)
                                         clknet_0_CLK100MHZ (net)
                  0.04    0.00    0.11 ^ clkbuf_1_0__f_CLK100MHZ/A (sky130_fd_sc_hd__clkbuf_16)
    16    0.03    0.05    0.13    0.24 ^ clkbuf_1_0__f_CLK100MHZ/X (sky130_fd_sc_hd__clkbuf_16)
                                         clknet_1_0__leaf_CLK100MHZ (net)
                  0.05    0.00    0.24 ^ _441_/CLK (sky130_fd_sc_hd__dfxtp_1)
     2    0.01    0.08    0.33    0.57 ^ _441_/Q (sky130_fd_sc_hd__dfxtp_1)
                                         rf.regs[25][4] (net)
                  0.08    0.00    0.57 ^ _383_/A0 (sky130_fd_sc_hd__mux2_1)
     1    0.00    0.04    0.12    0.69 ^ _383_/X (sky130_fd_sc_hd__mux2_1)
                                         _214_ (net)
                  0.04    0.00    0.69 ^ _384_/A (sky130_fd_sc_hd__buf_1)
     1    0.00    0.03    0.07    0.76 ^ _384_/X (sky130_fd_sc_hd__buf_1)
                                         _007_ (net)
                  0.03    0.00    0.76 ^ _441_/D (sky130_fd_sc_hd__dfxtp_1)
                                  0.76   data arrival time

                          0.00    0.00   clock CLK100MHZ (rise edge)
                          0.00    0.00   clock source latency
     1    0.01    0.00    0.00    0.00 ^ CLK100MHZ (in)
                                         CLK100MHZ (net)
                  0.00    0.00    0.00 ^ clkbuf_0_CLK100MHZ/A (sky130_fd_sc_hd__clkbuf_16)
     2    0.02    0.04    0.11    0.11 ^ clkbuf_0_CLK100MHZ/X (sky130_fd_sc_hd__clkbuf_16)
                                         clknet_0_CLK100MHZ (net)
                  0.04    0.00    0.11 ^ clkbuf_1_0__f_CLK100MHZ/A (sky130_fd_sc_hd__clkbuf_16)
    16    0.03    0.05    0.13    0.24 ^ clkbuf_1_0__f_CLK100MHZ/X (sky130_fd_sc_hd__clkbuf_16)
                                         clknet_1_0__leaf_CLK100MHZ (net)
                  0.05    0.00    0.24 ^ _441_/CLK (sky130_fd_sc_hd__dfxtp_1)
                          0.20    0.44   clock uncertainty
                          0.00    0.44   clock reconvergence pessimism
                         -0.03    0.41   library hold time
                                  0.41   data required time
-----------------------------------------------------------------------------
                                  0.41   data required time
                                 -0.76   data arrival time
-----------------------------------------------------------------------------
                                  0.35   slack (MET)


Startpoint: _452_ (rising edge-triggered flip-flop clocked by CLK100MHZ)
Endpoint: _452_ (rising edge-triggered flip-flop clocked by CLK100MHZ)
Path Group: CLK100MHZ
Path Type: min

Fanout     Cap    Slew   Delay    Time   Description
-----------------------------------------------------------------------------
                          0.00    0.00   clock CLK100MHZ (rise edge)
                          0.00    0.00   clock source latency
     1    0.01    0.00    0.00    0.00 ^ CLK100MHZ (in)
                                         CLK100MHZ (net)
                  0.00    0.00    0.00 ^ clkbuf_0_CLK100MHZ/A (sky130_fd_sc_hd__clkbuf_16)
     2    0.02    0.04    0.11    0.11 ^ clkbuf_0_CLK100MHZ/X (sky130_fd_sc_hd__clkbuf_16)
                                         clknet_0_CLK100MHZ (net)
                  0.04    0.00    0.11 ^ clkbuf_1_1__f_CLK100MHZ/A (sky130_fd_sc_hd__clkbuf_16)
    13    0.03    0.05    0.13    0.24 ^ clkbuf_1_1__f_CLK100MHZ/X (sky130_fd_sc_hd__clkbuf_16)
                                         clknet_1_1__leaf_CLK100MHZ (net)
                  0.05    0.00    0.24 ^ _452_/CLK (sky130_fd_sc_hd__dfxtp_1)
     3    0.01    0.09    0.34    0.58 ^ _452_/Q (sky130_fd_sc_hd__dfxtp_1)
                                         rf.regs[0][0] (net)
                  0.09    0.00    0.58 ^ _412_/A (sky130_fd_sc_hd__and2_1)
     1    0.00    0.04    0.12    0.70 ^ _412_/X (sky130_fd_sc_hd__and2_1)
                                         _048_ (net)
                  0.04    0.00    0.70 ^ _413_/A (sky130_fd_sc_hd__clkbuf_1)
     1    0.00    0.03    0.07    0.77 ^ _413_/X (sky130_fd_sc_hd__clkbuf_1)
                                         _018_ (net)
                  0.03    0.00    0.77 ^ _452_/D (sky130_fd_sc_hd__dfxtp_1)
                                  0.77   data arrival time

                          0.00    0.00   clock CLK100MHZ (rise edge)
                          0.00    0.00   clock source latency
     1    0.01    0.00    0.00    0.00 ^ CLK100MHZ (in)
                                         CLK100MHZ (net)
                  0.00    0.00    0.00 ^ clkbuf_0_CLK100MHZ/A (sky130_fd_sc_hd__clkbuf_16)
     2    0.02    0.04    0.11    0.11 ^ clkbuf_0_CLK100MHZ/X (sky130_fd_sc_hd__clkbuf_16)
                                         clknet_0_CLK100MHZ (net)
                  0.04    0.00    0.11 ^ clkbuf_1_1__f_CLK100MHZ/A (sky130_fd_sc_hd__clkbuf_16)
    13    0.03    0.05    0.13    0.24 ^ clkbuf_1_1__f_CLK100MHZ/X (sky130_fd_sc_hd__clkbuf_16)
                                         clknet_1_1__leaf_CLK100MHZ (net)
                  0.05    0.00    0.24 ^ _452_/CLK (sky130_fd_sc_hd__dfxtp_1)
                          0.20    0.44   clock uncertainty
                          0.00    0.44   clock reconvergence pessimism
                         -0.03    0.41   library hold time
                                  0.41   data required time
-----------------------------------------------------------------------------
                                  0.41   data required time
                                 -0.77   data arrival time
-----------------------------------------------------------------------------
                                  0.36   slack (MET)


Startpoint: _463_ (rising edge-triggered flip-flop clocked by CLK100MHZ)
Endpoint: _463_ (rising edge-triggered flip-flop clocked by CLK100MHZ)
Path Group: CLK100MHZ
Path Type: min

Fanout     Cap    Slew   Delay    Time   Description
-----------------------------------------------------------------------------
                          0.00    0.00   clock CLK100MHZ (rise edge)
                          0.00    0.00   clock source latency
     1    0.01    0.00    0.00    0.00 ^ CLK100MHZ (in)
                                         CLK100MHZ (net)
                  0.00    0.00    0.00 ^ clkbuf_0_CLK100MHZ/A (sky130_fd_sc_hd__clkbuf_16)
     2    0.02    0.04    0.11    0.11 ^ clkbuf_0_CLK100MHZ/X (sky130_fd_sc_hd__clkbuf_16)
                                         clknet_0_CLK100MHZ (net)
                  0.04    0.00    0.11 ^ clkbuf_1_0__f_CLK100MHZ/A (sky130_fd_sc_hd__clkbuf_16)
    16    0.03    0.05    0.13    0.24 ^ clkbuf_1_0__f_CLK100MHZ/X (sky130_fd_sc_hd__clkbuf_16)
                                         clknet_1_0__leaf_CLK100MHZ (net)
                  0.05    0.00    0.24 ^ _463_/CLK (sky130_fd_sc_hd__dfrtp_4)
    10    0.02    0.10    0.44    0.68 ^ _463_/Q (sky130_fd_sc_hd__dfrtp_4)
                                         imem.address[1] (net)
                  0.10    0.00    0.68 ^ _220_/A (sky130_fd_sc_hd__clkbuf_4)
    10    0.02    0.09    0.18    0.86 ^ _220_/X (sky130_fd_sc_hd__clkbuf_4)
                                         _065_ (net)
                  0.09    0.00    0.86 ^ _225_/B1 (sky130_fd_sc_hd__a21oi_1)
     1    0.00    0.03    0.04    0.90 v _225_/Y (sky130_fd_sc_hd__a21oi_1)
                                         _069_ (net)
                  0.03    0.00    0.90 v _226_/B (sky130_fd_sc_hd__nor2_1)
     1    0.00    0.06    0.07    0.97 ^ _226_/Y (sky130_fd_sc_hd__nor2_1)
                                         _029_ (net)
                  0.06    0.00    0.97 ^ _463_/D (sky130_fd_sc_hd__dfrtp_4)
                                  0.97   data arrival time

                          0.00    0.00   clock CLK100MHZ (rise edge)
                          0.00    0.00   clock source latency
     1    0.01    0.00    0.00    0.00 ^ CLK100MHZ (in)
                                         CLK100MHZ (net)
                  0.00    0.00    0.00 ^ clkbuf_0_CLK100MHZ/A (sky130_fd_sc_hd__clkbuf_16)
     2    0.02    0.04    0.11    0.11 ^ clkbuf_0_CLK100MHZ/X (sky130_fd_sc_hd__clkbuf_16)
                                         clknet_0_CLK100MHZ (net)
                  0.04    0.00    0.11 ^ clkbuf_1_0__f_CLK100MHZ/A (sky130_fd_sc_hd__clkbuf_16)
    16    0.03    0.05    0.13    0.24 ^ clkbuf_1_0__f_CLK100MHZ/X (sky130_fd_sc_hd__clkbuf_16)
                                         clknet_1_0__leaf_CLK100MHZ (net)
                  0.05    0.00    0.24 ^ _463_/CLK (sky130_fd_sc_hd__dfrtp_4)
                          0.20    0.44   clock uncertainty
                          0.00    0.44   clock reconvergence pessimism
                         -0.04    0.40   library hold time
                                  0.40   data required time
-----------------------------------------------------------------------------
                                  0.40   data required time
                                 -0.97   data arrival time
-----------------------------------------------------------------------------
                                  0.57   slack (MET)


Startpoint: _462_ (rising edge-triggered flip-flop clocked by CLK100MHZ)
Endpoint: _462_ (rising edge-triggered flip-flop clocked by CLK100MHZ)
Path Group: CLK100MHZ
Path Type: min

Fanout     Cap    Slew   Delay    Time   Description
-----------------------------------------------------------------------------
                          0.00    0.00   clock CLK100MHZ (rise edge)
                          0.00    0.00   clock source latency
     1    0.01    0.00    0.00    0.00 ^ CLK100MHZ (in)
                                         CLK100MHZ (net)
                  0.00    0.00    0.00 ^ clkbuf_0_CLK100MHZ/A (sky130_fd_sc_hd__clkbuf_16)
     2    0.02    0.04    0.11    0.11 ^ clkbuf_0_CLK100MHZ/X (sky130_fd_sc_hd__clkbuf_16)
                                         clknet_0_CLK100MHZ (net)
                  0.04    0.00    0.11 ^ clkbuf_1_1__f_CLK100MHZ/A (sky130_fd_sc_hd__clkbuf_16)
    13    0.03    0.05    0.13    0.24 ^ clkbuf_1_1__f_CLK100MHZ/X (sky130_fd_sc_hd__clkbuf_16)
                                         clknet_1_1__leaf_CLK100MHZ (net)
                  0.05    0.00    0.24 ^ _462_/CLK (sky130_fd_sc_hd__dfrtp_2)
     4    0.01    0.07    0.37    0.61 ^ _462_/Q (sky130_fd_sc_hd__dfrtp_2)
                                         imem.address[0] (net)
                  0.07    0.00    0.61 ^ _221_/A (sky130_fd_sc_hd__clkbuf_4)
    10    0.03    0.09    0.18    0.78 ^ _221_/X (sky130_fd_sc_hd__clkbuf_4)
                                         _066_ (net)
                  0.09    0.00    0.78 ^ _222_/A (sky130_fd_sc_hd__clkbuf_4)
     9    0.02    0.08    0.18    0.96 ^ _222_/X (sky130_fd_sc_hd__clkbuf_4)
                                         _067_ (net)
                  0.08    0.00    0.96 ^ _227_/B (sky130_fd_sc_hd__xor2_1)
     1    0.00    0.03    0.06    1.02 v _227_/X (sky130_fd_sc_hd__xor2_1)
                                         _028_ (net)
                  0.03    0.00    1.02 v _462_/D (sky130_fd_sc_hd__dfrtp_2)
                                  1.02   data arrival time

                          0.00    0.00   clock CLK100MHZ (rise edge)
                          0.00    0.00   clock source latency
     1    0.01    0.00    0.00    0.00 ^ CLK100MHZ (in)
                                         CLK100MHZ (net)
                  0.00    0.00    0.00 ^ clkbuf_0_CLK100MHZ/A (sky130_fd_sc_hd__clkbuf_16)
     2    0.02    0.04    0.11    0.11 ^ clkbuf_0_CLK100MHZ/X (sky130_fd_sc_hd__clkbuf_16)
                                         clknet_0_CLK100MHZ (net)
                  0.04    0.00    0.11 ^ clkbuf_1_1__f_CLK100MHZ/A (sky130_fd_sc_hd__clkbuf_16)
    13    0.03    0.05    0.13    0.24 ^ clkbuf_1_1__f_CLK100MHZ/X (sky130_fd_sc_hd__clkbuf_16)
                                         clknet_1_1__leaf_CLK100MHZ (net)
                  0.05    0.00    0.24 ^ _462_/CLK (sky130_fd_sc_hd__dfrtp_2)
                          0.20    0.44   clock uncertainty
                          0.00    0.44   clock reconvergence pessimism
                         -0.04    0.40   library hold time
                                  0.40   data required time
-----------------------------------------------------------------------------
                                  0.40   data required time
                                 -1.02   data arrival time
-----------------------------------------------------------------------------
                                  0.62   slack (MET)


Startpoint: _463_ (rising edge-triggered flip-flop clocked by CLK100MHZ)
Endpoint: _464_ (rising edge-triggered flip-flop clocked by CLK100MHZ)
Path Group: CLK100MHZ
Path Type: min

Fanout     Cap    Slew   Delay    Time   Description
-----------------------------------------------------------------------------
                          0.00    0.00   clock CLK100MHZ (rise edge)
                          0.00    0.00   clock source latency
     1    0.01    0.00    0.00    0.00 ^ CLK100MHZ (in)
                                         CLK100MHZ (net)
                  0.00    0.00    0.00 ^ clkbuf_0_CLK100MHZ/A (sky130_fd_sc_hd__clkbuf_16)
     2    0.02    0.04    0.11    0.11 ^ clkbuf_0_CLK100MHZ/X (sky130_fd_sc_hd__clkbuf_16)
                                         clknet_0_CLK100MHZ (net)
                  0.04    0.00    0.11 ^ clkbuf_1_0__f_CLK100MHZ/A (sky130_fd_sc_hd__clkbuf_16)
    16    0.03    0.05    0.13    0.24 ^ clkbuf_1_0__f_CLK100MHZ/X (sky130_fd_sc_hd__clkbuf_16)
                                         clknet_1_0__leaf_CLK100MHZ (net)
                  0.05    0.00    0.24 ^ _463_/CLK (sky130_fd_sc_hd__dfrtp_4)
    10    0.02    0.10    0.44    0.68 ^ _463_/Q (sky130_fd_sc_hd__dfrtp_4)
                                         imem.address[1] (net)
                  0.10    0.00    0.68 ^ _220_/A (sky130_fd_sc_hd__clkbuf_4)
    10    0.02    0.09    0.18    0.86 ^ _220_/X (sky130_fd_sc_hd__clkbuf_4)
                                         _065_ (net)
                  0.09    0.00    0.86 ^ _223_/B (sky130_fd_sc_hd__and3_1)
     2    0.01    0.09    0.18    1.04 ^ _223_/X (sky130_fd_sc_hd__and3_1)
                                         _068_ (net)
                  0.09    0.00    1.04 ^ _224_/B (sky130_fd_sc_hd__xor2_1)
     1    0.00    0.03    0.06    1.11 v _224_/X (sky130_fd_sc_hd__xor2_1)
                                         _030_ (net)
                  0.03    0.00    1.11 v _464_/D (sky130_fd_sc_hd__dfrtp_1)
                                  1.11   data arrival time

                          0.00    0.00   clock CLK100MHZ (rise edge)
                          0.00    0.00   clock source latency
     1    0.01    0.00    0.00    0.00 ^ CLK100MHZ (in)
                                         CLK100MHZ (net)
                  0.00    0.00    0.00 ^ clkbuf_0_CLK100MHZ/A (sky130_fd_sc_hd__clkbuf_16)
     2    0.02    0.04    0.11    0.11 ^ clkbuf_0_CLK100MHZ/X (sky130_fd_sc_hd__clkbuf_16)
                                         clknet_0_CLK100MHZ (net)
                  0.04    0.00    0.11 ^ clkbuf_1_0__f_CLK100MHZ/A (sky130_fd_sc_hd__clkbuf_16)
    16    0.03    0.05    0.13    0.24 ^ clkbuf_1_0__f_CLK100MHZ/X (sky130_fd_sc_hd__clkbuf_16)
                                         clknet_1_0__leaf_CLK100MHZ (net)
                  0.05    0.00    0.24 ^ _464_/CLK (sky130_fd_sc_hd__dfrtp_1)
                          0.20    0.44   clock uncertainty
                          0.00    0.44   clock reconvergence pessimism
                         -0.04    0.40   library hold time
                                  0.40   data required time
-----------------------------------------------------------------------------
                                  0.40   data required time
                                 -1.11   data arrival time
-----------------------------------------------------------------------------
                                  0.71   slack (MET)



worst slack corner Typical: 0.3112
min_report_end
max_report

===========================================================================
report_checks -path_delay max (Setup)
============================================================================
======================= Typical Corner ===================================

Startpoint: _462_ (rising edge-triggered flip-flop clocked by CLK100MHZ)
Endpoint: _445_ (rising edge-triggered flip-flop clocked by CLK100MHZ)
Path Group: CLK100MHZ
Path Type: max

Fanout     Cap    Slew   Delay    Time   Description
-----------------------------------------------------------------------------
                          0.00    0.00   clock CLK100MHZ (rise edge)
                          0.00    0.00   clock source latency
     1    0.01    0.00    0.00    0.00 ^ CLK100MHZ (in)
                                         CLK100MHZ (net)
                  0.00    0.00    0.00 ^ clkbuf_0_CLK100MHZ/A (sky130_fd_sc_hd__clkbuf_16)
     2    0.02    0.04    0.11    0.11 ^ clkbuf_0_CLK100MHZ/X (sky130_fd_sc_hd__clkbuf_16)
                                         clknet_0_CLK100MHZ (net)
                  0.04    0.00    0.11 ^ clkbuf_1_1__f_CLK100MHZ/A (sky130_fd_sc_hd__clkbuf_16)
    13    0.03    0.05    0.13    0.24 ^ clkbuf_1_1__f_CLK100MHZ/X (sky130_fd_sc_hd__clkbuf_16)
                                         clknet_1_1__leaf_CLK100MHZ (net)
                  0.05    0.00    0.24 ^ _462_/CLK (sky130_fd_sc_hd__dfrtp_2)
     4    0.01    0.06    0.41    0.65 v _462_/Q (sky130_fd_sc_hd__dfrtp_2)
                                         imem.address[0] (net)
                  0.06    0.00    0.65 v _221_/A (sky130_fd_sc_hd__clkbuf_4)
    10    0.02    0.06    0.17    0.82 v _221_/X (sky130_fd_sc_hd__clkbuf_4)
                                         _066_ (net)
                  0.06    0.00    0.82 v _222_/A (sky130_fd_sc_hd__clkbuf_4)
     9    0.02    0.05    0.17    0.99 v _222_/X (sky130_fd_sc_hd__clkbuf_4)
                                         _067_ (net)
                  0.05    0.00    0.99 v _246_/C (sky130_fd_sc_hd__and3b_1)
     1    0.00    0.03    0.17    1.16 v _246_/X (sky130_fd_sc_hd__and3b_1)
                                         _088_ (net)
                  0.03    0.00    1.16 v _247_/A (sky130_fd_sc_hd__buf_2)
     7    0.02    0.05    0.14    1.30 v _247_/X (sky130_fd_sc_hd__buf_2)
                                         _089_ (net)
                  0.05    0.00    1.30 v _248_/B (sky130_fd_sc_hd__or2_1)
     1    0.00    0.04    0.20    1.49 v _248_/X (sky130_fd_sc_hd__or2_1)
                                         _090_ (net)
                  0.04    0.00    1.49 v _249_/A (sky130_fd_sc_hd__clkbuf_2)
     5    0.01    0.05    0.12    1.62 v _249_/X (sky130_fd_sc_hd__clkbuf_2)
                                         _091_ (net)
                  0.05    0.00    1.62 v _266_/A2 (sky130_fd_sc_hd__a21o_1)
     2    0.00    0.04    0.18    1.80 v _266_/X (sky130_fd_sc_hd__a21o_1)
                                         _108_ (net)
                  0.04    0.00    1.80 v _268_/B (sky130_fd_sc_hd__or3_2)
     2    0.01    0.09    0.46    2.25 v _268_/X (sky130_fd_sc_hd__or3_2)
                                         _110_ (net)
                  0.09    0.00    2.25 v _312_/A2 (sky130_fd_sc_hd__a21oi_2)
     3    0.01    0.14    0.19    2.44 ^ _312_/Y (sky130_fd_sc_hd__a21oi_2)
                                         _154_ (net)
                  0.14    0.00    2.44 ^ _319_/A2 (sky130_fd_sc_hd__o21ai_2)
     3    0.01    0.06    0.08    2.52 v _319_/Y (sky130_fd_sc_hd__o21ai_2)
                                         _161_ (net)
                  0.06    0.00    2.52 v _327_/A (sky130_fd_sc_hd__or2_1)
     1    0.00    0.06    0.23    2.76 v _327_/X (sky130_fd_sc_hd__or2_1)
                                         _169_ (net)
                  0.06    0.00    2.76 v _332_/A2 (sky130_fd_sc_hd__a32o_4)
     8    0.02    0.07    0.33    3.09 v _332_/X (sky130_fd_sc_hd__a32o_4)
                                         _174_ (net)
                  0.07    0.00    3.09 v _393_/A1 (sky130_fd_sc_hd__mux2_1)
     1    0.00    0.05    0.29    3.37 v _393_/X (sky130_fd_sc_hd__mux2_1)
                                         _036_ (net)
                  0.05    0.00    3.37 v _394_/A (sky130_fd_sc_hd__buf_1)
     1    0.00    0.02    0.08    3.46 v _394_/X (sky130_fd_sc_hd__buf_1)
                                         _011_ (net)
                  0.02    0.00    3.46 v _445_/D (sky130_fd_sc_hd__dfxtp_1)
                                  3.46   data arrival time

                         10.00   10.00   clock CLK100MHZ (rise edge)
                          0.00   10.00   clock source latency
     1    0.01    0.00    0.00   10.00 ^ CLK100MHZ (in)
                                         CLK100MHZ (net)
                  0.00    0.00   10.00 ^ clkbuf_0_CLK100MHZ/A (sky130_fd_sc_hd__clkbuf_16)
     2    0.02    0.04    0.11   10.11 ^ clkbuf_0_CLK100MHZ/X (sky130_fd_sc_hd__clkbuf_16)
                                         clknet_0_CLK100MHZ (net)
                  0.04    0.00   10.11 ^ clkbuf_1_1__f_CLK100MHZ/A (sky130_fd_sc_hd__clkbuf_16)
    13    0.03    0.05    0.13   10.24 ^ clkbuf_1_1__f_CLK100MHZ/X (sky130_fd_sc_hd__clkbuf_16)
                                         clknet_1_1__leaf_CLK100MHZ (net)
                  0.05    0.00   10.24 ^ _445_/CLK (sky130_fd_sc_hd__dfxtp_1)
                         -0.20   10.04   clock uncertainty
                          0.00   10.04   clock reconvergence pessimism
                         -0.10    9.94   library setup time
                                  9.94   data required time
-----------------------------------------------------------------------------
                                  9.94   data required time
                                 -3.46   data arrival time
-----------------------------------------------------------------------------
                                  6.48   slack (MET)


Startpoint: _462_ (rising edge-triggered flip-flop clocked by CLK100MHZ)
Endpoint: _460_ (rising edge-triggered flip-flop clocked by CLK100MHZ)
Path Group: CLK100MHZ
Path Type: max

Fanout     Cap    Slew   Delay    Time   Description
-----------------------------------------------------------------------------
                          0.00    0.00   clock CLK100MHZ (rise edge)
                          0.00    0.00   clock source latency
     1    0.01    0.00    0.00    0.00 ^ CLK100MHZ (in)
                                         CLK100MHZ (net)
                  0.00    0.00    0.00 ^ clkbuf_0_CLK100MHZ/A (sky130_fd_sc_hd__clkbuf_16)
     2    0.02    0.04    0.11    0.11 ^ clkbuf_0_CLK100MHZ/X (sky130_fd_sc_hd__clkbuf_16)
                                         clknet_0_CLK100MHZ (net)
                  0.04    0.00    0.11 ^ clkbuf_1_1__f_CLK100MHZ/A (sky130_fd_sc_hd__clkbuf_16)
    13    0.03    0.05    0.13    0.24 ^ clkbuf_1_1__f_CLK100MHZ/X (sky130_fd_sc_hd__clkbuf_16)
                                         clknet_1_1__leaf_CLK100MHZ (net)
                  0.05    0.00    0.24 ^ _462_/CLK (sky130_fd_sc_hd__dfrtp_2)
     4    0.01    0.06    0.41    0.65 v _462_/Q (sky130_fd_sc_hd__dfrtp_2)
                                         imem.address[0] (net)
                  0.06    0.00    0.65 v _221_/A (sky130_fd_sc_hd__clkbuf_4)
    10    0.02    0.06    0.17    0.82 v _221_/X (sky130_fd_sc_hd__clkbuf_4)
                                         _066_ (net)
                  0.06    0.00    0.82 v _222_/A (sky130_fd_sc_hd__clkbuf_4)
     9    0.02    0.05    0.17    0.99 v _222_/X (sky130_fd_sc_hd__clkbuf_4)
                                         _067_ (net)
                  0.05    0.00    0.99 v _246_/C (sky130_fd_sc_hd__and3b_1)
     1    0.00    0.03    0.17    1.16 v _246_/X (sky130_fd_sc_hd__and3b_1)
                                         _088_ (net)
                  0.03    0.00    1.16 v _247_/A (sky130_fd_sc_hd__buf_2)
     7    0.02    0.05    0.14    1.30 v _247_/X (sky130_fd_sc_hd__buf_2)
                                         _089_ (net)
                  0.05    0.00    1.30 v _248_/B (sky130_fd_sc_hd__or2_1)
     1    0.00    0.04    0.20    1.49 v _248_/X (sky130_fd_sc_hd__or2_1)
                                         _090_ (net)
                  0.04    0.00    1.49 v _249_/A (sky130_fd_sc_hd__clkbuf_2)
     5    0.01    0.05    0.12    1.62 v _249_/X (sky130_fd_sc_hd__clkbuf_2)
                                         _091_ (net)
                  0.05    0.00    1.62 v _266_/A2 (sky130_fd_sc_hd__a21o_1)
     2    0.00    0.04    0.18    1.80 v _266_/X (sky130_fd_sc_hd__a21o_1)
                                         _108_ (net)
                  0.04    0.00    1.80 v _268_/B (sky130_fd_sc_hd__or3_2)
     2    0.01    0.09    0.46    2.25 v _268_/X (sky130_fd_sc_hd__or3_2)
                                         _110_ (net)
                  0.09    0.00    2.25 v _312_/A2 (sky130_fd_sc_hd__a21oi_2)
     3    0.01    0.14    0.19    2.44 ^ _312_/Y (sky130_fd_sc_hd__a21oi_2)
                                         _154_ (net)
                  0.14    0.00    2.44 ^ _319_/A2 (sky130_fd_sc_hd__o21ai_2)
     3    0.01    0.06    0.08    2.52 v _319_/Y (sky130_fd_sc_hd__o21ai_2)
                                         _161_ (net)
                  0.06    0.00    2.52 v _327_/A (sky130_fd_sc_hd__or2_1)
     1    0.00    0.06    0.23    2.76 v _327_/X (sky130_fd_sc_hd__or2_1)
                                         _169_ (net)
                  0.06    0.00    2.76 v _332_/A2 (sky130_fd_sc_hd__a32o_4)
     8    0.02    0.07    0.33    3.09 v _332_/X (sky130_fd_sc_hd__a32o_4)
                                         _174_ (net)
                  0.07    0.00    3.09 v _430_/A1 (sky130_fd_sc_hd__mux2_1)
     1    0.00    0.05    0.29    3.37 v _430_/X (sky130_fd_sc_hd__mux2_1)
                                         _058_ (net)
                  0.05    0.00    3.37 v _431_/A (sky130_fd_sc_hd__buf_1)
     1    0.00    0.02    0.08    3.46 v _431_/X (sky130_fd_sc_hd__buf_1)
                                         _026_ (net)
                  0.02    0.00    3.46 v _460_/D (sky130_fd_sc_hd__dfxtp_1)
                                  3.46   data arrival time

                         10.00   10.00   clock CLK100MHZ (rise edge)
                          0.00   10.00   clock source latency
     1    0.01    0.00    0.00   10.00 ^ CLK100MHZ (in)
                                         CLK100MHZ (net)
                  0.00    0.00   10.00 ^ clkbuf_0_CLK100MHZ/A (sky130_fd_sc_hd__clkbuf_16)
     2    0.02    0.04    0.11   10.11 ^ clkbuf_0_CLK100MHZ/X (sky130_fd_sc_hd__clkbuf_16)
                                         clknet_0_CLK100MHZ (net)
                  0.04    0.00   10.11 ^ clkbuf_1_0__f_CLK100MHZ/A (sky130_fd_sc_hd__clkbuf_16)
    16    0.03    0.05    0.13   10.24 ^ clkbuf_1_0__f_CLK100MHZ/X (sky130_fd_sc_hd__clkbuf_16)
                                         clknet_1_0__leaf_CLK100MHZ (net)
                  0.05    0.00   10.24 ^ _460_/CLK (sky130_fd_sc_hd__dfxtp_1)
                         -0.20   10.04   clock uncertainty
                          0.00   10.04   clock reconvergence pessimism
                         -0.10    9.94   library setup time
                                  9.94   data required time
-----------------------------------------------------------------------------
                                  9.94   data required time
                                 -3.46   data arrival time
-----------------------------------------------------------------------------
                                  6.48   slack (MET)


Startpoint: _462_ (rising edge-triggered flip-flop clocked by CLK100MHZ)
Endpoint: _440_ (rising edge-triggered flip-flop clocked by CLK100MHZ)
Path Group: CLK100MHZ
Path Type: max

Fanout     Cap    Slew   Delay    Time   Description
-----------------------------------------------------------------------------
                          0.00    0.00   clock CLK100MHZ (rise edge)
                          0.00    0.00   clock source latency
     1    0.01    0.00    0.00    0.00 ^ CLK100MHZ (in)
                                         CLK100MHZ (net)
                  0.00    0.00    0.00 ^ clkbuf_0_CLK100MHZ/A (sky130_fd_sc_hd__clkbuf_16)
     2    0.02    0.04    0.11    0.11 ^ clkbuf_0_CLK100MHZ/X (sky130_fd_sc_hd__clkbuf_16)
                                         clknet_0_CLK100MHZ (net)
                  0.04    0.00    0.11 ^ clkbuf_1_1__f_CLK100MHZ/A (sky130_fd_sc_hd__clkbuf_16)
    13    0.03    0.05    0.13    0.24 ^ clkbuf_1_1__f_CLK100MHZ/X (sky130_fd_sc_hd__clkbuf_16)
                                         clknet_1_1__leaf_CLK100MHZ (net)
                  0.05    0.00    0.24 ^ _462_/CLK (sky130_fd_sc_hd__dfrtp_2)
     4    0.01    0.06    0.41    0.65 v _462_/Q (sky130_fd_sc_hd__dfrtp_2)
                                         imem.address[0] (net)
                  0.06    0.00    0.65 v _221_/A (sky130_fd_sc_hd__clkbuf_4)
    10    0.02    0.06    0.17    0.82 v _221_/X (sky130_fd_sc_hd__clkbuf_4)
                                         _066_ (net)
                  0.06    0.00    0.82 v _222_/A (sky130_fd_sc_hd__clkbuf_4)
     9    0.02    0.05    0.17    0.99 v _222_/X (sky130_fd_sc_hd__clkbuf_4)
                                         _067_ (net)
                  0.05    0.00    0.99 v _246_/C (sky130_fd_sc_hd__and3b_1)
     1    0.00    0.03    0.17    1.16 v _246_/X (sky130_fd_sc_hd__and3b_1)
                                         _088_ (net)
                  0.03    0.00    1.16 v _247_/A (sky130_fd_sc_hd__buf_2)
     7    0.02    0.05    0.14    1.30 v _247_/X (sky130_fd_sc_hd__buf_2)
                                         _089_ (net)
                  0.05    0.00    1.30 v _248_/B (sky130_fd_sc_hd__or2_1)
     1    0.00    0.04    0.20    1.49 v _248_/X (sky130_fd_sc_hd__or2_1)
                                         _090_ (net)
                  0.04    0.00    1.49 v _249_/A (sky130_fd_sc_hd__clkbuf_2)
     5    0.01    0.05    0.12    1.62 v _249_/X (sky130_fd_sc_hd__clkbuf_2)
                                         _091_ (net)
                  0.05    0.00    1.62 v _266_/A2 (sky130_fd_sc_hd__a21o_1)
     2    0.00    0.04    0.18    1.80 v _266_/X (sky130_fd_sc_hd__a21o_1)
                                         _108_ (net)
                  0.04    0.00    1.80 v _268_/B (sky130_fd_sc_hd__or3_2)
     2    0.01    0.09    0.46    2.25 v _268_/X (sky130_fd_sc_hd__or3_2)
                                         _110_ (net)
                  0.09    0.00    2.25 v _312_/A2 (sky130_fd_sc_hd__a21oi_2)
     3    0.01    0.14    0.19    2.44 ^ _312_/Y (sky130_fd_sc_hd__a21oi_2)
                                         _154_ (net)
                  0.14    0.00    2.44 ^ _319_/A2 (sky130_fd_sc_hd__o21ai_2)
     3    0.01    0.06    0.08    2.52 v _319_/Y (sky130_fd_sc_hd__o21ai_2)
                                         _161_ (net)
                  0.06    0.00    2.52 v _327_/A (sky130_fd_sc_hd__or2_1)
     1    0.00    0.06    0.23    2.76 v _327_/X (sky130_fd_sc_hd__or2_1)
                                         _169_ (net)
                  0.06    0.00    2.76 v _332_/A2 (sky130_fd_sc_hd__a32o_4)
     8    0.02    0.07    0.33    3.09 v _332_/X (sky130_fd_sc_hd__a32o_4)
                                         _174_ (net)
                  0.07    0.00    3.09 v _371_/A1 (sky130_fd_sc_hd__mux2_1)
     1    0.00    0.05    0.29    3.37 v _371_/X (sky130_fd_sc_hd__mux2_1)
                                         _203_ (net)
                  0.05    0.00    3.37 v _372_/A (sky130_fd_sc_hd__buf_1)
     1    0.00    0.02    0.08    3.46 v _372_/X (sky130_fd_sc_hd__buf_1)
                                         _006_ (net)
                  0.02    0.00    3.46 v _440_/D (sky130_fd_sc_hd__dfxtp_1)
                                  3.46   data arrival time

                         10.00   10.00   clock CLK100MHZ (rise edge)
                          0.00   10.00   clock source latency
     1    0.01    0.00    0.00   10.00 ^ CLK100MHZ (in)
                                         CLK100MHZ (net)
                  0.00    0.00   10.00 ^ clkbuf_0_CLK100MHZ/A (sky130_fd_sc_hd__clkbuf_16)
     2    0.02    0.04    0.11   10.11 ^ clkbuf_0_CLK100MHZ/X (sky130_fd_sc_hd__clkbuf_16)
                                         clknet_0_CLK100MHZ (net)
                  0.04    0.00   10.11 ^ clkbuf_1_0__f_CLK100MHZ/A (sky130_fd_sc_hd__clkbuf_16)
    16    0.03    0.05    0.13   10.24 ^ clkbuf_1_0__f_CLK100MHZ/X (sky130_fd_sc_hd__clkbuf_16)
                                         clknet_1_0__leaf_CLK100MHZ (net)
                  0.05    0.00   10.24 ^ _440_/CLK (sky130_fd_sc_hd__dfxtp_1)
                         -0.20   10.04   clock uncertainty
                          0.00   10.04   clock reconvergence pessimism
                         -0.10    9.94   library setup time
                                  9.94   data required time
-----------------------------------------------------------------------------
                                  9.94   data required time
                                 -3.46   data arrival time
-----------------------------------------------------------------------------
                                  6.48   slack (MET)


Startpoint: _462_ (rising edge-triggered flip-flop clocked by CLK100MHZ)
Endpoint: _450_ (rising edge-triggered flip-flop clocked by CLK100MHZ)
Path Group: CLK100MHZ
Path Type: max

Fanout     Cap    Slew   Delay    Time   Description
-----------------------------------------------------------------------------
                          0.00    0.00   clock CLK100MHZ (rise edge)
                          0.00    0.00   clock source latency
     1    0.01    0.00    0.00    0.00 ^ CLK100MHZ (in)
                                         CLK100MHZ (net)
                  0.00    0.00    0.00 ^ clkbuf_0_CLK100MHZ/A (sky130_fd_sc_hd__clkbuf_16)
     2    0.02    0.04    0.11    0.11 ^ clkbuf_0_CLK100MHZ/X (sky130_fd_sc_hd__clkbuf_16)
                                         clknet_0_CLK100MHZ (net)
                  0.04    0.00    0.11 ^ clkbuf_1_1__f_CLK100MHZ/A (sky130_fd_sc_hd__clkbuf_16)
    13    0.03    0.05    0.13    0.24 ^ clkbuf_1_1__f_CLK100MHZ/X (sky130_fd_sc_hd__clkbuf_16)
                                         clknet_1_1__leaf_CLK100MHZ (net)
                  0.05    0.00    0.24 ^ _462_/CLK (sky130_fd_sc_hd__dfrtp_2)
     4    0.01    0.06    0.41    0.65 v _462_/Q (sky130_fd_sc_hd__dfrtp_2)
                                         imem.address[0] (net)
                  0.06    0.00    0.65 v _221_/A (sky130_fd_sc_hd__clkbuf_4)
    10    0.02    0.06    0.17    0.82 v _221_/X (sky130_fd_sc_hd__clkbuf_4)
                                         _066_ (net)
                  0.06    0.00    0.82 v _222_/A (sky130_fd_sc_hd__clkbuf_4)
     9    0.02    0.05    0.17    0.99 v _222_/X (sky130_fd_sc_hd__clkbuf_4)
                                         _067_ (net)
                  0.05    0.00    0.99 v _246_/C (sky130_fd_sc_hd__and3b_1)
     1    0.00    0.03    0.17    1.16 v _246_/X (sky130_fd_sc_hd__and3b_1)
                                         _088_ (net)
                  0.03    0.00    1.16 v _247_/A (sky130_fd_sc_hd__buf_2)
     7    0.02    0.05    0.14    1.30 v _247_/X (sky130_fd_sc_hd__buf_2)
                                         _089_ (net)
                  0.05    0.00    1.30 v _248_/B (sky130_fd_sc_hd__or2_1)
     1    0.00    0.04    0.20    1.49 v _248_/X (sky130_fd_sc_hd__or2_1)
                                         _090_ (net)
                  0.04    0.00    1.49 v _249_/A (sky130_fd_sc_hd__clkbuf_2)
     5    0.01    0.05    0.12    1.62 v _249_/X (sky130_fd_sc_hd__clkbuf_2)
                                         _091_ (net)
                  0.05    0.00    1.62 v _266_/A2 (sky130_fd_sc_hd__a21o_1)
     2    0.00    0.04    0.18    1.80 v _266_/X (sky130_fd_sc_hd__a21o_1)
                                         _108_ (net)
                  0.04    0.00    1.80 v _268_/B (sky130_fd_sc_hd__or3_2)
     2    0.01    0.09    0.46    2.25 v _268_/X (sky130_fd_sc_hd__or3_2)
                                         _110_ (net)
                  0.09    0.00    2.25 v _312_/A2 (sky130_fd_sc_hd__a21oi_2)
     3    0.01    0.14    0.19    2.44 ^ _312_/Y (sky130_fd_sc_hd__a21oi_2)
                                         _154_ (net)
                  0.14    0.00    2.44 ^ _319_/A2 (sky130_fd_sc_hd__o21ai_2)
     3    0.01    0.06    0.08    2.52 v _319_/Y (sky130_fd_sc_hd__o21ai_2)
                                         _161_ (net)
                  0.06    0.00    2.52 v _327_/A (sky130_fd_sc_hd__or2_1)
     1    0.00    0.06    0.23    2.76 v _327_/X (sky130_fd_sc_hd__or2_1)
                                         _169_ (net)
                  0.06    0.00    2.76 v _332_/A2 (sky130_fd_sc_hd__a32o_4)
     8    0.02    0.07    0.33    3.09 v _332_/X (sky130_fd_sc_hd__a32o_4)
                                         _174_ (net)
                  0.07    0.00    3.09 v _406_/A0 (sky130_fd_sc_hd__mux2_1)
     1    0.00    0.05    0.28    3.36 v _406_/X (sky130_fd_sc_hd__mux2_1)
                                         _044_ (net)
                  0.05    0.00    3.36 v _407_/A (sky130_fd_sc_hd__clkbuf_1)
     1    0.00    0.02    0.08    3.45 v _407_/X (sky130_fd_sc_hd__clkbuf_1)
                                         _016_ (net)
                  0.02    0.00    3.45 v _450_/D (sky130_fd_sc_hd__dfxtp_1)
                                  3.45   data arrival time

                         10.00   10.00   clock CLK100MHZ (rise edge)
                          0.00   10.00   clock source latency
     1    0.01    0.00    0.00   10.00 ^ CLK100MHZ (in)
                                         CLK100MHZ (net)
                  0.00    0.00   10.00 ^ clkbuf_0_CLK100MHZ/A (sky130_fd_sc_hd__clkbuf_16)
     2    0.02    0.04    0.11   10.11 ^ clkbuf_0_CLK100MHZ/X (sky130_fd_sc_hd__clkbuf_16)
                                         clknet_0_CLK100MHZ (net)
                  0.04    0.00   10.11 ^ clkbuf_1_0__f_CLK100MHZ/A (sky130_fd_sc_hd__clkbuf_16)
    16    0.03    0.05    0.13   10.24 ^ clkbuf_1_0__f_CLK100MHZ/X (sky130_fd_sc_hd__clkbuf_16)
                                         clknet_1_0__leaf_CLK100MHZ (net)
                  0.05    0.00   10.24 ^ _450_/CLK (sky130_fd_sc_hd__dfxtp_1)
                         -0.20   10.04   clock uncertainty
                          0.00   10.04   clock reconvergence pessimism
                         -0.10    9.94   library setup time
                                  9.94   data required time
-----------------------------------------------------------------------------
                                  9.94   data required time
                                 -3.45   data arrival time
-----------------------------------------------------------------------------
                                  6.49   slack (MET)


Startpoint: _462_ (rising edge-triggered flip-flop clocked by CLK100MHZ)
Endpoint: _446_ (rising edge-triggered flip-flop clocked by CLK100MHZ)
Path Group: CLK100MHZ
Path Type: max

Fanout     Cap    Slew   Delay    Time   Description
-----------------------------------------------------------------------------
                          0.00    0.00   clock CLK100MHZ (rise edge)
                          0.00    0.00   clock source latency
     1    0.01    0.00    0.00    0.00 ^ CLK100MHZ (in)
                                         CLK100MHZ (net)
                  0.00    0.00    0.00 ^ clkbuf_0_CLK100MHZ/A (sky130_fd_sc_hd__clkbuf_16)
     2    0.02    0.04    0.11    0.11 ^ clkbuf_0_CLK100MHZ/X (sky130_fd_sc_hd__clkbuf_16)
                                         clknet_0_CLK100MHZ (net)
                  0.04    0.00    0.11 ^ clkbuf_1_1__f_CLK100MHZ/A (sky130_fd_sc_hd__clkbuf_16)
    13    0.03    0.05    0.13    0.24 ^ clkbuf_1_1__f_CLK100MHZ/X (sky130_fd_sc_hd__clkbuf_16)
                                         clknet_1_1__leaf_CLK100MHZ (net)
                  0.05    0.00    0.24 ^ _462_/CLK (sky130_fd_sc_hd__dfrtp_2)
     4    0.01    0.06    0.41    0.65 v _462_/Q (sky130_fd_sc_hd__dfrtp_2)
                                         imem.address[0] (net)
                  0.06    0.00    0.65 v _221_/A (sky130_fd_sc_hd__clkbuf_4)
    10    0.02    0.06    0.17    0.82 v _221_/X (sky130_fd_sc_hd__clkbuf_4)
                                         _066_ (net)
                  0.06    0.00    0.82 v _222_/A (sky130_fd_sc_hd__clkbuf_4)
     9    0.02    0.05    0.17    0.99 v _222_/X (sky130_fd_sc_hd__clkbuf_4)
                                         _067_ (net)
                  0.05    0.00    0.99 v _246_/C (sky130_fd_sc_hd__and3b_1)
     1    0.00    0.03    0.17    1.16 v _246_/X (sky130_fd_sc_hd__and3b_1)
                                         _088_ (net)
                  0.03    0.00    1.16 v _247_/A (sky130_fd_sc_hd__buf_2)
     7    0.02    0.05    0.14    1.30 v _247_/X (sky130_fd_sc_hd__buf_2)
                                         _089_ (net)
                  0.05    0.00    1.30 v _248_/B (sky130_fd_sc_hd__or2_1)
     1    0.00    0.04    0.20    1.49 v _248_/X (sky130_fd_sc_hd__or2_1)
                                         _090_ (net)
                  0.04    0.00    1.49 v _249_/A (sky130_fd_sc_hd__clkbuf_2)
     5    0.01    0.05    0.12    1.62 v _249_/X (sky130_fd_sc_hd__clkbuf_2)
                                         _091_ (net)
                  0.05    0.00    1.62 v _266_/A2 (sky130_fd_sc_hd__a21o_1)
     2    0.00    0.04    0.18    1.80 v _266_/X (sky130_fd_sc_hd__a21o_1)
                                         _108_ (net)
                  0.04    0.00    1.80 v _268_/B (sky130_fd_sc_hd__or3_2)
     2    0.01    0.09    0.46    2.25 v _268_/X (sky130_fd_sc_hd__or3_2)
                                         _110_ (net)
                  0.09    0.00    2.25 v _312_/A2 (sky130_fd_sc_hd__a21oi_2)
     3    0.01    0.14    0.19    2.44 ^ _312_/Y (sky130_fd_sc_hd__a21oi_2)
                                         _154_ (net)
                  0.14    0.00    2.44 ^ _319_/A2 (sky130_fd_sc_hd__o21ai_2)
     3    0.01    0.06    0.08    2.52 v _319_/Y (sky130_fd_sc_hd__o21ai_2)
                                         _161_ (net)
                  0.06    0.00    2.52 v _373_/A1 (sky130_fd_sc_hd__a21oi_2)
     3    0.00    0.10    0.12    2.64 ^ _373_/Y (sky130_fd_sc_hd__a21oi_2)
                                         _204_ (net)
                  0.10    0.00    2.64 ^ _381_/B (sky130_fd_sc_hd__and2b_1)
     1    0.00    0.04    0.12    2.77 ^ _381_/X (sky130_fd_sc_hd__and2b_1)
                                         _212_ (net)
                  0.04    0.00    2.77 ^ _382_/B (sky130_fd_sc_hd__nor2_1)
     4    0.01    0.04    0.05    2.82 v _382_/Y (sky130_fd_sc_hd__nor2_1)
                                         _213_ (net)
                  0.04    0.00    2.82 v _395_/A1 (sky130_fd_sc_hd__mux2_1)
     1    0.00    0.05    0.28    3.09 v _395_/X (sky130_fd_sc_hd__mux2_1)
                                         _037_ (net)
                  0.05    0.00    3.09 v _396_/A (sky130_fd_sc_hd__clkbuf_1)
     1    0.00    0.02    0.08    3.18 v _396_/X (sky130_fd_sc_hd__clkbuf_1)
                                         _012_ (net)
                  0.02    0.00    3.18 v _446_/D (sky130_fd_sc_hd__dfxtp_1)
                                  3.18   data arrival time

                         10.00   10.00   clock CLK100MHZ (rise edge)
                          0.00   10.00   clock source latency
     1    0.01    0.00    0.00   10.00 ^ CLK100MHZ (in)
                                         CLK100MHZ (net)
                  0.00    0.00   10.00 ^ clkbuf_0_CLK100MHZ/A (sky130_fd_sc_hd__clkbuf_16)
     2    0.02    0.04    0.11   10.11 ^ clkbuf_0_CLK100MHZ/X (sky130_fd_sc_hd__clkbuf_16)
                                         clknet_0_CLK100MHZ (net)
                  0.04    0.00   10.11 ^ clkbuf_1_1__f_CLK100MHZ/A (sky130_fd_sc_hd__clkbuf_16)
    13    0.03    0.05    0.13   10.24 ^ clkbuf_1_1__f_CLK100MHZ/X (sky130_fd_sc_hd__clkbuf_16)
                                         clknet_1_1__leaf_CLK100MHZ (net)
                  0.05    0.00   10.24 ^ _446_/CLK (sky130_fd_sc_hd__dfxtp_1)
                         -0.20   10.04   clock uncertainty
                          0.00   10.04   clock reconvergence pessimism
                         -0.10    9.94   library setup time
                                  9.94   data required time
-----------------------------------------------------------------------------
                                  9.94   data required time
                                 -3.18   data arrival time
-----------------------------------------------------------------------------
                                  6.76   slack (MET)


Startpoint: _462_ (rising edge-triggered flip-flop clocked by CLK100MHZ)
Endpoint: _461_ (rising edge-triggered flip-flop clocked by CLK100MHZ)
Path Group: CLK100MHZ
Path Type: max

Fanout     Cap    Slew   Delay    Time   Description
-----------------------------------------------------------------------------
                          0.00    0.00   clock CLK100MHZ (rise edge)
                          0.00    0.00   clock source latency
     1    0.01    0.00    0.00    0.00 ^ CLK100MHZ (in)
                                         CLK100MHZ (net)
                  0.00    0.00    0.00 ^ clkbuf_0_CLK100MHZ/A (sky130_fd_sc_hd__clkbuf_16)
     2    0.02    0.04    0.11    0.11 ^ clkbuf_0_CLK100MHZ/X (sky130_fd_sc_hd__clkbuf_16)
                                         clknet_0_CLK100MHZ (net)
                  0.04    0.00    0.11 ^ clkbuf_1_1__f_CLK100MHZ/A (sky130_fd_sc_hd__clkbuf_16)
    13    0.03    0.05    0.13    0.24 ^ clkbuf_1_1__f_CLK100MHZ/X (sky130_fd_sc_hd__clkbuf_16)
                                         clknet_1_1__leaf_CLK100MHZ (net)
                  0.05    0.00    0.24 ^ _462_/CLK (sky130_fd_sc_hd__dfrtp_2)
     4    0.01    0.06    0.41    0.65 v _462_/Q (sky130_fd_sc_hd__dfrtp_2)
                                         imem.address[0] (net)
                  0.06    0.00    0.65 v _221_/A (sky130_fd_sc_hd__clkbuf_4)
    10    0.02    0.06    0.17    0.82 v _221_/X (sky130_fd_sc_hd__clkbuf_4)
                                         _066_ (net)
                  0.06    0.00    0.82 v _222_/A (sky130_fd_sc_hd__clkbuf_4)
     9    0.02    0.05    0.17    0.99 v _222_/X (sky130_fd_sc_hd__clkbuf_4)
                                         _067_ (net)
                  0.05    0.00    0.99 v _246_/C (sky130_fd_sc_hd__and3b_1)
     1    0.00    0.03    0.17    1.16 v _246_/X (sky130_fd_sc_hd__and3b_1)
                                         _088_ (net)
                  0.03    0.00    1.16 v _247_/A (sky130_fd_sc_hd__buf_2)
     7    0.02    0.05    0.14    1.30 v _247_/X (sky130_fd_sc_hd__buf_2)
                                         _089_ (net)
                  0.05    0.00    1.30 v _248_/B (sky130_fd_sc_hd__or2_1)
     1    0.00    0.04    0.20    1.49 v _248_/X (sky130_fd_sc_hd__or2_1)
                                         _090_ (net)
                  0.04    0.00    1.49 v _249_/A (sky130_fd_sc_hd__clkbuf_2)
     5    0.01    0.05    0.12    1.62 v _249_/X (sky130_fd_sc_hd__clkbuf_2)
                                         _091_ (net)
                  0.05    0.00    1.62 v _266_/A2 (sky130_fd_sc_hd__a21o_1)
     2    0.00    0.04    0.18    1.80 v _266_/X (sky130_fd_sc_hd__a21o_1)
                                         _108_ (net)
                  0.04    0.00    1.80 v _268_/B (sky130_fd_sc_hd__or3_2)
     2    0.01    0.09    0.46    2.25 v _268_/X (sky130_fd_sc_hd__or3_2)
                                         _110_ (net)
                  0.09    0.00    2.25 v _312_/A2 (sky130_fd_sc_hd__a21oi_2)
     3    0.01    0.14    0.19    2.44 ^ _312_/Y (sky130_fd_sc_hd__a21oi_2)
                                         _154_ (net)
                  0.14    0.00    2.44 ^ _319_/A2 (sky130_fd_sc_hd__o21ai_2)
     3    0.01    0.06    0.08    2.52 v _319_/Y (sky130_fd_sc_hd__o21ai_2)
                                         _161_ (net)
                  0.06    0.00    2.52 v _373_/A1 (sky130_fd_sc_hd__a21oi_2)
     3    0.00    0.10    0.12    2.64 ^ _373_/Y (sky130_fd_sc_hd__a21oi_2)
                                         _204_ (net)
                  0.10    0.00    2.64 ^ _381_/B (sky130_fd_sc_hd__and2b_1)
     1    0.00    0.04    0.12    2.77 ^ _381_/X (sky130_fd_sc_hd__and2b_1)
                                         _212_ (net)
                  0.04    0.00    2.77 ^ _382_/B (sky130_fd_sc_hd__nor2_1)
     4    0.01    0.04    0.05    2.82 v _382_/Y (sky130_fd_sc_hd__nor2_1)
                                         _213_ (net)
                  0.04    0.00    2.82 v _432_/A1 (sky130_fd_sc_hd__mux2_1)
     1    0.00    0.05    0.28    3.09 v _432_/X (sky130_fd_sc_hd__mux2_1)
                                         _059_ (net)
                  0.05    0.00    3.09 v _433_/A (sky130_fd_sc_hd__buf_1)
     1    0.00    0.02    0.08    3.18 v _433_/X (sky130_fd_sc_hd__buf_1)
                                         _027_ (net)
                  0.02    0.00    3.18 v _461_/D (sky130_fd_sc_hd__dfxtp_1)
                                  3.18   data arrival time

                         10.00   10.00   clock CLK100MHZ (rise edge)
                          0.00   10.00   clock source latency
     1    0.01    0.00    0.00   10.00 ^ CLK100MHZ (in)
                                         CLK100MHZ (net)
                  0.00    0.00   10.00 ^ clkbuf_0_CLK100MHZ/A (sky130_fd_sc_hd__clkbuf_16)
     2    0.02    0.04    0.11   10.11 ^ clkbuf_0_CLK100MHZ/X (sky130_fd_sc_hd__clkbuf_16)
                                         clknet_0_CLK100MHZ (net)
                  0.04    0.00   10.11 ^ clkbuf_1_0__f_CLK100MHZ/A (sky130_fd_sc_hd__clkbuf_16)
    16    0.03    0.05    0.13   10.24 ^ clkbuf_1_0__f_CLK100MHZ/X (sky130_fd_sc_hd__clkbuf_16)
                                         clknet_1_0__leaf_CLK100MHZ (net)
                  0.05    0.00   10.24 ^ _461_/CLK (sky130_fd_sc_hd__dfxtp_1)
                         -0.20   10.04   clock uncertainty
                          0.00   10.04   clock reconvergence pessimism
                         -0.10    9.94   library setup time
                                  9.94   data required time
-----------------------------------------------------------------------------
                                  9.94   data required time
                                 -3.18   data arrival time
-----------------------------------------------------------------------------
                                  6.76   slack (MET)


Startpoint: _462_ (rising edge-triggered flip-flop clocked by CLK100MHZ)
Endpoint: _441_ (rising edge-triggered flip-flop clocked by CLK100MHZ)
Path Group: CLK100MHZ
Path Type: max

Fanout     Cap    Slew   Delay    Time   Description
-----------------------------------------------------------------------------
                          0.00    0.00   clock CLK100MHZ (rise edge)
                          0.00    0.00   clock source latency
     1    0.01    0.00    0.00    0.00 ^ CLK100MHZ (in)
                                         CLK100MHZ (net)
                  0.00    0.00    0.00 ^ clkbuf_0_CLK100MHZ/A (sky130_fd_sc_hd__clkbuf_16)
     2    0.02    0.04    0.11    0.11 ^ clkbuf_0_CLK100MHZ/X (sky130_fd_sc_hd__clkbuf_16)
                                         clknet_0_CLK100MHZ (net)
                  0.04    0.00    0.11 ^ clkbuf_1_1__f_CLK100MHZ/A (sky130_fd_sc_hd__clkbuf_16)
    13    0.03    0.05    0.13    0.24 ^ clkbuf_1_1__f_CLK100MHZ/X (sky130_fd_sc_hd__clkbuf_16)
                                         clknet_1_1__leaf_CLK100MHZ (net)
                  0.05    0.00    0.24 ^ _462_/CLK (sky130_fd_sc_hd__dfrtp_2)
     4    0.01    0.06    0.41    0.65 v _462_/Q (sky130_fd_sc_hd__dfrtp_2)
                                         imem.address[0] (net)
                  0.06    0.00    0.65 v _221_/A (sky130_fd_sc_hd__clkbuf_4)
    10    0.02    0.06    0.17    0.82 v _221_/X (sky130_fd_sc_hd__clkbuf_4)
                                         _066_ (net)
                  0.06    0.00    0.82 v _222_/A (sky130_fd_sc_hd__clkbuf_4)
     9    0.02    0.05    0.17    0.99 v _222_/X (sky130_fd_sc_hd__clkbuf_4)
                                         _067_ (net)
                  0.05    0.00    0.99 v _246_/C (sky130_fd_sc_hd__and3b_1)
     1    0.00    0.03    0.17    1.16 v _246_/X (sky130_fd_sc_hd__and3b_1)
                                         _088_ (net)
                  0.03    0.00    1.16 v _247_/A (sky130_fd_sc_hd__buf_2)
     7    0.02    0.05    0.14    1.30 v _247_/X (sky130_fd_sc_hd__buf_2)
                                         _089_ (net)
                  0.05    0.00    1.30 v _248_/B (sky130_fd_sc_hd__or2_1)
     1    0.00    0.04    0.20    1.49 v _248_/X (sky130_fd_sc_hd__or2_1)
                                         _090_ (net)
                  0.04    0.00    1.49 v _249_/A (sky130_fd_sc_hd__clkbuf_2)
     5    0.01    0.05    0.12    1.62 v _249_/X (sky130_fd_sc_hd__clkbuf_2)
                                         _091_ (net)
                  0.05    0.00    1.62 v _266_/A2 (sky130_fd_sc_hd__a21o_1)
     2    0.00    0.04    0.18    1.80 v _266_/X (sky130_fd_sc_hd__a21o_1)
                                         _108_ (net)
                  0.04    0.00    1.80 v _268_/B (sky130_fd_sc_hd__or3_2)
     2    0.01    0.09    0.46    2.25 v _268_/X (sky130_fd_sc_hd__or3_2)
                                         _110_ (net)
                  0.09    0.00    2.25 v _312_/A2 (sky130_fd_sc_hd__a21oi_2)
     3    0.01    0.14    0.19    2.44 ^ _312_/Y (sky130_fd_sc_hd__a21oi_2)
                                         _154_ (net)
                  0.14    0.00    2.44 ^ _319_/A2 (sky130_fd_sc_hd__o21ai_2)
     3    0.01    0.06    0.08    2.52 v _319_/Y (sky130_fd_sc_hd__o21ai_2)
                                         _161_ (net)
                  0.06    0.00    2.52 v _373_/A1 (sky130_fd_sc_hd__a21oi_2)
     3    0.00    0.10    0.12    2.64 ^ _373_/Y (sky130_fd_sc_hd__a21oi_2)
                                         _204_ (net)
                  0.10    0.00    2.64 ^ _381_/B (sky130_fd_sc_hd__and2b_1)
     1    0.00    0.04    0.12    2.77 ^ _381_/X (sky130_fd_sc_hd__and2b_1)
                                         _212_ (net)
                  0.04    0.00    2.77 ^ _382_/B (sky130_fd_sc_hd__nor2_1)
     4    0.01    0.04    0.05    2.82 v _382_/Y (sky130_fd_sc_hd__nor2_1)
                                         _213_ (net)
                  0.04    0.00    2.82 v _383_/A1 (sky130_fd_sc_hd__mux2_1)
     1    0.00    0.05    0.28    3.09 v _383_/X (sky130_fd_sc_hd__mux2_1)
                                         _214_ (net)
                  0.05    0.00    3.09 v _384_/A (sky130_fd_sc_hd__buf_1)
     1    0.00    0.02    0.08    3.18 v _384_/X (sky130_fd_sc_hd__buf_1)
                                         _007_ (net)
                  0.02    0.00    3.18 v _441_/D (sky130_fd_sc_hd__dfxtp_1)
                                  3.18   data arrival time

                         10.00   10.00   clock CLK100MHZ (rise edge)
                          0.00   10.00   clock source latency
     1    0.01    0.00    0.00   10.00 ^ CLK100MHZ (in)
                                         CLK100MHZ (net)
                  0.00    0.00   10.00 ^ clkbuf_0_CLK100MHZ/A (sky130_fd_sc_hd__clkbuf_16)
     2    0.02    0.04    0.11   10.11 ^ clkbuf_0_CLK100MHZ/X (sky130_fd_sc_hd__clkbuf_16)
                                         clknet_0_CLK100MHZ (net)
                  0.04    0.00   10.11 ^ clkbuf_1_0__f_CLK100MHZ/A (sky130_fd_sc_hd__clkbuf_16)
    16    0.03    0.05    0.13   10.24 ^ clkbuf_1_0__f_CLK100MHZ/X (sky130_fd_sc_hd__clkbuf_16)
                                         clknet_1_0__leaf_CLK100MHZ (net)
                  0.05    0.00   10.24 ^ _441_/CLK (sky130_fd_sc_hd__dfxtp_1)
                         -0.20   10.04   clock uncertainty
                          0.00   10.04   clock reconvergence pessimism
                         -0.10    9.94   library setup time
                                  9.94   data required time
-----------------------------------------------------------------------------
                                  9.94   data required time
                                 -3.18   data arrival time
-----------------------------------------------------------------------------
                                  6.76   slack (MET)


Startpoint: _462_ (rising edge-triggered flip-flop clocked by CLK100MHZ)
Endpoint: _451_ (rising edge-triggered flip-flop clocked by CLK100MHZ)
Path Group: CLK100MHZ
Path Type: max

Fanout     Cap    Slew   Delay    Time   Description
-----------------------------------------------------------------------------
                          0.00    0.00   clock CLK100MHZ (rise edge)
                          0.00    0.00   clock source latency
     1    0.01    0.00    0.00    0.00 ^ CLK100MHZ (in)
                                         CLK100MHZ (net)
                  0.00    0.00    0.00 ^ clkbuf_0_CLK100MHZ/A (sky130_fd_sc_hd__clkbuf_16)
     2    0.02    0.04    0.11    0.11 ^ clkbuf_0_CLK100MHZ/X (sky130_fd_sc_hd__clkbuf_16)
                                         clknet_0_CLK100MHZ (net)
                  0.04    0.00    0.11 ^ clkbuf_1_1__f_CLK100MHZ/A (sky130_fd_sc_hd__clkbuf_16)
    13    0.03    0.05    0.13    0.24 ^ clkbuf_1_1__f_CLK100MHZ/X (sky130_fd_sc_hd__clkbuf_16)
                                         clknet_1_1__leaf_CLK100MHZ (net)
                  0.05    0.00    0.24 ^ _462_/CLK (sky130_fd_sc_hd__dfrtp_2)
     4    0.01    0.06    0.41    0.65 v _462_/Q (sky130_fd_sc_hd__dfrtp_2)
                                         imem.address[0] (net)
                  0.06    0.00    0.65 v _221_/A (sky130_fd_sc_hd__clkbuf_4)
    10    0.02    0.06    0.17    0.82 v _221_/X (sky130_fd_sc_hd__clkbuf_4)
                                         _066_ (net)
                  0.06    0.00    0.82 v _222_/A (sky130_fd_sc_hd__clkbuf_4)
     9    0.02    0.05    0.17    0.99 v _222_/X (sky130_fd_sc_hd__clkbuf_4)
                                         _067_ (net)
                  0.05    0.00    0.99 v _246_/C (sky130_fd_sc_hd__and3b_1)
     1    0.00    0.03    0.17    1.16 v _246_/X (sky130_fd_sc_hd__and3b_1)
                                         _088_ (net)
                  0.03    0.00    1.16 v _247_/A (sky130_fd_sc_hd__buf_2)
     7    0.02    0.05    0.14    1.30 v _247_/X (sky130_fd_sc_hd__buf_2)
                                         _089_ (net)
                  0.05    0.00    1.30 v _248_/B (sky130_fd_sc_hd__or2_1)
     1    0.00    0.04    0.20    1.49 v _248_/X (sky130_fd_sc_hd__or2_1)
                                         _090_ (net)
                  0.04    0.00    1.49 v _249_/A (sky130_fd_sc_hd__clkbuf_2)
     5    0.01    0.05    0.12    1.62 v _249_/X (sky130_fd_sc_hd__clkbuf_2)
                                         _091_ (net)
                  0.05    0.00    1.62 v _266_/A2 (sky130_fd_sc_hd__a21o_1)
     2    0.00    0.04    0.18    1.80 v _266_/X (sky130_fd_sc_hd__a21o_1)
                                         _108_ (net)
                  0.04    0.00    1.80 v _268_/B (sky130_fd_sc_hd__or3_2)
     2    0.01    0.09    0.46    2.25 v _268_/X (sky130_fd_sc_hd__or3_2)
                                         _110_ (net)
                  0.09    0.00    2.25 v _312_/A2 (sky130_fd_sc_hd__a21oi_2)
     3    0.01    0.14    0.19    2.44 ^ _312_/Y (sky130_fd_sc_hd__a21oi_2)
                                         _154_ (net)
                  0.14    0.00    2.44 ^ _319_/A2 (sky130_fd_sc_hd__o21ai_2)
     3    0.01    0.06    0.08    2.52 v _319_/Y (sky130_fd_sc_hd__o21ai_2)
                                         _161_ (net)
                  0.06    0.00    2.52 v _373_/A1 (sky130_fd_sc_hd__a21oi_2)
     3    0.00    0.10    0.12    2.64 ^ _373_/Y (sky130_fd_sc_hd__a21oi_2)
                                         _204_ (net)
                  0.10    0.00    2.64 ^ _381_/B (sky130_fd_sc_hd__and2b_1)
     1    0.00    0.04    0.12    2.77 ^ _381_/X (sky130_fd_sc_hd__and2b_1)
                                         _212_ (net)
                  0.04    0.00    2.77 ^ _382_/B (sky130_fd_sc_hd__nor2_1)
     4    0.01    0.04    0.05    2.82 v _382_/Y (sky130_fd_sc_hd__nor2_1)
                                         _213_ (net)
                  0.04    0.00    2.82 v _408_/A0 (sky130_fd_sc_hd__mux2_1)
     1    0.00    0.05    0.27    3.08 v _408_/X (sky130_fd_sc_hd__mux2_1)
                                         _045_ (net)
                  0.05    0.00    3.08 v _409_/A (sky130_fd_sc_hd__clkbuf_1)
     1    0.00    0.02    0.08    3.17 v _409_/X (sky130_fd_sc_hd__clkbuf_1)
                                         _017_ (net)
                  0.02    0.00    3.17 v _451_/D (sky130_fd_sc_hd__dfxtp_1)
                                  3.17   data arrival time

                         10.00   10.00   clock CLK100MHZ (rise edge)
                          0.00   10.00   clock source latency
     1    0.01    0.00    0.00   10.00 ^ CLK100MHZ (in)
                                         CLK100MHZ (net)
                  0.00    0.00   10.00 ^ clkbuf_0_CLK100MHZ/A (sky130_fd_sc_hd__clkbuf_16)
     2    0.02    0.04    0.11   10.11 ^ clkbuf_0_CLK100MHZ/X (sky130_fd_sc_hd__clkbuf_16)
                                         clknet_0_CLK100MHZ (net)
                  0.04    0.00   10.11 ^ clkbuf_1_0__f_CLK100MHZ/A (sky130_fd_sc_hd__clkbuf_16)
    16    0.03    0.05    0.13   10.24 ^ clkbuf_1_0__f_CLK100MHZ/X (sky130_fd_sc_hd__clkbuf_16)
                                         clknet_1_0__leaf_CLK100MHZ (net)
                  0.05    0.00   10.24 ^ _451_/CLK (sky130_fd_sc_hd__dfxtp_1)
                         -0.20   10.04   clock uncertainty
                          0.00   10.04   clock reconvergence pessimism
                         -0.10    9.94   library setup time
                                  9.94   data required time
-----------------------------------------------------------------------------
                                  9.94   data required time
                                 -3.17   data arrival time
-----------------------------------------------------------------------------
                                  6.77   slack (MET)


Startpoint: _462_ (rising edge-triggered flip-flop clocked by CLK100MHZ)
Endpoint: _458_ (rising edge-triggered flip-flop clocked by CLK100MHZ)
Path Group: CLK100MHZ
Path Type: max

Fanout     Cap    Slew   Delay    Time   Description
-----------------------------------------------------------------------------
                          0.00    0.00   clock CLK100MHZ (rise edge)
                          0.00    0.00   clock source latency
     1    0.01    0.00    0.00    0.00 ^ CLK100MHZ (in)
                                         CLK100MHZ (net)
                  0.00    0.00    0.00 ^ clkbuf_0_CLK100MHZ/A (sky130_fd_sc_hd__clkbuf_16)
     2    0.02    0.04    0.11    0.11 ^ clkbuf_0_CLK100MHZ/X (sky130_fd_sc_hd__clkbuf_16)
                                         clknet_0_CLK100MHZ (net)
                  0.04    0.00    0.11 ^ clkbuf_1_1__f_CLK100MHZ/A (sky130_fd_sc_hd__clkbuf_16)
    13    0.03    0.05    0.13    0.24 ^ clkbuf_1_1__f_CLK100MHZ/X (sky130_fd_sc_hd__clkbuf_16)
                                         clknet_1_1__leaf_CLK100MHZ (net)
                  0.05    0.00    0.24 ^ _462_/CLK (sky130_fd_sc_hd__dfrtp_2)
     4    0.01    0.06    0.41    0.65 v _462_/Q (sky130_fd_sc_hd__dfrtp_2)
                                         imem.address[0] (net)
                  0.06    0.00    0.65 v _221_/A (sky130_fd_sc_hd__clkbuf_4)
    10    0.02    0.06    0.17    0.82 v _221_/X (sky130_fd_sc_hd__clkbuf_4)
                                         _066_ (net)
                  0.06    0.00    0.82 v _222_/A (sky130_fd_sc_hd__clkbuf_4)
     9    0.02    0.05    0.17    0.99 v _222_/X (sky130_fd_sc_hd__clkbuf_4)
                                         _067_ (net)
                  0.05    0.00    0.99 v _246_/C (sky130_fd_sc_hd__and3b_1)
     1    0.00    0.03    0.17    1.16 v _246_/X (sky130_fd_sc_hd__and3b_1)
                                         _088_ (net)
                  0.03    0.00    1.16 v _247_/A (sky130_fd_sc_hd__buf_2)
     7    0.02    0.05    0.14    1.30 v _247_/X (sky130_fd_sc_hd__buf_2)
                                         _089_ (net)
                  0.05    0.00    1.30 v _248_/B (sky130_fd_sc_hd__or2_1)
     1    0.00    0.04    0.20    1.49 v _248_/X (sky130_fd_sc_hd__or2_1)
                                         _090_ (net)
                  0.04    0.00    1.49 v _249_/A (sky130_fd_sc_hd__clkbuf_2)
     5    0.01    0.05    0.12    1.62 v _249_/X (sky130_fd_sc_hd__clkbuf_2)
                                         _091_ (net)
                  0.05    0.00    1.62 v _266_/A2 (sky130_fd_sc_hd__a21o_1)
     2    0.00    0.04    0.18    1.80 v _266_/X (sky130_fd_sc_hd__a21o_1)
                                         _108_ (net)
                  0.04    0.00    1.80 v _268_/B (sky130_fd_sc_hd__or3_2)
     2    0.01    0.09    0.46    2.25 v _268_/X (sky130_fd_sc_hd__or3_2)
                                         _110_ (net)
                  0.09    0.00    2.25 v _269_/B_N (sky130_fd_sc_hd__or2b_1)
     2    0.01    0.07    0.19    2.44 ^ _269_/X (sky130_fd_sc_hd__or2b_1)
                                         _111_ (net)
                  0.07    0.00    2.44 ^ _272_/A2 (sky130_fd_sc_hd__a21oi_2)
     1    0.00    0.05    0.06    2.50 v _272_/Y (sky130_fd_sc_hd__a21oi_2)
                                         _114_ (net)
                  0.05    0.00    2.50 v _296_/A2 (sky130_fd_sc_hd__a22o_4)
     9    0.02    0.07    0.29    2.79 v _296_/X (sky130_fd_sc_hd__a22o_4)
                                         _138_ (net)
                  0.07    0.00    2.79 v _426_/A1 (sky130_fd_sc_hd__mux2_1)
     1    0.00    0.05    0.29    3.07 v _426_/X (sky130_fd_sc_hd__mux2_1)
                                         _056_ (net)
                  0.05    0.00    3.07 v _427_/A (sky130_fd_sc_hd__clkbuf_1)
     1    0.00    0.02    0.08    3.16 v _427_/X (sky130_fd_sc_hd__clkbuf_1)
                                         _024_ (net)
                  0.02    0.00    3.16 v _458_/D (sky130_fd_sc_hd__dfxtp_1)
                                  3.16   data arrival time

                         10.00   10.00   clock CLK100MHZ (rise edge)
                          0.00   10.00   clock source latency
     1    0.01    0.00    0.00   10.00 ^ CLK100MHZ (in)
                                         CLK100MHZ (net)
                  0.00    0.00   10.00 ^ clkbuf_0_CLK100MHZ/A (sky130_fd_sc_hd__clkbuf_16)
     2    0.02    0.04    0.11   10.11 ^ clkbuf_0_CLK100MHZ/X (sky130_fd_sc_hd__clkbuf_16)
                                         clknet_0_CLK100MHZ (net)
                  0.04    0.00   10.11 ^ clkbuf_1_1__f_CLK100MHZ/A (sky130_fd_sc_hd__clkbuf_16)
    13    0.03    0.05    0.13   10.24 ^ clkbuf_1_1__f_CLK100MHZ/X (sky130_fd_sc_hd__clkbuf_16)
                                         clknet_1_1__leaf_CLK100MHZ (net)
                  0.05    0.00   10.24 ^ _458_/CLK (sky130_fd_sc_hd__dfxtp_1)
                         -0.20   10.04   clock uncertainty
                          0.00   10.04   clock reconvergence pessimism
                         -0.10    9.94   library setup time
                                  9.94   data required time
-----------------------------------------------------------------------------
                                  9.94   data required time
                                 -3.16   data arrival time
-----------------------------------------------------------------------------
                                  6.78   slack (MET)


Startpoint: _462_ (rising edge-triggered flip-flop clocked by CLK100MHZ)
Endpoint: _438_ (rising edge-triggered flip-flop clocked by CLK100MHZ)
Path Group: CLK100MHZ
Path Type: max

Fanout     Cap    Slew   Delay    Time   Description
-----------------------------------------------------------------------------
                          0.00    0.00   clock CLK100MHZ (rise edge)
                          0.00    0.00   clock source latency
     1    0.01    0.00    0.00    0.00 ^ CLK100MHZ (in)
                                         CLK100MHZ (net)
                  0.00    0.00    0.00 ^ clkbuf_0_CLK100MHZ/A (sky130_fd_sc_hd__clkbuf_16)
     2    0.02    0.04    0.11    0.11 ^ clkbuf_0_CLK100MHZ/X (sky130_fd_sc_hd__clkbuf_16)
                                         clknet_0_CLK100MHZ (net)
                  0.04    0.00    0.11 ^ clkbuf_1_1__f_CLK100MHZ/A (sky130_fd_sc_hd__clkbuf_16)
    13    0.03    0.05    0.13    0.24 ^ clkbuf_1_1__f_CLK100MHZ/X (sky130_fd_sc_hd__clkbuf_16)
                                         clknet_1_1__leaf_CLK100MHZ (net)
                  0.05    0.00    0.24 ^ _462_/CLK (sky130_fd_sc_hd__dfrtp_2)
     4    0.01    0.06    0.41    0.65 v _462_/Q (sky130_fd_sc_hd__dfrtp_2)
                                         imem.address[0] (net)
                  0.06    0.00    0.65 v _221_/A (sky130_fd_sc_hd__clkbuf_4)
    10    0.02    0.06    0.17    0.82 v _221_/X (sky130_fd_sc_hd__clkbuf_4)
                                         _066_ (net)
                  0.06    0.00    0.82 v _222_/A (sky130_fd_sc_hd__clkbuf_4)
     9    0.02    0.05    0.17    0.99 v _222_/X (sky130_fd_sc_hd__clkbuf_4)
                                         _067_ (net)
                  0.05    0.00    0.99 v _246_/C (sky130_fd_sc_hd__and3b_1)
     1    0.00    0.03    0.17    1.16 v _246_/X (sky130_fd_sc_hd__and3b_1)
                                         _088_ (net)
                  0.03    0.00    1.16 v _247_/A (sky130_fd_sc_hd__buf_2)
     7    0.02    0.05    0.14    1.30 v _247_/X (sky130_fd_sc_hd__buf_2)
                                         _089_ (net)
                  0.05    0.00    1.30 v _248_/B (sky130_fd_sc_hd__or2_1)
     1    0.00    0.04    0.20    1.49 v _248_/X (sky130_fd_sc_hd__or2_1)
                                         _090_ (net)
                  0.04    0.00    1.49 v _249_/A (sky130_fd_sc_hd__clkbuf_2)
     5    0.01    0.05    0.12    1.62 v _249_/X (sky130_fd_sc_hd__clkbuf_2)
                                         _091_ (net)
                  0.05    0.00    1.62 v _266_/A2 (sky130_fd_sc_hd__a21o_1)
     2    0.00    0.04    0.18    1.80 v _266_/X (sky130_fd_sc_hd__a21o_1)
                                         _108_ (net)
                  0.04    0.00    1.80 v _268_/B (sky130_fd_sc_hd__or3_2)
     2    0.01    0.09    0.46    2.25 v _268_/X (sky130_fd_sc_hd__or3_2)
                                         _110_ (net)
                  0.09    0.00    2.25 v _269_/B_N (sky130_fd_sc_hd__or2b_1)
     2    0.01    0.07    0.19    2.44 ^ _269_/X (sky130_fd_sc_hd__or2b_1)
                                         _111_ (net)
                  0.07    0.00    2.44 ^ _272_/A2 (sky130_fd_sc_hd__a21oi_2)
     1    0.00    0.05    0.06    2.50 v _272_/Y (sky130_fd_sc_hd__a21oi_2)
                                         _114_ (net)
                  0.05    0.00    2.50 v _296_/A2 (sky130_fd_sc_hd__a22o_4)
     9    0.02    0.07    0.29    2.79 v _296_/X (sky130_fd_sc_hd__a22o_4)
                                         _138_ (net)
                  0.07    0.00    2.79 v _367_/A1 (sky130_fd_sc_hd__mux2_1)
     1    0.00    0.05    0.29    3.07 v _367_/X (sky130_fd_sc_hd__mux2_1)
                                         _201_ (net)
                  0.05    0.00    3.07 v _368_/A (sky130_fd_sc_hd__clkbuf_1)
     1    0.00    0.02    0.08    3.16 v _368_/X (sky130_fd_sc_hd__clkbuf_1)
                                         _004_ (net)
                  0.02    0.00    3.16 v _438_/D (sky130_fd_sc_hd__dfxtp_1)
                                  3.16   data arrival time

                         10.00   10.00   clock CLK100MHZ (rise edge)
                          0.00   10.00   clock source latency
     1    0.01    0.00    0.00   10.00 ^ CLK100MHZ (in)
                                         CLK100MHZ (net)
                  0.00    0.00   10.00 ^ clkbuf_0_CLK100MHZ/A (sky130_fd_sc_hd__clkbuf_16)
     2    0.02    0.04    0.11   10.11 ^ clkbuf_0_CLK100MHZ/X (sky130_fd_sc_hd__clkbuf_16)
                                         clknet_0_CLK100MHZ (net)
                  0.04    0.00   10.11 ^ clkbuf_1_1__f_CLK100MHZ/A (sky130_fd_sc_hd__clkbuf_16)
    13    0.03    0.05    0.13   10.24 ^ clkbuf_1_1__f_CLK100MHZ/X (sky130_fd_sc_hd__clkbuf_16)
                                         clknet_1_1__leaf_CLK100MHZ (net)
                  0.05    0.00   10.24 ^ _438_/CLK (sky130_fd_sc_hd__dfxtp_1)
                         -0.20   10.04   clock uncertainty
                          0.00   10.04   clock reconvergence pessimism
                         -0.10    9.94   library setup time
                                  9.94   data required time
-----------------------------------------------------------------------------
                                  9.94   data required time
                                 -3.16   data arrival time
-----------------------------------------------------------------------------
                                  6.78   slack (MET)


Startpoint: _462_ (rising edge-triggered flip-flop clocked by CLK100MHZ)
Endpoint: _443_ (rising edge-triggered flip-flop clocked by CLK100MHZ)
Path Group: CLK100MHZ
Path Type: max

Fanout     Cap    Slew   Delay    Time   Description
-----------------------------------------------------------------------------
                          0.00    0.00   clock CLK100MHZ (rise edge)
                          0.00    0.00   clock source latency
     1    0.01    0.00    0.00    0.00 ^ CLK100MHZ (in)
                                         CLK100MHZ (net)
                  0.00    0.00    0.00 ^ clkbuf_0_CLK100MHZ/A (sky130_fd_sc_hd__clkbuf_16)
     2    0.02    0.04    0.11    0.11 ^ clkbuf_0_CLK100MHZ/X (sky130_fd_sc_hd__clkbuf_16)
                                         clknet_0_CLK100MHZ (net)
                  0.04    0.00    0.11 ^ clkbuf_1_1__f_CLK100MHZ/A (sky130_fd_sc_hd__clkbuf_16)
    13    0.03    0.05    0.13    0.24 ^ clkbuf_1_1__f_CLK100MHZ/X (sky130_fd_sc_hd__clkbuf_16)
                                         clknet_1_1__leaf_CLK100MHZ (net)
                  0.05    0.00    0.24 ^ _462_/CLK (sky130_fd_sc_hd__dfrtp_2)
     4    0.01    0.06    0.41    0.65 v _462_/Q (sky130_fd_sc_hd__dfrtp_2)
                                         imem.address[0] (net)
                  0.06    0.00    0.65 v _221_/A (sky130_fd_sc_hd__clkbuf_4)
    10    0.02    0.06    0.17    0.82 v _221_/X (sky130_fd_sc_hd__clkbuf_4)
                                         _066_ (net)
                  0.06    0.00    0.82 v _222_/A (sky130_fd_sc_hd__clkbuf_4)
     9    0.02    0.05    0.17    0.99 v _222_/X (sky130_fd_sc_hd__clkbuf_4)
                                         _067_ (net)
                  0.05    0.00    0.99 v _246_/C (sky130_fd_sc_hd__and3b_1)
     1    0.00    0.03    0.17    1.16 v _246_/X (sky130_fd_sc_hd__and3b_1)
                                         _088_ (net)
                  0.03    0.00    1.16 v _247_/A (sky130_fd_sc_hd__buf_2)
     7    0.02    0.05    0.14    1.30 v _247_/X (sky130_fd_sc_hd__buf_2)
                                         _089_ (net)
                  0.05    0.00    1.30 v _248_/B (sky130_fd_sc_hd__or2_1)
     1    0.00    0.04    0.20    1.49 v _248_/X (sky130_fd_sc_hd__or2_1)
                                         _090_ (net)
                  0.04    0.00    1.49 v _249_/A (sky130_fd_sc_hd__clkbuf_2)
     5    0.01    0.05    0.12    1.62 v _249_/X (sky130_fd_sc_hd__clkbuf_2)
                                         _091_ (net)
                  0.05    0.00    1.62 v _266_/A2 (sky130_fd_sc_hd__a21o_1)
     2    0.00    0.04    0.18    1.80 v _266_/X (sky130_fd_sc_hd__a21o_1)
                                         _108_ (net)
                  0.04    0.00    1.80 v _268_/B (sky130_fd_sc_hd__or3_2)
     2    0.01    0.09    0.46    2.25 v _268_/X (sky130_fd_sc_hd__or3_2)
                                         _110_ (net)
                  0.09    0.00    2.25 v _269_/B_N (sky130_fd_sc_hd__or2b_1)
     2    0.01    0.07    0.19    2.44 ^ _269_/X (sky130_fd_sc_hd__or2b_1)
                                         _111_ (net)
                  0.07    0.00    2.44 ^ _272_/A2 (sky130_fd_sc_hd__a21oi_2)
     1    0.00    0.05    0.06    2.50 v _272_/Y (sky130_fd_sc_hd__a21oi_2)
                                         _114_ (net)
                  0.05    0.00    2.50 v _296_/A2 (sky130_fd_sc_hd__a22o_4)
     9    0.02    0.07    0.29    2.79 v _296_/X (sky130_fd_sc_hd__a22o_4)
                                         _138_ (net)
                  0.07    0.00    2.79 v _389_/A1 (sky130_fd_sc_hd__mux2_1)
     1    0.00    0.05    0.29    3.07 v _389_/X (sky130_fd_sc_hd__mux2_1)
                                         _034_ (net)
                  0.05    0.00    3.07 v _390_/A (sky130_fd_sc_hd__buf_1)
     1    0.00    0.02    0.08    3.16 v _390_/X (sky130_fd_sc_hd__buf_1)
                                         _009_ (net)
                  0.02    0.00    3.16 v _443_/D (sky130_fd_sc_hd__dfxtp_1)
                                  3.16   data arrival time

                         10.00   10.00   clock CLK100MHZ (rise edge)
                          0.00   10.00   clock source latency
     1    0.01    0.00    0.00   10.00 ^ CLK100MHZ (in)
                                         CLK100MHZ (net)
                  0.00    0.00   10.00 ^ clkbuf_0_CLK100MHZ/A (sky130_fd_sc_hd__clkbuf_16)
     2    0.02    0.04    0.11   10.11 ^ clkbuf_0_CLK100MHZ/X (sky130_fd_sc_hd__clkbuf_16)
                                         clknet_0_CLK100MHZ (net)
                  0.04    0.00   10.11 ^ clkbuf_1_0__f_CLK100MHZ/A (sky130_fd_sc_hd__clkbuf_16)
    16    0.03    0.05    0.13   10.24 ^ clkbuf_1_0__f_CLK100MHZ/X (sky130_fd_sc_hd__clkbuf_16)
                                         clknet_1_0__leaf_CLK100MHZ (net)
                  0.05    0.00   10.24 ^ _443_/CLK (sky130_fd_sc_hd__dfxtp_1)
                         -0.20   10.04   clock uncertainty
                          0.00   10.04   clock reconvergence pessimism
                         -0.10    9.94   library setup time
                                  9.94   data required time
-----------------------------------------------------------------------------
                                  9.94   data required time
                                 -3.16   data arrival time
-----------------------------------------------------------------------------
                                  6.78   slack (MET)


Startpoint: _462_ (rising edge-triggered flip-flop clocked by CLK100MHZ)
Endpoint: _448_ (rising edge-triggered flip-flop clocked by CLK100MHZ)
Path Group: CLK100MHZ
Path Type: max

Fanout     Cap    Slew   Delay    Time   Description
-----------------------------------------------------------------------------
                          0.00    0.00   clock CLK100MHZ (rise edge)
                          0.00    0.00   clock source latency
     1    0.01    0.00    0.00    0.00 ^ CLK100MHZ (in)
                                         CLK100MHZ (net)
                  0.00    0.00    0.00 ^ clkbuf_0_CLK100MHZ/A (sky130_fd_sc_hd__clkbuf_16)
     2    0.02    0.04    0.11    0.11 ^ clkbuf_0_CLK100MHZ/X (sky130_fd_sc_hd__clkbuf_16)
                                         clknet_0_CLK100MHZ (net)
                  0.04    0.00    0.11 ^ clkbuf_1_1__f_CLK100MHZ/A (sky130_fd_sc_hd__clkbuf_16)
    13    0.03    0.05    0.13    0.24 ^ clkbuf_1_1__f_CLK100MHZ/X (sky130_fd_sc_hd__clkbuf_16)
                                         clknet_1_1__leaf_CLK100MHZ (net)
                  0.05    0.00    0.24 ^ _462_/CLK (sky130_fd_sc_hd__dfrtp_2)
     4    0.01    0.06    0.41    0.65 v _462_/Q (sky130_fd_sc_hd__dfrtp_2)
                                         imem.address[0] (net)
                  0.06    0.00    0.65 v _221_/A (sky130_fd_sc_hd__clkbuf_4)
    10    0.02    0.06    0.17    0.82 v _221_/X (sky130_fd_sc_hd__clkbuf_4)
                                         _066_ (net)
                  0.06    0.00    0.82 v _222_/A (sky130_fd_sc_hd__clkbuf_4)
     9    0.02    0.05    0.17    0.99 v _222_/X (sky130_fd_sc_hd__clkbuf_4)
                                         _067_ (net)
                  0.05    0.00    0.99 v _246_/C (sky130_fd_sc_hd__and3b_1)
     1    0.00    0.03    0.17    1.16 v _246_/X (sky130_fd_sc_hd__and3b_1)
                                         _088_ (net)
                  0.03    0.00    1.16 v _247_/A (sky130_fd_sc_hd__buf_2)
     7    0.02    0.05    0.14    1.30 v _247_/X (sky130_fd_sc_hd__buf_2)
                                         _089_ (net)
                  0.05    0.00    1.30 v _248_/B (sky130_fd_sc_hd__or2_1)
     1    0.00    0.04    0.20    1.49 v _248_/X (sky130_fd_sc_hd__or2_1)
                                         _090_ (net)
                  0.04    0.00    1.49 v _249_/A (sky130_fd_sc_hd__clkbuf_2)
     5    0.01    0.05    0.12    1.62 v _249_/X (sky130_fd_sc_hd__clkbuf_2)
                                         _091_ (net)
                  0.05    0.00    1.62 v _266_/A2 (sky130_fd_sc_hd__a21o_1)
     2    0.00    0.04    0.18    1.80 v _266_/X (sky130_fd_sc_hd__a21o_1)
                                         _108_ (net)
                  0.04    0.00    1.80 v _268_/B (sky130_fd_sc_hd__or3_2)
     2    0.01    0.09    0.46    2.25 v _268_/X (sky130_fd_sc_hd__or3_2)
                                         _110_ (net)
                  0.09    0.00    2.25 v _269_/B_N (sky130_fd_sc_hd__or2b_1)
     2    0.01    0.07    0.19    2.44 ^ _269_/X (sky130_fd_sc_hd__or2b_1)
                                         _111_ (net)
                  0.07    0.00    2.44 ^ _272_/A2 (sky130_fd_sc_hd__a21oi_2)
     1    0.00    0.05    0.06    2.50 v _272_/Y (sky130_fd_sc_hd__a21oi_2)
                                         _114_ (net)
                  0.05    0.00    2.50 v _296_/A2 (sky130_fd_sc_hd__a22o_4)
     9    0.02    0.07    0.29    2.79 v _296_/X (sky130_fd_sc_hd__a22o_4)
                                         _138_ (net)
                  0.07    0.00    2.79 v _402_/A0 (sky130_fd_sc_hd__mux2_1)
     1    0.00    0.05    0.28    3.06 v _402_/X (sky130_fd_sc_hd__mux2_1)
                                         _042_ (net)
                  0.05    0.00    3.06 v _403_/A (sky130_fd_sc_hd__clkbuf_1)
     1    0.00    0.02    0.08    3.15 v _403_/X (sky130_fd_sc_hd__clkbuf_1)
                                         _014_ (net)
                  0.02    0.00    3.15 v _448_/D (sky130_fd_sc_hd__dfxtp_1)
                                  3.15   data arrival time

                         10.00   10.00   clock CLK100MHZ (rise edge)
                          0.00   10.00   clock source latency
     1    0.01    0.00    0.00   10.00 ^ CLK100MHZ (in)
                                         CLK100MHZ (net)
                  0.00    0.00   10.00 ^ clkbuf_0_CLK100MHZ/A (sky130_fd_sc_hd__clkbuf_16)
     2    0.02    0.04    0.11   10.11 ^ clkbuf_0_CLK100MHZ/X (sky130_fd_sc_hd__clkbuf_16)
                                         clknet_0_CLK100MHZ (net)
                  0.04    0.00   10.11 ^ clkbuf_1_0__f_CLK100MHZ/A (sky130_fd_sc_hd__clkbuf_16)
    16    0.03    0.05    0.13   10.24 ^ clkbuf_1_0__f_CLK100MHZ/X (sky130_fd_sc_hd__clkbuf_16)
                                         clknet_1_0__leaf_CLK100MHZ (net)
                  0.05    0.00   10.24 ^ _448_/CLK (sky130_fd_sc_hd__dfxtp_1)
                         -0.20   10.04   clock uncertainty
                          0.00   10.04   clock reconvergence pessimism
                         -0.10    9.94   library setup time
                                  9.94   data required time
-----------------------------------------------------------------------------
                                  9.94   data required time
                                 -3.15   data arrival time
-----------------------------------------------------------------------------
                                  6.79   slack (MET)


Startpoint: _462_ (rising edge-triggered flip-flop clocked by CLK100MHZ)
Endpoint: _439_ (rising edge-triggered flip-flop clocked by CLK100MHZ)
Path Group: CLK100MHZ
Path Type: max

Fanout     Cap    Slew   Delay    Time   Description
-----------------------------------------------------------------------------
                          0.00    0.00   clock CLK100MHZ (rise edge)
                          0.00    0.00   clock source latency
     1    0.01    0.00    0.00    0.00 ^ CLK100MHZ (in)
                                         CLK100MHZ (net)
                  0.00    0.00    0.00 ^ clkbuf_0_CLK100MHZ/A (sky130_fd_sc_hd__clkbuf_16)
     2    0.02    0.04    0.11    0.11 ^ clkbuf_0_CLK100MHZ/X (sky130_fd_sc_hd__clkbuf_16)
                                         clknet_0_CLK100MHZ (net)
                  0.04    0.00    0.11 ^ clkbuf_1_1__f_CLK100MHZ/A (sky130_fd_sc_hd__clkbuf_16)
    13    0.03    0.05    0.13    0.24 ^ clkbuf_1_1__f_CLK100MHZ/X (sky130_fd_sc_hd__clkbuf_16)
                                         clknet_1_1__leaf_CLK100MHZ (net)
                  0.05    0.00    0.24 ^ _462_/CLK (sky130_fd_sc_hd__dfrtp_2)
     4    0.01    0.06    0.41    0.65 v _462_/Q (sky130_fd_sc_hd__dfrtp_2)
                                         imem.address[0] (net)
                  0.06    0.00    0.65 v _221_/A (sky130_fd_sc_hd__clkbuf_4)
    10    0.02    0.06    0.17    0.82 v _221_/X (sky130_fd_sc_hd__clkbuf_4)
                                         _066_ (net)
                  0.06    0.00    0.82 v _222_/A (sky130_fd_sc_hd__clkbuf_4)
     9    0.02    0.05    0.17    0.99 v _222_/X (sky130_fd_sc_hd__clkbuf_4)
                                         _067_ (net)
                  0.05    0.00    0.99 v _246_/C (sky130_fd_sc_hd__and3b_1)
     1    0.00    0.03    0.17    1.16 v _246_/X (sky130_fd_sc_hd__and3b_1)
                                         _088_ (net)
                  0.03    0.00    1.16 v _247_/A (sky130_fd_sc_hd__buf_2)
     7    0.02    0.05    0.14    1.30 v _247_/X (sky130_fd_sc_hd__buf_2)
                                         _089_ (net)
                  0.05    0.00    1.30 v _248_/B (sky130_fd_sc_hd__or2_1)
     1    0.00    0.04    0.20    1.49 v _248_/X (sky130_fd_sc_hd__or2_1)
                                         _090_ (net)
                  0.04    0.00    1.49 v _249_/A (sky130_fd_sc_hd__clkbuf_2)
     5    0.01    0.05    0.12    1.62 v _249_/X (sky130_fd_sc_hd__clkbuf_2)
                                         _091_ (net)
                  0.05    0.00    1.62 v _266_/A2 (sky130_fd_sc_hd__a21o_1)
     2    0.00    0.04    0.18    1.80 v _266_/X (sky130_fd_sc_hd__a21o_1)
                                         _108_ (net)
                  0.04    0.00    1.80 v _268_/B (sky130_fd_sc_hd__or3_2)
     2    0.01    0.09    0.46    2.25 v _268_/X (sky130_fd_sc_hd__or3_2)
                                         _110_ (net)
                  0.09    0.00    2.25 v _312_/A2 (sky130_fd_sc_hd__a21oi_2)
     3    0.01    0.14    0.19    2.44 ^ _312_/Y (sky130_fd_sc_hd__a21oi_2)
                                         _154_ (net)
                  0.14    0.00    2.44 ^ _314_/A2 (sky130_fd_sc_hd__a21oi_1)
     1    0.00    0.07    0.09    2.53 v _314_/Y (sky130_fd_sc_hd__a21oi_1)
                                         _156_ (net)
                  0.07    0.00    2.53 v _315_/B2 (sky130_fd_sc_hd__a2bb2o_4)
     9    0.02    0.06    0.24    2.77 v _315_/X (sky130_fd_sc_hd__a2bb2o_4)
                                         _157_ (net)
                  0.06    0.00    2.77 v _369_/A1 (sky130_fd_sc_hd__mux2_1)
     1    0.00    0.05    0.28    3.06 v _369_/X (sky130_fd_sc_hd__mux2_1)
                                         _202_ (net)
                  0.05    0.00    3.06 v _370_/A (sky130_fd_sc_hd__clkbuf_1)
     1    0.00    0.02    0.08    3.14 v _370_/X (sky130_fd_sc_hd__clkbuf_1)
                                         _005_ (net)
                  0.02    0.00    3.14 v _439_/D (sky130_fd_sc_hd__dfxtp_1)
                                  3.14   data arrival time

                         10.00   10.00   clock CLK100MHZ (rise edge)
                          0.00   10.00   clock source latency
     1    0.01    0.00    0.00   10.00 ^ CLK100MHZ (in)
                                         CLK100MHZ (net)
                  0.00    0.00   10.00 ^ clkbuf_0_CLK100MHZ/A (sky130_fd_sc_hd__clkbuf_16)
     2    0.02    0.04    0.11   10.11 ^ clkbuf_0_CLK100MHZ/X (sky130_fd_sc_hd__clkbuf_16)
                                         clknet_0_CLK100MHZ (net)
                  0.04    0.00   10.11 ^ clkbuf_1_1__f_CLK100MHZ/A (sky130_fd_sc_hd__clkbuf_16)
    13    0.03    0.05    0.13   10.24 ^ clkbuf_1_1__f_CLK100MHZ/X (sky130_fd_sc_hd__clkbuf_16)
                                         clknet_1_1__leaf_CLK100MHZ (net)
                  0.05    0.00   10.24 ^ _439_/CLK (sky130_fd_sc_hd__dfxtp_1)
                         -0.20   10.04   clock uncertainty
                          0.00   10.04   clock reconvergence pessimism
                         -0.10    9.94   library setup time
                                  9.94   data required time
-----------------------------------------------------------------------------
                                  9.94   data required time
                                 -3.14   data arrival time
-----------------------------------------------------------------------------
                                  6.80   slack (MET)


Startpoint: _462_ (rising edge-triggered flip-flop clocked by CLK100MHZ)
Endpoint: _444_ (rising edge-triggered flip-flop clocked by CLK100MHZ)
Path Group: CLK100MHZ
Path Type: max

Fanout     Cap    Slew   Delay    Time   Description
-----------------------------------------------------------------------------
                          0.00    0.00   clock CLK100MHZ (rise edge)
                          0.00    0.00   clock source latency
     1    0.01    0.00    0.00    0.00 ^ CLK100MHZ (in)
                                         CLK100MHZ (net)
                  0.00    0.00    0.00 ^ clkbuf_0_CLK100MHZ/A (sky130_fd_sc_hd__clkbuf_16)
     2    0.02    0.04    0.11    0.11 ^ clkbuf_0_CLK100MHZ/X (sky130_fd_sc_hd__clkbuf_16)
                                         clknet_0_CLK100MHZ (net)
                  0.04    0.00    0.11 ^ clkbuf_1_1__f_CLK100MHZ/A (sky130_fd_sc_hd__clkbuf_16)
    13    0.03    0.05    0.13    0.24 ^ clkbuf_1_1__f_CLK100MHZ/X (sky130_fd_sc_hd__clkbuf_16)
                                         clknet_1_1__leaf_CLK100MHZ (net)
                  0.05    0.00    0.24 ^ _462_/CLK (sky130_fd_sc_hd__dfrtp_2)
     4    0.01    0.06    0.41    0.65 v _462_/Q (sky130_fd_sc_hd__dfrtp_2)
                                         imem.address[0] (net)
                  0.06    0.00    0.65 v _221_/A (sky130_fd_sc_hd__clkbuf_4)
    10    0.02    0.06    0.17    0.82 v _221_/X (sky130_fd_sc_hd__clkbuf_4)
                                         _066_ (net)
                  0.06    0.00    0.82 v _222_/A (sky130_fd_sc_hd__clkbuf_4)
     9    0.02    0.05    0.17    0.99 v _222_/X (sky130_fd_sc_hd__clkbuf_4)
                                         _067_ (net)
                  0.05    0.00    0.99 v _246_/C (sky130_fd_sc_hd__and3b_1)
     1    0.00    0.03    0.17    1.16 v _246_/X (sky130_fd_sc_hd__and3b_1)
                                         _088_ (net)
                  0.03    0.00    1.16 v _247_/A (sky130_fd_sc_hd__buf_2)
     7    0.02    0.05    0.14    1.30 v _247_/X (sky130_fd_sc_hd__buf_2)
                                         _089_ (net)
                  0.05    0.00    1.30 v _248_/B (sky130_fd_sc_hd__or2_1)
     1    0.00    0.04    0.20    1.49 v _248_/X (sky130_fd_sc_hd__or2_1)
                                         _090_ (net)
                  0.04    0.00    1.49 v _249_/A (sky130_fd_sc_hd__clkbuf_2)
     5    0.01    0.05    0.12    1.62 v _249_/X (sky130_fd_sc_hd__clkbuf_2)
                                         _091_ (net)
                  0.05    0.00    1.62 v _266_/A2 (sky130_fd_sc_hd__a21o_1)
     2    0.00    0.04    0.18    1.80 v _266_/X (sky130_fd_sc_hd__a21o_1)
                                         _108_ (net)
                  0.04    0.00    1.80 v _268_/B (sky130_fd_sc_hd__or3_2)
     2    0.01    0.09    0.46    2.25 v _268_/X (sky130_fd_sc_hd__or3_2)
                                         _110_ (net)
                  0.09    0.00    2.25 v _312_/A2 (sky130_fd_sc_hd__a21oi_2)
     3    0.01    0.14    0.19    2.44 ^ _312_/Y (sky130_fd_sc_hd__a21oi_2)
                                         _154_ (net)
                  0.14    0.00    2.44 ^ _314_/A2 (sky130_fd_sc_hd__a21oi_1)
     1    0.00    0.07    0.09    2.53 v _314_/Y (sky130_fd_sc_hd__a21oi_1)
                                         _156_ (net)
                  0.07    0.00    2.53 v _315_/B2 (sky130_fd_sc_hd__a2bb2o_4)
     9    0.02    0.06    0.24    2.77 v _315_/X (sky130_fd_sc_hd__a2bb2o_4)
                                         _157_ (net)
                  0.06    0.00    2.77 v _391_/A1 (sky130_fd_sc_hd__mux2_1)
     1    0.00    0.05    0.28    3.06 v _391_/X (sky130_fd_sc_hd__mux2_1)
                                         _035_ (net)
                  0.05    0.00    3.06 v _392_/A (sky130_fd_sc_hd__clkbuf_1)
     1    0.00    0.02    0.08    3.14 v _392_/X (sky130_fd_sc_hd__clkbuf_1)
                                         _010_ (net)
                  0.02    0.00    3.14 v _444_/D (sky130_fd_sc_hd__dfxtp_1)
                                  3.14   data arrival time

                         10.00   10.00   clock CLK100MHZ (rise edge)
                          0.00   10.00   clock source latency
     1    0.01    0.00    0.00   10.00 ^ CLK100MHZ (in)
                                         CLK100MHZ (net)
                  0.00    0.00   10.00 ^ clkbuf_0_CLK100MHZ/A (sky130_fd_sc_hd__clkbuf_16)
     2    0.02    0.04    0.11   10.11 ^ clkbuf_0_CLK100MHZ/X (sky130_fd_sc_hd__clkbuf_16)
                                         clknet_0_CLK100MHZ (net)
                  0.04    0.00   10.11 ^ clkbuf_1_1__f_CLK100MHZ/A (sky130_fd_sc_hd__clkbuf_16)
    13    0.03    0.05    0.13   10.24 ^ clkbuf_1_1__f_CLK100MHZ/X (sky130_fd_sc_hd__clkbuf_16)
                                         clknet_1_1__leaf_CLK100MHZ (net)
                  0.05    0.00   10.24 ^ _444_/CLK (sky130_fd_sc_hd__dfxtp_1)
                         -0.20   10.04   clock uncertainty
                          0.00   10.04   clock reconvergence pessimism
                         -0.10    9.94   library setup time
                                  9.94   data required time
-----------------------------------------------------------------------------
                                  9.94   data required time
                                 -3.14   data arrival time
-----------------------------------------------------------------------------
                                  6.80   slack (MET)


Startpoint: _462_ (rising edge-triggered flip-flop clocked by CLK100MHZ)
Endpoint: _459_ (rising edge-triggered flip-flop clocked by CLK100MHZ)
Path Group: CLK100MHZ
Path Type: max

Fanout     Cap    Slew   Delay    Time   Description
-----------------------------------------------------------------------------
                          0.00    0.00   clock CLK100MHZ (rise edge)
                          0.00    0.00   clock source latency
     1    0.01    0.00    0.00    0.00 ^ CLK100MHZ (in)
                                         CLK100MHZ (net)
                  0.00    0.00    0.00 ^ clkbuf_0_CLK100MHZ/A (sky130_fd_sc_hd__clkbuf_16)
     2    0.02    0.04    0.11    0.11 ^ clkbuf_0_CLK100MHZ/X (sky130_fd_sc_hd__clkbuf_16)
                                         clknet_0_CLK100MHZ (net)
                  0.04    0.00    0.11 ^ clkbuf_1_1__f_CLK100MHZ/A (sky130_fd_sc_hd__clkbuf_16)
    13    0.03    0.05    0.13    0.24 ^ clkbuf_1_1__f_CLK100MHZ/X (sky130_fd_sc_hd__clkbuf_16)
                                         clknet_1_1__leaf_CLK100MHZ (net)
                  0.05    0.00    0.24 ^ _462_/CLK (sky130_fd_sc_hd__dfrtp_2)
     4    0.01    0.06    0.41    0.65 v _462_/Q (sky130_fd_sc_hd__dfrtp_2)
                                         imem.address[0] (net)
                  0.06    0.00    0.65 v _221_/A (sky130_fd_sc_hd__clkbuf_4)
    10    0.02    0.06    0.17    0.82 v _221_/X (sky130_fd_sc_hd__clkbuf_4)
                                         _066_ (net)
                  0.06    0.00    0.82 v _222_/A (sky130_fd_sc_hd__clkbuf_4)
     9    0.02    0.05    0.17    0.99 v _222_/X (sky130_fd_sc_hd__clkbuf_4)
                                         _067_ (net)
                  0.05    0.00    0.99 v _246_/C (sky130_fd_sc_hd__and3b_1)
     1    0.00    0.03    0.17    1.16 v _246_/X (sky130_fd_sc_hd__and3b_1)
                                         _088_ (net)
                  0.03    0.00    1.16 v _247_/A (sky130_fd_sc_hd__buf_2)
     7    0.02    0.05    0.14    1.30 v _247_/X (sky130_fd_sc_hd__buf_2)
                                         _089_ (net)
                  0.05    0.00    1.30 v _248_/B (sky130_fd_sc_hd__or2_1)
     1    0.00    0.04    0.20    1.49 v _248_/X (sky130_fd_sc_hd__or2_1)
                                         _090_ (net)
                  0.04    0.00    1.49 v _249_/A (sky130_fd_sc_hd__clkbuf_2)
     5    0.01    0.05    0.12    1.62 v _249_/X (sky130_fd_sc_hd__clkbuf_2)
                                         _091_ (net)
                  0.05    0.00    1.62 v _266_/A2 (sky130_fd_sc_hd__a21o_1)
     2    0.00    0.04    0.18    1.80 v _266_/X (sky130_fd_sc_hd__a21o_1)
                                         _108_ (net)
                  0.04    0.00    1.80 v _268_/B (sky130_fd_sc_hd__or3_2)
     2    0.01    0.09    0.46    2.25 v _268_/X (sky130_fd_sc_hd__or3_2)
                                         _110_ (net)
                  0.09    0.00    2.25 v _312_/A2 (sky130_fd_sc_hd__a21oi_2)
     3    0.01    0.14    0.19    2.44 ^ _312_/Y (sky130_fd_sc_hd__a21oi_2)
                                         _154_ (net)
                  0.14    0.00    2.44 ^ _314_/A2 (sky130_fd_sc_hd__a21oi_1)
     1    0.00    0.07    0.09    2.53 v _314_/Y (sky130_fd_sc_hd__a21oi_1)
                                         _156_ (net)
                  0.07    0.00    2.53 v _315_/B2 (sky130_fd_sc_hd__a2bb2o_4)
     9    0.02    0.06    0.24    2.77 v _315_/X (sky130_fd_sc_hd__a2bb2o_4)
                                         _157_ (net)
                  0.06    0.00    2.77 v _428_/A1 (sky130_fd_sc_hd__mux2_1)
     1    0.00    0.05    0.28    3.06 v _428_/X (sky130_fd_sc_hd__mux2_1)
                                         _057_ (net)
                  0.05    0.00    3.06 v _429_/A (sky130_fd_sc_hd__buf_1)
     1    0.00    0.02    0.08    3.14 v _429_/X (sky130_fd_sc_hd__buf_1)
                                         _025_ (net)
                  0.02    0.00    3.14 v _459_/D (sky130_fd_sc_hd__dfxtp_1)
                                  3.14   data arrival time

                         10.00   10.00   clock CLK100MHZ (rise edge)
                          0.00   10.00   clock source latency
     1    0.01    0.00    0.00   10.00 ^ CLK100MHZ (in)
                                         CLK100MHZ (net)
                  0.00    0.00   10.00 ^ clkbuf_0_CLK100MHZ/A (sky130_fd_sc_hd__clkbuf_16)
     2    0.02    0.04    0.11   10.11 ^ clkbuf_0_CLK100MHZ/X (sky130_fd_sc_hd__clkbuf_16)
                                         clknet_0_CLK100MHZ (net)
                  0.04    0.00   10.11 ^ clkbuf_1_0__f_CLK100MHZ/A (sky130_fd_sc_hd__clkbuf_16)
    16    0.03    0.05    0.13   10.24 ^ clkbuf_1_0__f_CLK100MHZ/X (sky130_fd_sc_hd__clkbuf_16)
                                         clknet_1_0__leaf_CLK100MHZ (net)
                  0.05    0.00   10.24 ^ _459_/CLK (sky130_fd_sc_hd__dfxtp_1)
                         -0.20   10.04   clock uncertainty
                          0.00   10.04   clock reconvergence pessimism
                         -0.10    9.94   library setup time
                                  9.94   data required time
-----------------------------------------------------------------------------
                                  9.94   data required time
                                 -3.14   data arrival time
-----------------------------------------------------------------------------
                                  6.80   slack (MET)


Startpoint: _462_ (rising edge-triggered flip-flop clocked by CLK100MHZ)
Endpoint: _449_ (rising edge-triggered flip-flop clocked by CLK100MHZ)
Path Group: CLK100MHZ
Path Type: max

Fanout     Cap    Slew   Delay    Time   Description
-----------------------------------------------------------------------------
                          0.00    0.00   clock CLK100MHZ (rise edge)
                          0.00    0.00   clock source latency
     1    0.01    0.00    0.00    0.00 ^ CLK100MHZ (in)
                                         CLK100MHZ (net)
                  0.00    0.00    0.00 ^ clkbuf_0_CLK100MHZ/A (sky130_fd_sc_hd__clkbuf_16)
     2    0.02    0.04    0.11    0.11 ^ clkbuf_0_CLK100MHZ/X (sky130_fd_sc_hd__clkbuf_16)
                                         clknet_0_CLK100MHZ (net)
                  0.04    0.00    0.11 ^ clkbuf_1_1__f_CLK100MHZ/A (sky130_fd_sc_hd__clkbuf_16)
    13    0.03    0.05    0.13    0.24 ^ clkbuf_1_1__f_CLK100MHZ/X (sky130_fd_sc_hd__clkbuf_16)
                                         clknet_1_1__leaf_CLK100MHZ (net)
                  0.05    0.00    0.24 ^ _462_/CLK (sky130_fd_sc_hd__dfrtp_2)
     4    0.01    0.06    0.41    0.65 v _462_/Q (sky130_fd_sc_hd__dfrtp_2)
                                         imem.address[0] (net)
                  0.06    0.00    0.65 v _221_/A (sky130_fd_sc_hd__clkbuf_4)
    10    0.02    0.06    0.17    0.82 v _221_/X (sky130_fd_sc_hd__clkbuf_4)
                                         _066_ (net)
                  0.06    0.00    0.82 v _222_/A (sky130_fd_sc_hd__clkbuf_4)
     9    0.02    0.05    0.17    0.99 v _222_/X (sky130_fd_sc_hd__clkbuf_4)
                                         _067_ (net)
                  0.05    0.00    0.99 v _246_/C (sky130_fd_sc_hd__and3b_1)
     1    0.00    0.03    0.17    1.16 v _246_/X (sky130_fd_sc_hd__and3b_1)
                                         _088_ (net)
                  0.03    0.00    1.16 v _247_/A (sky130_fd_sc_hd__buf_2)
     7    0.02    0.05    0.14    1.30 v _247_/X (sky130_fd_sc_hd__buf_2)
                                         _089_ (net)
                  0.05    0.00    1.30 v _248_/B (sky130_fd_sc_hd__or2_1)
     1    0.00    0.04    0.20    1.49 v _248_/X (sky130_fd_sc_hd__or2_1)
                                         _090_ (net)
                  0.04    0.00    1.49 v _249_/A (sky130_fd_sc_hd__clkbuf_2)
     5    0.01    0.05    0.12    1.62 v _249_/X (sky130_fd_sc_hd__clkbuf_2)
                                         _091_ (net)
                  0.05    0.00    1.62 v _266_/A2 (sky130_fd_sc_hd__a21o_1)
     2    0.00    0.04    0.18    1.80 v _266_/X (sky130_fd_sc_hd__a21o_1)
                                         _108_ (net)
                  0.04    0.00    1.80 v _268_/B (sky130_fd_sc_hd__or3_2)
     2    0.01    0.09    0.46    2.25 v _268_/X (sky130_fd_sc_hd__or3_2)
                                         _110_ (net)
                  0.09    0.00    2.25 v _312_/A2 (sky130_fd_sc_hd__a21oi_2)
     3    0.01    0.14    0.19    2.44 ^ _312_/Y (sky130_fd_sc_hd__a21oi_2)
                                         _154_ (net)
                  0.14    0.00    2.44 ^ _314_/A2 (sky130_fd_sc_hd__a21oi_1)
     1    0.00    0.07    0.09    2.53 v _314_/Y (sky130_fd_sc_hd__a21oi_1)
                                         _156_ (net)
                  0.07    0.00    2.53 v _315_/B2 (sky130_fd_sc_hd__a2bb2o_4)
     9    0.02    0.06    0.24    2.77 v _315_/X (sky130_fd_sc_hd__a2bb2o_4)
                                         _157_ (net)
                  0.06    0.00    2.77 v _404_/A0 (sky130_fd_sc_hd__mux2_1)
     1    0.00    0.05    0.27    3.05 v _404_/X (sky130_fd_sc_hd__mux2_1)
                                         _043_ (net)
                  0.05    0.00    3.05 v _405_/A (sky130_fd_sc_hd__buf_1)
     1    0.00    0.02    0.08    3.13 v _405_/X (sky130_fd_sc_hd__buf_1)
                                         _015_ (net)
                  0.02    0.00    3.13 v _449_/D (sky130_fd_sc_hd__dfxtp_1)
                                  3.13   data arrival time

                         10.00   10.00   clock CLK100MHZ (rise edge)
                          0.00   10.00   clock source latency
     1    0.01    0.00    0.00   10.00 ^ CLK100MHZ (in)
                                         CLK100MHZ (net)
                  0.00    0.00   10.00 ^ clkbuf_0_CLK100MHZ/A (sky130_fd_sc_hd__clkbuf_16)
     2    0.02    0.04    0.11   10.11 ^ clkbuf_0_CLK100MHZ/X (sky130_fd_sc_hd__clkbuf_16)
                                         clknet_0_CLK100MHZ (net)
                  0.04    0.00   10.11 ^ clkbuf_1_0__f_CLK100MHZ/A (sky130_fd_sc_hd__clkbuf_16)
    16    0.03    0.05    0.13   10.24 ^ clkbuf_1_0__f_CLK100MHZ/X (sky130_fd_sc_hd__clkbuf_16)
                                         clknet_1_0__leaf_CLK100MHZ (net)
                  0.05    0.00   10.24 ^ _449_/CLK (sky130_fd_sc_hd__dfxtp_1)
                         -0.20   10.04   clock uncertainty
                          0.00   10.04   clock reconvergence pessimism
                         -0.10    9.94   library setup time
                                  9.94   data required time
-----------------------------------------------------------------------------
                                  9.94   data required time
                                 -3.13   data arrival time
-----------------------------------------------------------------------------
                                  6.81   slack (MET)


Startpoint: _464_ (rising edge-triggered flip-flop clocked by CLK100MHZ)
Endpoint: _457_ (rising edge-triggered flip-flop clocked by CLK100MHZ)
Path Group: CLK100MHZ
Path Type: max

Fanout     Cap    Slew   Delay    Time   Description
-----------------------------------------------------------------------------
                          0.00    0.00   clock CLK100MHZ (rise edge)
                          0.00    0.00   clock source latency
     1    0.01    0.00    0.00    0.00 ^ CLK100MHZ (in)
                                         CLK100MHZ (net)
                  0.00    0.00    0.00 ^ clkbuf_0_CLK100MHZ/A (sky130_fd_sc_hd__clkbuf_16)
     2    0.02    0.04    0.11    0.11 ^ clkbuf_0_CLK100MHZ/X (sky130_fd_sc_hd__clkbuf_16)
                                         clknet_0_CLK100MHZ (net)
                  0.04    0.00    0.11 ^ clkbuf_1_0__f_CLK100MHZ/A (sky130_fd_sc_hd__clkbuf_16)
    16    0.03    0.05    0.13    0.24 ^ clkbuf_1_0__f_CLK100MHZ/X (sky130_fd_sc_hd__clkbuf_16)
                                         clknet_1_0__leaf_CLK100MHZ (net)
                  0.05    0.00    0.24 ^ _464_/CLK (sky130_fd_sc_hd__dfrtp_1)
     3    0.01    0.06    0.38    0.62 v _464_/Q (sky130_fd_sc_hd__dfrtp_1)
                                         imem.address[2] (net)
                  0.06    0.00    0.62 v _215_/A (sky130_fd_sc_hd__clkbuf_4)
    10    0.03    0.07    0.18    0.80 v _215_/X (sky130_fd_sc_hd__clkbuf_4)
                                         _060_ (net)
                  0.07    0.00    0.80 v _216_/A (sky130_fd_sc_hd__clkbuf_2)
     5    0.01    0.04    0.13    0.92 v _216_/X (sky130_fd_sc_hd__clkbuf_2)
                                         _061_ (net)
                  0.04    0.00    0.92 v _234_/A (sky130_fd_sc_hd__or2b_2)
     3    0.01    0.08    0.33    1.25 v _234_/X (sky130_fd_sc_hd__or2b_2)
                                         _076_ (net)
                  0.08    0.00    1.25 v _239_/A2 (sky130_fd_sc_hd__a31o_2)
     5    0.02    0.07    0.28    1.53 v _239_/X (sky130_fd_sc_hd__a31o_2)
                                         _081_ (net)
                  0.07    0.00    1.53 v _240_/A (sky130_fd_sc_hd__buf_1)
     3    0.00    0.04    0.11    1.64 v _240_/X (sky130_fd_sc_hd__buf_1)
                                         _082_ (net)
                  0.04    0.00    1.64 v _241_/A (sky130_fd_sc_hd__dlymetal6s2s_1)
     3    0.01    0.06    0.15    1.79 v _241_/X (sky130_fd_sc_hd__dlymetal6s2s_1)
                                         _083_ (net)
                  0.06    0.00    1.79 v _275_/A (sky130_fd_sc_hd__buf_1)
     2    0.00    0.04    0.10    1.89 v _275_/X (sky130_fd_sc_hd__buf_1)
                                         _117_ (net)
                  0.04    0.00    1.89 v _304_/A (sky130_fd_sc_hd__nand2_1)
     2    0.00    0.06    0.06    1.95 ^ _304_/Y (sky130_fd_sc_hd__nand2_1)
                                         _146_ (net)
                  0.06    0.00    1.95 ^ _341_/A2 (sky130_fd_sc_hd__a21oi_1)
     1    0.00    0.04    0.06    2.01 v _341_/Y (sky130_fd_sc_hd__a21oi_1)
                                         _183_ (net)
                  0.04    0.00    2.01 v _342_/B1 (sky130_fd_sc_hd__a31o_2)
     9    0.02    0.08    0.26    2.27 v _342_/X (sky130_fd_sc_hd__a31o_2)
                                         _184_ (net)
                  0.08    0.00    2.27 v _424_/A1 (sky130_fd_sc_hd__mux2_1)
     1    0.00    0.05    0.29    2.56 v _424_/X (sky130_fd_sc_hd__mux2_1)
                                         _055_ (net)
                  0.05    0.00    2.56 v _425_/A (sky130_fd_sc_hd__clkbuf_1)
     1    0.00    0.02    0.08    2.64 v _425_/X (sky130_fd_sc_hd__clkbuf_1)
                                         _023_ (net)
                  0.02    0.00    2.64 v _457_/D (sky130_fd_sc_hd__dfxtp_1)
                                  2.64   data arrival time

                         10.00   10.00   clock CLK100MHZ (rise edge)
                          0.00   10.00   clock source latency
     1    0.01    0.00    0.00   10.00 ^ CLK100MHZ (in)
                                         CLK100MHZ (net)
                  0.00    0.00   10.00 ^ clkbuf_0_CLK100MHZ/A (sky130_fd_sc_hd__clkbuf_16)
     2    0.02    0.04    0.11   10.11 ^ clkbuf_0_CLK100MHZ/X (sky130_fd_sc_hd__clkbuf_16)
                                         clknet_0_CLK100MHZ (net)
                  0.04    0.00   10.11 ^ clkbuf_1_1__f_CLK100MHZ/A (sky130_fd_sc_hd__clkbuf_16)
    13    0.03    0.05    0.13   10.24 ^ clkbuf_1_1__f_CLK100MHZ/X (sky130_fd_sc_hd__clkbuf_16)
                                         clknet_1_1__leaf_CLK100MHZ (net)
                  0.05    0.00   10.24 ^ _457_/CLK (sky130_fd_sc_hd__dfxtp_1)
                         -0.20   10.04   clock uncertainty
                          0.00   10.04   clock reconvergence pessimism
                         -0.10    9.94   library setup time
                                  9.94   data required time
-----------------------------------------------------------------------------
                                  9.94   data required time
                                 -2.64   data arrival time
-----------------------------------------------------------------------------
                                  7.30   slack (MET)


Startpoint: _464_ (rising edge-triggered flip-flop clocked by CLK100MHZ)
Endpoint: _442_ (rising edge-triggered flip-flop clocked by CLK100MHZ)
Path Group: CLK100MHZ
Path Type: max

Fanout     Cap    Slew   Delay    Time   Description
-----------------------------------------------------------------------------
                          0.00    0.00   clock CLK100MHZ (rise edge)
                          0.00    0.00   clock source latency
     1    0.01    0.00    0.00    0.00 ^ CLK100MHZ (in)
                                         CLK100MHZ (net)
                  0.00    0.00    0.00 ^ clkbuf_0_CLK100MHZ/A (sky130_fd_sc_hd__clkbuf_16)
     2    0.02    0.04    0.11    0.11 ^ clkbuf_0_CLK100MHZ/X (sky130_fd_sc_hd__clkbuf_16)
                                         clknet_0_CLK100MHZ (net)
                  0.04    0.00    0.11 ^ clkbuf_1_0__f_CLK100MHZ/A (sky130_fd_sc_hd__clkbuf_16)
    16    0.03    0.05    0.13    0.24 ^ clkbuf_1_0__f_CLK100MHZ/X (sky130_fd_sc_hd__clkbuf_16)
                                         clknet_1_0__leaf_CLK100MHZ (net)
                  0.05    0.00    0.24 ^ _464_/CLK (sky130_fd_sc_hd__dfrtp_1)
     3    0.01    0.06    0.38    0.62 v _464_/Q (sky130_fd_sc_hd__dfrtp_1)
                                         imem.address[2] (net)
                  0.06    0.00    0.62 v _215_/A (sky130_fd_sc_hd__clkbuf_4)
    10    0.03    0.07    0.18    0.80 v _215_/X (sky130_fd_sc_hd__clkbuf_4)
                                         _060_ (net)
                  0.07    0.00    0.80 v _216_/A (sky130_fd_sc_hd__clkbuf_2)
     5    0.01    0.04    0.13    0.92 v _216_/X (sky130_fd_sc_hd__clkbuf_2)
                                         _061_ (net)
                  0.04    0.00    0.92 v _234_/A (sky130_fd_sc_hd__or2b_2)
     3    0.01    0.08    0.33    1.25 v _234_/X (sky130_fd_sc_hd__or2b_2)
                                         _076_ (net)
                  0.08    0.00    1.25 v _239_/A2 (sky130_fd_sc_hd__a31o_2)
     5    0.02    0.07    0.28    1.53 v _239_/X (sky130_fd_sc_hd__a31o_2)
                                         _081_ (net)
                  0.07    0.00    1.53 v _240_/A (sky130_fd_sc_hd__buf_1)
     3    0.00    0.04    0.11    1.64 v _240_/X (sky130_fd_sc_hd__buf_1)
                                         _082_ (net)
                  0.04    0.00    1.64 v _241_/A (sky130_fd_sc_hd__dlymetal6s2s_1)
     3    0.01    0.06    0.15    1.79 v _241_/X (sky130_fd_sc_hd__dlymetal6s2s_1)
                                         _083_ (net)
                  0.06    0.00    1.79 v _275_/A (sky130_fd_sc_hd__buf_1)
     2    0.00    0.04    0.10    1.89 v _275_/X (sky130_fd_sc_hd__buf_1)
                                         _117_ (net)
                  0.04    0.00    1.89 v _304_/A (sky130_fd_sc_hd__nand2_1)
     2    0.00    0.06    0.06    1.95 ^ _304_/Y (sky130_fd_sc_hd__nand2_1)
                                         _146_ (net)
                  0.06    0.00    1.95 ^ _341_/A2 (sky130_fd_sc_hd__a21oi_1)
     1    0.00    0.04    0.06    2.01 v _341_/Y (sky130_fd_sc_hd__a21oi_1)
                                         _183_ (net)
                  0.04    0.00    2.01 v _342_/B1 (sky130_fd_sc_hd__a31o_2)
     9    0.02    0.08    0.26    2.27 v _342_/X (sky130_fd_sc_hd__a31o_2)
                                         _184_ (net)
                  0.08    0.00    2.27 v _387_/A1 (sky130_fd_sc_hd__mux2_1)
     1    0.00    0.05    0.29    2.56 v _387_/X (sky130_fd_sc_hd__mux2_1)
                                         _033_ (net)
                  0.05    0.00    2.56 v _388_/A (sky130_fd_sc_hd__clkbuf_1)
     1    0.00    0.02    0.08    2.64 v _388_/X (sky130_fd_sc_hd__clkbuf_1)
                                         _008_ (net)
                  0.02    0.00    2.64 v _442_/D (sky130_fd_sc_hd__dfxtp_1)
                                  2.64   data arrival time

                         10.00   10.00   clock CLK100MHZ (rise edge)
                          0.00   10.00   clock source latency
     1    0.01    0.00    0.00   10.00 ^ CLK100MHZ (in)
                                         CLK100MHZ (net)
                  0.00    0.00   10.00 ^ clkbuf_0_CLK100MHZ/A (sky130_fd_sc_hd__clkbuf_16)
     2    0.02    0.04    0.11   10.11 ^ clkbuf_0_CLK100MHZ/X (sky130_fd_sc_hd__clkbuf_16)
                                         clknet_0_CLK100MHZ (net)
                  0.04    0.00   10.11 ^ clkbuf_1_1__f_CLK100MHZ/A (sky130_fd_sc_hd__clkbuf_16)
    13    0.03    0.05    0.13   10.24 ^ clkbuf_1_1__f_CLK100MHZ/X (sky130_fd_sc_hd__clkbuf_16)
                                         clknet_1_1__leaf_CLK100MHZ (net)
                  0.05    0.00   10.24 ^ _442_/CLK (sky130_fd_sc_hd__dfxtp_1)
                         -0.20   10.04   clock uncertainty
                          0.00   10.04   clock reconvergence pessimism
                         -0.10    9.94   library setup time
                                  9.94   data required time
-----------------------------------------------------------------------------
                                  9.94   data required time
                                 -2.64   data arrival time
-----------------------------------------------------------------------------
                                  7.30   slack (MET)


Startpoint: _464_ (rising edge-triggered flip-flop clocked by CLK100MHZ)
Endpoint: _437_ (rising edge-triggered flip-flop clocked by CLK100MHZ)
Path Group: CLK100MHZ
Path Type: max

Fanout     Cap    Slew   Delay    Time   Description
-----------------------------------------------------------------------------
                          0.00    0.00   clock CLK100MHZ (rise edge)
                          0.00    0.00   clock source latency
     1    0.01    0.00    0.00    0.00 ^ CLK100MHZ (in)
                                         CLK100MHZ (net)
                  0.00    0.00    0.00 ^ clkbuf_0_CLK100MHZ/A (sky130_fd_sc_hd__clkbuf_16)
     2    0.02    0.04    0.11    0.11 ^ clkbuf_0_CLK100MHZ/X (sky130_fd_sc_hd__clkbuf_16)
                                         clknet_0_CLK100MHZ (net)
                  0.04    0.00    0.11 ^ clkbuf_1_0__f_CLK100MHZ/A (sky130_fd_sc_hd__clkbuf_16)
    16    0.03    0.05    0.13    0.24 ^ clkbuf_1_0__f_CLK100MHZ/X (sky130_fd_sc_hd__clkbuf_16)
                                         clknet_1_0__leaf_CLK100MHZ (net)
                  0.05    0.00    0.24 ^ _464_/CLK (sky130_fd_sc_hd__dfrtp_1)
     3    0.01    0.06    0.38    0.62 v _464_/Q (sky130_fd_sc_hd__dfrtp_1)
                                         imem.address[2] (net)
                  0.06    0.00    0.62 v _215_/A (sky130_fd_sc_hd__clkbuf_4)
    10    0.03    0.07    0.18    0.80 v _215_/X (sky130_fd_sc_hd__clkbuf_4)
                                         _060_ (net)
                  0.07    0.00    0.80 v _216_/A (sky130_fd_sc_hd__clkbuf_2)
     5    0.01    0.04    0.13    0.92 v _216_/X (sky130_fd_sc_hd__clkbuf_2)
                                         _061_ (net)
                  0.04    0.00    0.92 v _234_/A (sky130_fd_sc_hd__or2b_2)
     3    0.01    0.08    0.33    1.25 v _234_/X (sky130_fd_sc_hd__or2b_2)
                                         _076_ (net)
                  0.08    0.00    1.25 v _239_/A2 (sky130_fd_sc_hd__a31o_2)
     5    0.02    0.07    0.28    1.53 v _239_/X (sky130_fd_sc_hd__a31o_2)
                                         _081_ (net)
                  0.07    0.00    1.53 v _240_/A (sky130_fd_sc_hd__buf_1)
     3    0.00    0.04    0.11    1.64 v _240_/X (sky130_fd_sc_hd__buf_1)
                                         _082_ (net)
                  0.04    0.00    1.64 v _241_/A (sky130_fd_sc_hd__dlymetal6s2s_1)
     3    0.01    0.06    0.15    1.79 v _241_/X (sky130_fd_sc_hd__dlymetal6s2s_1)
                                         _083_ (net)
                  0.06    0.00    1.79 v _275_/A (sky130_fd_sc_hd__buf_1)
     2    0.00    0.04    0.10    1.89 v _275_/X (sky130_fd_sc_hd__buf_1)
                                         _117_ (net)
                  0.04    0.00    1.89 v _304_/A (sky130_fd_sc_hd__nand2_1)
     2    0.00    0.06    0.06    1.95 ^ _304_/Y (sky130_fd_sc_hd__nand2_1)
                                         _146_ (net)
                  0.06    0.00    1.95 ^ _341_/A2 (sky130_fd_sc_hd__a21oi_1)
     1    0.00    0.04    0.06    2.01 v _341_/Y (sky130_fd_sc_hd__a21oi_1)
                                         _183_ (net)
                  0.04    0.00    2.01 v _342_/B1 (sky130_fd_sc_hd__a31o_2)
     9    0.02    0.08    0.26    2.27 v _342_/X (sky130_fd_sc_hd__a31o_2)
                                         _184_ (net)
                  0.08    0.00    2.27 v _365_/A1 (sky130_fd_sc_hd__mux2_1)
     1    0.00    0.05    0.29    2.56 v _365_/X (sky130_fd_sc_hd__mux2_1)
                                         _200_ (net)
                  0.05    0.00    2.56 v _366_/A (sky130_fd_sc_hd__clkbuf_1)
     1    0.00    0.02    0.08    2.64 v _366_/X (sky130_fd_sc_hd__clkbuf_1)
                                         _003_ (net)
                  0.02    0.00    2.64 v _437_/D (sky130_fd_sc_hd__dfxtp_1)
                                  2.64   data arrival time

                         10.00   10.00   clock CLK100MHZ (rise edge)
                          0.00   10.00   clock source latency
     1    0.01    0.00    0.00   10.00 ^ CLK100MHZ (in)
                                         CLK100MHZ (net)
                  0.00    0.00   10.00 ^ clkbuf_0_CLK100MHZ/A (sky130_fd_sc_hd__clkbuf_16)
     2    0.02    0.04    0.11   10.11 ^ clkbuf_0_CLK100MHZ/X (sky130_fd_sc_hd__clkbuf_16)
                                         clknet_0_CLK100MHZ (net)
                  0.04    0.00   10.11 ^ clkbuf_1_0__f_CLK100MHZ/A (sky130_fd_sc_hd__clkbuf_16)
    16    0.03    0.05    0.13   10.24 ^ clkbuf_1_0__f_CLK100MHZ/X (sky130_fd_sc_hd__clkbuf_16)
                                         clknet_1_0__leaf_CLK100MHZ (net)
                  0.05    0.00   10.24 ^ _437_/CLK (sky130_fd_sc_hd__dfxtp_1)
                         -0.20   10.04   clock uncertainty
                          0.00   10.04   clock reconvergence pessimism
                         -0.10    9.94   library setup time
                                  9.94   data required time
-----------------------------------------------------------------------------
                                  9.94   data required time
                                 -2.64   data arrival time
-----------------------------------------------------------------------------
                                  7.30   slack (MET)


Startpoint: _464_ (rising edge-triggered flip-flop clocked by CLK100MHZ)
Endpoint: _447_ (rising edge-triggered flip-flop clocked by CLK100MHZ)
Path Group: CLK100MHZ
Path Type: max

Fanout     Cap    Slew   Delay    Time   Description
-----------------------------------------------------------------------------
                          0.00    0.00   clock CLK100MHZ (rise edge)
                          0.00    0.00   clock source latency
     1    0.01    0.00    0.00    0.00 ^ CLK100MHZ (in)
                                         CLK100MHZ (net)
                  0.00    0.00    0.00 ^ clkbuf_0_CLK100MHZ/A (sky130_fd_sc_hd__clkbuf_16)
     2    0.02    0.04    0.11    0.11 ^ clkbuf_0_CLK100MHZ/X (sky130_fd_sc_hd__clkbuf_16)
                                         clknet_0_CLK100MHZ (net)
                  0.04    0.00    0.11 ^ clkbuf_1_0__f_CLK100MHZ/A (sky130_fd_sc_hd__clkbuf_16)
    16    0.03    0.05    0.13    0.24 ^ clkbuf_1_0__f_CLK100MHZ/X (sky130_fd_sc_hd__clkbuf_16)
                                         clknet_1_0__leaf_CLK100MHZ (net)
                  0.05    0.00    0.24 ^ _464_/CLK (sky130_fd_sc_hd__dfrtp_1)
     3    0.01    0.06    0.38    0.62 v _464_/Q (sky130_fd_sc_hd__dfrtp_1)
                                         imem.address[2] (net)
                  0.06    0.00    0.62 v _215_/A (sky130_fd_sc_hd__clkbuf_4)
    10    0.03    0.07    0.18    0.80 v _215_/X (sky130_fd_sc_hd__clkbuf_4)
                                         _060_ (net)
                  0.07    0.00    0.80 v _216_/A (sky130_fd_sc_hd__clkbuf_2)
     5    0.01    0.04    0.13    0.92 v _216_/X (sky130_fd_sc_hd__clkbuf_2)
                                         _061_ (net)
                  0.04    0.00    0.92 v _234_/A (sky130_fd_sc_hd__or2b_2)
     3    0.01    0.08    0.33    1.25 v _234_/X (sky130_fd_sc_hd__or2b_2)
                                         _076_ (net)
                  0.08    0.00    1.25 v _239_/A2 (sky130_fd_sc_hd__a31o_2)
     5    0.02    0.07    0.28    1.53 v _239_/X (sky130_fd_sc_hd__a31o_2)
                                         _081_ (net)
                  0.07    0.00    1.53 v _240_/A (sky130_fd_sc_hd__buf_1)
     3    0.00    0.04    0.11    1.64 v _240_/X (sky130_fd_sc_hd__buf_1)
                                         _082_ (net)
                  0.04    0.00    1.64 v _241_/A (sky130_fd_sc_hd__dlymetal6s2s_1)
     3    0.01    0.06    0.15    1.79 v _241_/X (sky130_fd_sc_hd__dlymetal6s2s_1)
                                         _083_ (net)
                  0.06    0.00    1.79 v _275_/A (sky130_fd_sc_hd__buf_1)
     2    0.00    0.04    0.10    1.89 v _275_/X (sky130_fd_sc_hd__buf_1)
                                         _117_ (net)
                  0.04    0.00    1.89 v _304_/A (sky130_fd_sc_hd__nand2_1)
     2    0.00    0.06    0.06    1.95 ^ _304_/Y (sky130_fd_sc_hd__nand2_1)
                                         _146_ (net)
                  0.06    0.00    1.95 ^ _341_/A2 (sky130_fd_sc_hd__a21oi_1)
     1    0.00    0.04    0.06    2.01 v _341_/Y (sky130_fd_sc_hd__a21oi_1)
                                         _183_ (net)
                  0.04    0.00    2.01 v _342_/B1 (sky130_fd_sc_hd__a31o_2)
     9    0.02    0.08    0.26    2.27 v _342_/X (sky130_fd_sc_hd__a31o_2)
                                         _184_ (net)
                  0.08    0.00    2.27 v _400_/A0 (sky130_fd_sc_hd__mux2_1)
     1    0.00    0.05    0.28    2.55 v _400_/X (sky130_fd_sc_hd__mux2_1)
                                         _041_ (net)
                  0.05    0.00    2.55 v _401_/A (sky130_fd_sc_hd__buf_1)
     1    0.00    0.02    0.08    2.63 v _401_/X (sky130_fd_sc_hd__buf_1)
                                         _013_ (net)
                  0.02    0.00    2.63 v _447_/D (sky130_fd_sc_hd__dfxtp_1)
                                  2.63   data arrival time

                         10.00   10.00   clock CLK100MHZ (rise edge)
                          0.00   10.00   clock source latency
     1    0.01    0.00    0.00   10.00 ^ CLK100MHZ (in)
                                         CLK100MHZ (net)
                  0.00    0.00   10.00 ^ clkbuf_0_CLK100MHZ/A (sky130_fd_sc_hd__clkbuf_16)
     2    0.02    0.04    0.11   10.11 ^ clkbuf_0_CLK100MHZ/X (sky130_fd_sc_hd__clkbuf_16)
                                         clknet_0_CLK100MHZ (net)
                  0.04    0.00   10.11 ^ clkbuf_1_1__f_CLK100MHZ/A (sky130_fd_sc_hd__clkbuf_16)
    13    0.03    0.05    0.13   10.24 ^ clkbuf_1_1__f_CLK100MHZ/X (sky130_fd_sc_hd__clkbuf_16)
                                         clknet_1_1__leaf_CLK100MHZ (net)
                  0.05    0.00   10.24 ^ _447_/CLK (sky130_fd_sc_hd__dfxtp_1)
                         -0.20   10.04   clock uncertainty
                          0.00   10.04   clock reconvergence pessimism
                         -0.10    9.94   library setup time
                                  9.94   data required time
-----------------------------------------------------------------------------
                                  9.94   data required time
                                 -2.63   data arrival time
-----------------------------------------------------------------------------
                                  7.31   slack (MET)


Startpoint: _464_ (rising edge-triggered flip-flop clocked by CLK100MHZ)
Endpoint: _452_ (rising edge-triggered flip-flop clocked by CLK100MHZ)
Path Group: CLK100MHZ
Path Type: max

Fanout     Cap    Slew   Delay    Time   Description
-----------------------------------------------------------------------------
                          0.00    0.00   clock CLK100MHZ (rise edge)
                          0.00    0.00   clock source latency
     1    0.01    0.00    0.00    0.00 ^ CLK100MHZ (in)
                                         CLK100MHZ (net)
                  0.00    0.00    0.00 ^ clkbuf_0_CLK100MHZ/A (sky130_fd_sc_hd__clkbuf_16)
     2    0.02    0.04    0.11    0.11 ^ clkbuf_0_CLK100MHZ/X (sky130_fd_sc_hd__clkbuf_16)
                                         clknet_0_CLK100MHZ (net)
                  0.04    0.00    0.11 ^ clkbuf_1_0__f_CLK100MHZ/A (sky130_fd_sc_hd__clkbuf_16)
    16    0.03    0.05    0.13    0.24 ^ clkbuf_1_0__f_CLK100MHZ/X (sky130_fd_sc_hd__clkbuf_16)
                                         clknet_1_0__leaf_CLK100MHZ (net)
                  0.05    0.00    0.24 ^ _464_/CLK (sky130_fd_sc_hd__dfrtp_1)
     3    0.01    0.09    0.35    0.59 ^ _464_/Q (sky130_fd_sc_hd__dfrtp_1)
                                         imem.address[2] (net)
                  0.09    0.00    0.59 ^ _215_/A (sky130_fd_sc_hd__clkbuf_4)
    10    0.03    0.10    0.19    0.78 ^ _215_/X (sky130_fd_sc_hd__clkbuf_4)
                                         _060_ (net)
                  0.10    0.00    0.78 ^ _216_/A (sky130_fd_sc_hd__clkbuf_2)
     5    0.01    0.06    0.14    0.92 ^ _216_/X (sky130_fd_sc_hd__clkbuf_2)
                                         _061_ (net)
                  0.06    0.00    0.92 ^ _217_/A (sky130_fd_sc_hd__clkbuf_1)
     1    0.00    0.04    0.08    1.00 ^ _217_/X (sky130_fd_sc_hd__clkbuf_1)
                                         _062_ (net)
                  0.04    0.00    1.00 ^ _218_/A (sky130_fd_sc_hd__buf_1)
     1    0.00    0.03    0.07    1.07 ^ _218_/X (sky130_fd_sc_hd__buf_1)
                                         _063_ (net)
                  0.03    0.00    1.07 ^ _219_/A (sky130_fd_sc_hd__buf_2)
     6    0.01    0.08    0.13    1.20 ^ _219_/X (sky130_fd_sc_hd__buf_2)
                                         _064_ (net)
                  0.08    0.00    1.20 ^ _410_/A (sky130_fd_sc_hd__nand3_1)
     1    0.00    0.05    0.06    1.26 v _410_/Y (sky130_fd_sc_hd__nand3_1)
                                         _046_ (net)
                  0.05    0.00    1.26 v _411_/A (sky130_fd_sc_hd__clkbuf_2)
     5    0.01    0.04    0.11    1.37 v _411_/X (sky130_fd_sc_hd__clkbuf_2)
                                         _047_ (net)
                  0.04    0.00    1.37 v _412_/B (sky130_fd_sc_hd__and2_1)
     1    0.00    0.03    0.14    1.52 v _412_/X (sky130_fd_sc_hd__and2_1)
                                         _048_ (net)
                  0.03    0.00    1.52 v _413_/A (sky130_fd_sc_hd__clkbuf_1)
     1    0.00    0.02    0.08    1.59 v _413_/X (sky130_fd_sc_hd__clkbuf_1)
                                         _018_ (net)
                  0.02    0.00    1.59 v _452_/D (sky130_fd_sc_hd__dfxtp_1)
                                  1.59   data arrival time

                         10.00   10.00   clock CLK100MHZ (rise edge)
                          0.00   10.00   clock source latency
     1    0.01    0.00    0.00   10.00 ^ CLK100MHZ (in)
                                         CLK100MHZ (net)
                  0.00    0.00   10.00 ^ clkbuf_0_CLK100MHZ/A (sky130_fd_sc_hd__clkbuf_16)
     2    0.02    0.04    0.11   10.11 ^ clkbuf_0_CLK100MHZ/X (sky130_fd_sc_hd__clkbuf_16)
                                         clknet_0_CLK100MHZ (net)
                  0.04    0.00   10.11 ^ clkbuf_1_1__f_CLK100MHZ/A (sky130_fd_sc_hd__clkbuf_16)
    13    0.03    0.05    0.13   10.24 ^ clkbuf_1_1__f_CLK100MHZ/X (sky130_fd_sc_hd__clkbuf_16)
                                         clknet_1_1__leaf_CLK100MHZ (net)
                  0.05    0.00   10.24 ^ _452_/CLK (sky130_fd_sc_hd__dfxtp_1)
                         -0.20   10.04   clock uncertainty
                          0.00   10.04   clock reconvergence pessimism
                         -0.10    9.94   library setup time
                                  9.94   data required time
-----------------------------------------------------------------------------
                                  9.94   data required time
                                 -1.59   data arrival time
-----------------------------------------------------------------------------
                                  8.35   slack (MET)


Startpoint: _464_ (rising edge-triggered flip-flop clocked by CLK100MHZ)
Endpoint: _456_ (rising edge-triggered flip-flop clocked by CLK100MHZ)
Path Group: CLK100MHZ
Path Type: max

Fanout     Cap    Slew   Delay    Time   Description
-----------------------------------------------------------------------------
                          0.00    0.00   clock CLK100MHZ (rise edge)
                          0.00    0.00   clock source latency
     1    0.01    0.00    0.00    0.00 ^ CLK100MHZ (in)
                                         CLK100MHZ (net)
                  0.00    0.00    0.00 ^ clkbuf_0_CLK100MHZ/A (sky130_fd_sc_hd__clkbuf_16)
     2    0.02    0.04    0.11    0.11 ^ clkbuf_0_CLK100MHZ/X (sky130_fd_sc_hd__clkbuf_16)
                                         clknet_0_CLK100MHZ (net)
                  0.04    0.00    0.11 ^ clkbuf_1_0__f_CLK100MHZ/A (sky130_fd_sc_hd__clkbuf_16)
    16    0.03    0.05    0.13    0.24 ^ clkbuf_1_0__f_CLK100MHZ/X (sky130_fd_sc_hd__clkbuf_16)
                                         clknet_1_0__leaf_CLK100MHZ (net)
                  0.05    0.00    0.24 ^ _464_/CLK (sky130_fd_sc_hd__dfrtp_1)
     3    0.01    0.09    0.35    0.59 ^ _464_/Q (sky130_fd_sc_hd__dfrtp_1)
                                         imem.address[2] (net)
                  0.09    0.00    0.59 ^ _215_/A (sky130_fd_sc_hd__clkbuf_4)
    10    0.03    0.10    0.19    0.78 ^ _215_/X (sky130_fd_sc_hd__clkbuf_4)
                                         _060_ (net)
                  0.10    0.00    0.78 ^ _216_/A (sky130_fd_sc_hd__clkbuf_2)
     5    0.01    0.06    0.14    0.92 ^ _216_/X (sky130_fd_sc_hd__clkbuf_2)
                                         _061_ (net)
                  0.06    0.00    0.92 ^ _217_/A (sky130_fd_sc_hd__clkbuf_1)
     1    0.00    0.04    0.08    1.00 ^ _217_/X (sky130_fd_sc_hd__clkbuf_1)
                                         _062_ (net)
                  0.04    0.00    1.00 ^ _218_/A (sky130_fd_sc_hd__buf_1)
     1    0.00    0.03    0.07    1.07 ^ _218_/X (sky130_fd_sc_hd__buf_1)
                                         _063_ (net)
                  0.03    0.00    1.07 ^ _219_/A (sky130_fd_sc_hd__buf_2)
     6    0.01    0.08    0.13    1.20 ^ _219_/X (sky130_fd_sc_hd__buf_2)
                                         _064_ (net)
                  0.08    0.00    1.20 ^ _410_/A (sky130_fd_sc_hd__nand3_1)
     1    0.00    0.05    0.06    1.26 v _410_/Y (sky130_fd_sc_hd__nand3_1)
                                         _046_ (net)
                  0.05    0.00    1.26 v _411_/A (sky130_fd_sc_hd__clkbuf_2)
     5    0.01    0.04    0.11    1.37 v _411_/X (sky130_fd_sc_hd__clkbuf_2)
                                         _047_ (net)
                  0.04    0.00    1.37 v _420_/B (sky130_fd_sc_hd__and2_1)
     1    0.00    0.03    0.14    1.52 v _420_/X (sky130_fd_sc_hd__and2_1)
                                         _052_ (net)
                  0.03    0.00    1.52 v _421_/A (sky130_fd_sc_hd__clkbuf_1)
     1    0.00    0.02    0.08    1.59 v _421_/X (sky130_fd_sc_hd__clkbuf_1)
                                         _022_ (net)
                  0.02    0.00    1.59 v _456_/D (sky130_fd_sc_hd__dfxtp_1)
                                  1.59   data arrival time

                         10.00   10.00   clock CLK100MHZ (rise edge)
                          0.00   10.00   clock source latency
     1    0.01    0.00    0.00   10.00 ^ CLK100MHZ (in)
                                         CLK100MHZ (net)
                  0.00    0.00   10.00 ^ clkbuf_0_CLK100MHZ/A (sky130_fd_sc_hd__clkbuf_16)
     2    0.02    0.04    0.11   10.11 ^ clkbuf_0_CLK100MHZ/X (sky130_fd_sc_hd__clkbuf_16)
                                         clknet_0_CLK100MHZ (net)
                  0.04    0.00   10.11 ^ clkbuf_1_1__f_CLK100MHZ/A (sky130_fd_sc_hd__clkbuf_16)
    13    0.03    0.05    0.13   10.24 ^ clkbuf_1_1__f_CLK100MHZ/X (sky130_fd_sc_hd__clkbuf_16)
                                         clknet_1_1__leaf_CLK100MHZ (net)
                  0.05    0.00   10.24 ^ _456_/CLK (sky130_fd_sc_hd__dfxtp_1)
                         -0.20   10.04   clock uncertainty
                          0.00   10.04   clock reconvergence pessimism
                         -0.10    9.94   library setup time
                                  9.94   data required time
-----------------------------------------------------------------------------
                                  9.94   data required time
                                 -1.59   data arrival time
-----------------------------------------------------------------------------
                                  8.35   slack (MET)


Startpoint: _464_ (rising edge-triggered flip-flop clocked by CLK100MHZ)
Endpoint: _454_ (rising edge-triggered flip-flop clocked by CLK100MHZ)
Path Group: CLK100MHZ
Path Type: max

Fanout     Cap    Slew   Delay    Time   Description
-----------------------------------------------------------------------------
                          0.00    0.00   clock CLK100MHZ (rise edge)
                          0.00    0.00   clock source latency
     1    0.01    0.00    0.00    0.00 ^ CLK100MHZ (in)
                                         CLK100MHZ (net)
                  0.00    0.00    0.00 ^ clkbuf_0_CLK100MHZ/A (sky130_fd_sc_hd__clkbuf_16)
     2    0.02    0.04    0.11    0.11 ^ clkbuf_0_CLK100MHZ/X (sky130_fd_sc_hd__clkbuf_16)
                                         clknet_0_CLK100MHZ (net)
                  0.04    0.00    0.11 ^ clkbuf_1_0__f_CLK100MHZ/A (sky130_fd_sc_hd__clkbuf_16)
    16    0.03    0.05    0.13    0.24 ^ clkbuf_1_0__f_CLK100MHZ/X (sky130_fd_sc_hd__clkbuf_16)
                                         clknet_1_0__leaf_CLK100MHZ (net)
                  0.05    0.00    0.24 ^ _464_/CLK (sky130_fd_sc_hd__dfrtp_1)
     3    0.01    0.09    0.35    0.59 ^ _464_/Q (sky130_fd_sc_hd__dfrtp_1)
                                         imem.address[2] (net)
                  0.09    0.00    0.59 ^ _215_/A (sky130_fd_sc_hd__clkbuf_4)
    10    0.03    0.10    0.19    0.78 ^ _215_/X (sky130_fd_sc_hd__clkbuf_4)
                                         _060_ (net)
                  0.10    0.00    0.78 ^ _216_/A (sky130_fd_sc_hd__clkbuf_2)
     5    0.01    0.06    0.14    0.92 ^ _216_/X (sky130_fd_sc_hd__clkbuf_2)
                                         _061_ (net)
                  0.06    0.00    0.92 ^ _217_/A (sky130_fd_sc_hd__clkbuf_1)
     1    0.00    0.04    0.08    1.00 ^ _217_/X (sky130_fd_sc_hd__clkbuf_1)
                                         _062_ (net)
                  0.04    0.00    1.00 ^ _218_/A (sky130_fd_sc_hd__buf_1)
     1    0.00    0.03    0.07    1.07 ^ _218_/X (sky130_fd_sc_hd__buf_1)
                                         _063_ (net)
                  0.03    0.00    1.07 ^ _219_/A (sky130_fd_sc_hd__buf_2)
     6    0.01    0.08    0.13    1.20 ^ _219_/X (sky130_fd_sc_hd__buf_2)
                                         _064_ (net)
                  0.08    0.00    1.20 ^ _410_/A (sky130_fd_sc_hd__nand3_1)
     1    0.00    0.05    0.06    1.26 v _410_/Y (sky130_fd_sc_hd__nand3_1)
                                         _046_ (net)
                  0.05    0.00    1.26 v _411_/A (sky130_fd_sc_hd__clkbuf_2)
     5    0.01    0.04    0.11    1.37 v _411_/X (sky130_fd_sc_hd__clkbuf_2)
                                         _047_ (net)
                  0.04    0.00    1.37 v _416_/B (sky130_fd_sc_hd__and2_1)
     1    0.00    0.03    0.14    1.52 v _416_/X (sky130_fd_sc_hd__and2_1)
                                         _050_ (net)
                  0.03    0.00    1.52 v _417_/A (sky130_fd_sc_hd__buf_1)
     1    0.00    0.02    0.08    1.59 v _417_/X (sky130_fd_sc_hd__buf_1)
                                         _020_ (net)
                  0.02    0.00    1.59 v _454_/D (sky130_fd_sc_hd__dfxtp_1)
                                  1.59   data arrival time

                         10.00   10.00   clock CLK100MHZ (rise edge)
                          0.00   10.00   clock source latency
     1    0.01    0.00    0.00   10.00 ^ CLK100MHZ (in)
                                         CLK100MHZ (net)
                  0.00    0.00   10.00 ^ clkbuf_0_CLK100MHZ/A (sky130_fd_sc_hd__clkbuf_16)
     2    0.02    0.04    0.11   10.11 ^ clkbuf_0_CLK100MHZ/X (sky130_fd_sc_hd__clkbuf_16)
                                         clknet_0_CLK100MHZ (net)
                  0.04    0.00   10.11 ^ clkbuf_1_0__f_CLK100MHZ/A (sky130_fd_sc_hd__clkbuf_16)
    16    0.03    0.05    0.13   10.24 ^ clkbuf_1_0__f_CLK100MHZ/X (sky130_fd_sc_hd__clkbuf_16)
                                         clknet_1_0__leaf_CLK100MHZ (net)
                  0.05    0.00   10.24 ^ _454_/CLK (sky130_fd_sc_hd__dfxtp_1)
                         -0.20   10.04   clock uncertainty
                          0.00   10.04   clock reconvergence pessimism
                         -0.10    9.94   library setup time
                                  9.94   data required time
-----------------------------------------------------------------------------
                                  9.94   data required time
                                 -1.59   data arrival time
-----------------------------------------------------------------------------
                                  8.35   slack (MET)


Startpoint: _464_ (rising edge-triggered flip-flop clocked by CLK100MHZ)
Endpoint: _453_ (rising edge-triggered flip-flop clocked by CLK100MHZ)
Path Group: CLK100MHZ
Path Type: max

Fanout     Cap    Slew   Delay    Time   Description
-----------------------------------------------------------------------------
                          0.00    0.00   clock CLK100MHZ (rise edge)
                          0.00    0.00   clock source latency
     1    0.01    0.00    0.00    0.00 ^ CLK100MHZ (in)
                                         CLK100MHZ (net)
                  0.00    0.00    0.00 ^ clkbuf_0_CLK100MHZ/A (sky130_fd_sc_hd__clkbuf_16)
     2    0.02    0.04    0.11    0.11 ^ clkbuf_0_CLK100MHZ/X (sky130_fd_sc_hd__clkbuf_16)
                                         clknet_0_CLK100MHZ (net)
                  0.04    0.00    0.11 ^ clkbuf_1_0__f_CLK100MHZ/A (sky130_fd_sc_hd__clkbuf_16)
    16    0.03    0.05    0.13    0.24 ^ clkbuf_1_0__f_CLK100MHZ/X (sky130_fd_sc_hd__clkbuf_16)
                                         clknet_1_0__leaf_CLK100MHZ (net)
                  0.05    0.00    0.24 ^ _464_/CLK (sky130_fd_sc_hd__dfrtp_1)
     3    0.01    0.09    0.35    0.59 ^ _464_/Q (sky130_fd_sc_hd__dfrtp_1)
                                         imem.address[2] (net)
                  0.09    0.00    0.59 ^ _215_/A (sky130_fd_sc_hd__clkbuf_4)
    10    0.03    0.10    0.19    0.78 ^ _215_/X (sky130_fd_sc_hd__clkbuf_4)
                                         _060_ (net)
                  0.10    0.00    0.78 ^ _216_/A (sky130_fd_sc_hd__clkbuf_2)
     5    0.01    0.06    0.14    0.92 ^ _216_/X (sky130_fd_sc_hd__clkbuf_2)
                                         _061_ (net)
                  0.06    0.00    0.92 ^ _217_/A (sky130_fd_sc_hd__clkbuf_1)
     1    0.00    0.04    0.08    1.00 ^ _217_/X (sky130_fd_sc_hd__clkbuf_1)
                                         _062_ (net)
                  0.04    0.00    1.00 ^ _218_/A (sky130_fd_sc_hd__buf_1)
     1    0.00    0.03    0.07    1.07 ^ _218_/X (sky130_fd_sc_hd__buf_1)
                                         _063_ (net)
                  0.03    0.00    1.07 ^ _219_/A (sky130_fd_sc_hd__buf_2)
     6    0.01    0.08    0.13    1.20 ^ _219_/X (sky130_fd_sc_hd__buf_2)
                                         _064_ (net)
                  0.08    0.00    1.20 ^ _410_/A (sky130_fd_sc_hd__nand3_1)
     1    0.00    0.05    0.06    1.26 v _410_/Y (sky130_fd_sc_hd__nand3_1)
                                         _046_ (net)
                  0.05    0.00    1.26 v _411_/A (sky130_fd_sc_hd__clkbuf_2)
     5    0.01    0.04    0.11    1.37 v _411_/X (sky130_fd_sc_hd__clkbuf_2)
                                         _047_ (net)
                  0.04    0.00    1.37 v _414_/B (sky130_fd_sc_hd__and2_1)
     1    0.00    0.03    0.14    1.52 v _414_/X (sky130_fd_sc_hd__and2_1)
                                         _049_ (net)
                  0.03    0.00    1.52 v _415_/A (sky130_fd_sc_hd__clkbuf_1)
     1    0.00    0.02    0.08    1.59 v _415_/X (sky130_fd_sc_hd__clkbuf_1)
                                         _019_ (net)
                  0.02    0.00    1.59 v _453_/D (sky130_fd_sc_hd__dfxtp_1)
                                  1.59   data arrival time

                         10.00   10.00   clock CLK100MHZ (rise edge)
                          0.00   10.00   clock source latency
     1    0.01    0.00    0.00   10.00 ^ CLK100MHZ (in)
                                         CLK100MHZ (net)
                  0.00    0.00   10.00 ^ clkbuf_0_CLK100MHZ/A (sky130_fd_sc_hd__clkbuf_16)
     2    0.02    0.04    0.11   10.11 ^ clkbuf_0_CLK100MHZ/X (sky130_fd_sc_hd__clkbuf_16)
                                         clknet_0_CLK100MHZ (net)
                  0.04    0.00   10.11 ^ clkbuf_1_0__f_CLK100MHZ/A (sky130_fd_sc_hd__clkbuf_16)
    16    0.03    0.05    0.13   10.24 ^ clkbuf_1_0__f_CLK100MHZ/X (sky130_fd_sc_hd__clkbuf_16)
                                         clknet_1_0__leaf_CLK100MHZ (net)
                  0.05    0.00   10.24 ^ _453_/CLK (sky130_fd_sc_hd__dfxtp_1)
                         -0.20   10.04   clock uncertainty
                          0.00   10.04   clock reconvergence pessimism
                         -0.10    9.94   library setup time
                                  9.94   data required time
-----------------------------------------------------------------------------
                                  9.94   data required time
                                 -1.59   data arrival time
-----------------------------------------------------------------------------
                                  8.35   slack (MET)


Startpoint: _464_ (rising edge-triggered flip-flop clocked by CLK100MHZ)
Endpoint: _455_ (rising edge-triggered flip-flop clocked by CLK100MHZ)
Path Group: CLK100MHZ
Path Type: max

Fanout     Cap    Slew   Delay    Time   Description
-----------------------------------------------------------------------------
                          0.00    0.00   clock CLK100MHZ (rise edge)
                          0.00    0.00   clock source latency
     1    0.01    0.00    0.00    0.00 ^ CLK100MHZ (in)
                                         CLK100MHZ (net)
                  0.00    0.00    0.00 ^ clkbuf_0_CLK100MHZ/A (sky130_fd_sc_hd__clkbuf_16)
     2    0.02    0.04    0.11    0.11 ^ clkbuf_0_CLK100MHZ/X (sky130_fd_sc_hd__clkbuf_16)
                                         clknet_0_CLK100MHZ (net)
                  0.04    0.00    0.11 ^ clkbuf_1_0__f_CLK100MHZ/A (sky130_fd_sc_hd__clkbuf_16)
    16    0.03    0.05    0.13    0.24 ^ clkbuf_1_0__f_CLK100MHZ/X (sky130_fd_sc_hd__clkbuf_16)
                                         clknet_1_0__leaf_CLK100MHZ (net)
                  0.05    0.00    0.24 ^ _464_/CLK (sky130_fd_sc_hd__dfrtp_1)
     3    0.01    0.09    0.35    0.59 ^ _464_/Q (sky130_fd_sc_hd__dfrtp_1)
                                         imem.address[2] (net)
                  0.09    0.00    0.59 ^ _215_/A (sky130_fd_sc_hd__clkbuf_4)
    10    0.03    0.10    0.19    0.78 ^ _215_/X (sky130_fd_sc_hd__clkbuf_4)
                                         _060_ (net)
                  0.10    0.00    0.78 ^ _216_/A (sky130_fd_sc_hd__clkbuf_2)
     5    0.01    0.06    0.14    0.92 ^ _216_/X (sky130_fd_sc_hd__clkbuf_2)
                                         _061_ (net)
                  0.06    0.00    0.92 ^ _217_/A (sky130_fd_sc_hd__clkbuf_1)
     1    0.00    0.04    0.08    1.00 ^ _217_/X (sky130_fd_sc_hd__clkbuf_1)
                                         _062_ (net)
                  0.04    0.00    1.00 ^ _218_/A (sky130_fd_sc_hd__buf_1)
     1    0.00    0.03    0.07    1.07 ^ _218_/X (sky130_fd_sc_hd__buf_1)
                                         _063_ (net)
                  0.03    0.00    1.07 ^ _219_/A (sky130_fd_sc_hd__buf_2)
     6    0.01    0.08    0.13    1.20 ^ _219_/X (sky130_fd_sc_hd__buf_2)
                                         _064_ (net)
                  0.08    0.00    1.20 ^ _410_/A (sky130_fd_sc_hd__nand3_1)
     1    0.00    0.05    0.06    1.26 v _410_/Y (sky130_fd_sc_hd__nand3_1)
                                         _046_ (net)
                  0.05    0.00    1.26 v _411_/A (sky130_fd_sc_hd__clkbuf_2)
     5    0.01    0.04    0.11    1.37 v _411_/X (sky130_fd_sc_hd__clkbuf_2)
                                         _047_ (net)
                  0.04    0.00    1.37 v _418_/B (sky130_fd_sc_hd__and2_1)
     1    0.00    0.03    0.14    1.52 v _418_/X (sky130_fd_sc_hd__and2_1)
                                         _051_ (net)
                  0.03    0.00    1.52 v _419_/A (sky130_fd_sc_hd__clkbuf_1)
     1    0.00    0.02    0.08    1.59 v _419_/X (sky130_fd_sc_hd__clkbuf_1)
                                         _021_ (net)
                  0.02    0.00    1.59 v _455_/D (sky130_fd_sc_hd__dfxtp_1)
                                  1.59   data arrival time

                         10.00   10.00   clock CLK100MHZ (rise edge)
                          0.00   10.00   clock source latency
     1    0.01    0.00    0.00   10.00 ^ CLK100MHZ (in)
                                         CLK100MHZ (net)
                  0.00    0.00   10.00 ^ clkbuf_0_CLK100MHZ/A (sky130_fd_sc_hd__clkbuf_16)
     2    0.02    0.04    0.11   10.11 ^ clkbuf_0_CLK100MHZ/X (sky130_fd_sc_hd__clkbuf_16)
                                         clknet_0_CLK100MHZ (net)
                  0.04    0.00   10.11 ^ clkbuf_1_0__f_CLK100MHZ/A (sky130_fd_sc_hd__clkbuf_16)
    16    0.03    0.05    0.13   10.24 ^ clkbuf_1_0__f_CLK100MHZ/X (sky130_fd_sc_hd__clkbuf_16)
                                         clknet_1_0__leaf_CLK100MHZ (net)
                  0.05    0.00   10.24 ^ _455_/CLK (sky130_fd_sc_hd__dfxtp_1)
                         -0.20   10.04   clock uncertainty
                          0.00   10.04   clock reconvergence pessimism
                         -0.10    9.94   library setup time
                                  9.94   data required time
-----------------------------------------------------------------------------
                                  9.94   data required time
                                 -1.59   data arrival time
-----------------------------------------------------------------------------
                                  8.35   slack (MET)


Startpoint: _464_ (rising edge-triggered flip-flop clocked by CLK100MHZ)
Endpoint: _464_ (rising edge-triggered flip-flop clocked by CLK100MHZ)
Path Group: CLK100MHZ
Path Type: max

Fanout     Cap    Slew   Delay    Time   Description
-----------------------------------------------------------------------------
                          0.00    0.00   clock CLK100MHZ (rise edge)
                          0.00    0.00   clock source latency
     1    0.01    0.00    0.00    0.00 ^ CLK100MHZ (in)
                                         CLK100MHZ (net)
                  0.00    0.00    0.00 ^ clkbuf_0_CLK100MHZ/A (sky130_fd_sc_hd__clkbuf_16)
     2    0.02    0.04    0.11    0.11 ^ clkbuf_0_CLK100MHZ/X (sky130_fd_sc_hd__clkbuf_16)
                                         clknet_0_CLK100MHZ (net)
                  0.04    0.00    0.11 ^ clkbuf_1_0__f_CLK100MHZ/A (sky130_fd_sc_hd__clkbuf_16)
    16    0.03    0.05    0.13    0.24 ^ clkbuf_1_0__f_CLK100MHZ/X (sky130_fd_sc_hd__clkbuf_16)
                                         clknet_1_0__leaf_CLK100MHZ (net)
                  0.05    0.00    0.24 ^ _464_/CLK (sky130_fd_sc_hd__dfrtp_1)
     3    0.01    0.06    0.38    0.62 v _464_/Q (sky130_fd_sc_hd__dfrtp_1)
                                         imem.address[2] (net)
                  0.06    0.00    0.62 v _215_/A (sky130_fd_sc_hd__clkbuf_4)
    10    0.03    0.07    0.18    0.80 v _215_/X (sky130_fd_sc_hd__clkbuf_4)
                                         _060_ (net)
                  0.07    0.00    0.80 v _216_/A (sky130_fd_sc_hd__clkbuf_2)
     5    0.01    0.04    0.13    0.92 v _216_/X (sky130_fd_sc_hd__clkbuf_2)
                                         _061_ (net)
                  0.04    0.00    0.92 v _217_/A (sky130_fd_sc_hd__clkbuf_1)
     1    0.00    0.02    0.08    1.01 v _217_/X (sky130_fd_sc_hd__clkbuf_1)
                                         _062_ (net)
                  0.02    0.00    1.01 v _218_/A (sky130_fd_sc_hd__buf_1)
     1    0.00    0.02    0.07    1.08 v _218_/X (sky130_fd_sc_hd__buf_1)
                                         _063_ (net)
                  0.02    0.00    1.08 v _219_/A (sky130_fd_sc_hd__buf_2)
     6    0.01    0.05    0.13    1.21 v _219_/X (sky130_fd_sc_hd__buf_2)
                                         _064_ (net)
                  0.05    0.00    1.21 v _224_/A (sky130_fd_sc_hd__xor2_1)
     1    0.00    0.04    0.15    1.36 v _224_/X (sky130_fd_sc_hd__xor2_1)
                                         _030_ (net)
                  0.04    0.00    1.36 v _464_/D (sky130_fd_sc_hd__dfrtp_1)
                                  1.36   data arrival time

                         10.00   10.00   clock CLK100MHZ (rise edge)
                          0.00   10.00   clock source latency
     1    0.01    0.00    0.00   10.00 ^ CLK100MHZ (in)
                                         CLK100MHZ (net)
                  0.00    0.00   10.00 ^ clkbuf_0_CLK100MHZ/A (sky130_fd_sc_hd__clkbuf_16)
     2    0.02    0.04    0.11   10.11 ^ clkbuf_0_CLK100MHZ/X (sky130_fd_sc_hd__clkbuf_16)
                                         clknet_0_CLK100MHZ (net)
                  0.04    0.00   10.11 ^ clkbuf_1_0__f_CLK100MHZ/A (sky130_fd_sc_hd__clkbuf_16)
    16    0.03    0.05    0.13   10.24 ^ clkbuf_1_0__f_CLK100MHZ/X (sky130_fd_sc_hd__clkbuf_16)
                                         clknet_1_0__leaf_CLK100MHZ (net)
                  0.05    0.00   10.24 ^ _464_/CLK (sky130_fd_sc_hd__dfrtp_1)
                         -0.20   10.04   clock uncertainty
                          0.00   10.04   clock reconvergence pessimism
                         -0.11    9.93   library setup time
                                  9.93   data required time
-----------------------------------------------------------------------------
                                  9.93   data required time
                                 -1.36   data arrival time
-----------------------------------------------------------------------------
                                  8.57   slack (MET)


Startpoint: _462_ (rising edge-triggered flip-flop clocked by CLK100MHZ)
Endpoint: _463_ (rising edge-triggered flip-flop clocked by CLK100MHZ)
Path Group: CLK100MHZ
Path Type: max

Fanout     Cap    Slew   Delay    Time   Description
-----------------------------------------------------------------------------
                          0.00    0.00   clock CLK100MHZ (rise edge)
                          0.00    0.00   clock source latency
     1    0.01    0.00    0.00    0.00 ^ CLK100MHZ (in)
                                         CLK100MHZ (net)
                  0.00    0.00    0.00 ^ clkbuf_0_CLK100MHZ/A (sky130_fd_sc_hd__clkbuf_16)
     2    0.02    0.04    0.11    0.11 ^ clkbuf_0_CLK100MHZ/X (sky130_fd_sc_hd__clkbuf_16)
                                         clknet_0_CLK100MHZ (net)
                  0.04    0.00    0.11 ^ clkbuf_1_1__f_CLK100MHZ/A (sky130_fd_sc_hd__clkbuf_16)
    13    0.03    0.05    0.13    0.24 ^ clkbuf_1_1__f_CLK100MHZ/X (sky130_fd_sc_hd__clkbuf_16)
                                         clknet_1_1__leaf_CLK100MHZ (net)
                  0.05    0.00    0.24 ^ _462_/CLK (sky130_fd_sc_hd__dfrtp_2)
     4    0.01    0.06    0.41    0.65 v _462_/Q (sky130_fd_sc_hd__dfrtp_2)
                                         imem.address[0] (net)
                  0.06    0.00    0.65 v _221_/A (sky130_fd_sc_hd__clkbuf_4)
    10    0.02    0.06    0.17    0.82 v _221_/X (sky130_fd_sc_hd__clkbuf_4)
                                         _066_ (net)
                  0.06    0.00    0.82 v _222_/A (sky130_fd_sc_hd__clkbuf_4)
     9    0.02    0.05    0.17    0.99 v _222_/X (sky130_fd_sc_hd__clkbuf_4)
                                         _067_ (net)
                  0.05    0.00    0.99 v _223_/C (sky130_fd_sc_hd__and3_1)
     2    0.01    0.05    0.20    1.18 v _223_/X (sky130_fd_sc_hd__and3_1)
                                         _068_ (net)
                  0.05    0.00    1.18 v _226_/A (sky130_fd_sc_hd__nor2_1)
     1    0.00    0.07    0.09    1.27 ^ _226_/Y (sky130_fd_sc_hd__nor2_1)
                                         _029_ (net)
                  0.07    0.00    1.27 ^ _463_/D (sky130_fd_sc_hd__dfrtp_4)
                                  1.27   data arrival time

                         10.00   10.00   clock CLK100MHZ (rise edge)
                          0.00   10.00   clock source latency
     1    0.01    0.00    0.00   10.00 ^ CLK100MHZ (in)
                                         CLK100MHZ (net)
                  0.00    0.00   10.00 ^ clkbuf_0_CLK100MHZ/A (sky130_fd_sc_hd__clkbuf_16)
     2    0.02    0.04    0.11   10.11 ^ clkbuf_0_CLK100MHZ/X (sky130_fd_sc_hd__clkbuf_16)
                                         clknet_0_CLK100MHZ (net)
                  0.04    0.00   10.11 ^ clkbuf_1_0__f_CLK100MHZ/A (sky130_fd_sc_hd__clkbuf_16)
    16    0.03    0.05    0.13   10.24 ^ clkbuf_1_0__f_CLK100MHZ/X (sky130_fd_sc_hd__clkbuf_16)
                                         clknet_1_0__leaf_CLK100MHZ (net)
                  0.05    0.00   10.24 ^ _463_/CLK (sky130_fd_sc_hd__dfrtp_4)
                         -0.20   10.04   clock uncertainty
                          0.00   10.04   clock reconvergence pessimism
                         -0.07    9.97   library setup time
                                  9.97   data required time
-----------------------------------------------------------------------------
                                  9.97   data required time
                                 -1.27   data arrival time
-----------------------------------------------------------------------------
                                  8.70   slack (MET)


Startpoint: _462_ (rising edge-triggered flip-flop clocked by CLK100MHZ)
Endpoint: _462_ (rising edge-triggered flip-flop clocked by CLK100MHZ)
Path Group: CLK100MHZ
Path Type: max

Fanout     Cap    Slew   Delay    Time   Description
-----------------------------------------------------------------------------
                          0.00    0.00   clock CLK100MHZ (rise edge)
                          0.00    0.00   clock source latency
     1    0.01    0.00    0.00    0.00 ^ CLK100MHZ (in)
                                         CLK100MHZ (net)
                  0.00    0.00    0.00 ^ clkbuf_0_CLK100MHZ/A (sky130_fd_sc_hd__clkbuf_16)
     2    0.02    0.04    0.11    0.11 ^ clkbuf_0_CLK100MHZ/X (sky130_fd_sc_hd__clkbuf_16)
                                         clknet_0_CLK100MHZ (net)
                  0.04    0.00    0.11 ^ clkbuf_1_1__f_CLK100MHZ/A (sky130_fd_sc_hd__clkbuf_16)
    13    0.03    0.05    0.13    0.24 ^ clkbuf_1_1__f_CLK100MHZ/X (sky130_fd_sc_hd__clkbuf_16)
                                         clknet_1_1__leaf_CLK100MHZ (net)
                  0.05    0.00    0.24 ^ _462_/CLK (sky130_fd_sc_hd__dfrtp_2)
     4    0.01    0.06    0.41    0.65 v _462_/Q (sky130_fd_sc_hd__dfrtp_2)
                                         imem.address[0] (net)
                  0.06    0.00    0.65 v _221_/A (sky130_fd_sc_hd__clkbuf_4)
    10    0.02    0.06    0.17    0.82 v _221_/X (sky130_fd_sc_hd__clkbuf_4)
                                         _066_ (net)
                  0.06    0.00    0.82 v _222_/A (sky130_fd_sc_hd__clkbuf_4)
     9    0.02    0.05    0.17    0.99 v _222_/X (sky130_fd_sc_hd__clkbuf_4)
                                         _067_ (net)
                  0.05    0.00    0.99 v _227_/B (sky130_fd_sc_hd__xor2_1)
     1    0.00    0.04    0.13    1.12 v _227_/X (sky130_fd_sc_hd__xor2_1)
                                         _028_ (net)
                  0.04    0.00    1.12 v _462_/D (sky130_fd_sc_hd__dfrtp_2)
                                  1.12   data arrival time

                         10.00   10.00   clock CLK100MHZ (rise edge)
                          0.00   10.00   clock source latency
     1    0.01    0.00    0.00   10.00 ^ CLK100MHZ (in)
                                         CLK100MHZ (net)
                  0.00    0.00   10.00 ^ clkbuf_0_CLK100MHZ/A (sky130_fd_sc_hd__clkbuf_16)
     2    0.02    0.04    0.11   10.11 ^ clkbuf_0_CLK100MHZ/X (sky130_fd_sc_hd__clkbuf_16)
                                         clknet_0_CLK100MHZ (net)
                  0.04    0.00   10.11 ^ clkbuf_1_1__f_CLK100MHZ/A (sky130_fd_sc_hd__clkbuf_16)
    13    0.03    0.05    0.13   10.24 ^ clkbuf_1_1__f_CLK100MHZ/X (sky130_fd_sc_hd__clkbuf_16)
                                         clknet_1_1__leaf_CLK100MHZ (net)
                  0.05    0.00   10.24 ^ _462_/CLK (sky130_fd_sc_hd__dfrtp_2)
                         -0.20   10.04   clock uncertainty
                          0.00   10.04   clock reconvergence pessimism
                         -0.11    9.93   library setup time
                                  9.93   data required time
-----------------------------------------------------------------------------
                                  9.93   data required time
                                 -1.12   data arrival time
-----------------------------------------------------------------------------
                                  8.81   slack (MET)



worst slack corner Typical: 6.4808
max_report_end
checks_report

===========================================================================
report_checks -unconstrained
===========================================================================
======================= Typical Corner ===================================

Startpoint: _462_ (rising edge-triggered flip-flop clocked by CLK100MHZ)
Endpoint: _445_ (rising edge-triggered flip-flop clocked by CLK100MHZ)
Path Group: CLK100MHZ
Path Type: max

Fanout     Cap    Slew   Delay    Time   Description
-----------------------------------------------------------------------------
                          0.00    0.00   clock CLK100MHZ (rise edge)
                          0.00    0.00   clock source latency
     1    0.01    0.00    0.00    0.00 ^ CLK100MHZ (in)
                                         CLK100MHZ (net)
                  0.00    0.00    0.00 ^ clkbuf_0_CLK100MHZ/A (sky130_fd_sc_hd__clkbuf_16)
     2    0.02    0.04    0.11    0.11 ^ clkbuf_0_CLK100MHZ/X (sky130_fd_sc_hd__clkbuf_16)
                                         clknet_0_CLK100MHZ (net)
                  0.04    0.00    0.11 ^ clkbuf_1_1__f_CLK100MHZ/A (sky130_fd_sc_hd__clkbuf_16)
    13    0.03    0.05    0.13    0.24 ^ clkbuf_1_1__f_CLK100MHZ/X (sky130_fd_sc_hd__clkbuf_16)
                                         clknet_1_1__leaf_CLK100MHZ (net)
                  0.05    0.00    0.24 ^ _462_/CLK (sky130_fd_sc_hd__dfrtp_2)
     4    0.01    0.06    0.41    0.65 v _462_/Q (sky130_fd_sc_hd__dfrtp_2)
                                         imem.address[0] (net)
                  0.06    0.00    0.65 v _221_/A (sky130_fd_sc_hd__clkbuf_4)
    10    0.02    0.06    0.17    0.82 v _221_/X (sky130_fd_sc_hd__clkbuf_4)
                                         _066_ (net)
                  0.06    0.00    0.82 v _222_/A (sky130_fd_sc_hd__clkbuf_4)
     9    0.02    0.05    0.17    0.99 v _222_/X (sky130_fd_sc_hd__clkbuf_4)
                                         _067_ (net)
                  0.05    0.00    0.99 v _246_/C (sky130_fd_sc_hd__and3b_1)
     1    0.00    0.03    0.17    1.16 v _246_/X (sky130_fd_sc_hd__and3b_1)
                                         _088_ (net)
                  0.03    0.00    1.16 v _247_/A (sky130_fd_sc_hd__buf_2)
     7    0.02    0.05    0.14    1.30 v _247_/X (sky130_fd_sc_hd__buf_2)
                                         _089_ (net)
                  0.05    0.00    1.30 v _248_/B (sky130_fd_sc_hd__or2_1)
     1    0.00    0.04    0.20    1.49 v _248_/X (sky130_fd_sc_hd__or2_1)
                                         _090_ (net)
                  0.04    0.00    1.49 v _249_/A (sky130_fd_sc_hd__clkbuf_2)
     5    0.01    0.05    0.12    1.62 v _249_/X (sky130_fd_sc_hd__clkbuf_2)
                                         _091_ (net)
                  0.05    0.00    1.62 v _266_/A2 (sky130_fd_sc_hd__a21o_1)
     2    0.00    0.04    0.18    1.80 v _266_/X (sky130_fd_sc_hd__a21o_1)
                                         _108_ (net)
                  0.04    0.00    1.80 v _268_/B (sky130_fd_sc_hd__or3_2)
     2    0.01    0.09    0.46    2.25 v _268_/X (sky130_fd_sc_hd__or3_2)
                                         _110_ (net)
                  0.09    0.00    2.25 v _312_/A2 (sky130_fd_sc_hd__a21oi_2)
     3    0.01    0.14    0.19    2.44 ^ _312_/Y (sky130_fd_sc_hd__a21oi_2)
                                         _154_ (net)
                  0.14    0.00    2.44 ^ _319_/A2 (sky130_fd_sc_hd__o21ai_2)
     3    0.01    0.06    0.08    2.52 v _319_/Y (sky130_fd_sc_hd__o21ai_2)
                                         _161_ (net)
                  0.06    0.00    2.52 v _327_/A (sky130_fd_sc_hd__or2_1)
     1    0.00    0.06    0.23    2.76 v _327_/X (sky130_fd_sc_hd__or2_1)
                                         _169_ (net)
                  0.06    0.00    2.76 v _332_/A2 (sky130_fd_sc_hd__a32o_4)
     8    0.02    0.07    0.33    3.09 v _332_/X (sky130_fd_sc_hd__a32o_4)
                                         _174_ (net)
                  0.07    0.00    3.09 v _393_/A1 (sky130_fd_sc_hd__mux2_1)
     1    0.00    0.05    0.29    3.37 v _393_/X (sky130_fd_sc_hd__mux2_1)
                                         _036_ (net)
                  0.05    0.00    3.37 v _394_/A (sky130_fd_sc_hd__buf_1)
     1    0.00    0.02    0.08    3.46 v _394_/X (sky130_fd_sc_hd__buf_1)
                                         _011_ (net)
                  0.02    0.00    3.46 v _445_/D (sky130_fd_sc_hd__dfxtp_1)
                                  3.46   data arrival time

                         10.00   10.00   clock CLK100MHZ (rise edge)
                          0.00   10.00   clock source latency
     1    0.01    0.00    0.00   10.00 ^ CLK100MHZ (in)
                                         CLK100MHZ (net)
                  0.00    0.00   10.00 ^ clkbuf_0_CLK100MHZ/A (sky130_fd_sc_hd__clkbuf_16)
     2    0.02    0.04    0.11   10.11 ^ clkbuf_0_CLK100MHZ/X (sky130_fd_sc_hd__clkbuf_16)
                                         clknet_0_CLK100MHZ (net)
                  0.04    0.00   10.11 ^ clkbuf_1_1__f_CLK100MHZ/A (sky130_fd_sc_hd__clkbuf_16)
    13    0.03    0.05    0.13   10.24 ^ clkbuf_1_1__f_CLK100MHZ/X (sky130_fd_sc_hd__clkbuf_16)
                                         clknet_1_1__leaf_CLK100MHZ (net)
                  0.05    0.00   10.24 ^ _445_/CLK (sky130_fd_sc_hd__dfxtp_1)
                         -0.20   10.04   clock uncertainty
                          0.00   10.04   clock reconvergence pessimism
                         -0.10    9.94   library setup time
                                  9.94   data required time
-----------------------------------------------------------------------------
                                  9.94   data required time
                                 -3.46   data arrival time
-----------------------------------------------------------------------------
                                  6.48   slack (MET)




===========================================================================
report_checks --slack_max -0.01
============================================================================
======================= Typical Corner ===================================

No paths found.


===========================================================================
 report_check_types -max_slew -max_cap -max_fanout -violators
============================================================================
======================= Typical Corner ===================================


max slew violations count Typical: 0
max fanout violations count Typical: 0
max cap violations count Typical: 0

===========================================================================
report_parasitic_annotation -report_unannotated
============================================================================
Found 274 unannotated drivers.
 BTNR
 BTNU
 CLK100MHZ
 _215_/X
 _216_/X
 _217_/X
 _218_/X
 _219_/X
 _220_/X
 _221_/X
 _222_/X
 _223_/X
 _224_/X
 _225_/Y
 _226_/Y
 _227_/X
 _228_/Y
 _229_/Y
 _230_/Y
 _231_/X
 _232_/X
 _233_/X
 _234_/X
 _235_/X
 _236_/X
 _237_/Y
 _238_/Y
 _239_/X
 _240_/X
 _241_/X
 _242_/X
 _243_/X
 _244_/X
 _245_/X
 _246_/X
 _247_/X
 _248_/X
 _249_/X
 _250_/Y
 _251_/Y
 _252_/X
 _253_/X
 _254_/Y
 _255_/X
 _256_/X
 _257_/Y
 _258_/X
 _259_/Y
 _260_/X
 _261_/Y
 _262_/Y
 _263_/X
 _264_/Y
 _265_/X
 _266_/X
 _267_/X
 _268_/X
 _269_/X
 _270_/X
 _271_/X
 _272_/Y
 _273_/X
 _274_/X
 _275_/X
 _276_/X
 _277_/X
 _278_/X
 _279_/Y
 _280_/Y
 _281_/X
 _282_/X
 _283_/X
 _284_/X
 _285_/X
 _286_/Y
 _287_/X
 _288_/X
 _289_/X
 _290_/X
 _291_/Y
 _292_/X
 _293_/X
 _294_/Y
 _295_/X
 _296_/X
 _297_/X
 _298_/X
 _299_/Y
 _300_/Y
 _301_/Y
 _302_/X
 _303_/X
 _304_/Y
 _305_/X
 _306_/X
 _307_/X
 _308_/X
 _309_/Y
 _310_/Y
 _311_/X
 _312_/Y
 _313_/X
 _314_/Y
 _315_/X
 _316_/Y
 _317_/Y
 _318_/X
 _319_/Y
 _320_/X
 _321_/X
 _322_/X
 _323_/Y
 _324_/X
 _325_/Y
 _326_/Y
 _327_/X
 _328_/Y
 _329_/Y
 _330_/X
 _331_/X
 _332_/X
 _333_/X
 _334_/X
 _335_/X
 _336_/Y
 _337_/X
 _338_/X
 _339_/X
 _340_/X
 _341_/Y
 _342_/X
 _343_/Y
 _344_/Y
 _345_/Y
 _346_/Y
 _347_/Y
 _348_/Y
 _349_/Y
 _350_/Y
 _351_/X
 _352_/Y
 _353_/Y
 _354_/Y
 _355_/X
 _356_/X
 _357_/X
 _358_/Y
 _359_/X
 _360_/Y
 _361_/X
 _362_/X
 _363_/X
 _364_/X
 _365_/X
 _366_/X
 _367_/X
 _368_/X
 _369_/X
 _370_/X
 _371_/X
 _372_/X
 _373_/Y
 _374_/Y
 _375_/X
 _376_/X
 _377_/X
 _378_/Y
 _379_/X
 _380_/X
 _381_/X
 _382_/Y
 _383_/X
 _384_/X
 _385_/X
 _386_/X
 _387_/X
 _388_/X
 _389_/X
 _390_/X
 _391_/X
 _392_/X
 _393_/X
 _394_/X
 _395_/X
 _396_/X
 _397_/X
 _398_/X
 _399_/X
 _400_/X
 _401_/X
 _402_/X
 _403_/X
 _404_/X
 _405_/X
 _406_/X
 _407_/X
 _408_/X
 _409_/X
 _410_/Y
 _411_/X
 _412_/X
 _413_/X
 _414_/X
 _415_/X
 _416_/X
 _417_/X
 _418_/X
 _419_/X
 _420_/X
 _421_/X
 _422_/X
 _423_/X
 _424_/X
 _425_/X
 _426_/X
 _427_/X
 _428_/X
 _429_/X
 _430_/X
 _431_/X
 _432_/X
 _433_/X
 _434_/Y
 _435_/Y
 _436_/Y
 _437_/Q
 _438_/Q
 _439_/Q
 _440_/Q
 _441_/Q
 _442_/Q
 _443_/Q
 _444_/Q
 _445_/Q
 _446_/Q
 _447_/Q
 _448_/Q
 _449_/Q
 _450_/Q
 _451_/Q
 _452_/Q
 _453_/Q
 _454_/Q
 _455_/Q
 _456_/Q
 _457_/Q
 _458_/Q
 _459_/Q
 _460_/Q
 _461_/Q
 _462_/Q
 _463_/Q
 _464_/Q
 clkbuf_0_CLK100MHZ/X
 clkbuf_1_0__f_CLK100MHZ/X
 clkbuf_1_1__f_CLK100MHZ/X
 clkload0/Y
 input1/X
 input2/X
 output3/X
 output4/X
 output5/X
 output6/X
 output7/X
 output8/X
 output9/X
 top_module_10/HI
 top_module_10/LO
 top_module_11/HI
 top_module_11/LO
 top_module_12/HI
 top_module_12/LO
 top_module_13/HI
 top_module_13/LO
Found 0 partially unannotated drivers.

===========================================================================
max slew violation count 0
max fanout violation count 0
max cap violation count 0
============================================================================

===========================================================================
check_setup -verbose -unconstrained_endpoints -multiple_clock -no_clock -no_input_delay -loops -generated_clocks
===========================================================================
Warning: There are 2 input ports missing set_input_delay.
  BTNR
  BTNU
Warning: There are 11 unconstrained endpoints.
  an[0]
  an[1]
  an[2]
  an[3]
  seg[0]
  seg[1]
  seg[2]
  seg[3]
  seg[4]
  seg[5]
  seg[6]
checks_report_end
power_report

===========================================================================
 report_power
============================================================================
======================= Typical Corner ===================================

Group                  Internal  Switching    Leakage      Total
                          Power      Power      Power      Power (Watts)
----------------------------------------------------------------
Sequential             1.63e-04   1.83e-05   2.41e-10   1.81e-04  16.1%
Combinational          4.88e-04   3.54e-04   8.05e-10   8.42e-04  74.7%
Clock                  7.91e-05   2.45e-05   2.33e-10   1.04e-04   9.2%
Macro                  0.00e+00   0.00e+00   0.00e+00   0.00e+00   0.0%
Pad                    0.00e+00   0.00e+00   0.00e+00   0.00e+00   0.0%
----------------------------------------------------------------
Total                  7.30e-04   3.97e-04   1.28e-09   1.13e-03 100.0%
                          64.8%      35.2%       0.0%

power_report_end
skew_report

===========================================================================
report_clock_skew
============================================================================
Clock CLK100MHZ
   0.24 source latency _437_/CLK ^
  -0.24 target latency _438_/CLK ^
   0.20 clock uncertainty
   0.00 CRPR
--------------
   0.20 setup skew

skew_report_end
summary_report

===========================================================================
report_tns
============================================================================
tns 0.00

===========================================================================
report_wns
============================================================================
wns 0.00

===========================================================================
report_worst_slack -max (Setup)
============================================================================
worst slack 6.48

===========================================================================
report_worst_slack -min (Hold)
============================================================================
worst slack 0.31
summary_report_end
area_report

===========================================================================
report_design_area
============================================================================
Design area 2509 u^2 37% utilization.
area_report_end
check_nonpropagated_clocks
check_nonpropagated_clocks_end
[WARNING] Did not save OpenROAD database!
